[2026-01-25T06:09:37.753+0000] {manager.py:470} INFO - Processing files using up to 2 processes at a time 
[2026-01-25T06:09:37.757+0000] {manager.py:471} INFO - Process each file at most once every 30 seconds
[2026-01-25T06:09:37.758+0000] {manager.py:472} INFO - Checking for new files in /opt/airflow/dags every 300 seconds
[2026-01-25T06:09:37.761+0000] {manager.py:737} INFO - Searching for files in /opt/airflow/dags
[2026-01-25T06:09:37.825+0000] {manager.py:740} INFO - There are 1 files in /opt/airflow/dags
[2026-01-25T06:09:38.677+0000] {manager.py:878} INFO - 
================================================================================
DAG File Processing Stats

File Path                                            PID  Runtime      # DAGs    # Errors  Last Runtime    Last Run
-------------------------------------------------  -----  ---------  --------  ----------  --------------  ----------
/opt/airflow/dags/smart_city_traffic_batch_dag.py    171  0.17s             0           0
================================================================================
[2026-01-25T06:10:09.539+0000] {manager.py:878} INFO - 
================================================================================
DAG File Processing Stats

File Path                                            PID  Runtime      # DAGs    # Errors  Last Runtime    Last Run
-------------------------------------------------  -----  ---------  --------  ----------  --------------  ----------
/opt/airflow/dags/smart_city_traffic_batch_dag.py    171  30.97s            0           0
================================================================================
[2026-01-25T06:10:40.329+0000] {manager.py:878} INFO - 
================================================================================
DAG File Processing Stats

File Path                                            PID  Runtime      # DAGs    # Errors  Last Runtime    Last Run
-------------------------------------------------  -----  ---------  --------  ----------  --------------  -------------------
/opt/airflow/dags/smart_city_traffic_batch_dag.py    208  0.13s             1           0  31.23s          2026-01-25T06:10:09
================================================================================
[2026-01-25T06:11:10.872+0000] {manager.py:878} INFO - 
================================================================================
DAG File Processing Stats

File Path                                          PID    Runtime      # DAGs    # Errors  Last Runtime    Last Run
-------------------------------------------------  -----  ---------  --------  ----------  --------------  -------------------
/opt/airflow/dags/smart_city_traffic_batch_dag.py                           1           0  6.57s           2026-01-25T06:10:46
================================================================================
[2026-01-25T06:11:40.951+0000] {manager.py:878} INFO - 
================================================================================
DAG File Processing Stats

File Path                                          PID    Runtime      # DAGs    # Errors  Last Runtime    Last Run
-------------------------------------------------  -----  ---------  --------  ----------  --------------  -------------------
/opt/airflow/dags/smart_city_traffic_batch_dag.py                           1           0  9.62s           2026-01-25T06:11:26
================================================================================
[2026-01-25T06:12:11.204+0000] {manager.py:878} INFO - 
================================================================================
DAG File Processing Stats

File Path                                          PID    Runtime      # DAGs    # Errors  Last Runtime    Last Run
-------------------------------------------------  -----  ---------  --------  ----------  --------------  -------------------
/opt/airflow/dags/smart_city_traffic_batch_dag.py                           1           0  8.00s           2026-01-25T06:12:05
================================================================================
[2026-01-25T06:12:41.481+0000] {manager.py:878} INFO - 
================================================================================
DAG File Processing Stats

File Path                                          PID    Runtime      # DAGs    # Errors  Last Runtime    Last Run
-------------------------------------------------  -----  ---------  --------  ----------  --------------  -------------------
/opt/airflow/dags/smart_city_traffic_batch_dag.py                           1           0  3.90s           2026-01-25T06:12:39
================================================================================
[2026-01-25T06:13:12.398+0000] {manager.py:878} INFO - 
================================================================================
DAG File Processing Stats

File Path                                            PID  Runtime      # DAGs    # Errors  Last Runtime    Last Run
-------------------------------------------------  -----  ---------  --------  ----------  --------------  -------------------
/opt/airflow/dags/smart_city_traffic_batch_dag.py    232  2.41s             1           0  3.90s           2026-01-25T06:12:39
================================================================================
[2026-01-25T06:13:42.597+0000] {manager.py:878} INFO - 
================================================================================
DAG File Processing Stats

File Path                                          PID    Runtime      # DAGs    # Errors  Last Runtime    Last Run
-------------------------------------------------  -----  ---------  --------  ----------  --------------  -------------------
/opt/airflow/dags/smart_city_traffic_batch_dag.py                           1           0  9.32s           2026-01-25T06:13:19
================================================================================
[2026-01-25T06:14:12.857+0000] {manager.py:878} INFO - 
================================================================================
DAG File Processing Stats

File Path                                          PID    Runtime      # DAGs    # Errors  Last Runtime    Last Run
-------------------------------------------------  -----  ---------  --------  ----------  --------------  -------------------
/opt/airflow/dags/smart_city_traffic_batch_dag.py                           1           0  8.83s           2026-01-25T06:13:58
================================================================================
[2026-01-25T06:14:37.766+0000] {manager.py:737} INFO - Searching for files in /opt/airflow/dags
[2026-01-25T06:14:37.935+0000] {manager.py:740} INFO - There are 1 files in /opt/airflow/dags
[2026-01-25T06:14:43.119+0000] {manager.py:878} INFO - 
================================================================================
DAG File Processing Stats

File Path                                          PID    Runtime      # DAGs    # Errors  Last Runtime    Last Run
-------------------------------------------------  -----  ---------  --------  ----------  --------------  -------------------
/opt/airflow/dags/smart_city_traffic_batch_dag.py                           1           0  5.12s           2026-01-25T06:14:34
================================================================================
[2026-01-25T06:15:13.276+0000] {manager.py:878} INFO - 
================================================================================
DAG File Processing Stats

File Path                                          PID    Runtime      # DAGs    # Errors  Last Runtime    Last Run
-------------------------------------------------  -----  ---------  --------  ----------  --------------  -------------------
/opt/airflow/dags/smart_city_traffic_batch_dag.py                           1           0  8.48s           2026-01-25T06:15:13
================================================================================
[2026-01-25T06:15:43.813+0000] {manager.py:878} INFO - 
================================================================================
DAG File Processing Stats

File Path                                            PID  Runtime      # DAGs    # Errors  Last Runtime    Last Run
-------------------------------------------------  -----  ---------  --------  ----------  --------------  -------------------
/opt/airflow/dags/smart_city_traffic_batch_dag.py    307  0.15s             1           0  8.48s           2026-01-25T06:15:13
================================================================================
[2026-01-25T06:16:14.516+0000] {manager.py:878} INFO - 
================================================================================
DAG File Processing Stats

File Path                                          PID    Runtime      # DAGs    # Errors  Last Runtime    Last Run
-------------------------------------------------  -----  ---------  --------  ----------  --------------  -------------------
/opt/airflow/dags/smart_city_traffic_batch_dag.py                           1           0  13.61s          2026-01-25T06:15:57
================================================================================
[2026-01-25T06:16:45.256+0000] {manager.py:878} INFO - 
================================================================================
DAG File Processing Stats

File Path                                            PID  Runtime      # DAGs    # Errors  Last Runtime    Last Run
-------------------------------------------------  -----  ---------  --------  ----------  --------------  -------------------
/opt/airflow/dags/smart_city_traffic_batch_dag.py    313  17.41s            1           0  13.61s          2026-01-25T06:15:57
================================================================================
[2026-01-25T06:17:15.686+0000] {manager.py:878} INFO - 
================================================================================
DAG File Processing Stats

File Path                                          PID    Runtime      # DAGs    # Errors  Last Runtime    Last Run
-------------------------------------------------  -----  ---------  --------  ----------  --------------  -------------------
/opt/airflow/dags/smart_city_traffic_batch_dag.py                           1           0  20.72s          2026-01-25T06:16:48
================================================================================
[2026-01-25T06:17:45.827+0000] {manager.py:878} INFO - 
================================================================================
DAG File Processing Stats

File Path                                          PID    Runtime      # DAGs    # Errors  Last Runtime    Last Run
-------------------------------------------------  -----  ---------  --------  ----------  --------------  -------------------
/opt/airflow/dags/smart_city_traffic_batch_dag.py                           1           0  21.88s          2026-01-25T06:17:40
================================================================================
[2026-01-25T06:18:15.955+0000] {manager.py:878} INFO - 
================================================================================
DAG File Processing Stats

File Path                                            PID  Runtime      # DAGs    # Errors  Last Runtime    Last Run
-------------------------------------------------  -----  ---------  --------  ----------  --------------  -------------------
/opt/airflow/dags/smart_city_traffic_batch_dag.py    325  4.88s             1           0  21.88s          2026-01-25T06:17:40
================================================================================
[2026-01-25T06:18:46.060+0000] {manager.py:878} INFO - 
================================================================================
DAG File Processing Stats

File Path                                          PID    Runtime      # DAGs    # Errors  Last Runtime    Last Run
-------------------------------------------------  -----  ---------  --------  ----------  --------------  -------------------
/opt/airflow/dags/smart_city_traffic_batch_dag.py                           1           0  28.83s          2026-01-25T06:18:39
================================================================================
[2026-01-25T06:19:16.665+0000] {manager.py:878} INFO - 
================================================================================
DAG File Processing Stats

File Path                                            PID  Runtime      # DAGs    # Errors  Last Runtime    Last Run
-------------------------------------------------  -----  ---------  --------  ----------  --------------  -------------------
/opt/airflow/dags/smart_city_traffic_batch_dag.py    331  5.51s             1           0  28.83s          2026-01-25T06:18:39
================================================================================
[2026-01-25T06:19:38.287+0000] {manager.py:737} INFO - Searching for files in /opt/airflow/dags
[2026-01-25T06:19:38.397+0000] {manager.py:740} INFO - There are 1 files in /opt/airflow/dags
[2026-01-25T06:19:47.577+0000] {manager.py:878} INFO - 
================================================================================
DAG File Processing Stats

File Path                                          PID    Runtime      # DAGs    # Errors  Last Runtime    Last Run
-------------------------------------------------  -----  ---------  --------  ----------  --------------  -------------------
/opt/airflow/dags/smart_city_traffic_batch_dag.py                           1           0  17.01s          2026-01-25T06:19:28
================================================================================
[2026-01-25T06:20:17.733+0000] {manager.py:878} INFO - 
================================================================================
DAG File Processing Stats

File Path                                          PID    Runtime      # DAGs    # Errors  Last Runtime    Last Run
-------------------------------------------------  -----  ---------  --------  ----------  --------------  -------------------
/opt/airflow/dags/smart_city_traffic_batch_dag.py                           1           0  7.80s           2026-01-25T06:20:06
================================================================================
[2026-01-25T06:20:47.847+0000] {manager.py:878} INFO - 
================================================================================
DAG File Processing Stats

File Path                                          PID    Runtime      # DAGs    # Errors  Last Runtime    Last Run
-------------------------------------------------  -----  ---------  --------  ----------  --------------  -------------------
/opt/airflow/dags/smart_city_traffic_batch_dag.py                           1           0  4.63s           2026-01-25T06:20:41
================================================================================
[2026-01-25T06:21:18.038+0000] {manager.py:878} INFO - 
================================================================================
DAG File Processing Stats

File Path                                            PID  Runtime      # DAGs    # Errors  Last Runtime    Last Run
-------------------------------------------------  -----  ---------  --------  ----------  --------------  -------------------
/opt/airflow/dags/smart_city_traffic_batch_dag.py    373  5.92s             1           0  4.63s           2026-01-25T06:20:41
================================================================================
[2026-01-25T06:21:48.475+0000] {manager.py:878} INFO - 
================================================================================
DAG File Processing Stats

File Path                                          PID    Runtime      # DAGs    # Errors  Last Runtime    Last Run
-------------------------------------------------  -----  ---------  --------  ----------  --------------  -------------------
/opt/airflow/dags/smart_city_traffic_batch_dag.py                           1           0  20.42s          2026-01-25T06:21:32
================================================================================
[2026-01-25T06:22:18.526+0000] {manager.py:878} INFO - 
================================================================================
DAG File Processing Stats

File Path                                          PID    Runtime      # DAGs    # Errors  Last Runtime    Last Run
-------------------------------------------------  -----  ---------  --------  ----------  --------------  -------------------
/opt/airflow/dags/smart_city_traffic_batch_dag.py                           1           0  13.68s          2026-01-25T06:22:16
================================================================================
[2026-01-25T06:22:49.231+0000] {manager.py:878} INFO - 
================================================================================
DAG File Processing Stats

File Path                                            PID  Runtime      # DAGs    # Errors  Last Runtime    Last Run
-------------------------------------------------  -----  ---------  --------  ----------  --------------  -------------------
/opt/airflow/dags/smart_city_traffic_batch_dag.py    385  2.52s             1           0  13.68s          2026-01-25T06:22:16
================================================================================
[2026-01-25T06:23:19.980+0000] {manager.py:878} INFO - 
================================================================================
DAG File Processing Stats

File Path                                          PID    Runtime      # DAGs    # Errors  Last Runtime    Last Run
-------------------------------------------------  -----  ---------  --------  ----------  --------------  -------------------
/opt/airflow/dags/smart_city_traffic_batch_dag.py                           1           0  11.91s          2026-01-25T06:22:58
================================================================================
[2026-01-25T06:23:50.448+0000] {manager.py:878} INFO - 
================================================================================
DAG File Processing Stats

File Path                                            PID  Runtime      # DAGs    # Errors  Last Runtime    Last Run
-------------------------------------------------  -----  ---------  --------  ----------  --------------  -------------------
/opt/airflow/dags/smart_city_traffic_batch_dag.py    391  21.11s            1           0  11.91s          2026-01-25T06:22:58
================================================================================
[2026-01-25T06:24:20.991+0000] {manager.py:878} INFO - 
================================================================================
DAG File Processing Stats

File Path                                          PID    Runtime      # DAGs    # Errors  Last Runtime    Last Run
-------------------------------------------------  -----  ---------  --------  ----------  --------------  -------------------
/opt/airflow/dags/smart_city_traffic_batch_dag.py                           1           0  21.84s          2026-01-25T06:23:51
================================================================================
[2026-01-25T06:24:38.799+0000] {manager.py:737} INFO - Searching for files in /opt/airflow/dags
[2026-01-25T06:24:38.883+0000] {manager.py:740} INFO - There are 1 files in /opt/airflow/dags
[2026-01-25T06:24:51.139+0000] {manager.py:878} INFO - 
================================================================================
DAG File Processing Stats

File Path                                          PID    Runtime      # DAGs    # Errors  Last Runtime    Last Run
-------------------------------------------------  -----  ---------  --------  ----------  --------------  -------------------
/opt/airflow/dags/smart_city_traffic_batch_dag.py                           1           0  13.57s          2026-01-25T06:24:35
================================================================================
[2026-01-25T06:25:21.974+0000] {manager.py:878} INFO - 
================================================================================
DAG File Processing Stats

File Path                                          PID    Runtime      # DAGs    # Errors  Last Runtime    Last Run
-------------------------------------------------  -----  ---------  --------  ----------  --------------  -------------------
/opt/airflow/dags/smart_city_traffic_batch_dag.py                           1           0  7.01s           2026-01-25T06:25:12
================================================================================
[2026-01-25T06:25:52.016+0000] {manager.py:878} INFO - 
================================================================================
DAG File Processing Stats

File Path                                          PID    Runtime      # DAGs    # Errors  Last Runtime    Last Run
-------------------------------------------------  -----  ---------  --------  ----------  --------------  -------------------
/opt/airflow/dags/smart_city_traffic_batch_dag.py                           1           0  8.65s           2026-01-25T06:25:51
================================================================================
[2026-01-25T06:26:24.323+0000] {manager.py:878} INFO - 
================================================================================
DAG File Processing Stats

File Path                                            PID  Runtime      # DAGs    # Errors  Last Runtime    Last Run
-------------------------------------------------  -----  ---------  --------  ----------  --------------  -------------------
/opt/airflow/dags/smart_city_traffic_batch_dag.py    415  1.55s             1           0  8.65s           2026-01-25T06:25:51
================================================================================
[2026-01-25T06:26:54.751+0000] {manager.py:878} INFO - 
================================================================================
DAG File Processing Stats

File Path                                          PID    Runtime      # DAGs    # Errors  Last Runtime    Last Run
-------------------------------------------------  -----  ---------  --------  ----------  --------------  -------------------
/opt/airflow/dags/smart_city_traffic_batch_dag.py                           1           0  19.88s          2026-01-25T06:26:42
================================================================================
[2026-01-25T06:27:25.396+0000] {manager.py:878} INFO - 
================================================================================
DAG File Processing Stats

File Path                                          PID    Runtime      # DAGs    # Errors  Last Runtime    Last Run
-------------------------------------------------  -----  ---------  --------  ----------  --------------  -------------------
/opt/airflow/dags/smart_city_traffic_batch_dag.py                           1           0  4.22s           2026-01-25T06:27:17
================================================================================
[2026-01-25T06:27:55.450+0000] {manager.py:878} INFO - 
================================================================================
DAG File Processing Stats

File Path                                          PID    Runtime      # DAGs    # Errors  Last Runtime    Last Run
-------------------------------------------------  -----  ---------  --------  ----------  --------------  -------------------
/opt/airflow/dags/smart_city_traffic_batch_dag.py                           1           0  6.56s           2026-01-25T06:27:54
================================================================================
[2026-01-25T06:28:25.563+0000] {manager.py:878} INFO - 
================================================================================
DAG File Processing Stats

File Path                                            PID  Runtime      # DAGs    # Errors  Last Runtime    Last Run
-------------------------------------------------  -----  ---------  --------  ----------  --------------  -------------------
/opt/airflow/dags/smart_city_traffic_batch_dag.py    433  0.47s             1           0  6.56s           2026-01-25T06:27:54
================================================================================
[2026-01-25T06:28:56.031+0000] {manager.py:878} INFO - 
================================================================================
DAG File Processing Stats

File Path                                          PID    Runtime      # DAGs    # Errors  Last Runtime    Last Run
-------------------------------------------------  -----  ---------  --------  ----------  --------------  -------------------
/opt/airflow/dags/smart_city_traffic_batch_dag.py                           1           0  7.85s           2026-01-25T06:28:32
================================================================================
[2026-01-25T06:29:26.744+0000] {manager.py:878} INFO - 
================================================================================
DAG File Processing Stats

File Path                                          PID    Runtime      # DAGs    # Errors  Last Runtime    Last Run
-------------------------------------------------  -----  ---------  --------  ----------  --------------  -------------------
/opt/airflow/dags/smart_city_traffic_batch_dag.py                           1           0  13.37s          2026-01-25T06:29:16
================================================================================
[2026-01-25T06:29:38.876+0000] {manager.py:737} INFO - Searching for files in /opt/airflow/dags
[2026-01-25T06:29:39.029+0000] {manager.py:740} INFO - There are 1 files in /opt/airflow/dags
[2026-01-25T06:29:56.865+0000] {manager.py:878} INFO - 
================================================================================
DAG File Processing Stats

File Path                                            PID  Runtime      # DAGs    # Errors  Last Runtime    Last Run
-------------------------------------------------  -----  ---------  --------  ----------  --------------  -------------------
/opt/airflow/dags/smart_city_traffic_batch_dag.py    445  9.33s             1           0  13.37s          2026-01-25T06:29:16
================================================================================
[2026-01-25T06:30:27.195+0000] {manager.py:878} INFO - 
================================================================================
DAG File Processing Stats

File Path                                          PID    Runtime      # DAGs    # Errors  Last Runtime    Last Run
-------------------------------------------------  -----  ---------  --------  ----------  --------------  -------------------
/opt/airflow/dags/smart_city_traffic_batch_dag.py                           1           0  9.70s           2026-01-25T06:29:57
================================================================================
[2026-01-25T06:30:58.202+0000] {manager.py:878} INFO - 
================================================================================
DAG File Processing Stats

File Path                                          PID    Runtime      # DAGs    # Errors  Last Runtime    Last Run
-------------------------------------------------  -----  ---------  --------  ----------  --------------  -------------------
/opt/airflow/dags/smart_city_traffic_batch_dag.py                           1           0  9.15s           2026-01-25T06:30:36
================================================================================
[2026-01-25T06:31:28.595+0000] {manager.py:878} INFO - 
================================================================================
DAG File Processing Stats

File Path                                          PID    Runtime      # DAGs    # Errors  Last Runtime    Last Run
-------------------------------------------------  -----  ---------  --------  ----------  --------------  -------------------
/opt/airflow/dags/smart_city_traffic_batch_dag.py                           1           0  6.86s           2026-01-25T06:31:14
================================================================================
[2026-01-25T06:31:58.950+0000] {manager.py:878} INFO - 
================================================================================
DAG File Processing Stats

File Path                                          PID    Runtime      # DAGs    # Errors  Last Runtime    Last Run
-------------------------------------------------  -----  ---------  --------  ----------  --------------  -------------------
/opt/airflow/dags/smart_city_traffic_batch_dag.py                           1           0  13.83s          2026-01-25T06:31:58
================================================================================
[2026-01-25T06:32:30.099+0000] {manager.py:878} INFO - 
================================================================================
DAG File Processing Stats

File Path                                            PID  Runtime      # DAGs    # Errors  Last Runtime    Last Run
-------------------------------------------------  -----  ---------  --------  ----------  --------------  -------------------
/opt/airflow/dags/smart_city_traffic_batch_dag.py    475  0.47s             1           0  13.83s          2026-01-25T06:31:58
================================================================================
[2026-01-25T06:33:00.875+0000] {manager.py:878} INFO - 
================================================================================
DAG File Processing Stats

File Path                                          PID    Runtime      # DAGs    # Errors  Last Runtime    Last Run
-------------------------------------------------  -----  ---------  --------  ----------  --------------  -------------------
/opt/airflow/dags/smart_city_traffic_batch_dag.py                           1           0  21.31s          2026-01-25T06:32:50
================================================================================
[2026-01-25T06:33:31.779+0000] {manager.py:878} INFO - 
================================================================================
DAG File Processing Stats

File Path                                          PID    Runtime      # DAGs    # Errors  Last Runtime    Last Run
-------------------------------------------------  -----  ---------  --------  ----------  --------------  -------------------
/opt/airflow/dags/smart_city_traffic_batch_dag.py                           1           0  7.32s           2026-01-25T06:33:28
================================================================================
[2026-01-25T06:34:02.042+0000] {manager.py:878} INFO - 
================================================================================
DAG File Processing Stats

File Path                                            PID  Runtime      # DAGs    # Errors  Last Runtime    Last Run
-------------------------------------------------  -----  ---------  --------  ----------  --------------  -------------------
/opt/airflow/dags/smart_city_traffic_batch_dag.py    487  2.52s             1           0  7.32s           2026-01-25T06:33:28
================================================================================
[2026-01-25T06:34:32.485+0000] {manager.py:878} INFO - 
================================================================================
DAG File Processing Stats

File Path                                          PID    Runtime      # DAGs    # Errors  Last Runtime    Last Run
-------------------------------------------------  -----  ---------  --------  ----------  --------------  -------------------
/opt/airflow/dags/smart_city_traffic_batch_dag.py                           1           0  8.01s           2026-01-25T06:34:07
================================================================================
[2026-01-25T06:34:39.011+0000] {manager.py:737} INFO - Searching for files in /opt/airflow/dags
[2026-01-25T06:34:39.095+0000] {manager.py:740} INFO - There are 1 files in /opt/airflow/dags
[2026-01-25T06:35:02.956+0000] {manager.py:878} INFO - 
================================================================================
DAG File Processing Stats

File Path                                          PID    Runtime      # DAGs    # Errors  Last Runtime    Last Run
-------------------------------------------------  -----  ---------  --------  ----------  --------------  -------------------
/opt/airflow/dags/smart_city_traffic_batch_dag.py                           1           0  13.09s          2026-01-25T06:34:50
================================================================================
[2026-01-25T06:35:33.171+0000] {manager.py:878} INFO - 
================================================================================
DAG File Processing Stats

File Path                                          PID    Runtime      # DAGs    # Errors  Last Runtime    Last Run
-------------------------------------------------  -----  ---------  --------  ----------  --------------  -------------------
/opt/airflow/dags/smart_city_traffic_batch_dag.py                           1           0  8.79s           2026-01-25T06:35:30
================================================================================
[2026-01-25T06:36:03.690+0000] {manager.py:878} INFO - 
================================================================================
DAG File Processing Stats

File Path                                            PID  Runtime      # DAGs    # Errors  Last Runtime    Last Run
-------------------------------------------------  -----  ---------  --------  ----------  --------------  -------------------
/opt/airflow/dags/smart_city_traffic_batch_dag.py    508  3.12s             1           0  8.79s           2026-01-25T06:35:30
================================================================================
[2026-01-25T06:36:33.754+0000] {manager.py:878} INFO - 
================================================================================
DAG File Processing Stats

File Path                                          PID    Runtime      # DAGs    # Errors  Last Runtime    Last Run
-------------------------------------------------  -----  ---------  --------  ----------  --------------  -------------------
/opt/airflow/dags/smart_city_traffic_batch_dag.py                           1           0  3.88s           2026-01-25T06:36:04
================================================================================
[2026-01-25T06:37:04.671+0000] {manager.py:878} INFO - 
================================================================================
DAG File Processing Stats

File Path                                          PID    Runtime      # DAGs    # Errors  Last Runtime    Last Run
-------------------------------------------------  -----  ---------  --------  ----------  --------------  -------------------
/opt/airflow/dags/smart_city_traffic_batch_dag.py                           1           0  7.41s           2026-01-25T06:36:42
================================================================================
[2026-01-25T06:37:34.979+0000] {manager.py:878} INFO - 
================================================================================
DAG File Processing Stats

File Path                                          PID    Runtime      # DAGs    # Errors  Last Runtime    Last Run
-------------------------------------------------  -----  ---------  --------  ----------  --------------  -------------------
/opt/airflow/dags/smart_city_traffic_batch_dag.py                           1           0  11.89s          2026-01-25T06:37:24
================================================================================
[2026-01-25T06:38:05.200+0000] {manager.py:878} INFO - 
================================================================================
DAG File Processing Stats

File Path                                            PID  Runtime      # DAGs    # Errors  Last Runtime    Last Run
-------------------------------------------------  -----  ---------  --------  ----------  --------------  -------------------
/opt/airflow/dags/smart_city_traffic_batch_dag.py    526  10.11s            1           0  11.89s          2026-01-25T06:37:24
================================================================================
[2026-01-25T06:38:35.517+0000] {manager.py:878} INFO - 
================================================================================
DAG File Processing Stats

File Path                                          PID    Runtime      # DAGs    # Errors  Last Runtime    Last Run
-------------------------------------------------  -----  ---------  --------  ----------  --------------  -------------------
/opt/airflow/dags/smart_city_traffic_batch_dag.py                           1           0  20.37s          2026-01-25T06:38:15
================================================================================
[2026-01-25T06:39:05.719+0000] {manager.py:878} INFO - 
================================================================================
DAG File Processing Stats

File Path                                          PID    Runtime      # DAGs    # Errors  Last Runtime    Last Run
-------------------------------------------------  -----  ---------  --------  ----------  --------------  -------------------
/opt/airflow/dags/smart_city_traffic_batch_dag.py                           1           0  6.76s           2026-01-25T06:38:52
================================================================================
[2026-01-25T06:39:36.012+0000] {manager.py:878} INFO - 
================================================================================
DAG File Processing Stats

File Path                                          PID    Runtime      # DAGs    # Errors  Last Runtime    Last Run
-------------------------------------------------  -----  ---------  --------  ----------  --------------  -------------------
/opt/airflow/dags/smart_city_traffic_batch_dag.py                           1           0  7.82s           2026-01-25T06:39:30
================================================================================
[2026-01-25T06:39:39.110+0000] {manager.py:737} INFO - Searching for files in /opt/airflow/dags
[2026-01-25T06:39:39.198+0000] {manager.py:740} INFO - There are 1 files in /opt/airflow/dags
[2026-01-25T06:40:06.411+0000] {manager.py:878} INFO - 
================================================================================
DAG File Processing Stats

File Path                                            PID  Runtime      # DAGs    # Errors  Last Runtime    Last Run
-------------------------------------------------  -----  ---------  --------  ----------  --------------  -------------------
/opt/airflow/dags/smart_city_traffic_batch_dag.py    544  4.71s             1           0  7.82s           2026-01-25T06:39:30
================================================================================
[2026-01-25T06:40:36.736+0000] {manager.py:878} INFO - 
================================================================================
DAG File Processing Stats

File Path                                          PID    Runtime      # DAGs    # Errors  Last Runtime    Last Run
-------------------------------------------------  -----  ---------  --------  ----------  --------------  -------------------
/opt/airflow/dags/smart_city_traffic_batch_dag.py                           1           0  13.73s          2026-01-25T06:40:15
================================================================================
[2026-01-25T06:41:07.177+0000] {manager.py:878} INFO - 
================================================================================
DAG File Processing Stats

File Path                                          PID    Runtime      # DAGs    # Errors  Last Runtime    Last Run
-------------------------------------------------  -----  ---------  --------  ----------  --------------  -------------------
/opt/airflow/dags/smart_city_traffic_batch_dag.py                           1           0  13.86s          2026-01-25T06:40:59
================================================================================
[2026-01-25T06:41:37.713+0000] {manager.py:878} INFO - 
================================================================================
DAG File Processing Stats

File Path                                            PID  Runtime      # DAGs    # Errors  Last Runtime    Last Run
-------------------------------------------------  -----  ---------  --------  ----------  --------------  -------------------
/opt/airflow/dags/smart_city_traffic_batch_dag.py    556  6.92s             1           0  13.86s          2026-01-25T06:40:59
================================================================================
[2026-01-25T06:42:08.140+0000] {manager.py:878} INFO - 
================================================================================
DAG File Processing Stats

File Path                                          PID    Runtime      # DAGs    # Errors  Last Runtime    Last Run
-------------------------------------------------  -----  ---------  --------  ----------  --------------  -------------------
/opt/airflow/dags/smart_city_traffic_batch_dag.py                           1           0  10.84s          2026-01-25T06:41:41
================================================================================
[2026-01-25T06:42:38.374+0000] {manager.py:878} INFO - 
================================================================================
DAG File Processing Stats

File Path                                          PID    Runtime      # DAGs    # Errors  Last Runtime    Last Run
-------------------------------------------------  -----  ---------  --------  ----------  --------------  -------------------
/opt/airflow/dags/smart_city_traffic_batch_dag.py                           1           0  9.80s           2026-01-25T06:42:22
================================================================================
[2026-01-25T06:43:09.195+0000] {manager.py:878} INFO - 
================================================================================
DAG File Processing Stats

File Path                                          PID    Runtime      # DAGs    # Errors  Last Runtime    Last Run
-------------------------------------------------  -----  ---------  --------  ----------  --------------  -------------------
/opt/airflow/dags/smart_city_traffic_batch_dag.py                           1           0  9.18s           2026-01-25T06:43:02
================================================================================
[2026-01-25T06:43:40.001+0000] {manager.py:878} INFO - 
================================================================================
DAG File Processing Stats

File Path                                            PID  Runtime      # DAGs    # Errors  Last Runtime    Last Run
-------------------------------------------------  -----  ---------  --------  ----------  --------------  -------------------
/opt/airflow/dags/smart_city_traffic_batch_dag.py    574  7.39s             1           0  9.18s           2026-01-25T06:43:02
================================================================================
[2026-01-25T06:44:10.390+0000] {manager.py:878} INFO - 
================================================================================
DAG File Processing Stats

File Path                                          PID    Runtime      # DAGs    # Errors  Last Runtime    Last Run
-------------------------------------------------  -----  ---------  --------  ----------  --------------  -------------------
/opt/airflow/dags/smart_city_traffic_batch_dag.py                           1           0  14.59s          2026-01-25T06:43:47
================================================================================
[2026-01-25T06:44:39.184+0000] {manager.py:737} INFO - Searching for files in /opt/airflow/dags
[2026-01-25T06:44:39.298+0000] {manager.py:740} INFO - There are 1 files in /opt/airflow/dags
[2026-01-25T06:44:40.733+0000] {manager.py:878} INFO - 
================================================================================
DAG File Processing Stats

File Path                                          PID    Runtime      # DAGs    # Errors  Last Runtime    Last Run
-------------------------------------------------  -----  ---------  --------  ----------  --------------  -------------------
/opt/airflow/dags/smart_city_traffic_batch_dag.py                           1           0  9.34s           2026-01-25T06:44:27
================================================================================
[2026-01-25T06:45:10.790+0000] {manager.py:878} INFO - 
================================================================================
DAG File Processing Stats

File Path                                          PID    Runtime      # DAGs    # Errors  Last Runtime    Last Run
-------------------------------------------------  -----  ---------  --------  ----------  --------------  -------------------
/opt/airflow/dags/smart_city_traffic_batch_dag.py                           1           0  2.04s           2026-01-25T06:44:59
================================================================================
[2026-01-25T06:45:41.075+0000] {manager.py:878} INFO - 
================================================================================
DAG File Processing Stats

File Path                                            PID  Runtime      # DAGs    # Errors  Last Runtime    Last Run
-------------------------------------------------  -----  ---------  --------  ----------  --------------  -------------------
/opt/airflow/dags/smart_city_traffic_batch_dag.py    592  10.90s            1           0  2.04s           2026-01-25T06:44:59
================================================================================
[2026-01-25T06:46:11.411+0000] {manager.py:878} INFO - 
================================================================================
DAG File Processing Stats

File Path                                          PID    Runtime      # DAGs    # Errors  Last Runtime    Last Run
-------------------------------------------------  -----  ---------  --------  ----------  --------------  -------------------
/opt/airflow/dags/smart_city_traffic_batch_dag.py                           1           0  15.05s          2026-01-25T06:45:45
================================================================================
[2026-01-25T06:46:41.554+0000] {manager.py:878} INFO - 
================================================================================
DAG File Processing Stats

File Path                                          PID    Runtime      # DAGs    # Errors  Last Runtime    Last Run
-------------------------------------------------  -----  ---------  --------  ----------  --------------  -------------------
/opt/airflow/dags/smart_city_traffic_batch_dag.py                           1           0  11.84s          2026-01-25T06:46:27
================================================================================
[2026-01-25T06:47:11.709+0000] {manager.py:878} INFO - 
================================================================================
DAG File Processing Stats

File Path                                          PID    Runtime      # DAGs    # Errors  Last Runtime    Last Run
-------------------------------------------------  -----  ---------  --------  ----------  --------------  -------------------
/opt/airflow/dags/smart_city_traffic_batch_dag.py                           1           0  7.26s           2026-01-25T06:47:05
================================================================================
[2026-01-25T06:47:41.905+0000] {manager.py:878} INFO - 
================================================================================
DAG File Processing Stats

File Path                                            PID  Runtime      # DAGs    # Errors  Last Runtime    Last Run
-------------------------------------------------  -----  ---------  --------  ----------  --------------  -------------------
/opt/airflow/dags/smart_city_traffic_batch_dag.py    610  5.75s             1           0  7.26s           2026-01-25T06:47:05
================================================================================
[2026-01-25T06:48:12.121+0000] {manager.py:878} INFO - 
================================================================================
DAG File Processing Stats

File Path                                          PID    Runtime      # DAGs    # Errors  Last Runtime    Last Run
-------------------------------------------------  -----  ---------  --------  ----------  --------------  -------------------
/opt/airflow/dags/smart_city_traffic_batch_dag.py                           1           0  7.70s           2026-01-25T06:47:43
================================================================================
[2026-01-25T06:48:42.502+0000] {manager.py:878} INFO - 
================================================================================
DAG File Processing Stats

File Path                                          PID    Runtime      # DAGs    # Errors  Last Runtime    Last Run
-------------------------------------------------  -----  ---------  --------  ----------  --------------  -------------------
/opt/airflow/dags/smart_city_traffic_batch_dag.py                           1           0  12.97s          2026-01-25T06:48:27
================================================================================
[2026-01-25T06:49:12.593+0000] {manager.py:878} INFO - 
================================================================================
DAG File Processing Stats

File Path                                          PID    Runtime      # DAGs    # Errors  Last Runtime    Last Run
-------------------------------------------------  -----  ---------  --------  ----------  --------------  -------------------
/opt/airflow/dags/smart_city_traffic_batch_dag.py                           1           0  13.69s          2026-01-25T06:49:11
================================================================================
[2026-01-25T06:49:39.816+0000] {manager.py:737} INFO - Searching for files in /opt/airflow/dags
[2026-01-25T06:49:40.019+0000] {manager.py:740} INFO - There are 1 files in /opt/airflow/dags
[2026-01-25T06:49:43.499+0000] {manager.py:878} INFO - 
================================================================================
DAG File Processing Stats

File Path                                            PID  Runtime      # DAGs    # Errors  Last Runtime    Last Run
-------------------------------------------------  -----  ---------  --------  ----------  --------------  -------------------
/opt/airflow/dags/smart_city_traffic_batch_dag.py    628  0.89s             1           0  13.69s          2026-01-25T06:49:11
================================================================================
[2026-01-25T06:50:13.726+0000] {manager.py:878} INFO - 
================================================================================
DAG File Processing Stats

File Path                                          PID    Runtime      # DAGs    # Errors  Last Runtime    Last Run
-------------------------------------------------  -----  ---------  --------  ----------  --------------  -------------------
/opt/airflow/dags/smart_city_traffic_batch_dag.py                           1           0  24.18s          2026-01-25T06:50:06
================================================================================
[2026-01-25T06:50:43.962+0000] {manager.py:878} INFO - 
================================================================================
DAG File Processing Stats

File Path                                            PID  Runtime      # DAGs    # Errors  Last Runtime    Last Run
-------------------------------------------------  -----  ---------  --------  ----------  --------------  -------------------
/opt/airflow/dags/smart_city_traffic_batch_dag.py    634  6.22s             1           0  24.18s          2026-01-25T06:50:06
================================================================================
[2026-01-25T06:51:14.322+0000] {manager.py:878} INFO - 
================================================================================
DAG File Processing Stats

File Path                                          PID    Runtime      # DAGs    # Errors  Last Runtime    Last Run
-------------------------------------------------  -----  ---------  --------  ----------  --------------  -------------------
/opt/airflow/dags/smart_city_traffic_batch_dag.py                           1           0  13.10s          2026-01-25T06:50:50
================================================================================
[2026-01-25T06:51:44.626+0000] {manager.py:878} INFO - 
================================================================================
DAG File Processing Stats

File Path                                          PID    Runtime      # DAGs    # Errors  Last Runtime    Last Run
-------------------------------------------------  -----  ---------  --------  ----------  --------------  -------------------
/opt/airflow/dags/smart_city_traffic_batch_dag.py                           1           0  10.57s          2026-01-25T06:51:32
================================================================================
[2026-01-25T06:52:15.422+0000] {manager.py:878} INFO - 
================================================================================
DAG File Processing Stats

File Path                                            PID  Runtime      # DAGs    # Errors  Last Runtime    Last Run
-------------------------------------------------  -----  ---------  --------  ----------  --------------  -------------------
/opt/airflow/dags/smart_city_traffic_batch_dag.py    646  12.73s            1           0  10.57s          2026-01-25T06:51:32
================================================================================
[2026-01-25T06:52:45.775+0000] {manager.py:878} INFO - 
================================================================================
DAG File Processing Stats

File Path                                          PID    Runtime      # DAGs    # Errors  Last Runtime    Last Run
-------------------------------------------------  -----  ---------  --------  ----------  --------------  -------------------
/opt/airflow/dags/smart_city_traffic_batch_dag.py                           1           0  13.89s          2026-01-25T06:52:16
================================================================================
[2026-01-25T06:53:16.435+0000] {manager.py:878} INFO - 
================================================================================
DAG File Processing Stats

File Path                                          PID    Runtime      # DAGs    # Errors  Last Runtime    Last Run
-------------------------------------------------  -----  ---------  --------  ----------  --------------  -------------------
/opt/airflow/dags/smart_city_traffic_batch_dag.py                           1           0  15.96s          2026-01-25T06:53:03
================================================================================
[2026-01-25T06:53:46.506+0000] {manager.py:878} INFO - 
================================================================================
DAG File Processing Stats

File Path                                          PID    Runtime      # DAGs    # Errors  Last Runtime    Last Run
-------------------------------------------------  -----  ---------  --------  ----------  --------------  -------------------
/opt/airflow/dags/smart_city_traffic_batch_dag.py                           1           0  10.64s          2026-01-25T06:53:44
================================================================================
[2026-01-25T06:54:16.735+0000] {manager.py:878} INFO - 
================================================================================
DAG File Processing Stats

File Path                                            PID  Runtime      # DAGs    # Errors  Last Runtime    Last Run
-------------------------------------------------  -----  ---------  --------  ----------  --------------  -------------------
/opt/airflow/dags/smart_city_traffic_batch_dag.py    664  1.75s             1           0  10.64s          2026-01-25T06:53:44
================================================================================
[2026-01-25T06:54:40.187+0000] {manager.py:737} INFO - Searching for files in /opt/airflow/dags
[2026-01-25T06:54:40.647+0000] {manager.py:740} INFO - There are 1 files in /opt/airflow/dags
[2026-01-25T06:54:47.233+0000] {manager.py:878} INFO - 
================================================================================
DAG File Processing Stats

File Path                                          PID    Runtime      # DAGs    # Errors  Last Runtime    Last Run
-------------------------------------------------  -----  ---------  --------  ----------  --------------  -------------------
/opt/airflow/dags/smart_city_traffic_batch_dag.py                           1           0  11.63s          2026-01-25T06:54:26
================================================================================
[2026-01-25T06:55:17.440+0000] {manager.py:878} INFO - 
================================================================================
DAG File Processing Stats

File Path                                          PID    Runtime      # DAGs    # Errors  Last Runtime    Last Run
-------------------------------------------------  -----  ---------  --------  ----------  --------------  -------------------
/opt/airflow/dags/smart_city_traffic_batch_dag.py                           1           0  15.08s          2026-01-25T06:55:12
================================================================================
[2026-01-25T06:55:48.226+0000] {manager.py:878} INFO - 
================================================================================
DAG File Processing Stats

File Path                                            PID  Runtime      # DAGs    # Errors  Last Runtime    Last Run
-------------------------------------------------  -----  ---------  --------  ----------  --------------  -------------------
/opt/airflow/dags/smart_city_traffic_batch_dag.py    676  5.41s             1           0  15.08s          2026-01-25T06:55:12
================================================================================
[2026-01-25T06:56:18.645+0000] {manager.py:878} INFO - 
================================================================================
DAG File Processing Stats

File Path                                          PID    Runtime      # DAGs    # Errors  Last Runtime    Last Run
-------------------------------------------------  -----  ---------  --------  ----------  --------------  -------------------
/opt/airflow/dags/smart_city_traffic_batch_dag.py                           1           0  13.57s          2026-01-25T06:55:56
================================================================================
[2026-01-25T06:56:49.503+0000] {manager.py:878} INFO - 
================================================================================
DAG File Processing Stats

File Path                                          PID    Runtime      # DAGs    # Errors  Last Runtime    Last Run
-------------------------------------------------  -----  ---------  --------  ----------  --------------  -------------------
/opt/airflow/dags/smart_city_traffic_batch_dag.py                           1           0  13.39s          2026-01-25T06:56:40
================================================================================
[2026-01-25T06:57:20.019+0000] {manager.py:878} INFO - 
================================================================================
DAG File Processing Stats

File Path                                            PID  Runtime      # DAGs    # Errors  Last Runtime    Last Run
-------------------------------------------------  -----  ---------  --------  ----------  --------------  -------------------
/opt/airflow/dags/smart_city_traffic_batch_dag.py    688  9.07s             1           0  13.39s          2026-01-25T06:56:40
================================================================================
[2026-01-25T06:57:50.526+0000] {manager.py:878} INFO - 
================================================================================
DAG File Processing Stats

File Path                                          PID    Runtime      # DAGs    # Errors  Last Runtime    Last Run
-------------------------------------------------  -----  ---------  --------  ----------  --------------  -------------------
/opt/airflow/dags/smart_city_traffic_batch_dag.py                           1           0  14.63s          2026-01-25T06:57:25
================================================================================
[2026-01-25T06:58:20.720+0000] {manager.py:878} INFO - 
================================================================================
DAG File Processing Stats

File Path                                          PID    Runtime      # DAGs    # Errors  Last Runtime    Last Run
-------------------------------------------------  -----  ---------  --------  ----------  --------------  -------------------
/opt/airflow/dags/smart_city_traffic_batch_dag.py                           1           0  15.69s          2026-01-25T06:58:11
================================================================================
[2026-01-25T06:58:50.883+0000] {manager.py:878} INFO - 
================================================================================
DAG File Processing Stats

File Path                                            PID  Runtime      # DAGs    # Errors  Last Runtime    Last Run
-------------------------------------------------  -----  ---------  --------  ----------  --------------  -------------------
/opt/airflow/dags/smart_city_traffic_batch_dag.py    700  8.93s             1           0  15.69s          2026-01-25T06:58:11
================================================================================
[2026-01-25T06:59:20.772+0000] {manager.py:878} INFO - 
================================================================================
DAG File Processing Stats

File Path                                          PID    Runtime      # DAGs    # Errors  Last Runtime    Last Run
-------------------------------------------------  -----  ---------  --------  ----------  --------------  -------------------
/opt/airflow/dags/smart_city_traffic_batch_dag.py                           1           0  23.54s          2026-01-25T06:59:05
================================================================================
[2026-01-25T06:59:40.491+0000] {manager.py:737} INFO - Searching for files in /opt/airflow/dags
[2026-01-25T06:59:40.558+0000] {manager.py:740} INFO - There are 1 files in /opt/airflow/dags
[2026-01-25T06:59:50.843+0000] {manager.py:878} INFO - 
================================================================================
DAG File Processing Stats

File Path                                          PID    Runtime      # DAGs    # Errors  Last Runtime    Last Run
-------------------------------------------------  -----  ---------  --------  ----------  --------------  -------------------
/opt/airflow/dags/smart_city_traffic_batch_dag.py                           1           0  12.11s          2026-01-25T06:59:48
================================================================================
[2026-01-25T07:00:21.025+0000] {manager.py:878} INFO - 
================================================================================
DAG File Processing Stats

File Path                                            PID  Runtime      # DAGs    # Errors  Last Runtime    Last Run
-------------------------------------------------  -----  ---------  --------  ----------  --------------  -------------------
/opt/airflow/dags/smart_city_traffic_batch_dag.py    712  2.20s             1           0  12.11s          2026-01-25T06:59:48
================================================================================
[2026-01-25T07:00:51.074+0000] {manager.py:878} INFO - 
================================================================================
DAG File Processing Stats

File Path                                          PID    Runtime      # DAGs    # Errors  Last Runtime    Last Run
-------------------------------------------------  -----  ---------  --------  ----------  --------------  -------------------
/opt/airflow/dags/smart_city_traffic_batch_dag.py                           1           0  16.16s          2026-01-25T07:00:34
================================================================================
[2026-01-25T07:01:21.311+0000] {manager.py:878} INFO - 
================================================================================
DAG File Processing Stats

File Path                                            PID  Runtime      # DAGs    # Errors  Last Runtime    Last Run
-------------------------------------------------  -----  ---------  --------  ----------  --------------  -------------------
/opt/airflow/dags/smart_city_traffic_batch_dag.py    718  16.10s            1           0  16.16s          2026-01-25T07:00:34
================================================================================
[2026-01-25T07:01:51.642+0000] {manager.py:878} INFO - 
================================================================================
DAG File Processing Stats

File Path                                          PID    Runtime      # DAGs    # Errors  Last Runtime    Last Run
-------------------------------------------------  -----  ---------  --------  ----------  --------------  -------------------
/opt/airflow/dags/smart_city_traffic_batch_dag.py                           1           0  29.53s          2026-01-25T07:01:34
================================================================================
[2026-01-25T07:02:21.852+0000] {manager.py:878} INFO - 
================================================================================
DAG File Processing Stats

File Path                                          PID    Runtime      # DAGs    # Errors  Last Runtime    Last Run
-------------------------------------------------  -----  ---------  --------  ----------  --------------  -------------------
/opt/airflow/dags/smart_city_traffic_batch_dag.py                           1           0  14.65s          2026-01-25T07:02:19
================================================================================
[2026-01-25T07:02:52.311+0000] {manager.py:878} INFO - 
================================================================================
DAG File Processing Stats

File Path                                            PID  Runtime      # DAGs    # Errors  Last Runtime    Last Run
-------------------------------------------------  -----  ---------  --------  ----------  --------------  -------------------
/opt/airflow/dags/smart_city_traffic_batch_dag.py    730  1.93s             1           0  14.65s          2026-01-25T07:02:19
================================================================================
[2026-01-25T07:03:22.634+0000] {manager.py:878} INFO - 
================================================================================
DAG File Processing Stats

File Path                                          PID    Runtime      # DAGs    # Errors  Last Runtime    Last Run
-------------------------------------------------  -----  ---------  --------  ----------  --------------  -------------------
/opt/airflow/dags/smart_city_traffic_batch_dag.py                           1           0  17.29s          2026-01-25T07:03:07
================================================================================
[2026-01-25T07:03:52.952+0000] {manager.py:878} INFO - 
================================================================================
DAG File Processing Stats

File Path                                            PID  Runtime      # DAGs    # Errors  Last Runtime    Last Run
-------------------------------------------------  -----  ---------  --------  ----------  --------------  -------------------
/opt/airflow/dags/smart_city_traffic_batch_dag.py    736  14.93s            1           0  17.29s          2026-01-25T07:03:07
================================================================================
[2026-01-25T07:04:23.377+0000] {manager.py:878} INFO - 
================================================================================
DAG File Processing Stats

File Path                                          PID    Runtime      # DAGs    # Errors  Last Runtime    Last Run
-------------------------------------------------  -----  ---------  --------  ----------  --------------  -------------------
/opt/airflow/dags/smart_city_traffic_batch_dag.py                           1           0  15.37s          2026-01-25T07:03:53
================================================================================
[2026-01-25T07:04:41.074+0000] {manager.py:737} INFO - Searching for files in /opt/airflow/dags
[2026-01-25T07:04:41.241+0000] {manager.py:740} INFO - There are 1 files in /opt/airflow/dags
[2026-01-25T07:04:53.580+0000] {manager.py:878} INFO - 
================================================================================
DAG File Processing Stats

File Path                                          PID    Runtime      # DAGs    # Errors  Last Runtime    Last Run
-------------------------------------------------  -----  ---------  --------  ----------  --------------  -------------------
/opt/airflow/dags/smart_city_traffic_batch_dag.py                           1           0  9.62s           2026-01-25T07:04:33
================================================================================
[2026-01-25T07:05:24.011+0000] {manager.py:878} INFO - 
================================================================================
DAG File Processing Stats

File Path                                          PID    Runtime      # DAGs    # Errors  Last Runtime    Last Run
-------------------------------------------------  -----  ---------  --------  ----------  --------------  -------------------
/opt/airflow/dags/smart_city_traffic_batch_dag.py                           1           0  17.16s          2026-01-25T07:05:21
================================================================================
[2026-01-25T07:05:54.192+0000] {manager.py:878} INFO - 
================================================================================
DAG File Processing Stats

File Path                                            PID  Runtime      # DAGs    # Errors  Last Runtime    Last Run
-------------------------------------------------  -----  ---------  --------  ----------  --------------  -------------------
/opt/airflow/dags/smart_city_traffic_batch_dag.py    754  2.48s             1           0  17.16s          2026-01-25T07:05:21
================================================================================
[2026-01-25T07:06:24.266+0000] {manager.py:878} INFO - 
================================================================================
DAG File Processing Stats

File Path                                          PID    Runtime      # DAGs    # Errors  Last Runtime    Last Run
-------------------------------------------------  -----  ---------  --------  ----------  --------------  -------------------
/opt/airflow/dags/smart_city_traffic_batch_dag.py                           1           0  20.02s          2026-01-25T07:06:11
================================================================================
[2026-01-25T07:06:54.284+0000] {manager.py:878} INFO - 
================================================================================
DAG File Processing Stats

File Path                                            PID  Runtime      # DAGs    # Errors  Last Runtime    Last Run
-------------------------------------------------  -----  ---------  --------  ----------  --------------  -------------------
/opt/airflow/dags/smart_city_traffic_batch_dag.py    760  12.10s            1           0  20.02s          2026-01-25T07:06:11
================================================================================
[2026-01-25T07:07:24.842+0000] {manager.py:878} INFO - 
================================================================================
DAG File Processing Stats

File Path                                          PID    Runtime      # DAGs    # Errors  Last Runtime    Last Run
-------------------------------------------------  -----  ---------  --------  ----------  --------------  -------------------
/opt/airflow/dags/smart_city_traffic_batch_dag.py                           1           0  13.66s          2026-01-25T07:06:55
================================================================================
[2026-01-25T07:07:55.274+0000] {manager.py:878} INFO - 
================================================================================
DAG File Processing Stats

File Path                                          PID    Runtime      # DAGs    # Errors  Last Runtime    Last Run
-------------------------------------------------  -----  ---------  --------  ----------  --------------  -------------------
/opt/airflow/dags/smart_city_traffic_batch_dag.py                           1           0  14.57s          2026-01-25T07:07:40
================================================================================
[2026-01-25T07:08:26.037+0000] {manager.py:878} INFO - 
================================================================================
DAG File Processing Stats

File Path                                          PID    Runtime      # DAGs    # Errors  Last Runtime    Last Run
-------------------------------------------------  -----  ---------  --------  ----------  --------------  -------------------
/opt/airflow/dags/smart_city_traffic_batch_dag.py                           1           0  12.72s          2026-01-25T07:08:24
================================================================================
[2026-01-25T07:08:56.169+0000] {manager.py:878} INFO - 
================================================================================
DAG File Processing Stats

File Path                                            PID  Runtime      # DAGs    # Errors  Last Runtime    Last Run
-------------------------------------------------  -----  ---------  --------  ----------  --------------  -------------------
/opt/airflow/dags/smart_city_traffic_batch_dag.py    778  1.50s             1           0  12.72s          2026-01-25T07:08:24
================================================================================
[2026-01-25T07:09:26.542+0000] {manager.py:878} INFO - 
================================================================================
DAG File Processing Stats

File Path                                          PID    Runtime      # DAGs    # Errors  Last Runtime    Last Run
-------------------------------------------------  -----  ---------  --------  ----------  --------------  -------------------
/opt/airflow/dags/smart_city_traffic_batch_dag.py                           1           0  15.18s          2026-01-25T07:09:09
================================================================================
[2026-01-25T07:09:41.628+0000] {manager.py:737} INFO - Searching for files in /opt/airflow/dags
[2026-01-25T07:09:41.862+0000] {manager.py:740} INFO - There are 1 files in /opt/airflow/dags
[2026-01-25T07:09:57.166+0000] {manager.py:878} INFO - 
================================================================================
DAG File Processing Stats

File Path                                          PID    Runtime      # DAGs    # Errors  Last Runtime    Last Run
-------------------------------------------------  -----  ---------  --------  ----------  --------------  -------------------
/opt/airflow/dags/smart_city_traffic_batch_dag.py                           1           0  13.98s          2026-01-25T07:09:54
================================================================================
[2026-01-25T07:10:27.969+0000] {manager.py:878} INFO - 
================================================================================
DAG File Processing Stats

File Path                                            PID  Runtime      # DAGs    # Errors  Last Runtime    Last Run
-------------------------------------------------  -----  ---------  --------  ----------  --------------  -------------------
/opt/airflow/dags/smart_city_traffic_batch_dag.py    790  3.45s             1           0  13.98s          2026-01-25T07:09:54
================================================================================
[2026-01-25T07:10:58.270+0000] {manager.py:878} INFO - 
================================================================================
DAG File Processing Stats

File Path                                          PID    Runtime      # DAGs    # Errors  Last Runtime    Last Run
-------------------------------------------------  -----  ---------  --------  ----------  --------------  -------------------
/opt/airflow/dags/smart_city_traffic_batch_dag.py                           1           0  14.77s          2026-01-25T07:10:39
================================================================================
[2026-01-25T07:11:28.448+0000] {manager.py:878} INFO - 
================================================================================
DAG File Processing Stats

File Path                                            PID  Runtime      # DAGs    # Errors  Last Runtime    Last Run
-------------------------------------------------  -----  ---------  --------  ----------  --------------  -------------------
/opt/airflow/dags/smart_city_traffic_batch_dag.py    796  18.53s            1           0  14.77s          2026-01-25T07:10:39
================================================================================
[2026-01-25T07:11:58.790+0000] {manager.py:878} INFO - 
================================================================================
DAG File Processing Stats

File Path                                          PID    Runtime      # DAGs    # Errors  Last Runtime    Last Run
-------------------------------------------------  -----  ---------  --------  ----------  --------------  -------------------
/opt/airflow/dags/smart_city_traffic_batch_dag.py                           1           0  33.97s          2026-01-25T07:11:43
================================================================================
[2026-01-25T07:12:29.210+0000] {manager.py:878} INFO - 
================================================================================
DAG File Processing Stats

File Path                                          PID    Runtime      # DAGs    # Errors  Last Runtime    Last Run
-------------------------------------------------  -----  ---------  --------  ----------  --------------  -------------------
/opt/airflow/dags/smart_city_traffic_batch_dag.py                           1           0  14.95s          2026-01-25T07:12:29
================================================================================
[2026-01-25T07:12:59.866+0000] {manager.py:878} INFO - 
================================================================================
DAG File Processing Stats

File Path                                          PID    Runtime      # DAGs    # Errors  Last Runtime    Last Run
-------------------------------------------------  -----  ---------  --------  ----------  --------------  -------------------
/opt/airflow/dags/smart_city_traffic_batch_dag.py                           1           0  16.00s          2026-01-25T07:12:51
================================================================================
[2026-01-25T07:13:30.721+0000] {manager.py:878} INFO - 
================================================================================
DAG File Processing Stats

File Path                                            PID  Runtime      # DAGs    # Errors  Last Runtime    Last Run
-------------------------------------------------  -----  ---------  --------  ----------  --------------  -------------------
/opt/airflow/dags/smart_city_traffic_batch_dag.py    814  8.36s             1           0  16.00s          2026-01-25T07:12:51
================================================================================
[2026-01-25T07:14:01.342+0000] {manager.py:878} INFO - 
================================================================================
DAG File Processing Stats

File Path                                          PID    Runtime      # DAGs    # Errors  Last Runtime    Last Run
-------------------------------------------------  -----  ---------  --------  ----------  --------------  -------------------
/opt/airflow/dags/smart_city_traffic_batch_dag.py                           1           0  19.64s          2026-01-25T07:13:41
================================================================================
[2026-01-25T07:14:31.754+0000] {manager.py:878} INFO - 
================================================================================
DAG File Processing Stats

File Path                                            PID  Runtime      # DAGs    # Errors  Last Runtime    Last Run
-------------------------------------------------  -----  ---------  --------  ----------  --------------  -------------------
/opt/airflow/dags/smart_city_traffic_batch_dag.py    820  18.79s            1           0  19.64s          2026-01-25T07:13:41
================================================================================
[2026-01-25T07:14:34.093+0000] {manager.py:452} INFO - Exiting gracefully upon receiving signal 15
[2026-01-25T07:14:35.836+0000] {manager.py:452} INFO - Exiting gracefully upon receiving signal 15
[2026-01-25T07:14:37.301+0000] {manager.py:452} INFO - Exiting gracefully upon receiving signal 15
[2026-01-25T07:15:31.845+0000] {manager.py:470} INFO - Processing files using up to 2 processes at a time 
[2026-01-25T07:15:31.849+0000] {manager.py:471} INFO - Process each file at most once every 30 seconds
[2026-01-25T07:15:31.854+0000] {manager.py:472} INFO - Checking for new files in /opt/airflow/dags every 300 seconds
[2026-01-25T07:15:31.860+0000] {manager.py:737} INFO - Searching for files in /opt/airflow/dags
[2026-01-25T07:15:31.954+0000] {manager.py:740} INFO - There are 1 files in /opt/airflow/dags
[2026-01-25T07:15:34.153+0000] {manager.py:878} INFO - 
================================================================================
DAG File Processing Stats

File Path                                            PID  Runtime      # DAGs    # Errors  Last Runtime    Last Run
-------------------------------------------------  -----  ---------  --------  ----------  --------------  ----------
/opt/airflow/dags/smart_city_traffic_batch_dag.py    172  1.01s             0           0
================================================================================
[2026-01-25T07:16:04.437+0000] {manager.py:878} INFO - 
================================================================================
DAG File Processing Stats

File Path                                          PID    Runtime      # DAGs    # Errors  Last Runtime    Last Run
-------------------------------------------------  -----  ---------  --------  ----------  --------------  -------------------
/opt/airflow/dags/smart_city_traffic_batch_dag.py                           1           0  7.29s           2026-01-25T07:15:40
================================================================================
[2026-01-25T07:16:35.167+0000] {manager.py:878} INFO - 
================================================================================
DAG File Processing Stats

File Path                                          PID    Runtime      # DAGs    # Errors  Last Runtime    Last Run
-------------------------------------------------  -----  ---------  --------  ----------  --------------  -------------------
/opt/airflow/dags/smart_city_traffic_batch_dag.py                           1           0  9.59s           2026-01-25T07:16:20
================================================================================
[2026-01-25T07:17:05.395+0000] {manager.py:878} INFO - 
================================================================================
DAG File Processing Stats

File Path                                          PID    Runtime      # DAGs    # Errors  Last Runtime    Last Run
-------------------------------------------------  -----  ---------  --------  ----------  --------------  -------------------
/opt/airflow/dags/smart_city_traffic_batch_dag.py                           1           0  10.20s          2026-01-25T07:17:00
================================================================================
[2026-01-25T07:17:35.628+0000] {manager.py:878} INFO - 
================================================================================
DAG File Processing Stats

File Path                                            PID  Runtime      # DAGs    # Errors  Last Runtime    Last Run
-------------------------------------------------  -----  ---------  --------  ----------  --------------  -------------------
/opt/airflow/dags/smart_city_traffic_batch_dag.py    190  4.30s             1           0  10.20s          2026-01-25T07:17:00
================================================================================
[2026-01-25T07:18:05.946+0000] {manager.py:878} INFO - 
================================================================================
DAG File Processing Stats

File Path                                          PID    Runtime      # DAGs    # Errors  Last Runtime    Last Run
-------------------------------------------------  -----  ---------  --------  ----------  --------------  -------------------
/opt/airflow/dags/smart_city_traffic_batch_dag.py                           1           0  6.45s           2026-01-25T07:17:37
================================================================================
[2026-01-25T07:18:36.288+0000] {manager.py:878} INFO - 
================================================================================
DAG File Processing Stats

File Path                                          PID    Runtime      # DAGs    # Errors  Last Runtime    Last Run
-------------------------------------------------  -----  ---------  --------  ----------  --------------  -------------------
/opt/airflow/dags/smart_city_traffic_batch_dag.py                           1           0  11.35s          2026-01-25T07:18:19
================================================================================
[2026-01-25T07:19:06.706+0000] {manager.py:878} INFO - 
================================================================================
DAG File Processing Stats

File Path                                          PID    Runtime      # DAGs    # Errors  Last Runtime    Last Run
-------------------------------------------------  -----  ---------  --------  ----------  --------------  -------------------
/opt/airflow/dags/smart_city_traffic_batch_dag.py                           1           0  10.78s          2026-01-25T07:19:00
================================================================================
[2026-01-25T07:19:36.882+0000] {manager.py:878} INFO - 
================================================================================
DAG File Processing Stats

File Path                                            PID  Runtime      # DAGs    # Errors  Last Runtime    Last Run
-------------------------------------------------  -----  ---------  --------  ----------  --------------  -------------------
/opt/airflow/dags/smart_city_traffic_batch_dag.py    208  5.43s             1           0  10.78s          2026-01-25T07:19:00
================================================================================
[2026-01-25T07:20:08.837+0000] {manager.py:878} INFO - 
================================================================================
DAG File Processing Stats

File Path                                            PID  Runtime      # DAGs    # Errors  Last Runtime    Last Run
-------------------------------------------------  -----  ---------  --------  ----------  --------------  -------------------
/opt/airflow/dags/smart_city_traffic_batch_dag.py    214  1.33s             1           0  5.74s           2026-01-25T07:19:37
================================================================================
[2026-01-25T07:20:32.385+0000] {manager.py:737} INFO - Searching for files in /opt/airflow/dags
[2026-01-25T07:20:32.477+0000] {manager.py:740} INFO - There are 1 files in /opt/airflow/dags
[2026-01-25T07:20:39.632+0000] {manager.py:878} INFO - 
================================================================================
DAG File Processing Stats

File Path                                          PID    Runtime      # DAGs    # Errors  Last Runtime    Last Run
-------------------------------------------------  -----  ---------  --------  ----------  --------------  -------------------
/opt/airflow/dags/smart_city_traffic_batch_dag.py                           1           0  14.27s          2026-01-25T07:20:21
================================================================================
[2026-01-25T07:21:10.439+0000] {manager.py:878} INFO - 
================================================================================
DAG File Processing Stats

File Path                                          PID    Runtime      # DAGs    # Errors  Last Runtime    Last Run
-------------------------------------------------  -----  ---------  --------  ----------  --------------  -------------------
/opt/airflow/dags/smart_city_traffic_batch_dag.py                           1           0  16.55s          2026-01-25T07:21:08
================================================================================
[2026-01-25T07:21:41.144+0000] {manager.py:878} INFO - 
================================================================================
DAG File Processing Stats

File Path                                            PID  Runtime      # DAGs    # Errors  Last Runtime    Last Run
-------------------------------------------------  -----  ---------  --------  ----------  --------------  -------------------
/opt/airflow/dags/smart_city_traffic_batch_dag.py    226  2.27s             1           0  16.55s          2026-01-25T07:21:08
================================================================================
[2026-01-25T07:22:11.325+0000] {manager.py:878} INFO - 
================================================================================
DAG File Processing Stats

File Path                                          PID    Runtime      # DAGs    # Errors  Last Runtime    Last Run
-------------------------------------------------  -----  ---------  --------  ----------  --------------  -------------------
/opt/airflow/dags/smart_city_traffic_batch_dag.py                           1           0  8.21s           2026-01-25T07:21:47
================================================================================
[2026-01-25T07:22:41.682+0000] {manager.py:878} INFO - 
================================================================================
DAG File Processing Stats

File Path                                          PID    Runtime      # DAGs    # Errors  Last Runtime    Last Run
-------------------------------------------------  -----  ---------  --------  ----------  --------------  -------------------
/opt/airflow/dags/smart_city_traffic_batch_dag.py                           1           0  14.76s          2026-01-25T07:22:32
================================================================================
[2026-01-25T07:23:12.351+0000] {manager.py:878} INFO - 
================================================================================
DAG File Processing Stats

File Path                                            PID  Runtime      # DAGs    # Errors  Last Runtime    Last Run
-------------------------------------------------  -----  ---------  --------  ----------  --------------  -------------------
/opt/airflow/dags/smart_city_traffic_batch_dag.py    238  9.18s             1           0  14.76s          2026-01-25T07:22:32
================================================================================
[2026-01-25T07:23:42.799+0000] {manager.py:878} INFO - 
================================================================================
DAG File Processing Stats

File Path                                          PID    Runtime      # DAGs    # Errors  Last Runtime    Last Run
-------------------------------------------------  -----  ---------  --------  ----------  --------------  -------------------
/opt/airflow/dags/smart_city_traffic_batch_dag.py                           1           0  10.37s          2026-01-25T07:23:13
================================================================================
[2026-01-25T07:24:13.173+0000] {manager.py:878} INFO - 
================================================================================
DAG File Processing Stats

File Path                                          PID    Runtime      # DAGs    # Errors  Last Runtime    Last Run
-------------------------------------------------  -----  ---------  --------  ----------  --------------  -------------------
/opt/airflow/dags/smart_city_traffic_batch_dag.py                           1           0  12.03s          2026-01-25T07:23:56
================================================================================
[2026-01-25T07:24:43.353+0000] {manager.py:878} INFO - 
================================================================================
DAG File Processing Stats

File Path                                          PID    Runtime      # DAGs    # Errors  Last Runtime    Last Run
-------------------------------------------------  -----  ---------  --------  ----------  --------------  -------------------
/opt/airflow/dags/smart_city_traffic_batch_dag.py                           1           0  9.76s           2026-01-25T07:24:36
================================================================================
[2026-01-25T07:25:13.569+0000] {manager.py:878} INFO - 
================================================================================
DAG File Processing Stats

File Path                                            PID  Runtime      # DAGs    # Errors  Last Runtime    Last Run
-------------------------------------------------  -----  ---------  --------  ----------  --------------  -------------------
/opt/airflow/dags/smart_city_traffic_batch_dag.py    256  6.60s             1           0  9.76s           2026-01-25T07:24:36
================================================================================
[2026-01-25T07:25:32.582+0000] {manager.py:737} INFO - Searching for files in /opt/airflow/dags
[2026-01-25T07:25:32.717+0000] {manager.py:740} INFO - There are 1 files in /opt/airflow/dags
[2026-01-25T07:25:44.039+0000] {manager.py:878} INFO - 
================================================================================
DAG File Processing Stats

File Path                                          PID    Runtime      # DAGs    # Errors  Last Runtime    Last Run
-------------------------------------------------  -----  ---------  --------  ----------  --------------  -------------------
/opt/airflow/dags/smart_city_traffic_batch_dag.py                           1           0  8.53s           2026-01-25T07:25:15
================================================================================
[2026-01-25T07:26:14.709+0000] {manager.py:878} INFO - 
================================================================================
DAG File Processing Stats

File Path                                          PID    Runtime      # DAGs    # Errors  Last Runtime    Last Run
-------------------------------------------------  -----  ---------  --------  ----------  --------------  -------------------
/opt/airflow/dags/smart_city_traffic_batch_dag.py                           1           0  7.62s           2026-01-25T07:25:53
================================================================================
[2026-01-25T07:26:45.300+0000] {manager.py:878} INFO - 
================================================================================
DAG File Processing Stats

File Path                                          PID    Runtime      # DAGs    # Errors  Last Runtime    Last Run
-------------------------------------------------  -----  ---------  --------  ----------  --------------  -------------------
/opt/airflow/dags/smart_city_traffic_batch_dag.py                           1           0  6.14s           2026-01-25T07:26:30
================================================================================
[2026-01-25T07:27:15.348+0000] {manager.py:878} INFO - 
================================================================================
DAG File Processing Stats

File Path                                          PID    Runtime      # DAGs    # Errors  Last Runtime    Last Run
-------------------------------------------------  -----  ---------  --------  ----------  --------------  -------------------
/opt/airflow/dags/smart_city_traffic_batch_dag.py                           1           0  9.69s           2026-01-25T07:27:10
================================================================================
[2026-01-25T07:27:46.374+0000] {manager.py:878} INFO - 
================================================================================
DAG File Processing Stats

File Path                                            PID  Runtime      # DAGs    # Errors  Last Runtime    Last Run
-------------------------------------------------  -----  ---------  --------  ----------  --------------  -------------------
/opt/airflow/dags/smart_city_traffic_batch_dag.py    280  5.38s             1           0  9.69s           2026-01-25T07:27:10
================================================================================
[2026-01-25T07:28:16.562+0000] {manager.py:878} INFO - 
================================================================================
DAG File Processing Stats

File Path                                          PID    Runtime      # DAGs    # Errors  Last Runtime    Last Run
-------------------------------------------------  -----  ---------  --------  ----------  --------------  -------------------
/opt/airflow/dags/smart_city_traffic_batch_dag.py                           1           0  14.32s          2026-01-25T07:27:55
================================================================================
[2026-01-25T07:28:46.586+0000] {manager.py:878} INFO - 
================================================================================
DAG File Processing Stats

File Path                                          PID    Runtime      # DAGs    # Errors  Last Runtime    Last Run
-------------------------------------------------  -----  ---------  --------  ----------  --------------  -------------------
/opt/airflow/dags/smart_city_traffic_batch_dag.py                           1           0  8.86s           2026-01-25T07:28:34
================================================================================
[2026-01-25T07:29:16.740+0000] {manager.py:878} INFO - 
================================================================================
DAG File Processing Stats

File Path                                          PID    Runtime      # DAGs    # Errors  Last Runtime    Last Run
-------------------------------------------------  -----  ---------  --------  ----------  --------------  -------------------
/opt/airflow/dags/smart_city_traffic_batch_dag.py                           1           0  7.85s           2026-01-25T07:29:12
================================================================================
[2026-01-25T07:29:47.296+0000] {manager.py:878} INFO - 
================================================================================
DAG File Processing Stats

File Path                                            PID  Runtime      # DAGs    # Errors  Last Runtime    Last Run
-------------------------------------------------  -----  ---------  --------  ----------  --------------  -------------------
/opt/airflow/dags/smart_city_traffic_batch_dag.py    298  4.18s             1           0  7.85s           2026-01-25T07:29:12
================================================================================
[2026-01-25T07:30:17.742+0000] {manager.py:878} INFO - 
================================================================================
DAG File Processing Stats

File Path                                          PID    Runtime      # DAGs    # Errors  Last Runtime    Last Run
-------------------------------------------------  -----  ---------  --------  ----------  --------------  -------------------
/opt/airflow/dags/smart_city_traffic_batch_dag.py                           1           0  6.91s           2026-01-25T07:29:50
================================================================================
[2026-01-25T07:30:32.785+0000] {manager.py:737} INFO - Searching for files in /opt/airflow/dags
[2026-01-25T07:30:32.852+0000] {manager.py:740} INFO - There are 1 files in /opt/airflow/dags
[2026-01-25T07:30:48.096+0000] {manager.py:878} INFO - 
================================================================================
DAG File Processing Stats

File Path                                          PID    Runtime      # DAGs    # Errors  Last Runtime    Last Run
-------------------------------------------------  -----  ---------  --------  ----------  --------------  -------------------
/opt/airflow/dags/smart_city_traffic_batch_dag.py                           1           0  11.73s          2026-01-25T07:30:32
================================================================================
[2026-01-25T07:31:18.149+0000] {manager.py:878} INFO - 
================================================================================
DAG File Processing Stats

File Path                                          PID    Runtime      # DAGs    # Errors  Last Runtime    Last Run
-------------------------------------------------  -----  ---------  --------  ----------  --------------  -------------------
/opt/airflow/dags/smart_city_traffic_batch_dag.py                           1           0  8.30s           2026-01-25T07:31:11
================================================================================
[2026-01-25T07:31:48.812+0000] {manager.py:878} INFO - 
================================================================================
DAG File Processing Stats

File Path                                          PID    Runtime      # DAGs    # Errors  Last Runtime    Last Run
-------------------------------------------------  -----  ---------  --------  ----------  --------------  -------------------
/opt/airflow/dags/smart_city_traffic_batch_dag.py                           1           0  6.31s           2026-01-25T07:31:47
================================================================================
[2026-01-25T07:32:19.905+0000] {manager.py:878} INFO - 
================================================================================
DAG File Processing Stats

File Path                                            PID  Runtime      # DAGs    # Errors  Last Runtime    Last Run
-------------------------------------------------  -----  ---------  --------  ----------  --------------  -------------------
/opt/airflow/dags/smart_city_traffic_batch_dag.py    322  1.47s             1           0  6.31s           2026-01-25T07:31:47
================================================================================
[2026-01-25T07:32:50.228+0000] {manager.py:878} INFO - 
================================================================================
DAG File Processing Stats

File Path                                          PID    Runtime      # DAGs    # Errors  Last Runtime    Last Run
-------------------------------------------------  -----  ---------  --------  ----------  --------------  -------------------
/opt/airflow/dags/smart_city_traffic_batch_dag.py                           1           0  13.29s          2026-01-25T07:32:31
================================================================================
[2026-01-25T07:33:20.800+0000] {manager.py:878} INFO - 
================================================================================
DAG File Processing Stats

File Path                                          PID    Runtime      # DAGs    # Errors  Last Runtime    Last Run
-------------------------------------------------  -----  ---------  --------  ----------  --------------  -------------------
/opt/airflow/dags/smart_city_traffic_batch_dag.py                           1           0  13.68s          2026-01-25T07:33:15
================================================================================
[2026-01-25T07:33:51.152+0000] {manager.py:878} INFO - 
================================================================================
DAG File Processing Stats

File Path                                          PID    Runtime      # DAGs    # Errors  Last Runtime    Last Run
-------------------------------------------------  -----  ---------  --------  ----------  --------------  -------------------
/opt/airflow/dags/smart_city_traffic_batch_dag.py                           1           0  3.88s           2026-01-25T07:33:50
================================================================================
[2026-01-25T07:34:21.611+0000] {manager.py:878} INFO - 
================================================================================
DAG File Processing Stats

File Path                                            PID  Runtime      # DAGs    # Errors  Last Runtime    Last Run
-------------------------------------------------  -----  ---------  --------  ----------  --------------  -------------------
/opt/airflow/dags/smart_city_traffic_batch_dag.py    340  1.03s             1           0  3.88s           2026-01-25T07:33:50
================================================================================
[2026-01-25T07:34:52.073+0000] {manager.py:878} INFO - 
================================================================================
DAG File Processing Stats

File Path                                          PID    Runtime      # DAGs    # Errors  Last Runtime    Last Run
-------------------------------------------------  -----  ---------  --------  ----------  --------------  -------------------
/opt/airflow/dags/smart_city_traffic_batch_dag.py                           1           0  6.67s           2026-01-25T07:34:27
================================================================================
[2026-01-25T07:35:22.196+0000] {manager.py:878} INFO - 
================================================================================
DAG File Processing Stats

File Path                                          PID    Runtime      # DAGs    # Errors  Last Runtime    Last Run
-------------------------------------------------  -----  ---------  --------  ----------  --------------  -------------------
/opt/airflow/dags/smart_city_traffic_batch_dag.py                           1           0  9.54s           2026-01-25T07:35:07
================================================================================
[2026-01-25T07:35:33.322+0000] {manager.py:737} INFO - Searching for files in /opt/airflow/dags
[2026-01-25T07:35:33.419+0000] {manager.py:740} INFO - There are 1 files in /opt/airflow/dags
[2026-01-25T07:35:52.391+0000] {manager.py:878} INFO - 
================================================================================
DAG File Processing Stats

File Path                                          PID    Runtime      # DAGs    # Errors  Last Runtime    Last Run
-------------------------------------------------  -----  ---------  --------  ----------  --------------  -------------------
/opt/airflow/dags/smart_city_traffic_batch_dag.py                           1           0  10.58s          2026-01-25T07:35:48
================================================================================
[2026-01-25T07:36:23.089+0000] {manager.py:878} INFO - 
================================================================================
DAG File Processing Stats

File Path                                            PID  Runtime      # DAGs    # Errors  Last Runtime    Last Run
-------------------------------------------------  -----  ---------  --------  ----------  --------------  -------------------
/opt/airflow/dags/smart_city_traffic_batch_dag.py    358  4.20s             1           0  10.58s          2026-01-25T07:35:48
================================================================================
[2026-01-25T07:36:53.182+0000] {manager.py:878} INFO - 
================================================================================
DAG File Processing Stats

File Path                                          PID    Runtime      # DAGs    # Errors  Last Runtime    Last Run
-------------------------------------------------  -----  ---------  --------  ----------  --------------  -------------------
/opt/airflow/dags/smart_city_traffic_batch_dag.py                           1           0  8.99s           2026-01-25T07:36:27
================================================================================
[2026-01-25T07:37:23.678+0000] {manager.py:878} INFO - 
================================================================================
DAG File Processing Stats

File Path                                          PID    Runtime      # DAGs    # Errors  Last Runtime    Last Run
-------------------------------------------------  -----  ---------  --------  ----------  --------------  -------------------
/opt/airflow/dags/smart_city_traffic_batch_dag.py                           1           0  8.27s           2026-01-25T07:37:06
================================================================================
[2026-01-25T07:37:54.262+0000] {manager.py:878} INFO - 
================================================================================
DAG File Processing Stats

File Path                                          PID    Runtime      # DAGs    # Errors  Last Runtime    Last Run
-------------------------------------------------  -----  ---------  --------  ----------  --------------  -------------------
/opt/airflow/dags/smart_city_traffic_batch_dag.py                           1           0  7.01s           2026-01-25T07:37:44
================================================================================
[2026-01-25T07:38:24.285+0000] {manager.py:878} INFO - 
================================================================================
DAG File Processing Stats

File Path                                            PID  Runtime      # DAGs    # Errors  Last Runtime    Last Run
-------------------------------------------------  -----  ---------  --------  ----------  --------------  -------------------
/opt/airflow/dags/smart_city_traffic_batch_dag.py    376  9.69s             1           0  7.01s           2026-01-25T07:37:44
================================================================================
[2026-01-25T07:38:54.547+0000] {manager.py:878} INFO - 
================================================================================
DAG File Processing Stats

File Path                                          PID    Runtime      # DAGs    # Errors  Last Runtime    Last Run
-------------------------------------------------  -----  ---------  --------  ----------  --------------  -------------------
/opt/airflow/dags/smart_city_traffic_batch_dag.py                           1           0  10.83s          2026-01-25T07:38:25
================================================================================
[2026-01-25T07:39:24.726+0000] {manager.py:878} INFO - 
================================================================================
DAG File Processing Stats

File Path                                          PID    Runtime      # DAGs    # Errors  Last Runtime    Last Run
-------------------------------------------------  -----  ---------  --------  ----------  --------------  -------------------
/opt/airflow/dags/smart_city_traffic_batch_dag.py                           1           0  7.12s           2026-01-25T07:39:02
================================================================================
[2026-01-25T07:39:55.326+0000] {manager.py:878} INFO - 
================================================================================
DAG File Processing Stats

File Path                                          PID    Runtime      # DAGs    # Errors  Last Runtime    Last Run
-------------------------------------------------  -----  ---------  --------  ----------  --------------  -------------------
/opt/airflow/dags/smart_city_traffic_batch_dag.py                           1           0  6.76s           2026-01-25T07:39:40
================================================================================
[2026-01-25T07:40:25.685+0000] {manager.py:878} INFO - 
================================================================================
DAG File Processing Stats

File Path                                          PID    Runtime      # DAGs    # Errors  Last Runtime    Last Run
-------------------------------------------------  -----  ---------  --------  ----------  --------------  -------------------
/opt/airflow/dags/smart_city_traffic_batch_dag.py                           1           0  9.39s           2026-01-25T07:40:20
================================================================================
[2026-01-25T07:40:33.731+0000] {manager.py:737} INFO - Searching for files in /opt/airflow/dags
[2026-01-25T07:40:33.873+0000] {manager.py:740} INFO - There are 1 files in /opt/airflow/dags
[2026-01-25T07:40:56.321+0000] {manager.py:878} INFO - 
================================================================================
DAG File Processing Stats

File Path                                            PID  Runtime      # DAGs    # Errors  Last Runtime    Last Run
-------------------------------------------------  -----  ---------  --------  ----------  --------------  -------------------
/opt/airflow/dags/smart_city_traffic_batch_dag.py    400  5.71s             1           0  9.39s           2026-01-25T07:40:20
================================================================================
[2026-01-25T07:41:26.630+0000] {manager.py:878} INFO - 
================================================================================
DAG File Processing Stats

File Path                                          PID    Runtime      # DAGs    # Errors  Last Runtime    Last Run
-------------------------------------------------  -----  ---------  --------  ----------  --------------  -------------------
/opt/airflow/dags/smart_city_traffic_batch_dag.py                           1           0  15.95s          2026-01-25T07:41:06
================================================================================
[2026-01-25T07:41:56.737+0000] {manager.py:878} INFO - 
================================================================================
DAG File Processing Stats

File Path                                          PID    Runtime      # DAGs    # Errors  Last Runtime    Last Run
-------------------------------------------------  -----  ---------  --------  ----------  --------------  -------------------
/opt/airflow/dags/smart_city_traffic_batch_dag.py                           1           0  3.73s           2026-01-25T07:41:40
================================================================================
[2026-01-25T07:42:27.147+0000] {manager.py:878} INFO - 
================================================================================
DAG File Processing Stats

File Path                                          PID    Runtime      # DAGs    # Errors  Last Runtime    Last Run
-------------------------------------------------  -----  ---------  --------  ----------  --------------  -------------------
/opt/airflow/dags/smart_city_traffic_batch_dag.py                           1           0  8.31s           2026-01-25T07:42:19
================================================================================
[2026-01-25T07:42:57.990+0000] {manager.py:878} INFO - 
================================================================================
DAG File Processing Stats

File Path                                            PID  Runtime      # DAGs    # Errors  Last Runtime    Last Run
-------------------------------------------------  -----  ---------  --------  ----------  --------------  -------------------
/opt/airflow/dags/smart_city_traffic_batch_dag.py    418  8.40s             1           0  8.31s           2026-01-25T07:42:19
================================================================================
[2026-01-25T07:43:28.347+0000] {manager.py:878} INFO - 
================================================================================
DAG File Processing Stats

File Path                                          PID    Runtime      # DAGs    # Errors  Last Runtime    Last Run
-------------------------------------------------  -----  ---------  --------  ----------  --------------  -------------------
/opt/airflow/dags/smart_city_traffic_batch_dag.py                           1           0  9.06s           2026-01-25T07:42:58
================================================================================
[2026-01-25T07:43:59.025+0000] {manager.py:878} INFO - 
================================================================================
DAG File Processing Stats

File Path                                          PID    Runtime      # DAGs    # Errors  Last Runtime    Last Run
-------------------------------------------------  -----  ---------  --------  ----------  --------------  -------------------
/opt/airflow/dags/smart_city_traffic_batch_dag.py                           1           0  10.46s          2026-01-25T07:43:39
================================================================================
[2026-01-25T07:44:29.498+0000] {manager.py:878} INFO - 
================================================================================
DAG File Processing Stats

File Path                                          PID    Runtime      # DAGs    # Errors  Last Runtime    Last Run
-------------------------------------------------  -----  ---------  --------  ----------  --------------  -------------------
/opt/airflow/dags/smart_city_traffic_batch_dag.py                           1           0  11.47s          2026-01-25T07:44:21
================================================================================
[2026-01-25T07:44:59.609+0000] {manager.py:878} INFO - 
================================================================================
DAG File Processing Stats

File Path                                            PID  Runtime      # DAGs    # Errors  Last Runtime    Last Run
-------------------------------------------------  -----  ---------  --------  ----------  --------------  -------------------
/opt/airflow/dags/smart_city_traffic_batch_dag.py    436  7.67s             1           0  11.47s          2026-01-25T07:44:21
================================================================================
[2026-01-25T07:45:30.104+0000] {manager.py:878} INFO - 
================================================================================
DAG File Processing Stats

File Path                                          PID    Runtime      # DAGs    # Errors  Last Runtime    Last Run
-------------------------------------------------  -----  ---------  --------  ----------  --------------  -------------------
/opt/airflow/dags/smart_city_traffic_batch_dag.py                           1           0  8.42s           2026-01-25T07:45:00
================================================================================
[2026-01-25T07:45:34.408+0000] {manager.py:737} INFO - Searching for files in /opt/airflow/dags
[2026-01-25T07:45:34.474+0000] {manager.py:740} INFO - There are 1 files in /opt/airflow/dags
[2026-01-25T07:46:00.745+0000] {manager.py:878} INFO - 
================================================================================
DAG File Processing Stats

File Path                                          PID    Runtime      # DAGs    # Errors  Last Runtime    Last Run
-------------------------------------------------  -----  ---------  --------  ----------  --------------  -------------------
/opt/airflow/dags/smart_city_traffic_batch_dag.py                           1           0  6.67s           2026-01-25T07:45:37
================================================================================
[2026-01-25T07:46:30.879+0000] {manager.py:878} INFO - 
================================================================================
DAG File Processing Stats

File Path                                          PID    Runtime      # DAGs    # Errors  Last Runtime    Last Run
-------------------------------------------------  -----  ---------  --------  ----------  --------------  -------------------
/opt/airflow/dags/smart_city_traffic_batch_dag.py                           1           0  15.42s          2026-01-25T07:46:23
================================================================================
[2026-01-25T07:47:01.532+0000] {manager.py:878} INFO - 
================================================================================
DAG File Processing Stats

File Path                                            PID  Runtime      # DAGs    # Errors  Last Runtime    Last Run
-------------------------------------------------  -----  ---------  --------  ----------  --------------  -------------------
/opt/airflow/dags/smart_city_traffic_batch_dag.py    454  7.51s             1           0  15.42s          2026-01-25T07:46:23
================================================================================
[2026-01-25T07:47:31.883+0000] {manager.py:878} INFO - 
================================================================================
DAG File Processing Stats

File Path                                          PID    Runtime      # DAGs    # Errors  Last Runtime    Last Run
-------------------------------------------------  -----  ---------  --------  ----------  --------------  -------------------
/opt/airflow/dags/smart_city_traffic_batch_dag.py                           1           0  12.79s          2026-01-25T07:47:06
================================================================================
[2026-01-25T07:48:02.384+0000] {manager.py:878} INFO - 
================================================================================
DAG File Processing Stats

File Path                                          PID    Runtime      # DAGs    # Errors  Last Runtime    Last Run
-------------------------------------------------  -----  ---------  --------  ----------  --------------  -------------------
/opt/airflow/dags/smart_city_traffic_batch_dag.py                           1           0  10.95s          2026-01-25T07:47:48
================================================================================
[2026-01-25T07:48:32.589+0000] {manager.py:878} INFO - 
================================================================================
DAG File Processing Stats

File Path                                          PID    Runtime      # DAGs    # Errors  Last Runtime    Last Run
-------------------------------------------------  -----  ---------  --------  ----------  --------------  -------------------
/opt/airflow/dags/smart_city_traffic_batch_dag.py                           1           0  8.12s           2026-01-25T07:48:26
================================================================================
[2026-01-25T07:49:03.221+0000] {manager.py:878} INFO - 
================================================================================
DAG File Processing Stats

File Path                                            PID  Runtime      # DAGs    # Errors  Last Runtime    Last Run
-------------------------------------------------  -----  ---------  --------  ----------  --------------  -------------------
/opt/airflow/dags/smart_city_traffic_batch_dag.py    472  5.96s             1           0  8.12s           2026-01-25T07:48:26
================================================================================
[2026-01-25T07:49:33.567+0000] {manager.py:878} INFO - 
================================================================================
DAG File Processing Stats

File Path                                          PID    Runtime      # DAGs    # Errors  Last Runtime    Last Run
-------------------------------------------------  -----  ---------  --------  ----------  --------------  -------------------
/opt/airflow/dags/smart_city_traffic_batch_dag.py                           1           0  14.98s          2026-01-25T07:49:12
================================================================================
[2026-01-25T07:50:03.746+0000] {manager.py:878} INFO - 
================================================================================
DAG File Processing Stats

File Path                                          PID    Runtime      # DAGs    # Errors  Last Runtime    Last Run
-------------------------------------------------  -----  ---------  --------  ----------  --------------  -------------------
/opt/airflow/dags/smart_city_traffic_batch_dag.py                           1           0  9.06s           2026-01-25T07:49:51
================================================================================
[2026-01-25T07:50:34.723+0000] {manager.py:737} INFO - Searching for files in /opt/airflow/dags
[2026-01-25T07:50:34.808+0000] {manager.py:740} INFO - There are 1 files in /opt/airflow/dags
[2026-01-25T07:50:34.886+0000] {manager.py:878} INFO - 
================================================================================
DAG File Processing Stats

File Path                                            PID  Runtime      # DAGs    # Errors  Last Runtime    Last Run
-------------------------------------------------  -----  ---------  --------  ----------  --------------  -------------------
/opt/airflow/dags/smart_city_traffic_batch_dag.py    484  12.61s            1           0  9.06s           2026-01-25T07:49:51
================================================================================
[2026-01-25T07:51:05.005+0000] {manager.py:878} INFO - 
================================================================================
DAG File Processing Stats

File Path                                          PID    Runtime      # DAGs    # Errors  Last Runtime    Last Run
-------------------------------------------------  -----  ---------  --------  ----------  --------------  -------------------
/opt/airflow/dags/smart_city_traffic_batch_dag.py                           1           0  15.46s          2026-01-25T07:50:37
================================================================================
[2026-01-25T07:51:35.347+0000] {manager.py:878} INFO - 
================================================================================
DAG File Processing Stats

File Path                                          PID    Runtime      # DAGs    # Errors  Last Runtime    Last Run
-------------------------------------------------  -----  ---------  --------  ----------  --------------  -------------------
/opt/airflow/dags/smart_city_traffic_batch_dag.py                           1           0  7.90s           2026-01-25T07:51:16
================================================================================
[2026-01-25T07:52:05.914+0000] {manager.py:878} INFO - 
================================================================================
DAG File Processing Stats

File Path                                          PID    Runtime      # DAGs    # Errors  Last Runtime    Last Run
-------------------------------------------------  -----  ---------  --------  ----------  --------------  -------------------
/opt/airflow/dags/smart_city_traffic_batch_dag.py                           1           0  12.38s          2026-01-25T07:51:59
================================================================================
[2026-01-25T07:52:36.223+0000] {manager.py:878} INFO - 
================================================================================
DAG File Processing Stats

File Path                                            PID  Runtime      # DAGs    # Errors  Last Runtime    Last Run
-------------------------------------------------  -----  ---------  --------  ----------  --------------  -------------------
/opt/airflow/dags/smart_city_traffic_batch_dag.py    502  6.55s             1           0  12.38s          2026-01-25T07:51:59
================================================================================
[2026-01-25T07:53:06.561+0000] {manager.py:878} INFO - 
================================================================================
DAG File Processing Stats

File Path                                          PID    Runtime      # DAGs    # Errors  Last Runtime    Last Run
-------------------------------------------------  -----  ---------  --------  ----------  --------------  -------------------
/opt/airflow/dags/smart_city_traffic_batch_dag.py                           1           0  14.02s          2026-01-25T07:52:43
================================================================================
[2026-01-25T07:53:37.227+0000] {manager.py:878} INFO - 
================================================================================
DAG File Processing Stats

File Path                                          PID    Runtime      # DAGs    # Errors  Last Runtime    Last Run
-------------------------------------------------  -----  ---------  --------  ----------  --------------  -------------------
/opt/airflow/dags/smart_city_traffic_batch_dag.py                           1           0  13.23s          2026-01-25T07:53:27
================================================================================
[2026-01-25T07:54:07.887+0000] {manager.py:878} INFO - 
================================================================================
DAG File Processing Stats

File Path                                            PID  Runtime      # DAGs    # Errors  Last Runtime    Last Run
-------------------------------------------------  -----  ---------  --------  ----------  --------------  -------------------
/opt/airflow/dags/smart_city_traffic_batch_dag.py    514  10.05s            1           0  13.23s          2026-01-25T07:53:27
================================================================================
[2026-01-25T07:54:38.267+0000] {manager.py:878} INFO - 
================================================================================
DAG File Processing Stats

File Path                                          PID    Runtime      # DAGs    # Errors  Last Runtime    Last Run
-------------------------------------------------  -----  ---------  --------  ----------  --------------  -------------------
/opt/airflow/dags/smart_city_traffic_batch_dag.py                           1           0  11.63s          2026-01-25T07:54:09
================================================================================
[2026-01-25T07:55:08.529+0000] {manager.py:878} INFO - 
================================================================================
DAG File Processing Stats

File Path                                          PID    Runtime      # DAGs    # Errors  Last Runtime    Last Run
-------------------------------------------------  -----  ---------  --------  ----------  --------------  -------------------
/opt/airflow/dags/smart_city_traffic_batch_dag.py                           1           0  18.56s          2026-01-25T07:54:58
================================================================================
[2026-01-25T07:55:34.884+0000] {manager.py:737} INFO - Searching for files in /opt/airflow/dags
[2026-01-25T07:55:34.972+0000] {manager.py:740} INFO - There are 1 files in /opt/airflow/dags
[2026-01-25T07:55:39.189+0000] {manager.py:878} INFO - 
================================================================================
DAG File Processing Stats

File Path                                            PID  Runtime      # DAGs    # Errors  Last Runtime    Last Run
-------------------------------------------------  -----  ---------  --------  ----------  --------------  -------------------
/opt/airflow/dags/smart_city_traffic_batch_dag.py    526  9.72s             1           0  18.56s          2026-01-25T07:54:58
================================================================================
[2026-01-25T07:56:09.450+0000] {manager.py:878} INFO - 
================================================================================
DAG File Processing Stats

File Path                                          PID    Runtime      # DAGs    # Errors  Last Runtime    Last Run
-------------------------------------------------  -----  ---------  --------  ----------  --------------  -------------------
/opt/airflow/dags/smart_city_traffic_batch_dag.py                           1           0  12.37s          2026-01-25T07:55:41
================================================================================
[2026-01-25T07:56:39.688+0000] {manager.py:878} INFO - 
================================================================================
DAG File Processing Stats

File Path                                          PID    Runtime      # DAGs    # Errors  Last Runtime    Last Run
-------------------------------------------------  -----  ---------  --------  ----------  --------------  -------------------
/opt/airflow/dags/smart_city_traffic_batch_dag.py                           1           0  12.26s          2026-01-25T07:56:24
================================================================================
[2026-01-25T07:57:09.795+0000] {manager.py:878} INFO - 
================================================================================
DAG File Processing Stats

File Path                                            PID  Runtime      # DAGs    # Errors  Last Runtime    Last Run
-------------------------------------------------  -----  ---------  --------  ----------  --------------  -------------------
/opt/airflow/dags/smart_city_traffic_batch_dag.py    538  14.65s            1           0  12.26s          2026-01-25T07:56:24
================================================================================
[2026-01-25T07:57:40.847+0000] {manager.py:878} INFO - 
================================================================================
DAG File Processing Stats

File Path                                            PID  Runtime      # DAGs    # Errors  Last Runtime    Last Run
-------------------------------------------------  -----  ---------  --------  ----------  --------------  -------------------
/opt/airflow/dags/smart_city_traffic_batch_dag.py    544  0.49s             1           0  14.82s          2026-01-25T07:57:09
================================================================================
[2026-01-25T07:58:11.259+0000] {manager.py:878} INFO - 
================================================================================
DAG File Processing Stats

File Path                                          PID    Runtime      # DAGs    # Errors  Last Runtime    Last Run
-------------------------------------------------  -----  ---------  --------  ----------  --------------  -------------------
/opt/airflow/dags/smart_city_traffic_batch_dag.py                           1           0  17.22s          2026-01-25T07:57:57
================================================================================
[2026-01-25T07:58:41.456+0000] {manager.py:878} INFO - 
================================================================================
DAG File Processing Stats

File Path                                            PID  Runtime      # DAGs    # Errors  Last Runtime    Last Run
-------------------------------------------------  -----  ---------  --------  ----------  --------------  -------------------
/opt/airflow/dags/smart_city_traffic_batch_dag.py    550  13.56s            1           0  17.22s          2026-01-25T07:57:57
================================================================================
[2026-01-25T07:59:11.794+0000] {manager.py:878} INFO - 
================================================================================
DAG File Processing Stats

File Path                                          PID    Runtime      # DAGs    # Errors  Last Runtime    Last Run
-------------------------------------------------  -----  ---------  --------  ----------  --------------  -------------------
/opt/airflow/dags/smart_city_traffic_batch_dag.py                           1           0  15.60s          2026-01-25T07:58:43
================================================================================
[2026-01-25T07:59:42.844+0000] {manager.py:878} INFO - 
================================================================================
DAG File Processing Stats

File Path                                          PID    Runtime      # DAGs    # Errors  Last Runtime    Last Run
-------------------------------------------------  -----  ---------  --------  ----------  --------------  -------------------
/opt/airflow/dags/smart_city_traffic_batch_dag.py                           1           0  18.16s          2026-01-25T07:59:32
================================================================================
[2026-01-25T08:00:14.174+0000] {manager.py:878} INFO - 
================================================================================
DAG File Processing Stats

File Path                                            PID  Runtime      # DAGs    # Errors  Last Runtime    Last Run
-------------------------------------------------  -----  ---------  --------  ----------  --------------  -------------------
/opt/airflow/dags/smart_city_traffic_batch_dag.py    562  11.39s            1           0  18.16s          2026-01-25T07:59:32
================================================================================
[2026-01-25T08:00:35.405+0000] {manager.py:737} INFO - Searching for files in /opt/airflow/dags
[2026-01-25T08:00:35.609+0000] {manager.py:740} INFO - There are 1 files in /opt/airflow/dags
[2026-01-25T08:00:45.091+0000] {manager.py:878} INFO - 
================================================================================
DAG File Processing Stats

File Path                                          PID    Runtime      # DAGs    # Errors  Last Runtime    Last Run
-------------------------------------------------  -----  ---------  --------  ----------  --------------  -------------------
/opt/airflow/dags/smart_city_traffic_batch_dag.py                           1           0  14.96s          2026-01-25T08:00:17
================================================================================
[2026-01-25T08:01:15.296+0000] {manager.py:878} INFO - 
================================================================================
DAG File Processing Stats

File Path                                          PID    Runtime      # DAGs    # Errors  Last Runtime    Last Run
-------------------------------------------------  -----  ---------  --------  ----------  --------------  -------------------
/opt/airflow/dags/smart_city_traffic_batch_dag.py                           0           1  10.78s          2026-01-25T08:00:59
================================================================================
[2026-01-25T08:01:46.027+0000] {manager.py:878} INFO - 
================================================================================
DAG File Processing Stats

File Path                                          PID    Runtime      # DAGs    # Errors  Last Runtime    Last Run
-------------------------------------------------  -----  ---------  --------  ----------  --------------  -------------------
/opt/airflow/dags/smart_city_traffic_batch_dag.py                           0           1  7.11s           2026-01-25T08:01:36
================================================================================
[2026-01-25T08:02:16.513+0000] {manager.py:878} INFO - 
================================================================================
DAG File Processing Stats

File Path                                            PID  Runtime      # DAGs    # Errors  Last Runtime    Last Run
-------------------------------------------------  -----  ---------  --------  ----------  --------------  -------------------
/opt/airflow/dags/smart_city_traffic_batch_dag.py    580  8.77s             0           1  7.11s           2026-01-25T08:01:36
================================================================================
[2026-01-25T08:02:46.762+0000] {manager.py:878} INFO - 
================================================================================
DAG File Processing Stats

File Path                                          PID    Runtime      # DAGs    # Errors  Last Runtime    Last Run
-------------------------------------------------  -----  ---------  --------  ----------  --------------  -------------------
/opt/airflow/dags/smart_city_traffic_batch_dag.py                           0           1  9.74s           2026-01-25T08:02:17
================================================================================
[2026-01-25T08:03:17.496+0000] {manager.py:878} INFO - 
================================================================================
DAG File Processing Stats

File Path                                          PID    Runtime      # DAGs    # Errors  Last Runtime    Last Run
-------------------------------------------------  -----  ---------  --------  ----------  --------------  -------------------
/opt/airflow/dags/smart_city_traffic_batch_dag.py                           0           1  15.74s          2026-01-25T08:03:04
================================================================================
[2026-01-25T08:03:48.419+0000] {manager.py:878} INFO - 
================================================================================
DAG File Processing Stats

File Path                                          PID    Runtime      # DAGs    # Errors  Last Runtime    Last Run
-------------------------------------------------  -----  ---------  --------  ----------  --------------  -------------------
/opt/airflow/dags/smart_city_traffic_batch_dag.py                           0           1  11.31s          2026-01-25T08:03:46
================================================================================
[2026-01-25T08:04:18.918+0000] {manager.py:878} INFO - 
================================================================================
DAG File Processing Stats

File Path                                            PID  Runtime      # DAGs    # Errors  Last Runtime    Last Run
-------------------------------------------------  -----  ---------  --------  ----------  --------------  -------------------
/opt/airflow/dags/smart_city_traffic_batch_dag.py    598  2.16s             0           1  11.31s          2026-01-25T08:03:46
================================================================================
[2026-01-25T08:04:50.011+0000] {manager.py:878} INFO - 
================================================================================
DAG File Processing Stats

File Path                                            PID  Runtime      # DAGs    # Errors  Last Runtime    Last Run
-------------------------------------------------  -----  ---------  --------  ----------  --------------  -------------------
/opt/airflow/dags/smart_city_traffic_batch_dag.py    604  0.14s             0           1  2.21s           2026-01-25T08:04:18
================================================================================
[2026-01-25T08:05:20.597+0000] {manager.py:878} INFO - 
================================================================================
DAG File Processing Stats

File Path                                          PID    Runtime      # DAGs    # Errors  Last Runtime    Last Run
-------------------------------------------------  -----  ---------  --------  ----------  --------------  -------------------
/opt/airflow/dags/smart_city_traffic_batch_dag.py                           0           1  4.40s           2026-01-25T08:04:54
================================================================================
[2026-01-25T08:05:35.764+0000] {manager.py:737} INFO - Searching for files in /opt/airflow/dags
[2026-01-25T08:05:36.046+0000] {manager.py:740} INFO - There are 1 files in /opt/airflow/dags
[2026-01-25T08:05:51.519+0000] {manager.py:878} INFO - 
================================================================================
DAG File Processing Stats

File Path                                          PID    Runtime      # DAGs    # Errors  Last Runtime    Last Run
-------------------------------------------------  -----  ---------  --------  ----------  --------------  -------------------
/opt/airflow/dags/smart_city_traffic_batch_dag.py                           0           1  21.59s          2026-01-25T08:05:46
================================================================================
[2026-01-25T08:06:21.551+0000] {manager.py:878} INFO - 
================================================================================
DAG File Processing Stats

File Path                                            PID  Runtime      # DAGs    # Errors  Last Runtime    Last Run
-------------------------------------------------  -----  ---------  --------  ----------  --------------  -------------------
/opt/airflow/dags/smart_city_traffic_batch_dag.py    616  4.53s             0           1  21.59s          2026-01-25T08:05:46
================================================================================
[2026-01-25T08:06:51.878+0000] {manager.py:878} INFO - 
================================================================================
DAG File Processing Stats

File Path                                          PID    Runtime      # DAGs    # Errors  Last Runtime    Last Run
-------------------------------------------------  -----  ---------  --------  ----------  --------------  -------------------
/opt/airflow/dags/smart_city_traffic_batch_dag.py                           0           1  11.78s          2026-01-25T08:06:28
================================================================================
[2026-01-25T08:07:22.645+0000] {manager.py:878} INFO - 
================================================================================
DAG File Processing Stats

File Path                                          PID    Runtime      # DAGs    # Errors  Last Runtime    Last Run
-------------------------------------------------  -----  ---------  --------  ----------  --------------  -------------------
/opt/airflow/dags/smart_city_traffic_batch_dag.py                           0           1  15.81s          2026-01-25T08:07:15
================================================================================
[2026-01-25T08:07:53.081+0000] {manager.py:878} INFO - 
================================================================================
DAG File Processing Stats

File Path                                            PID  Runtime      # DAGs    # Errors  Last Runtime    Last Run
-------------------------------------------------  -----  ---------  --------  ----------  --------------  -------------------
/opt/airflow/dags/smart_city_traffic_batch_dag.py    628  6.91s             0           1  15.81s          2026-01-25T08:07:15
================================================================================
[2026-01-25T08:08:23.327+0000] {manager.py:878} INFO - 
================================================================================
DAG File Processing Stats

File Path                                          PID    Runtime      # DAGs    # Errors  Last Runtime    Last Run
-------------------------------------------------  -----  ---------  --------  ----------  --------------  -------------------
/opt/airflow/dags/smart_city_traffic_batch_dag.py                           0           1  20.96s          2026-01-25T08:08:07
================================================================================
[2026-01-25T08:08:53.789+0000] {manager.py:878} INFO - 
================================================================================
DAG File Processing Stats

File Path                                          PID    Runtime      # DAGs    # Errors  Last Runtime    Last Run
-------------------------------------------------  -----  ---------  --------  ----------  --------------  -------------------
/opt/airflow/dags/smart_city_traffic_batch_dag.py                           0           1  14.61s          2026-01-25T08:08:52
================================================================================
[2026-01-25T08:09:24.534+0000] {manager.py:878} INFO - 
================================================================================
DAG File Processing Stats

File Path                                            PID  Runtime      # DAGs    # Errors  Last Runtime    Last Run
-------------------------------------------------  -----  ---------  --------  ----------  --------------  -------------------
/opt/airflow/dags/smart_city_traffic_batch_dag.py    640  1.60s             0           1  14.61s          2026-01-25T08:08:52
================================================================================
[2026-01-25T08:09:54.976+0000] {manager.py:878} INFO - 
================================================================================
DAG File Processing Stats

File Path                                          PID    Runtime      # DAGs    # Errors  Last Runtime    Last Run
-------------------------------------------------  -----  ---------  --------  ----------  --------------  -------------------
/opt/airflow/dags/smart_city_traffic_batch_dag.py                           0           1  8.61s           2026-01-25T08:09:31
================================================================================
[2026-01-25T08:10:25.087+0000] {manager.py:878} INFO - 
================================================================================
DAG File Processing Stats

File Path                                          PID    Runtime      # DAGs    # Errors  Last Runtime    Last Run
-------------------------------------------------  -----  ---------  --------  ----------  --------------  -------------------
/opt/airflow/dags/smart_city_traffic_batch_dag.py                           0           1  6.44s           2026-01-25T08:10:08
================================================================================
[2026-01-25T08:10:36.019+0000] {manager.py:737} INFO - Searching for files in /opt/airflow/dags
[2026-01-25T08:10:36.149+0000] {manager.py:740} INFO - There are 1 files in /opt/airflow/dags
[2026-01-25T08:10:55.189+0000] {manager.py:878} INFO - 
================================================================================
DAG File Processing Stats

File Path                                          PID    Runtime      # DAGs    # Errors  Last Runtime    Last Run
-------------------------------------------------  -----  ---------  --------  ----------  --------------  -------------------
/opt/airflow/dags/smart_city_traffic_batch_dag.py                           0           1  13.49s          2026-01-25T08:10:52
================================================================================
[2026-01-25T08:11:25.580+0000] {manager.py:878} INFO - 
================================================================================
DAG File Processing Stats

File Path                                            PID  Runtime      # DAGs    # Errors  Last Runtime    Last Run
-------------------------------------------------  -----  ---------  --------  ----------  --------------  -------------------
/opt/airflow/dags/smart_city_traffic_batch_dag.py    658  1.73s             0           1  13.49s          2026-01-25T08:10:52
================================================================================
[2026-01-25T08:11:55.805+0000] {manager.py:878} INFO - 
================================================================================
DAG File Processing Stats

File Path                                          PID    Runtime      # DAGs    # Errors  Last Runtime    Last Run
-------------------------------------------------  -----  ---------  --------  ----------  --------------  -------------------
/opt/airflow/dags/smart_city_traffic_batch_dag.py                           0           1  11.76s          2026-01-25T08:11:35
================================================================================
[2026-01-25T08:12:25.995+0000] {manager.py:878} INFO - 
================================================================================
DAG File Processing Stats

File Path                                          PID    Runtime      # DAGs    # Errors  Last Runtime    Last Run
-------------------------------------------------  -----  ---------  --------  ----------  --------------  -------------------
/opt/airflow/dags/smart_city_traffic_batch_dag.py                           0           1  13.48s          2026-01-25T08:12:19
================================================================================
[2026-01-25T08:12:56.528+0000] {manager.py:878} INFO - 
================================================================================
DAG File Processing Stats

File Path                                            PID  Runtime      # DAGs    # Errors  Last Runtime    Last Run
-------------------------------------------------  -----  ---------  --------  ----------  --------------  -------------------
/opt/airflow/dags/smart_city_traffic_batch_dag.py    670  6.32s             0           1  13.48s          2026-01-25T08:12:19
================================================================================
[2026-01-25T08:13:26.825+0000] {manager.py:878} INFO - 
================================================================================
DAG File Processing Stats

File Path                                          PID    Runtime      # DAGs    # Errors  Last Runtime    Last Run
-------------------------------------------------  -----  ---------  --------  ----------  --------------  -------------------
/opt/airflow/dags/smart_city_traffic_batch_dag.py                           0           1  8.32s           2026-01-25T08:12:58
================================================================================
[2026-01-25T08:13:57.050+0000] {manager.py:878} INFO - 
================================================================================
DAG File Processing Stats

File Path                                          PID    Runtime      # DAGs    # Errors  Last Runtime    Last Run
-------------------------------------------------  -----  ---------  --------  ----------  --------------  -------------------
/opt/airflow/dags/smart_city_traffic_batch_dag.py                           0           1  13.79s          2026-01-25T08:13:42
================================================================================
[2026-01-25T08:14:27.117+0000] {manager.py:878} INFO - 
================================================================================
DAG File Processing Stats

File Path                                          PID    Runtime      # DAGs    # Errors  Last Runtime    Last Run
-------------------------------------------------  -----  ---------  --------  ----------  --------------  -------------------
/opt/airflow/dags/smart_city_traffic_batch_dag.py                           0           1  12.67s          2026-01-25T08:14:27
================================================================================
[2026-01-25T08:14:58.438+0000] {manager.py:878} INFO - 
================================================================================
DAG File Processing Stats

File Path                                            PID  Runtime      # DAGs    # Errors  Last Runtime    Last Run
-------------------------------------------------  -----  ---------  --------  ----------  --------------  -------------------
/opt/airflow/dags/smart_city_traffic_batch_dag.py    688  1.06s             0           1  12.67s          2026-01-25T08:14:27
================================================================================
[2026-01-25T08:15:28.932+0000] {manager.py:878} INFO - 
================================================================================
DAG File Processing Stats

File Path                                          PID    Runtime      # DAGs    # Errors  Last Runtime    Last Run
-------------------------------------------------  -----  ---------  --------  ----------  --------------  -------------------
/opt/airflow/dags/smart_city_traffic_batch_dag.py                           0           1  13.37s          2026-01-25T08:15:10
================================================================================
[2026-01-25T08:15:36.450+0000] {manager.py:737} INFO - Searching for files in /opt/airflow/dags
[2026-01-25T08:15:36.571+0000] {manager.py:740} INFO - There are 1 files in /opt/airflow/dags
[2026-01-25T08:15:59.741+0000] {manager.py:878} INFO - 
================================================================================
DAG File Processing Stats

File Path                                          PID    Runtime      # DAGs    # Errors  Last Runtime    Last Run
-------------------------------------------------  -----  ---------  --------  ----------  --------------  -------------------
/opt/airflow/dags/smart_city_traffic_batch_dag.py                           0           1  8.78s           2026-01-25T08:15:49
================================================================================
[2026-01-25T08:16:29.969+0000] {manager.py:878} INFO - 
================================================================================
DAG File Processing Stats

File Path                                            PID  Runtime      # DAGs    # Errors  Last Runtime    Last Run
-------------------------------------------------  -----  ---------  --------  ----------  --------------  -------------------
/opt/airflow/dags/smart_city_traffic_batch_dag.py    700  9.70s             0           1  8.78s           2026-01-25T08:15:49
================================================================================
[2026-01-25T08:17:00.012+0000] {manager.py:878} INFO - 
================================================================================
DAG File Processing Stats

File Path                                          PID    Runtime      # DAGs    # Errors  Last Runtime    Last Run
-------------------------------------------------  -----  ---------  --------  ----------  --------------  -------------------
/opt/airflow/dags/smart_city_traffic_batch_dag.py                           0           1  12.47s          2026-01-25T08:16:32
================================================================================
[2026-01-25T08:17:30.729+0000] {manager.py:878} INFO - 
================================================================================
DAG File Processing Stats

File Path                                          PID    Runtime      # DAGs    # Errors  Last Runtime    Last Run
-------------------------------------------------  -----  ---------  --------  ----------  --------------  -------------------
/opt/airflow/dags/smart_city_traffic_batch_dag.py                           0           1  14.09s          2026-01-25T08:17:17
================================================================================
[2026-01-25T08:18:01.357+0000] {manager.py:878} INFO - 
================================================================================
DAG File Processing Stats

File Path                                            PID  Runtime      # DAGs    # Errors  Last Runtime    Last Run
-------------------------------------------------  -----  ---------  --------  ----------  --------------  -------------------
/opt/airflow/dags/smart_city_traffic_batch_dag.py    712  12.72s            0           1  14.09s          2026-01-25T08:17:17
================================================================================
[2026-01-25T08:18:33.352+0000] {manager.py:878} INFO - 
================================================================================
DAG File Processing Stats

File Path                                            PID  Runtime      # DAGs    # Errors  Last Runtime    Last Run
-------------------------------------------------  -----  ---------  --------  ----------  --------------  -------------------
/opt/airflow/dags/smart_city_traffic_batch_dag.py    718  1.32s             0           1  12.78s          2026-01-25T08:18:01
================================================================================
[2026-01-25T08:19:03.962+0000] {manager.py:878} INFO - 
================================================================================
DAG File Processing Stats

File Path                                          PID    Runtime      # DAGs    # Errors  Last Runtime    Last Run
-------------------------------------------------  -----  ---------  --------  ----------  --------------  -------------------
/opt/airflow/dags/smart_city_traffic_batch_dag.py                           0           1  14.68s          2026-01-25T08:18:46
================================================================================
[2026-01-25T08:19:34.283+0000] {manager.py:878} INFO - 
================================================================================
DAG File Processing Stats

File Path                                          PID    Runtime      # DAGs    # Errors  Last Runtime    Last Run
-------------------------------------------------  -----  ---------  --------  ----------  --------------  -------------------
/opt/airflow/dags/smart_city_traffic_batch_dag.py                           0           1  14.64s          2026-01-25T08:19:32
================================================================================
[2026-01-25T08:20:04.779+0000] {manager.py:878} INFO - 
================================================================================
DAG File Processing Stats

File Path                                            PID  Runtime      # DAGs    # Errors  Last Runtime    Last Run
-------------------------------------------------  -----  ---------  --------  ----------  --------------  -------------------
/opt/airflow/dags/smart_city_traffic_batch_dag.py    730  1.93s             0           1  14.64s          2026-01-25T08:19:32
================================================================================
[2026-01-25T08:20:35.307+0000] {manager.py:878} INFO - 
================================================================================
DAG File Processing Stats

File Path                                          PID    Runtime      # DAGs    # Errors  Last Runtime    Last Run
-------------------------------------------------  -----  ---------  --------  ----------  --------------  -------------------
/opt/airflow/dags/smart_city_traffic_batch_dag.py                           0           1  16.52s          2026-01-25T08:20:19
================================================================================
[2026-01-25T08:20:36.545+0000] {manager.py:737} INFO - Searching for files in /opt/airflow/dags
[2026-01-25T08:20:36.853+0000] {manager.py:740} INFO - There are 1 files in /opt/airflow/dags
[2026-01-25T08:21:05.481+0000] {manager.py:878} INFO - 
================================================================================
DAG File Processing Stats

File Path                                          PID    Runtime      # DAGs    # Errors  Last Runtime    Last Run
-------------------------------------------------  -----  ---------  --------  ----------  --------------  -------------------
/opt/airflow/dags/smart_city_traffic_batch_dag.py                           0           1  13.17s          2026-01-25T08:21:02
================================================================================
[2026-01-25T08:21:35.913+0000] {manager.py:878} INFO - 
================================================================================
DAG File Processing Stats

File Path                                            PID  Runtime      # DAGs    # Errors  Last Runtime    Last Run
-------------------------------------------------  -----  ---------  --------  ----------  --------------  -------------------
/opt/airflow/dags/smart_city_traffic_batch_dag.py    742  2.59s             0           1  13.17s          2026-01-25T08:21:02
================================================================================
[2026-01-25T08:22:05.961+0000] {manager.py:878} INFO - 
================================================================================
DAG File Processing Stats

File Path                                          PID    Runtime      # DAGs    # Errors  Last Runtime    Last Run
-------------------------------------------------  -----  ---------  --------  ----------  --------------  -------------------
/opt/airflow/dags/smart_city_traffic_batch_dag.py                           0           1  9.34s           2026-01-25T08:21:42
================================================================================
[2026-01-25T08:22:36.320+0000] {manager.py:878} INFO - 
================================================================================
DAG File Processing Stats

File Path                                          PID    Runtime      # DAGs    # Errors  Last Runtime    Last Run
-------------------------------------------------  -----  ---------  --------  ----------  --------------  -------------------
/opt/airflow/dags/smart_city_traffic_batch_dag.py                           0           1  20.99s          2026-01-25T08:22:34
================================================================================
[2026-01-25T08:23:06.736+0000] {manager.py:878} INFO - 
================================================================================
DAG File Processing Stats

File Path                                            PID  Runtime      # DAGs    # Errors  Last Runtime    Last Run
-------------------------------------------------  -----  ---------  --------  ----------  --------------  -------------------
/opt/airflow/dags/smart_city_traffic_batch_dag.py    754  1.81s             0           1  20.99s          2026-01-25T08:22:34
================================================================================
[2026-01-25T08:23:37.151+0000] {manager.py:878} INFO - 
================================================================================
DAG File Processing Stats

File Path                                          PID    Runtime      # DAGs    # Errors  Last Runtime    Last Run
-------------------------------------------------  -----  ---------  --------  ----------  --------------  -------------------
/opt/airflow/dags/smart_city_traffic_batch_dag.py                           0           1  20.36s          2026-01-25T08:23:25
================================================================================
[2026-01-25T08:24:07.980+0000] {manager.py:878} INFO - 
================================================================================
DAG File Processing Stats

File Path                                            PID  Runtime      # DAGs    # Errors  Last Runtime    Last Run
-------------------------------------------------  -----  ---------  --------  ----------  --------------  -------------------
/opt/airflow/dags/smart_city_traffic_batch_dag.py    760  12.26s            0           1  20.36s          2026-01-25T08:23:25
================================================================================
[2026-01-25T08:24:38.410+0000] {manager.py:878} INFO - 
================================================================================
DAG File Processing Stats

File Path                                          PID    Runtime      # DAGs    # Errors  Last Runtime    Last Run
-------------------------------------------------  -----  ---------  --------  ----------  --------------  -------------------
/opt/airflow/dags/smart_city_traffic_batch_dag.py                           0           1  19.01s          2026-01-25T08:24:14
================================================================================
[2026-01-25T08:25:08.552+0000] {manager.py:878} INFO - 
================================================================================
DAG File Processing Stats

File Path                                          PID    Runtime      # DAGs    # Errors  Last Runtime    Last Run
-------------------------------------------------  -----  ---------  --------  ----------  --------------  -------------------
/opt/airflow/dags/smart_city_traffic_batch_dag.py                           0           1  12.30s          2026-01-25T08:24:57
================================================================================
[2026-01-25T08:25:36.635+0000] {manager.py:737} INFO - Searching for files in /opt/airflow/dags
[2026-01-25T08:25:36.702+0000] {manager.py:740} INFO - There are 1 files in /opt/airflow/dags
[2026-01-25T08:25:38.839+0000] {manager.py:878} INFO - 
================================================================================
DAG File Processing Stats

File Path                                            PID  Runtime      # DAGs    # Errors  Last Runtime    Last Run
-------------------------------------------------  -----  ---------  --------  ----------  --------------  -------------------
/opt/airflow/dags/smart_city_traffic_batch_dag.py    772  10.74s            0           1  12.30s          2026-01-25T08:24:57
================================================================================
[2026-01-25T08:26:08.999+0000] {manager.py:878} INFO - 
================================================================================
DAG File Processing Stats

File Path                                          PID    Runtime      # DAGs    # Errors  Last Runtime    Last Run
-------------------------------------------------  -----  ---------  --------  ----------  --------------  -------------------
/opt/airflow/dags/smart_city_traffic_batch_dag.py                           0           1  18.48s          2026-01-25T08:25:46
================================================================================
[2026-01-25T08:26:39.748+0000] {manager.py:878} INFO - 
================================================================================
DAG File Processing Stats

File Path                                          PID    Runtime      # DAGs    # Errors  Last Runtime    Last Run
-------------------------------------------------  -----  ---------  --------  ----------  --------------  -------------------
/opt/airflow/dags/smart_city_traffic_batch_dag.py                           0           1  21.44s          2026-01-25T08:26:38
================================================================================
[2026-01-25T08:27:10.522+0000] {manager.py:878} INFO - 
================================================================================
DAG File Processing Stats

File Path                                            PID  Runtime      # DAGs    # Errors  Last Runtime    Last Run
-------------------------------------------------  -----  ---------  --------  ----------  --------------  -------------------
/opt/airflow/dags/smart_city_traffic_batch_dag.py    784  1.01s             0           1  21.44s          2026-01-25T08:26:38
================================================================================
[2026-01-25T08:27:40.734+0000] {manager.py:878} INFO - 
================================================================================
DAG File Processing Stats

File Path                                          PID    Runtime      # DAGs    # Errors  Last Runtime    Last Run
-------------------------------------------------  -----  ---------  --------  ----------  --------------  -------------------
/opt/airflow/dags/smart_city_traffic_batch_dag.py                           0           1  19.09s          2026-01-25T08:27:28
================================================================================
[2026-01-25T08:28:11.613+0000] {manager.py:878} INFO - 
================================================================================
DAG File Processing Stats

File Path                                            PID  Runtime      # DAGs    # Errors  Last Runtime    Last Run
-------------------------------------------------  -----  ---------  --------  ----------  --------------  -------------------
/opt/airflow/dags/smart_city_traffic_batch_dag.py    790  12.44s            0           1  19.09s          2026-01-25T08:27:28
================================================================================
[2026-01-25T08:28:41.855+0000] {manager.py:878} INFO - 
================================================================================
DAG File Processing Stats

File Path                                          PID    Runtime      # DAGs    # Errors  Last Runtime    Last Run
-------------------------------------------------  -----  ---------  --------  ----------  --------------  -------------------
/opt/airflow/dags/smart_city_traffic_batch_dag.py                           0           1  14.18s          2026-01-25T08:28:13
================================================================================
[2026-01-25T08:29:11.916+0000] {manager.py:878} INFO - 
================================================================================
DAG File Processing Stats

File Path                                          PID    Runtime      # DAGs    # Errors  Last Runtime    Last Run
-------------------------------------------------  -----  ---------  --------  ----------  --------------  -------------------
/opt/airflow/dags/smart_city_traffic_batch_dag.py                           0           1  9.48s           2026-01-25T08:28:53
================================================================================
[2026-01-25T08:29:42.086+0000] {manager.py:878} INFO - 
================================================================================
DAG File Processing Stats

File Path                                          PID    Runtime      # DAGs    # Errors  Last Runtime    Last Run
-------------------------------------------------  -----  ---------  --------  ----------  --------------  -------------------
/opt/airflow/dags/smart_city_traffic_batch_dag.py                           0           1  15.83s          2026-01-25T08:29:39
================================================================================
[2026-01-25T08:30:12.545+0000] {manager.py:878} INFO - 
================================================================================
DAG File Processing Stats

File Path                                            PID  Runtime      # DAGs    # Errors  Last Runtime    Last Run
-------------------------------------------------  -----  ---------  --------  ----------  --------------  -------------------
/opt/airflow/dags/smart_city_traffic_batch_dag.py    808  2.26s             0           1  15.83s          2026-01-25T08:29:39
================================================================================
[2026-01-25T08:30:36.647+0000] {manager.py:737} INFO - Searching for files in /opt/airflow/dags
[2026-01-25T08:30:36.947+0000] {manager.py:740} INFO - There are 1 files in /opt/airflow/dags
[2026-01-25T08:30:43.178+0000] {manager.py:878} INFO - 
================================================================================
DAG File Processing Stats

File Path                                          PID    Runtime      # DAGs    # Errors  Last Runtime    Last Run
-------------------------------------------------  -----  ---------  --------  ----------  --------------  -------------------
/opt/airflow/dags/smart_city_traffic_batch_dag.py                           0           1  14.31s          2026-01-25T08:30:24
================================================================================
[2026-01-25T08:31:13.781+0000] {manager.py:878} INFO - 
================================================================================
DAG File Processing Stats

File Path                                            PID  Runtime      # DAGs    # Errors  Last Runtime    Last Run
-------------------------------------------------  -----  ---------  --------  ----------  --------------  -------------------
/opt/airflow/dags/smart_city_traffic_batch_dag.py    814  17.84s            0           1  14.31s          2026-01-25T08:30:24
================================================================================
[2026-01-25T08:31:44.091+0000] {manager.py:878} INFO - 
================================================================================
DAG File Processing Stats

File Path                                          PID    Runtime      # DAGs    # Errors  Last Runtime    Last Run
-------------------------------------------------  -----  ---------  --------  ----------  --------------  -------------------
/opt/airflow/dags/smart_city_traffic_batch_dag.py                           0           1  21.87s          2026-01-25T08:31:17
================================================================================
[2026-01-25T08:32:14.323+0000] {manager.py:878} INFO - 
================================================================================
DAG File Processing Stats

File Path                                          PID    Runtime      # DAGs    # Errors  Last Runtime    Last Run
-------------------------------------------------  -----  ---------  --------  ----------  --------------  -------------------
/opt/airflow/dags/smart_city_traffic_batch_dag.py                           0           1  13.79s          2026-01-25T08:32:02
================================================================================
[2026-01-25T08:32:44.717+0000] {manager.py:878} INFO - 
================================================================================
DAG File Processing Stats

File Path                                            PID  Runtime      # DAGs    # Errors  Last Runtime    Last Run
-------------------------------------------------  -----  ---------  --------  ----------  --------------  -------------------
/opt/airflow/dags/smart_city_traffic_batch_dag.py    826  11.89s            0           1  13.79s          2026-01-25T08:32:02
================================================================================
[2026-01-25T08:33:15.239+0000] {manager.py:878} INFO - 
================================================================================
DAG File Processing Stats

File Path                                          PID    Runtime      # DAGs    # Errors  Last Runtime    Last Run
-------------------------------------------------  -----  ---------  --------  ----------  --------------  -------------------
/opt/airflow/dags/smart_city_traffic_batch_dag.py                           0           1  15.00s          2026-01-25T08:32:47
================================================================================
[2026-01-25T08:33:46.165+0000] {manager.py:878} INFO - 
================================================================================
DAG File Processing Stats

File Path                                          PID    Runtime      # DAGs    # Errors  Last Runtime    Last Run
-------------------------------------------------  -----  ---------  --------  ----------  --------------  -------------------
/opt/airflow/dags/smart_city_traffic_batch_dag.py                           0           1  16.39s          2026-01-25T08:33:34
================================================================================
[2026-01-25T08:34:16.939+0000] {manager.py:878} INFO - 
================================================================================
DAG File Processing Stats

File Path                                            PID  Runtime      # DAGs    # Errors  Last Runtime    Last Run
-------------------------------------------------  -----  ---------  --------  ----------  --------------  -------------------
/opt/airflow/dags/smart_city_traffic_batch_dag.py    838  11.08s            0           1  16.39s          2026-01-25T08:33:34
================================================================================
[2026-01-25T08:34:47.268+0000] {manager.py:878} INFO - 
================================================================================
DAG File Processing Stats

File Path                                          PID    Runtime      # DAGs    # Errors  Last Runtime    Last Run
-------------------------------------------------  -----  ---------  --------  ----------  --------------  -------------------
/opt/airflow/dags/smart_city_traffic_batch_dag.py                           0           1  20.21s          2026-01-25T08:34:26
================================================================================
[2026-01-25T08:35:17.872+0000] {manager.py:878} INFO - 
================================================================================
DAG File Processing Stats

File Path                                          PID    Runtime      # DAGs    # Errors  Last Runtime    Last Run
-------------------------------------------------  -----  ---------  --------  ----------  --------------  -------------------
/opt/airflow/dags/smart_city_traffic_batch_dag.py                           0           1  12.26s          2026-01-25T08:35:08
================================================================================
[2026-01-25T08:35:37.134+0000] {manager.py:737} INFO - Searching for files in /opt/airflow/dags
[2026-01-25T08:35:37.333+0000] {manager.py:740} INFO - There are 1 files in /opt/airflow/dags
[2026-01-25T08:35:48.619+0000] {manager.py:878} INFO - 
================================================================================
DAG File Processing Stats

File Path                                            PID  Runtime      # DAGs    # Errors  Last Runtime    Last Run
-------------------------------------------------  -----  ---------  --------  ----------  --------------  -------------------
/opt/airflow/dags/smart_city_traffic_batch_dag.py    850  8.83s             0           1  12.26s          2026-01-25T08:35:08
================================================================================
[2026-01-25T08:36:19.011+0000] {manager.py:878} INFO - 
================================================================================
DAG File Processing Stats

File Path                                          PID    Runtime      # DAGs    # Errors  Last Runtime    Last Run
-------------------------------------------------  -----  ---------  --------  ----------  --------------  -------------------
/opt/airflow/dags/smart_city_traffic_batch_dag.py                           0           1  15.58s          2026-01-25T08:35:55
================================================================================
[2026-01-25T08:36:49.105+0000] {manager.py:878} INFO - 
================================================================================
DAG File Processing Stats

File Path                                          PID    Runtime      # DAGs    # Errors  Last Runtime    Last Run
-------------------------------------------------  -----  ---------  --------  ----------  --------------  -------------------
/opt/airflow/dags/smart_city_traffic_batch_dag.py                           0           1  15.42s          2026-01-25T08:36:41
================================================================================
[2026-01-25T08:37:19.632+0000] {manager.py:878} INFO - 
================================================================================
DAG File Processing Stats

File Path                                            PID  Runtime      # DAGs    # Errors  Last Runtime    Last Run
-------------------------------------------------  -----  ---------  --------  ----------  --------------  -------------------
/opt/airflow/dags/smart_city_traffic_batch_dag.py    862  8.27s             0           1  15.42s          2026-01-25T08:36:41
================================================================================
[2026-01-25T08:37:49.904+0000] {manager.py:878} INFO - 
================================================================================
DAG File Processing Stats

File Path                                          PID    Runtime      # DAGs    # Errors  Last Runtime    Last Run
-------------------------------------------------  -----  ---------  --------  ----------  --------------  -------------------
/opt/airflow/dags/smart_city_traffic_batch_dag.py                           0           1  10.99s          2026-01-25T08:37:22
================================================================================
[2026-01-25T08:38:20.226+0000] {manager.py:878} INFO - 
================================================================================
DAG File Processing Stats

File Path                                          PID    Runtime      # DAGs    # Errors  Last Runtime    Last Run
-------------------------------------------------  -----  ---------  --------  ----------  --------------  -------------------
/opt/airflow/dags/smart_city_traffic_batch_dag.py                           0           1  13.26s          2026-01-25T08:38:06
================================================================================
[2026-01-25T08:38:50.607+0000] {manager.py:878} INFO - 
================================================================================
DAG File Processing Stats

File Path                                            PID  Runtime      # DAGs    # Errors  Last Runtime    Last Run
-------------------------------------------------  -----  ---------  --------  ----------  --------------  -------------------
/opt/airflow/dags/smart_city_traffic_batch_dag.py    874  13.93s            0           1  13.26s          2026-01-25T08:38:06
================================================================================
[2026-01-25T08:39:17.565+0000] {manager.py:452} INFO - Exiting gracefully upon receiving signal 15
[2026-01-25T08:40:12.374+0000] {manager.py:470} INFO - Processing files using up to 2 processes at a time 
[2026-01-25T08:40:12.381+0000] {manager.py:471} INFO - Process each file at most once every 30 seconds
[2026-01-25T08:40:12.385+0000] {manager.py:472} INFO - Checking for new files in /opt/airflow/dags every 300 seconds
[2026-01-25T08:40:12.389+0000] {manager.py:737} INFO - Searching for files in /opt/airflow/dags
[2026-01-25T08:40:12.485+0000] {manager.py:740} INFO - There are 1 files in /opt/airflow/dags
[2026-01-25T08:40:14.970+0000] {manager.py:878} INFO - 
================================================================================
DAG File Processing Stats

File Path                                            PID  Runtime      # DAGs    # Errors  Last Runtime    Last Run
-------------------------------------------------  -----  ---------  --------  ----------  --------------  ----------
/opt/airflow/dags/smart_city_traffic_batch_dag.py    172  1.02s             0           0
================================================================================
[2026-01-25T08:40:45.303+0000] {manager.py:878} INFO - 
================================================================================
DAG File Processing Stats

File Path                                          PID    Runtime      # DAGs    # Errors  Last Runtime    Last Run
-------------------------------------------------  -----  ---------  --------  ----------  --------------  -------------------
/opt/airflow/dags/smart_city_traffic_batch_dag.py                           1           0  4.08s           2026-01-25T08:40:17
================================================================================
[2026-01-25T08:41:16.225+0000] {manager.py:878} INFO - 
================================================================================
DAG File Processing Stats

File Path                                          PID    Runtime      # DAGs    # Errors  Last Runtime    Last Run
-------------------------------------------------  -----  ---------  --------  ----------  --------------  -------------------
/opt/airflow/dags/smart_city_traffic_batch_dag.py                           1           0  7.49s           2026-01-25T08:40:55
================================================================================
[2026-01-25T08:41:46.692+0000] {manager.py:878} INFO - 
================================================================================
DAG File Processing Stats

File Path                                          PID    Runtime      # DAGs    # Errors  Last Runtime    Last Run
-------------------------------------------------  -----  ---------  --------  ----------  --------------  -------------------
/opt/airflow/dags/smart_city_traffic_batch_dag.py                           1           0  7.12s           2026-01-25T08:41:33
================================================================================
[2026-01-25T08:42:16.812+0000] {manager.py:878} INFO - 
================================================================================
DAG File Processing Stats

File Path                                          PID    Runtime      # DAGs    # Errors  Last Runtime    Last Run
-------------------------------------------------  -----  ---------  --------  ----------  --------------  -------------------
/opt/airflow/dags/smart_city_traffic_batch_dag.py                           1           0  10.27s          2026-01-25T08:42:14
================================================================================
[2026-01-25T08:42:47.590+0000] {manager.py:878} INFO - 
================================================================================
DAG File Processing Stats

File Path                                            PID  Runtime      # DAGs    # Errors  Last Runtime    Last Run
-------------------------------------------------  -----  ---------  --------  ----------  --------------  -------------------
/opt/airflow/dags/smart_city_traffic_batch_dag.py    196  2.19s             1           0  10.27s          2026-01-25T08:42:14
================================================================================
[2026-01-25T08:43:18.032+0000] {manager.py:878} INFO - 
================================================================================
DAG File Processing Stats

File Path                                          PID    Runtime      # DAGs    # Errors  Last Runtime    Last Run
-------------------------------------------------  -----  ---------  --------  ----------  --------------  -------------------
/opt/airflow/dags/smart_city_traffic_batch_dag.py                           1           0  19.91s          2026-01-25T08:43:05
================================================================================
[2026-01-25T08:43:48.328+0000] {manager.py:878} INFO - 
================================================================================
DAG File Processing Stats

File Path                                            PID  Runtime      # DAGs    # Errors  Last Runtime    Last Run
-------------------------------------------------  -----  ---------  --------  ----------  --------------  -------------------
/opt/airflow/dags/smart_city_traffic_batch_dag.py    202  12.47s            1           0  19.91s          2026-01-25T08:43:05
================================================================================
[2026-01-25T08:44:18.718+0000] {manager.py:878} INFO - 
================================================================================
DAG File Processing Stats

File Path                                          PID    Runtime      # DAGs    # Errors  Last Runtime    Last Run
-------------------------------------------------  -----  ---------  --------  ----------  --------------  -------------------
/opt/airflow/dags/smart_city_traffic_batch_dag.py                           1           0  12.91s          2026-01-25T08:43:48
================================================================================
[2026-01-25T08:44:49.095+0000] {manager.py:878} INFO - 
================================================================================
DAG File Processing Stats

File Path                                          PID    Runtime      # DAGs    # Errors  Last Runtime    Last Run
-------------------------------------------------  -----  ---------  --------  ----------  --------------  -------------------
/opt/airflow/dags/smart_city_traffic_batch_dag.py                           1           0  8.69s           2026-01-25T08:44:27
================================================================================
[2026-01-25T08:45:12.597+0000] {manager.py:737} INFO - Searching for files in /opt/airflow/dags
[2026-01-25T08:45:12.672+0000] {manager.py:740} INFO - There are 1 files in /opt/airflow/dags
[2026-01-25T08:45:19.277+0000] {manager.py:878} INFO - 
================================================================================
DAG File Processing Stats

File Path                                          PID    Runtime      # DAGs    # Errors  Last Runtime    Last Run
-------------------------------------------------  -----  ---------  --------  ----------  --------------  -------------------
/opt/airflow/dags/smart_city_traffic_batch_dag.py                           1           0  16.68s          2026-01-25T08:45:15
================================================================================
[2026-01-25T08:45:49.530+0000] {manager.py:878} INFO - 
================================================================================
DAG File Processing Stats

File Path                                            PID  Runtime      # DAGs    # Errors  Last Runtime    Last Run
-------------------------------------------------  -----  ---------  --------  ----------  --------------  -------------------
/opt/airflow/dags/smart_city_traffic_batch_dag.py    220  3.73s             1           0  16.68s          2026-01-25T08:45:15
================================================================================
[2026-01-25T08:46:19.765+0000] {manager.py:878} INFO - 
================================================================================
DAG File Processing Stats

File Path                                          PID    Runtime      # DAGs    # Errors  Last Runtime    Last Run
-------------------------------------------------  -----  ---------  --------  ----------  --------------  -------------------
/opt/airflow/dags/smart_city_traffic_batch_dag.py                           1           0  10.39s          2026-01-25T08:45:56
================================================================================
[2026-01-25T08:46:49.866+0000] {manager.py:878} INFO - 
================================================================================
DAG File Processing Stats

File Path                                          PID    Runtime      # DAGs    # Errors  Last Runtime    Last Run
-------------------------------------------------  -----  ---------  --------  ----------  --------------  -------------------
/opt/airflow/dags/smart_city_traffic_batch_dag.py                           1           0  12.22s          2026-01-25T08:46:39
================================================================================
[2026-01-25T08:47:20.222+0000] {manager.py:878} INFO - 
================================================================================
DAG File Processing Stats

File Path                                          PID    Runtime      # DAGs    # Errors  Last Runtime    Last Run
-------------------------------------------------  -----  ---------  --------  ----------  --------------  -------------------
/opt/airflow/dags/smart_city_traffic_batch_dag.py                           1           0  8.23s           2026-01-25T08:47:18
================================================================================
[2026-01-25T08:47:50.328+0000] {manager.py:878} INFO - 
================================================================================
DAG File Processing Stats

File Path                                            PID  Runtime      # DAGs    # Errors  Last Runtime    Last Run
-------------------------------------------------  -----  ---------  --------  ----------  --------------  -------------------
/opt/airflow/dags/smart_city_traffic_batch_dag.py    238  1.25s             1           0  8.23s           2026-01-25T08:47:18
================================================================================
[2026-01-25T08:48:20.675+0000] {manager.py:878} INFO - 
================================================================================
DAG File Processing Stats

File Path                                          PID    Runtime      # DAGs    # Errors  Last Runtime    Last Run
-------------------------------------------------  -----  ---------  --------  ----------  --------------  -------------------
/opt/airflow/dags/smart_city_traffic_batch_dag.py                           1           0  12.59s          2026-01-25T08:48:01
================================================================================
[2026-01-25T08:48:50.777+0000] {manager.py:878} INFO - 
================================================================================
DAG File Processing Stats

File Path                                            PID  Runtime      # DAGs    # Errors  Last Runtime    Last Run
-------------------------------------------------  -----  ---------  --------  ----------  --------------  -------------------
/opt/airflow/dags/smart_city_traffic_batch_dag.py    244  18.63s            1           0  12.59s          2026-01-25T08:48:01
================================================================================
[2026-01-25T08:49:21.135+0000] {manager.py:878} INFO - 
================================================================================
DAG File Processing Stats

File Path                                          PID    Runtime      # DAGs    # Errors  Last Runtime    Last Run
-------------------------------------------------  -----  ---------  --------  ----------  --------------  -------------------
/opt/airflow/dags/smart_city_traffic_batch_dag.py                           1           0  19.01s          2026-01-25T08:48:51
================================================================================
[2026-01-25T08:49:51.430+0000] {manager.py:878} INFO - 
================================================================================
DAG File Processing Stats

File Path                                          PID    Runtime      # DAGs    # Errors  Last Runtime    Last Run
-------------------------------------------------  -----  ---------  --------  ----------  --------------  -------------------
/opt/airflow/dags/smart_city_traffic_batch_dag.py                           1           0  9.59s           2026-01-25T08:49:31
================================================================================
[2026-01-25T08:50:12.901+0000] {manager.py:737} INFO - Searching for files in /opt/airflow/dags
[2026-01-25T08:50:13.009+0000] {manager.py:740} INFO - There are 1 files in /opt/airflow/dags
[2026-01-25T08:50:21.633+0000] {manager.py:878} INFO - 
================================================================================
DAG File Processing Stats

File Path                                          PID    Runtime      # DAGs    # Errors  Last Runtime    Last Run
-------------------------------------------------  -----  ---------  --------  ----------  --------------  -------------------
/opt/airflow/dags/smart_city_traffic_batch_dag.py                           1           0  9.48s           2026-01-25T08:50:11
================================================================================
[2026-01-25T08:50:52.065+0000] {manager.py:878} INFO - 
================================================================================
DAG File Processing Stats

File Path                                            PID  Runtime      # DAGs    # Errors  Last Runtime    Last Run
-------------------------------------------------  -----  ---------  --------  ----------  --------------  -------------------
/opt/airflow/dags/smart_city_traffic_batch_dag.py    262  10.07s            1           0  9.48s           2026-01-25T08:50:11
================================================================================
[2026-01-25T08:51:22.455+0000] {manager.py:878} INFO - 
================================================================================
DAG File Processing Stats

File Path                                          PID    Runtime      # DAGs    # Errors  Last Runtime    Last Run
-------------------------------------------------  -----  ---------  --------  ----------  --------------  -------------------
/opt/airflow/dags/smart_city_traffic_batch_dag.py                           1           0  19.63s          2026-01-25T08:51:01
================================================================================
[2026-01-25T08:51:53.000+0000] {manager.py:878} INFO - 
================================================================================
DAG File Processing Stats

File Path                                          PID    Runtime      # DAGs    # Errors  Last Runtime    Last Run
-------------------------------------------------  -----  ---------  --------  ----------  --------------  -------------------
/opt/airflow/dags/smart_city_traffic_batch_dag.py                           1           0  10.80s          2026-01-25T08:51:42
================================================================================
[2026-01-25T08:52:23.159+0000] {manager.py:878} INFO - 
================================================================================
DAG File Processing Stats

File Path                                          PID    Runtime      # DAGs    # Errors  Last Runtime    Last Run
-------------------------------------------------  -----  ---------  --------  ----------  --------------  -------------------
/opt/airflow/dags/smart_city_traffic_batch_dag.py                           1           0  7.35s           2026-01-25T08:52:20
================================================================================
[2026-01-25T08:52:53.571+0000] {manager.py:878} INFO - 
================================================================================
DAG File Processing Stats

File Path                                            PID  Runtime      # DAGs    # Errors  Last Runtime    Last Run
-------------------------------------------------  -----  ---------  --------  ----------  --------------  -------------------
/opt/airflow/dags/smart_city_traffic_batch_dag.py    280  2.25s             1           0  7.35s           2026-01-25T08:52:20
================================================================================
[2026-01-25T08:53:23.971+0000] {manager.py:878} INFO - 
================================================================================
DAG File Processing Stats

File Path                                          PID    Runtime      # DAGs    # Errors  Last Runtime    Last Run
-------------------------------------------------  -----  ---------  --------  ----------  --------------  -------------------
/opt/airflow/dags/smart_city_traffic_batch_dag.py                           1           0  18.64s          2026-01-25T08:53:09
================================================================================
[2026-01-25T08:53:54.344+0000] {manager.py:878} INFO - 
================================================================================
DAG File Processing Stats

File Path                                            PID  Runtime      # DAGs    # Errors  Last Runtime    Last Run
-------------------------------------------------  -----  ---------  --------  ----------  --------------  -------------------
/opt/airflow/dags/smart_city_traffic_batch_dag.py    286  13.94s            1           0  18.64s          2026-01-25T08:53:09
================================================================================
[2026-01-25T08:54:24.635+0000] {manager.py:878} INFO - 
================================================================================
DAG File Processing Stats

File Path                                          PID    Runtime      # DAGs    # Errors  Last Runtime    Last Run
-------------------------------------------------  -----  ---------  --------  ----------  --------------  -------------------
/opt/airflow/dags/smart_city_traffic_batch_dag.py                           1           0  16.49s          2026-01-25T08:53:56
================================================================================
[2026-01-25T08:54:54.952+0000] {manager.py:878} INFO - 
================================================================================
DAG File Processing Stats

File Path                                          PID    Runtime      # DAGs    # Errors  Last Runtime    Last Run
-------------------------------------------------  -----  ---------  --------  ----------  --------------  -------------------
/opt/airflow/dags/smart_city_traffic_batch_dag.py                           1           0  8.44s           2026-01-25T08:54:35
================================================================================
[2026-01-25T08:55:13.556+0000] {manager.py:737} INFO - Searching for files in /opt/airflow/dags
[2026-01-25T08:55:13.632+0000] {manager.py:740} INFO - There are 1 files in /opt/airflow/dags
[2026-01-25T08:55:25.009+0000] {manager.py:878} INFO - 
================================================================================
DAG File Processing Stats

File Path                                          PID    Runtime      # DAGs    # Errors  Last Runtime    Last Run
-------------------------------------------------  -----  ---------  --------  ----------  --------------  -------------------
/opt/airflow/dags/smart_city_traffic_batch_dag.py                           1           0  8.75s           2026-01-25T08:55:14
================================================================================
[2026-01-25T08:55:55.824+0000] {manager.py:878} INFO - 
================================================================================
DAG File Processing Stats

File Path                                            PID  Runtime      # DAGs    # Errors  Last Runtime    Last Run
-------------------------------------------------  -----  ---------  --------  ----------  --------------  -------------------
/opt/airflow/dags/smart_city_traffic_batch_dag.py    304  10.45s            1           0  8.75s           2026-01-25T08:55:14
================================================================================
[2026-01-25T08:56:25.878+0000] {manager.py:878} INFO - 
================================================================================
DAG File Processing Stats

File Path                                          PID    Runtime      # DAGs    # Errors  Last Runtime    Last Run
-------------------------------------------------  -----  ---------  --------  ----------  --------------  -------------------
/opt/airflow/dags/smart_city_traffic_batch_dag.py                           1           0  22.56s          2026-01-25T08:56:07
================================================================================
[2026-01-25T08:56:56.536+0000] {manager.py:878} INFO - 
================================================================================
DAG File Processing Stats

File Path                                          PID    Runtime      # DAGs    # Errors  Last Runtime    Last Run
-------------------------------------------------  -----  ---------  --------  ----------  --------------  -------------------
/opt/airflow/dags/smart_city_traffic_batch_dag.py                           1           0  15.27s          2026-01-25T08:56:53
================================================================================
[2026-01-25T08:57:27.321+0000] {manager.py:878} INFO - 
================================================================================
DAG File Processing Stats

File Path                                            PID  Runtime      # DAGs    # Errors  Last Runtime    Last Run
-------------------------------------------------  -----  ---------  --------  ----------  --------------  -------------------
/opt/airflow/dags/smart_city_traffic_batch_dag.py    316  3.27s             1           0  15.27s          2026-01-25T08:56:53
================================================================================
[2026-01-25T08:57:57.696+0000] {manager.py:878} INFO - 
================================================================================
DAG File Processing Stats

File Path                                          PID    Runtime      # DAGs    # Errors  Last Runtime    Last Run
-------------------------------------------------  -----  ---------  --------  ----------  --------------  -------------------
/opt/airflow/dags/smart_city_traffic_batch_dag.py                           1           0  7.64s           2026-01-25T08:57:31
================================================================================
[2026-01-25T08:58:20.968+0000] {manager.py:452} INFO - Exiting gracefully upon receiving signal 15
[2026-01-25T08:59:02.390+0000] {manager.py:470} INFO - Processing files using up to 2 processes at a time 
[2026-01-25T08:59:02.410+0000] {manager.py:471} INFO - Process each file at most once every 30 seconds
[2026-01-25T08:59:02.415+0000] {manager.py:472} INFO - Checking for new files in /opt/airflow/dags every 300 seconds
[2026-01-25T08:59:02.428+0000] {manager.py:737} INFO - Searching for files in /opt/airflow/dags
[2026-01-25T08:59:02.565+0000] {manager.py:740} INFO - There are 1 files in /opt/airflow/dags
[2026-01-25T08:59:03.758+0000] {manager.py:878} INFO - 
================================================================================
DAG File Processing Stats

File Path                                            PID  Runtime      # DAGs    # Errors  Last Runtime    Last Run
-------------------------------------------------  -----  ---------  --------  ----------  --------------  ----------
/opt/airflow/dags/smart_city_traffic_batch_dag.py    172  0.20s             0           0
================================================================================
[2026-01-25T08:59:33.938+0000] {manager.py:878} INFO - 
================================================================================
DAG File Processing Stats

File Path                                          PID    Runtime      # DAGs    # Errors  Last Runtime    Last Run
-------------------------------------------------  -----  ---------  --------  ----------  --------------  -------------------
/opt/airflow/dags/smart_city_traffic_batch_dag.py                           1           0  3.16s           2026-01-25T08:59:06
================================================================================
[2026-01-25T09:00:04.132+0000] {manager.py:878} INFO - 
================================================================================
DAG File Processing Stats

File Path                                          PID    Runtime      # DAGs    # Errors  Last Runtime    Last Run
-------------------------------------------------  -----  ---------  --------  ----------  --------------  -------------------
/opt/airflow/dags/smart_city_traffic_batch_dag.py                           1           0  5.51s           2026-01-25T08:59:42
================================================================================
[2026-01-25T09:00:34.519+0000] {manager.py:878} INFO - 
================================================================================
DAG File Processing Stats

File Path                                          PID    Runtime      # DAGs    # Errors  Last Runtime    Last Run
-------------------------------------------------  -----  ---------  --------  ----------  --------------  -------------------
/opt/airflow/dags/smart_city_traffic_batch_dag.py                           1           0  6.59s           2026-01-25T09:00:19
================================================================================
[2026-01-25T09:01:05.300+0000] {manager.py:878} INFO - 
================================================================================
DAG File Processing Stats

File Path                                            PID  Runtime      # DAGs    # Errors  Last Runtime    Last Run
-------------------------------------------------  -----  ---------  --------  ----------  --------------  -------------------
/opt/airflow/dags/smart_city_traffic_batch_dag.py    191  14.75s            1           0  6.59s           2026-01-25T09:00:19
================================================================================
[2026-01-25T09:01:10.954+0000] {manager.py:452} INFO - Exiting gracefully upon receiving signal 15
[2026-01-25T09:02:38.706+0000] {manager.py:470} INFO - Processing files using up to 2 processes at a time 
[2026-01-25T09:02:38.710+0000] {manager.py:471} INFO - Process each file at most once every 30 seconds
[2026-01-25T09:02:38.718+0000] {manager.py:472} INFO - Checking for new files in /opt/airflow/dags every 300 seconds
[2026-01-25T09:02:38.722+0000] {manager.py:737} INFO - Searching for files in /opt/airflow/dags
[2026-01-25T09:02:38.782+0000] {manager.py:740} INFO - There are 1 files in /opt/airflow/dags
[2026-01-25T09:02:40.519+0000] {manager.py:878} INFO - 
================================================================================
DAG File Processing Stats

File Path                                            PID  Runtime      # DAGs    # Errors  Last Runtime    Last Run
-------------------------------------------------  -----  ---------  --------  ----------  --------------  ----------
/opt/airflow/dags/smart_city_traffic_batch_dag.py    172  0.93s             0           0
================================================================================
[2026-01-25T09:03:10.788+0000] {manager.py:878} INFO - 
================================================================================
DAG File Processing Stats

File Path                                          PID    Runtime      # DAGs    # Errors  Last Runtime    Last Run
-------------------------------------------------  -----  ---------  --------  ----------  --------------  -------------------
/opt/airflow/dags/smart_city_traffic_batch_dag.py                           1           0  13.20s          2026-01-25T09:02:52
================================================================================
[2026-01-25T09:03:41.050+0000] {manager.py:878} INFO - 
================================================================================
DAG File Processing Stats

File Path                                          PID    Runtime      # DAGs    # Errors  Last Runtime    Last Run
-------------------------------------------------  -----  ---------  --------  ----------  --------------  -------------------
/opt/airflow/dags/smart_city_traffic_batch_dag.py                           1           0  8.51s           2026-01-25T09:03:31
================================================================================
[2026-01-25T09:04:11.587+0000] {manager.py:878} INFO - 
================================================================================
DAG File Processing Stats

File Path                                          PID    Runtime      # DAGs    # Errors  Last Runtime    Last Run
-------------------------------------------------  -----  ---------  --------  ----------  --------------  -------------------
/opt/airflow/dags/smart_city_traffic_batch_dag.py                           1           0  3.90s           2026-01-25T09:04:05
================================================================================
[2026-01-25T09:04:42.384+0000] {manager.py:878} INFO - 
================================================================================
DAG File Processing Stats

File Path                                          PID    Runtime      # DAGs    # Errors  Last Runtime    Last Run
-------------------------------------------------  -----  ---------  --------  ----------  --------------  -------------------
/opt/airflow/dags/smart_city_traffic_batch_dag.py                           1           0  3.23s           2026-01-25T09:04:39
================================================================================
[2026-01-25T09:05:12.704+0000] {manager.py:878} INFO - 
================================================================================
DAG File Processing Stats

File Path                                            PID  Runtime      # DAGs    # Errors  Last Runtime    Last Run
-------------------------------------------------  -----  ---------  --------  ----------  --------------  -------------------
/opt/airflow/dags/smart_city_traffic_batch_dag.py    196  2.66s             1           0  3.23s           2026-01-25T09:04:39
================================================================================
[2026-01-25T09:05:43.022+0000] {manager.py:878} INFO - 
================================================================================
DAG File Processing Stats

File Path                                          PID    Runtime      # DAGs    # Errors  Last Runtime    Last Run
-------------------------------------------------  -----  ---------  --------  ----------  --------------  -------------------
/opt/airflow/dags/smart_city_traffic_batch_dag.py                           1           0  6.74s           2026-01-25T09:05:16
================================================================================
[2026-01-25T09:06:13.415+0000] {manager.py:878} INFO - 
================================================================================
DAG File Processing Stats

File Path                                          PID    Runtime      # DAGs    # Errors  Last Runtime    Last Run
-------------------------------------------------  -----  ---------  --------  ----------  --------------  -------------------
/opt/airflow/dags/smart_city_traffic_batch_dag.py                           1           0  9.26s           2026-01-25T09:05:56
================================================================================
[2026-01-25T09:06:43.463+0000] {manager.py:878} INFO - 
================================================================================
DAG File Processing Stats

File Path                                          PID    Runtime      # DAGs    # Errors  Last Runtime    Last Run
-------------------------------------------------  -----  ---------  --------  ----------  --------------  -------------------
/opt/airflow/dags/smart_city_traffic_batch_dag.py                           1           0  9.10s           2026-01-25T09:06:35
================================================================================
[2026-01-25T09:07:13.769+0000] {manager.py:878} INFO - 
================================================================================
DAG File Processing Stats

File Path                                          PID    Runtime      # DAGs    # Errors  Last Runtime    Last Run
-------------------------------------------------  -----  ---------  --------  ----------  --------------  -------------------
/opt/airflow/dags/smart_city_traffic_batch_dag.py                           1           0  3.86s           2026-01-25T09:07:09
================================================================================
[2026-01-25T09:07:39.039+0000] {manager.py:737} INFO - Searching for files in /opt/airflow/dags
[2026-01-25T09:07:39.157+0000] {manager.py:740} INFO - There are 1 files in /opt/airflow/dags
[2026-01-25T09:07:44.177+0000] {manager.py:878} INFO - 
================================================================================
DAG File Processing Stats

File Path                                            PID  Runtime      # DAGs    # Errors  Last Runtime    Last Run
-------------------------------------------------  -----  ---------  --------  ----------  --------------  -------------------
/opt/airflow/dags/smart_city_traffic_batch_dag.py    220  3.64s             1           0  3.86s           2026-01-25T09:07:09
================================================================================
[2026-01-25T09:08:14.469+0000] {manager.py:878} INFO - 
================================================================================
DAG File Processing Stats

File Path                                          PID    Runtime      # DAGs    # Errors  Last Runtime    Last Run
-------------------------------------------------  -----  ---------  --------  ----------  --------------  -------------------
/opt/airflow/dags/smart_city_traffic_batch_dag.py                           1           0  7.89s           2026-01-25T09:07:48
================================================================================
[2026-01-25T09:08:44.897+0000] {manager.py:878} INFO - 
================================================================================
DAG File Processing Stats

File Path                                          PID    Runtime      # DAGs    # Errors  Last Runtime    Last Run
-------------------------------------------------  -----  ---------  --------  ----------  --------------  -------------------
/opt/airflow/dags/smart_city_traffic_batch_dag.py                           1           0  14.39s          2026-01-25T09:08:33
================================================================================
[2026-01-25T09:09:14.967+0000] {manager.py:878} INFO - 
================================================================================
DAG File Processing Stats

File Path                                          PID    Runtime      # DAGs    # Errors  Last Runtime    Last Run
-------------------------------------------------  -----  ---------  --------  ----------  --------------  -------------------
/opt/airflow/dags/smart_city_traffic_batch_dag.py                           1           0  9.35s           2026-01-25T09:09:12
================================================================================
[2026-01-25T09:09:45.018+0000] {manager.py:878} INFO - 
================================================================================
DAG File Processing Stats

File Path                                            PID  Runtime      # DAGs    # Errors  Last Runtime    Last Run
-------------------------------------------------  -----  ---------  --------  ----------  --------------  -------------------
/opt/airflow/dags/smart_city_traffic_batch_dag.py    238  1.19s             1           0  9.35s           2026-01-25T09:09:12
================================================================================
[2026-01-25T09:10:15.309+0000] {manager.py:878} INFO - 
================================================================================
DAG File Processing Stats

File Path                                          PID    Runtime      # DAGs    # Errors  Last Runtime    Last Run
-------------------------------------------------  -----  ---------  --------  ----------  --------------  -------------------
/opt/airflow/dags/smart_city_traffic_batch_dag.py                           1           0  5.58s           2026-01-25T09:09:49
================================================================================
[2026-01-25T09:10:46.213+0000] {manager.py:878} INFO - 
================================================================================
DAG File Processing Stats

File Path                                          PID    Runtime      # DAGs    # Errors  Last Runtime    Last Run
-------------------------------------------------  -----  ---------  --------  ----------  --------------  -------------------
/opt/airflow/dags/smart_city_traffic_batch_dag.py                           1           0  8.19s           2026-01-25T09:10:28
================================================================================
[2026-01-25T09:11:07.405+0000] {manager.py:452} INFO - Exiting gracefully upon receiving signal 15
[2026-01-25T09:11:07.409+0000] {manager.py:452} INFO - Exiting gracefully upon receiving signal 15
[2026-01-25T09:11:10.854+0000] {manager.py:452} INFO - Exiting gracefully upon receiving signal 15
[2026-01-25T09:12:52.019+0000] {manager.py:470} INFO - Processing files using up to 2 processes at a time 
[2026-01-25T09:12:52.026+0000] {manager.py:471} INFO - Process each file at most once every 30 seconds
[2026-01-25T09:12:52.032+0000] {manager.py:472} INFO - Checking for new files in /opt/airflow/dags every 300 seconds
[2026-01-25T09:12:52.036+0000] {manager.py:737} INFO - Searching for files in /opt/airflow/dags
[2026-01-25T09:12:52.131+0000] {manager.py:740} INFO - There are 1 files in /opt/airflow/dags
[2026-01-25T09:12:54.053+0000] {manager.py:878} INFO - 
================================================================================
DAG File Processing Stats

File Path                                            PID  Runtime      # DAGs    # Errors  Last Runtime    Last Run
-------------------------------------------------  -----  ---------  --------  ----------  --------------  ----------
/opt/airflow/dags/smart_city_traffic_batch_dag.py    172  0.90s             0           0
================================================================================
[2026-01-25T09:13:24.445+0000] {manager.py:878} INFO - 
================================================================================
DAG File Processing Stats

File Path                                          PID    Runtime      # DAGs    # Errors  Last Runtime    Last Run
-------------------------------------------------  -----  ---------  --------  ----------  --------------  -------------------
/opt/airflow/dags/smart_city_traffic_batch_dag.py                           1           0  7.59s           2026-01-25T09:13:00
================================================================================
[2026-01-25T09:13:54.819+0000] {manager.py:878} INFO - 
================================================================================
DAG File Processing Stats

File Path                                          PID    Runtime      # DAGs    # Errors  Last Runtime    Last Run
-------------------------------------------------  -----  ---------  --------  ----------  --------------  -------------------
/opt/airflow/dags/smart_city_traffic_batch_dag.py                           1           0  8.43s           2026-01-25T09:13:39
================================================================================
[2026-01-25T09:14:25.361+0000] {manager.py:878} INFO - 
================================================================================
DAG File Processing Stats

File Path                                          PID    Runtime      # DAGs    # Errors  Last Runtime    Last Run
-------------------------------------------------  -----  ---------  --------  ----------  --------------  -------------------
/opt/airflow/dags/smart_city_traffic_batch_dag.py                           1           0  3.15s           2026-01-25T09:14:13
================================================================================
[2026-01-25T09:14:55.748+0000] {manager.py:878} INFO - 
================================================================================
DAG File Processing Stats

File Path                                            PID  Runtime      # DAGs    # Errors  Last Runtime    Last Run
-------------------------------------------------  -----  ---------  --------  ----------  --------------  -------------------
/opt/airflow/dags/smart_city_traffic_batch_dag.py    190  11.93s            1           0  3.15s           2026-01-25T09:14:13
================================================================================
[2026-01-25T09:15:25.922+0000] {manager.py:878} INFO - 
================================================================================
DAG File Processing Stats

File Path                                          PID    Runtime      # DAGs    # Errors  Last Runtime    Last Run
-------------------------------------------------  -----  ---------  --------  ----------  --------------  -------------------
/opt/airflow/dags/smart_city_traffic_batch_dag.py                           1           0  12.41s          2026-01-25T09:14:56
================================================================================
[2026-01-25T09:15:56.621+0000] {manager.py:878} INFO - 
================================================================================
DAG File Processing Stats

File Path                                          PID    Runtime      # DAGs    # Errors  Last Runtime    Last Run
-------------------------------------------------  -----  ---------  --------  ----------  --------------  -------------------
/opt/airflow/dags/smart_city_traffic_batch_dag.py                           1           0  2.11s           2026-01-25T09:15:29
================================================================================
[2026-01-25T09:16:26.999+0000] {manager.py:878} INFO - 
================================================================================
DAG File Processing Stats

File Path                                          PID    Runtime      # DAGs    # Errors  Last Runtime    Last Run
-------------------------------------------------  -----  ---------  --------  ----------  --------------  -------------------
/opt/airflow/dags/smart_city_traffic_batch_dag.py                           1           0  11.63s          2026-01-25T09:16:11
================================================================================
[2026-01-25T09:16:57.115+0000] {manager.py:878} INFO - 
================================================================================
DAG File Processing Stats

File Path                                          PID    Runtime      # DAGs    # Errors  Last Runtime    Last Run
-------------------------------------------------  -----  ---------  --------  ----------  --------------  -------------------
/opt/airflow/dags/smart_city_traffic_batch_dag.py                           1           0  10.60s          2026-01-25T09:16:53
================================================================================
[2026-01-25T09:17:27.760+0000] {manager.py:878} INFO - 
================================================================================
DAG File Processing Stats

File Path                                            PID  Runtime      # DAGs    # Errors  Last Runtime    Last Run
-------------------------------------------------  -----  ---------  --------  ----------  --------------  -------------------
/opt/airflow/dags/smart_city_traffic_batch_dag.py    220  4.31s             1           0  10.60s          2026-01-25T09:16:53
================================================================================
[2026-01-25T09:17:53.009+0000] {manager.py:737} INFO - Searching for files in /opt/airflow/dags
[2026-01-25T09:17:53.442+0000] {manager.py:740} INFO - There are 1 files in /opt/airflow/dags
[2026-01-25T09:17:58.104+0000] {manager.py:878} INFO - 
================================================================================
DAG File Processing Stats

File Path                                          PID    Runtime      # DAGs    # Errors  Last Runtime    Last Run
-------------------------------------------------  -----  ---------  --------  ----------  --------------  -------------------
/opt/airflow/dags/smart_city_traffic_batch_dag.py                           1           0  6.43s           2026-01-25T09:17:29
================================================================================
[2026-01-25T09:18:28.256+0000] {manager.py:878} INFO - 
================================================================================
DAG File Processing Stats

File Path                                          PID    Runtime      # DAGs    # Errors  Last Runtime    Last Run
-------------------------------------------------  -----  ---------  --------  ----------  --------------  -------------------
/opt/airflow/dags/smart_city_traffic_batch_dag.py                           1           0  8.20s           2026-01-25T09:18:08
================================================================================
[2026-01-25T09:18:58.723+0000] {manager.py:878} INFO - 
================================================================================
DAG File Processing Stats

File Path                                          PID    Runtime      # DAGs    # Errors  Last Runtime    Last Run
-------------------------------------------------  -----  ---------  --------  ----------  --------------  -------------------
/opt/airflow/dags/smart_city_traffic_batch_dag.py                           1           0  12.72s          2026-01-25T09:18:51
================================================================================
[2026-01-25T09:19:29.014+0000] {manager.py:878} INFO - 
================================================================================
DAG File Processing Stats

File Path                                            PID  Runtime      # DAGs    # Errors  Last Runtime    Last Run
-------------------------------------------------  -----  ---------  --------  ----------  --------------  -------------------
/opt/airflow/dags/smart_city_traffic_batch_dag.py    238  6.63s             1           0  12.72s          2026-01-25T09:18:51
================================================================================
[2026-01-25T09:19:59.297+0000] {manager.py:878} INFO - 
================================================================================
DAG File Processing Stats

File Path                                          PID    Runtime      # DAGs    # Errors  Last Runtime    Last Run
-------------------------------------------------  -----  ---------  --------  ----------  --------------  -------------------
/opt/airflow/dags/smart_city_traffic_batch_dag.py                           1           0  18.34s          2026-01-25T09:19:40
================================================================================
[2026-01-25T09:20:29.464+0000] {manager.py:878} INFO - 
================================================================================
DAG File Processing Stats

File Path                                          PID    Runtime      # DAGs    # Errors  Last Runtime    Last Run
-------------------------------------------------  -----  ---------  --------  ----------  --------------  -------------------
/opt/airflow/dags/smart_city_traffic_batch_dag.py                           1           0  4.15s           2026-01-25T09:20:15
================================================================================
[2026-01-25T09:21:00.405+0000] {manager.py:878} INFO - 
================================================================================
DAG File Processing Stats

File Path                                          PID    Runtime      # DAGs    # Errors  Last Runtime    Last Run
-------------------------------------------------  -----  ---------  --------  ----------  --------------  -------------------
/opt/airflow/dags/smart_city_traffic_batch_dag.py                           1           0  2.41s           2026-01-25T09:20:48
================================================================================
[2026-01-25T09:21:30.461+0000] {manager.py:878} INFO - 
================================================================================
DAG File Processing Stats

File Path                                          PID    Runtime      # DAGs    # Errors  Last Runtime    Last Run
-------------------------------------------------  -----  ---------  --------  ----------  --------------  -------------------
/opt/airflow/dags/smart_city_traffic_batch_dag.py                           1           0  8.77s           2026-01-25T09:21:27
================================================================================
[2026-01-25T09:22:00.719+0000] {manager.py:878} INFO - 
================================================================================
DAG File Processing Stats

File Path                                            PID  Runtime      # DAGs    # Errors  Last Runtime    Last Run
-------------------------------------------------  -----  ---------  --------  ----------  --------------  -------------------
/opt/airflow/dags/smart_city_traffic_batch_dag.py    265  2.66s             1           0  8.77s           2026-01-25T09:21:27
================================================================================
[2026-01-25T09:22:30.937+0000] {manager.py:878} INFO - 
================================================================================
DAG File Processing Stats

File Path                                          PID    Runtime      # DAGs    # Errors  Last Runtime    Last Run
-------------------------------------------------  -----  ---------  --------  ----------  --------------  -------------------
/opt/airflow/dags/smart_city_traffic_batch_dag.py                           1           0  13.73s          2026-01-25T09:22:11
================================================================================
[2026-01-25T09:22:53.058+0000] {manager.py:737} INFO - Searching for files in /opt/airflow/dags
[2026-01-25T09:22:53.153+0000] {manager.py:740} INFO - There are 1 files in /opt/airflow/dags
[2026-01-25T09:23:01.363+0000] {manager.py:878} INFO - 
================================================================================
DAG File Processing Stats

File Path                                          PID    Runtime      # DAGs    # Errors  Last Runtime    Last Run
-------------------------------------------------  -----  ---------  --------  ----------  --------------  -------------------
/opt/airflow/dags/smart_city_traffic_batch_dag.py                           1           0  8.76s           2026-01-25T09:22:51
================================================================================
[2026-01-25T09:23:31.535+0000] {manager.py:878} INFO - 
================================================================================
DAG File Processing Stats

File Path                                            PID  Runtime      # DAGs    # Errors  Last Runtime    Last Run
-------------------------------------------------  -----  ---------  --------  ----------  --------------  -------------------
/opt/airflow/dags/smart_city_traffic_batch_dag.py    277  9.77s             1           0  8.76s           2026-01-25T09:22:51
================================================================================
[2026-01-25T09:24:01.803+0000] {manager.py:878} INFO - 
================================================================================
DAG File Processing Stats

File Path                                          PID    Runtime      # DAGs    # Errors  Last Runtime    Last Run
-------------------------------------------------  -----  ---------  --------  ----------  --------------  -------------------
/opt/airflow/dags/smart_city_traffic_batch_dag.py                           1           0  11.36s          2026-01-25T09:23:33
================================================================================
[2026-01-25T09:24:32.780+0000] {manager.py:878} INFO - 
================================================================================
DAG File Processing Stats

File Path                                          PID    Runtime      # DAGs    # Errors  Last Runtime    Last Run
-------------------------------------------------  -----  ---------  --------  ----------  --------------  -------------------
/opt/airflow/dags/smart_city_traffic_batch_dag.py                           1           0  18.08s          2026-01-25T09:24:22
================================================================================
[2026-01-25T09:25:03.205+0000] {manager.py:878} INFO - 
================================================================================
DAG File Processing Stats

File Path                                            PID  Runtime      # DAGs    # Errors  Last Runtime    Last Run
-------------------------------------------------  -----  ---------  --------  ----------  --------------  -------------------
/opt/airflow/dags/smart_city_traffic_batch_dag.py    289  9.85s             1           0  18.08s          2026-01-25T09:24:22
================================================================================
[2026-01-25T09:25:33.538+0000] {manager.py:878} INFO - 
================================================================================
DAG File Processing Stats

File Path                                          PID    Runtime      # DAGs    # Errors  Last Runtime    Last Run
-------------------------------------------------  -----  ---------  --------  ----------  --------------  -------------------
/opt/airflow/dags/smart_city_traffic_batch_dag.py                           1           0  14.20s          2026-01-25T09:25:07
================================================================================
[2026-01-25T09:26:04.537+0000] {manager.py:878} INFO - 
================================================================================
DAG File Processing Stats

File Path                                          PID    Runtime      # DAGs    # Errors  Last Runtime    Last Run
-------------------------------------------------  -----  ---------  --------  ----------  --------------  -------------------
/opt/airflow/dags/smart_city_traffic_batch_dag.py                           1           0  6.49s           2026-01-25T09:25:44
================================================================================
[2026-01-25T09:26:35.063+0000] {manager.py:878} INFO - 
================================================================================
DAG File Processing Stats

File Path                                          PID    Runtime      # DAGs    # Errors  Last Runtime    Last Run
-------------------------------------------------  -----  ---------  --------  ----------  --------------  -------------------
/opt/airflow/dags/smart_city_traffic_batch_dag.py                           1           0  7.26s           2026-01-25T09:26:22
================================================================================
[2026-01-25T09:27:05.361+0000] {manager.py:878} INFO - 
================================================================================
DAG File Processing Stats

File Path                                            PID  Runtime      # DAGs    # Errors  Last Runtime    Last Run
-------------------------------------------------  -----  ---------  --------  ----------  --------------  -------------------
/opt/airflow/dags/smart_city_traffic_batch_dag.py    307  12.96s            1           0  7.26s           2026-01-25T09:26:22
================================================================================
[2026-01-25T09:27:35.717+0000] {manager.py:878} INFO - 
================================================================================
DAG File Processing Stats

File Path                                          PID    Runtime      # DAGs    # Errors  Last Runtime    Last Run
-------------------------------------------------  -----  ---------  --------  ----------  --------------  -------------------
/opt/airflow/dags/smart_city_traffic_batch_dag.py                           1           0  13.48s          2026-01-25T09:27:05
================================================================================
[2026-01-25T09:27:53.393+0000] {manager.py:737} INFO - Searching for files in /opt/airflow/dags
[2026-01-25T09:27:53.497+0000] {manager.py:740} INFO - There are 1 files in /opt/airflow/dags
[2026-01-25T09:28:06.141+0000] {manager.py:878} INFO - 
================================================================================
DAG File Processing Stats

File Path                                          PID    Runtime      # DAGs    # Errors  Last Runtime    Last Run
-------------------------------------------------  -----  ---------  --------  ----------  --------------  -------------------
/opt/airflow/dags/smart_city_traffic_batch_dag.py                           1           0  18.65s          2026-01-25T09:27:55
================================================================================
[2026-01-25T09:28:36.047+0000] {manager.py:878} INFO - 
================================================================================
DAG File Processing Stats

File Path                                          PID    Runtime      # DAGs    # Errors  Last Runtime    Last Run
-------------------------------------------------  -----  ---------  --------  ----------  --------------  -------------------
/opt/airflow/dags/smart_city_traffic_batch_dag.py                           1           0  6.04s           2026-01-25T09:28:31
================================================================================
[2026-01-25T09:29:06.900+0000] {manager.py:878} INFO - 
================================================================================
DAG File Processing Stats

File Path                                            PID  Runtime      # DAGs    # Errors  Last Runtime    Last Run
-------------------------------------------------  -----  ---------  --------  ----------  --------------  -------------------
/opt/airflow/dags/smart_city_traffic_batch_dag.py    325  4.49s             1           0  6.04s           2026-01-25T09:28:31
================================================================================
[2026-01-25T09:29:37.230+0000] {manager.py:878} INFO - 
================================================================================
DAG File Processing Stats

File Path                                          PID    Runtime      # DAGs    # Errors  Last Runtime    Last Run
-------------------------------------------------  -----  ---------  --------  ----------  --------------  -------------------
/opt/airflow/dags/smart_city_traffic_batch_dag.py                           1           0  7.89s           2026-01-25T09:29:10
================================================================================
[2026-01-25T09:30:07.774+0000] {manager.py:878} INFO - 
================================================================================
DAG File Processing Stats

File Path                                          PID    Runtime      # DAGs    # Errors  Last Runtime    Last Run
-------------------------------------------------  -----  ---------  --------  ----------  --------------  -------------------
/opt/airflow/dags/smart_city_traffic_batch_dag.py                           1           0  19.01s          2026-01-25T09:29:59
================================================================================
[2026-01-25T09:30:37.886+0000] {manager.py:878} INFO - 
================================================================================
DAG File Processing Stats

File Path                                            PID  Runtime      # DAGs    # Errors  Last Runtime    Last Run
-------------------------------------------------  -----  ---------  --------  ----------  --------------  -------------------
/opt/airflow/dags/smart_city_traffic_batch_dag.py    337  7.56s             1           0  19.01s          2026-01-25T09:29:59
================================================================================
[2026-01-25T09:31:08.353+0000] {manager.py:878} INFO - 
================================================================================
DAG File Processing Stats

File Path                                          PID    Runtime      # DAGs    # Errors  Last Runtime    Last Run
-------------------------------------------------  -----  ---------  --------  ----------  --------------  -------------------
/opt/airflow/dags/smart_city_traffic_batch_dag.py                           1           0  13.96s          2026-01-25T09:30:44
================================================================================
[2026-01-25T09:31:38.582+0000] {manager.py:878} INFO - 
================================================================================
DAG File Processing Stats

File Path                                          PID    Runtime      # DAGs    # Errors  Last Runtime    Last Run
-------------------------------------------------  -----  ---------  --------  ----------  --------------  -------------------
/opt/airflow/dags/smart_city_traffic_batch_dag.py                           1           0  4.83s           2026-01-25T09:31:19
================================================================================
[2026-01-25T09:32:09.135+0000] {manager.py:878} INFO - 
================================================================================
DAG File Processing Stats

File Path                                          PID    Runtime      # DAGs    # Errors  Last Runtime    Last Run
-------------------------------------------------  -----  ---------  --------  ----------  --------------  -------------------
/opt/airflow/dags/smart_city_traffic_batch_dag.py                           1           0  10.17s          2026-01-25T09:31:59
================================================================================
[2026-01-25T09:32:39.514+0000] {manager.py:878} INFO - 
================================================================================
DAG File Processing Stats

File Path                                            PID  Runtime      # DAGs    # Errors  Last Runtime    Last Run
-------------------------------------------------  -----  ---------  --------  ----------  --------------  -------------------
/opt/airflow/dags/smart_city_traffic_batch_dag.py    355  9.30s             1           0  10.17s          2026-01-25T09:31:59
================================================================================
[2026-01-25T09:32:53.636+0000] {manager.py:737} INFO - Searching for files in /opt/airflow/dags
[2026-01-25T09:32:53.757+0000] {manager.py:740} INFO - There are 1 files in /opt/airflow/dags
[2026-01-25T09:33:10.143+0000] {manager.py:878} INFO - 
================================================================================
DAG File Processing Stats

File Path                                          PID    Runtime      # DAGs    # Errors  Last Runtime    Last Run
-------------------------------------------------  -----  ---------  --------  ----------  --------------  -------------------
/opt/airflow/dags/smart_city_traffic_batch_dag.py                           1           0  17.44s          2026-01-25T09:32:47
================================================================================
[2026-01-25T09:33:40.378+0000] {manager.py:878} INFO - 
================================================================================
DAG File Processing Stats

File Path                                          PID    Runtime      # DAGs    # Errors  Last Runtime    Last Run
-------------------------------------------------  -----  ---------  --------  ----------  --------------  -------------------
/opt/airflow/dags/smart_city_traffic_batch_dag.py                           1           0  6.42s           2026-01-25T09:33:25
================================================================================
[2026-01-25T09:34:10.456+0000] {manager.py:878} INFO - 
================================================================================
DAG File Processing Stats

File Path                                          PID    Runtime      # DAGs    # Errors  Last Runtime    Last Run
-------------------------------------------------  -----  ---------  --------  ----------  --------------  -------------------
/opt/airflow/dags/smart_city_traffic_batch_dag.py                           1           0  9.13s           2026-01-25T09:34:05
================================================================================
[2026-01-25T09:34:41.115+0000] {manager.py:878} INFO - 
================================================================================
DAG File Processing Stats

File Path                                            PID  Runtime      # DAGs    # Errors  Last Runtime    Last Run
-------------------------------------------------  -----  ---------  --------  ----------  --------------  -------------------
/opt/airflow/dags/smart_city_traffic_batch_dag.py    373  5.55s             1           0  9.13s           2026-01-25T09:34:05
================================================================================
[2026-01-25T09:35:11.555+0000] {manager.py:878} INFO - 
================================================================================
DAG File Processing Stats

File Path                                          PID    Runtime      # DAGs    # Errors  Last Runtime    Last Run
-------------------------------------------------  -----  ---------  --------  ----------  --------------  -------------------
/opt/airflow/dags/smart_city_traffic_batch_dag.py                           1           0  11.60s          2026-01-25T09:34:47
================================================================================
[2026-01-25T09:35:41.862+0000] {manager.py:878} INFO - 
================================================================================
DAG File Processing Stats

File Path                                          PID    Runtime      # DAGs    # Errors  Last Runtime    Last Run
-------------------------------------------------  -----  ---------  --------  ----------  --------------  -------------------
/opt/airflow/dags/smart_city_traffic_batch_dag.py                           1           0  16.20s          2026-01-25T09:35:34
================================================================================
[2026-01-25T09:36:11.917+0000] {manager.py:878} INFO - 
================================================================================
DAG File Processing Stats

File Path                                            PID  Runtime      # DAGs    # Errors  Last Runtime    Last Run
-------------------------------------------------  -----  ---------  --------  ----------  --------------  -------------------
/opt/airflow/dags/smart_city_traffic_batch_dag.py    385  7.58s             1           0  16.20s          2026-01-25T09:35:34
================================================================================
[2026-01-25T09:36:42.215+0000] {manager.py:878} INFO - 
================================================================================
DAG File Processing Stats

File Path                                          PID    Runtime      # DAGs    # Errors  Last Runtime    Last Run
-------------------------------------------------  -----  ---------  --------  ----------  --------------  -------------------
/opt/airflow/dags/smart_city_traffic_batch_dag.py                           1           0  9.93s           2026-01-25T09:36:14
================================================================================
[2026-01-25T09:37:12.708+0000] {manager.py:878} INFO - 
================================================================================
DAG File Processing Stats

File Path                                          PID    Runtime      # DAGs    # Errors  Last Runtime    Last Run
-------------------------------------------------  -----  ---------  --------  ----------  --------------  -------------------
/opt/airflow/dags/smart_city_traffic_batch_dag.py                           1           0  7.99s           2026-01-25T09:36:52
================================================================================
[2026-01-25T09:37:42.765+0000] {manager.py:878} INFO - 
================================================================================
DAG File Processing Stats

File Path                                          PID    Runtime      # DAGs    # Errors  Last Runtime    Last Run
-------------------------------------------------  -----  ---------  --------  ----------  --------------  -------------------
/opt/airflow/dags/smart_city_traffic_batch_dag.py                           1           0  11.70s          2026-01-25T09:37:34
================================================================================
[2026-01-25T09:37:53.883+0000] {manager.py:737} INFO - Searching for files in /opt/airflow/dags
[2026-01-25T09:37:54.140+0000] {manager.py:740} INFO - There are 1 files in /opt/airflow/dags
[2026-01-25T09:38:13.282+0000] {manager.py:878} INFO - 
================================================================================
DAG File Processing Stats

File Path                                            PID  Runtime      # DAGs    # Errors  Last Runtime    Last Run
-------------------------------------------------  -----  ---------  --------  ----------  --------------  -------------------
/opt/airflow/dags/smart_city_traffic_batch_dag.py    403  7.24s             1           0  11.70s          2026-01-25T09:37:34
================================================================================
[2026-01-25T09:38:43.591+0000] {manager.py:878} INFO - 
================================================================================
DAG File Processing Stats

File Path                                          PID    Runtime      # DAGs    # Errors  Last Runtime    Last Run
-------------------------------------------------  -----  ---------  --------  ----------  --------------  -------------------
/opt/airflow/dags/smart_city_traffic_batch_dag.py                           1           0  30.52s          2026-01-25T09:38:36
================================================================================
[2026-01-25T09:39:14.156+0000] {manager.py:878} INFO - 
================================================================================
DAG File Processing Stats

File Path                                            PID  Runtime      # DAGs    # Errors  Last Runtime    Last Run
-------------------------------------------------  -----  ---------  --------  ----------  --------------  -------------------
/opt/airflow/dags/smart_city_traffic_batch_dag.py    409  7.52s             1           0  30.52s          2026-01-25T09:38:36
================================================================================
[2026-01-25T09:39:44.526+0000] {manager.py:878} INFO - 
================================================================================
DAG File Processing Stats

File Path                                          PID    Runtime      # DAGs    # Errors  Last Runtime    Last Run
-------------------------------------------------  -----  ---------  --------  ----------  --------------  -------------------
/opt/airflow/dags/smart_city_traffic_batch_dag.py                           1           0  9.85s           2026-01-25T09:39:16
================================================================================
[2026-01-25T09:40:14.657+0000] {manager.py:878} INFO - 
================================================================================
DAG File Processing Stats

File Path                                          PID    Runtime      # DAGs    # Errors  Last Runtime    Last Run
-------------------------------------------------  -----  ---------  --------  ----------  --------------  -------------------
/opt/airflow/dags/smart_city_traffic_batch_dag.py                           1           0  18.77s          2026-01-25T09:40:05
================================================================================
[2026-01-25T09:40:45.549+0000] {manager.py:878} INFO - 
================================================================================
DAG File Processing Stats

File Path                                            PID  Runtime      # DAGs    # Errors  Last Runtime    Last Run
-------------------------------------------------  -----  ---------  --------  ----------  --------------  -------------------
/opt/airflow/dags/smart_city_traffic_batch_dag.py    421  9.45s             1           0  18.77s          2026-01-25T09:40:05
================================================================================
[2026-01-25T09:41:16.064+0000] {manager.py:878} INFO - 
================================================================================
DAG File Processing Stats

File Path                                          PID    Runtime      # DAGs    # Errors  Last Runtime    Last Run
-------------------------------------------------  -----  ---------  --------  ----------  --------------  -------------------
/opt/airflow/dags/smart_city_traffic_batch_dag.py                           1           0  10.56s          2026-01-25T09:40:46
================================================================================
[2026-01-25T09:41:46.361+0000] {manager.py:878} INFO - 
================================================================================
DAG File Processing Stats

File Path                                          PID    Runtime      # DAGs    # Errors  Last Runtime    Last Run
-------------------------------------------------  -----  ---------  --------  ----------  --------------  -------------------
/opt/airflow/dags/smart_city_traffic_batch_dag.py                           1           0  13.67s          2026-01-25T09:41:31
================================================================================
[2026-01-25T09:42:16.581+0000] {manager.py:878} INFO - 
================================================================================
DAG File Processing Stats

File Path                                          PID    Runtime      # DAGs    # Errors  Last Runtime    Last Run
-------------------------------------------------  -----  ---------  --------  ----------  --------------  -------------------
/opt/airflow/dags/smart_city_traffic_batch_dag.py                           1           0  5.79s           2026-01-25T09:42:07
================================================================================
[2026-01-25T09:42:47.286+0000] {manager.py:878} INFO - 
================================================================================
DAG File Processing Stats

File Path                                            PID  Runtime      # DAGs    # Errors  Last Runtime    Last Run
-------------------------------------------------  -----  ---------  --------  ----------  --------------  -------------------
/opt/airflow/dags/smart_city_traffic_batch_dag.py    439  9.31s             1           0  5.79s           2026-01-25T09:42:07
================================================================================
[2026-01-25T09:42:54.443+0000] {manager.py:737} INFO - Searching for files in /opt/airflow/dags
[2026-01-25T09:42:54.557+0000] {manager.py:740} INFO - There are 1 files in /opt/airflow/dags
[2026-01-25T09:43:18.029+0000] {manager.py:878} INFO - 
================================================================================
DAG File Processing Stats

File Path                                          PID    Runtime      # DAGs    # Errors  Last Runtime    Last Run
-------------------------------------------------  -----  ---------  --------  ----------  --------------  -------------------
/opt/airflow/dags/smart_city_traffic_batch_dag.py                           1           0  10.54s          2026-01-25T09:42:48
================================================================================
[2026-01-25T09:43:48.294+0000] {manager.py:878} INFO - 
================================================================================
DAG File Processing Stats

File Path                                          PID    Runtime      # DAGs    # Errors  Last Runtime    Last Run
-------------------------------------------------  -----  ---------  --------  ----------  --------------  -------------------
/opt/airflow/dags/smart_city_traffic_batch_dag.py                           1           0  13.79s          2026-01-25T09:43:33
================================================================================
[2026-01-25T09:44:18.413+0000] {manager.py:878} INFO - 
================================================================================
DAG File Processing Stats

File Path                                          PID    Runtime      # DAGs    # Errors  Last Runtime    Last Run
-------------------------------------------------  -----  ---------  --------  ----------  --------------  -------------------
/opt/airflow/dags/smart_city_traffic_batch_dag.py                           1           0  12.42s          2026-01-25T09:44:16
================================================================================
[2026-01-25T09:44:49.073+0000] {manager.py:878} INFO - 
================================================================================
DAG File Processing Stats

File Path                                            PID  Runtime      # DAGs    # Errors  Last Runtime    Last Run
-------------------------------------------------  -----  ---------  --------  ----------  --------------  -------------------
/opt/airflow/dags/smart_city_traffic_batch_dag.py    457  0.64s             1           0  12.42s          2026-01-25T09:44:16
================================================================================
[2026-01-25T09:45:19.460+0000] {manager.py:878} INFO - 
================================================================================
DAG File Processing Stats

File Path                                          PID    Runtime      # DAGs    # Errors  Last Runtime    Last Run
-------------------------------------------------  -----  ---------  --------  ----------  --------------  -------------------
/opt/airflow/dags/smart_city_traffic_batch_dag.py                           1           0  9.25s           2026-01-25T09:44:57
================================================================================
[2026-01-25T09:45:49.981+0000] {manager.py:878} INFO - 
================================================================================
DAG File Processing Stats

File Path                                          PID    Runtime      # DAGs    # Errors  Last Runtime    Last Run
-------------------------------------------------  -----  ---------  --------  ----------  --------------  -------------------
/opt/airflow/dags/smart_city_traffic_batch_dag.py                           1           0  18.04s          2026-01-25T09:45:46
================================================================================
[2026-01-25T09:46:20.075+0000] {manager.py:878} INFO - 
================================================================================
DAG File Processing Stats

File Path                                            PID  Runtime      # DAGs    # Errors  Last Runtime    Last Run
-------------------------------------------------  -----  ---------  --------  ----------  --------------  -------------------
/opt/airflow/dags/smart_city_traffic_batch_dag.py    469  3.55s             1           0  18.04s          2026-01-25T09:45:46
================================================================================
[2026-01-25T09:46:50.326+0000] {manager.py:878} INFO - 
================================================================================
DAG File Processing Stats

File Path                                          PID    Runtime      # DAGs    # Errors  Last Runtime    Last Run
-------------------------------------------------  -----  ---------  --------  ----------  --------------  -------------------
/opt/airflow/dags/smart_city_traffic_batch_dag.py                           1           0  12.28s          2026-01-25T09:46:28
================================================================================
[2026-01-25T09:47:21.211+0000] {manager.py:878} INFO - 
================================================================================
DAG File Processing Stats

File Path                                          PID    Runtime      # DAGs    # Errors  Last Runtime    Last Run
-------------------------------------------------  -----  ---------  --------  ----------  --------------  -------------------
/opt/airflow/dags/smart_city_traffic_batch_dag.py                           1           0  16.70s          2026-01-25T09:47:16
================================================================================
[2026-01-25T09:47:51.311+0000] {manager.py:878} INFO - 
================================================================================
DAG File Processing Stats

File Path                                            PID  Runtime      # DAGs    # Errors  Last Runtime    Last Run
-------------------------------------------------  -----  ---------  --------  ----------  --------------  -------------------
/opt/airflow/dags/smart_city_traffic_batch_dag.py    481  4.51s             1           0  16.70s          2026-01-25T09:47:16
================================================================================
[2026-01-25T09:47:55.350+0000] {manager.py:737} INFO - Searching for files in /opt/airflow/dags
[2026-01-25T09:47:55.413+0000] {manager.py:740} INFO - There are 1 files in /opt/airflow/dags
[2026-01-25T09:48:21.845+0000] {manager.py:878} INFO - 
================================================================================
DAG File Processing Stats

File Path                                          PID    Runtime      # DAGs    # Errors  Last Runtime    Last Run
-------------------------------------------------  -----  ---------  --------  ----------  --------------  -------------------
/opt/airflow/dags/smart_city_traffic_batch_dag.py                           1           0  10.91s          2026-01-25T09:47:57
================================================================================
[2026-01-25T09:48:52.857+0000] {manager.py:878} INFO - 
================================================================================
DAG File Processing Stats

File Path                                          PID    Runtime      # DAGs    # Errors  Last Runtime    Last Run
-------------------------------------------------  -----  ---------  --------  ----------  --------------  -------------------
/opt/airflow/dags/smart_city_traffic_batch_dag.py                           1           0  11.60s          2026-01-25T09:48:39
================================================================================
[2026-01-25T09:49:22.971+0000] {manager.py:878} INFO - 
================================================================================
DAG File Processing Stats

File Path                                            PID  Runtime      # DAGs    # Errors  Last Runtime    Last Run
-------------------------------------------------  -----  ---------  --------  ----------  --------------  -------------------
/opt/airflow/dags/smart_city_traffic_batch_dag.py    493  12.54s            1           0  11.60s          2026-01-25T09:48:39
================================================================================
[2026-01-25T09:49:53.281+0000] {manager.py:878} INFO - 
================================================================================
DAG File Processing Stats

File Path                                          PID    Runtime      # DAGs    # Errors  Last Runtime    Last Run
-------------------------------------------------  -----  ---------  --------  ----------  --------------  -------------------
/opt/airflow/dags/smart_city_traffic_batch_dag.py                           1           0  14.62s          2026-01-25T09:49:25
================================================================================
[2026-01-25T09:50:23.706+0000] {manager.py:878} INFO - 
================================================================================
DAG File Processing Stats

File Path                                          PID    Runtime      # DAGs    # Errors  Last Runtime    Last Run
-------------------------------------------------  -----  ---------  --------  ----------  --------------  -------------------
/opt/airflow/dags/smart_city_traffic_batch_dag.py                           1           0  16.97s          2026-01-25T09:50:12
================================================================================
[2026-01-25T09:50:54.379+0000] {manager.py:878} INFO - 
================================================================================
DAG File Processing Stats

File Path                                            PID  Runtime      # DAGs    # Errors  Last Runtime    Last Run
-------------------------------------------------  -----  ---------  --------  ----------  --------------  -------------------
/opt/airflow/dags/smart_city_traffic_batch_dag.py    505  11.30s            1           0  16.97s          2026-01-25T09:50:12
================================================================================
[2026-01-25T09:51:25.634+0000] {manager.py:878} INFO - 
================================================================================
DAG File Processing Stats

File Path                                            PID  Runtime      # DAGs    # Errors  Last Runtime    Last Run
-------------------------------------------------  -----  ---------  --------  ----------  --------------  -------------------
/opt/airflow/dags/smart_city_traffic_batch_dag.py    511  0.68s             1           0  11.59s          2026-01-25T09:50:54
================================================================================
[2026-01-25T09:51:56.060+0000] {manager.py:878} INFO - 
================================================================================
DAG File Processing Stats

File Path                                          PID    Runtime      # DAGs    # Errors  Last Runtime    Last Run
-------------------------------------------------  -----  ---------  --------  ----------  --------------  -------------------
/opt/airflow/dags/smart_city_traffic_batch_dag.py                           1           0  11.03s          2026-01-25T09:51:35
================================================================================
[2026-01-25T09:52:26.579+0000] {manager.py:878} INFO - 
================================================================================
DAG File Processing Stats

File Path                                          PID    Runtime      # DAGs    # Errors  Last Runtime    Last Run
-------------------------------------------------  -----  ---------  --------  ----------  --------------  -------------------
/opt/airflow/dags/smart_city_traffic_batch_dag.py                           1           0  12.99s          2026-01-25T09:52:19
================================================================================
[2026-01-25T09:52:55.905+0000] {manager.py:737} INFO - Searching for files in /opt/airflow/dags
[2026-01-25T09:52:55.979+0000] {manager.py:740} INFO - There are 1 files in /opt/airflow/dags
[2026-01-25T09:52:57.117+0000] {manager.py:878} INFO - 
================================================================================
DAG File Processing Stats

File Path                                            PID  Runtime      # DAGs    # Errors  Last Runtime    Last Run
-------------------------------------------------  -----  ---------  --------  ----------  --------------  -------------------
/opt/airflow/dags/smart_city_traffic_batch_dag.py    523  6.84s             1           0  12.99s          2026-01-25T09:52:19
================================================================================
[2026-01-25T09:53:27.385+0000] {manager.py:878} INFO - 
================================================================================
DAG File Processing Stats

File Path                                          PID    Runtime      # DAGs    # Errors  Last Runtime    Last Run
-------------------------------------------------  -----  ---------  --------  ----------  --------------  -------------------
/opt/airflow/dags/smart_city_traffic_batch_dag.py                           1           0  11.58s          2026-01-25T09:53:01
================================================================================
[2026-01-25T09:53:57.647+0000] {manager.py:878} INFO - 
================================================================================
DAG File Processing Stats

File Path                                          PID    Runtime      # DAGs    # Errors  Last Runtime    Last Run
-------------------------------------------------  -----  ---------  --------  ----------  --------------  -------------------
/opt/airflow/dags/smart_city_traffic_batch_dag.py                           1           0  12.93s          2026-01-25T09:53:45
================================================================================
[2026-01-25T09:54:28.041+0000] {manager.py:878} INFO - 
================================================================================
DAG File Processing Stats

File Path                                            PID  Runtime      # DAGs    # Errors  Last Runtime    Last Run
-------------------------------------------------  -----  ---------  --------  ----------  --------------  -------------------
/opt/airflow/dags/smart_city_traffic_batch_dag.py    535  12.27s            1           0  12.93s          2026-01-25T09:53:45
================================================================================
[2026-01-25T09:54:58.136+0000] {manager.py:878} INFO - 
================================================================================
DAG File Processing Stats

File Path                                          PID    Runtime      # DAGs    # Errors  Last Runtime    Last Run
-------------------------------------------------  -----  ---------  --------  ----------  --------------  -------------------
/opt/airflow/dags/smart_city_traffic_batch_dag.py                           1           0  14.11s          2026-01-25T09:54:29
================================================================================
[2026-01-25T09:55:29.012+0000] {manager.py:878} INFO - 
================================================================================
DAG File Processing Stats

File Path                                          PID    Runtime      # DAGs    # Errors  Last Runtime    Last Run
-------------------------------------------------  -----  ---------  --------  ----------  --------------  -------------------
/opt/airflow/dags/smart_city_traffic_batch_dag.py                           1           0  16.44s          2026-01-25T09:55:16
================================================================================
[2026-01-25T09:55:59.518+0000] {manager.py:878} INFO - 
================================================================================
DAG File Processing Stats

File Path                                            PID  Runtime      # DAGs    # Errors  Last Runtime    Last Run
-------------------------------------------------  -----  ---------  --------  ----------  --------------  -------------------
/opt/airflow/dags/smart_city_traffic_batch_dag.py    547  10.42s            1           0  16.44s          2026-01-25T09:55:16
================================================================================
[2026-01-25T09:56:29.919+0000] {manager.py:878} INFO - 
================================================================================
DAG File Processing Stats

File Path                                          PID    Runtime      # DAGs    # Errors  Last Runtime    Last Run
-------------------------------------------------  -----  ---------  --------  ----------  --------------  -------------------
/opt/airflow/dags/smart_city_traffic_batch_dag.py                           1           0  17.62s          2026-01-25T09:56:06
================================================================================
[2026-01-25T09:56:58.004+0000] {manager.py:452} INFO - Exiting gracefully upon receiving signal 15
[2026-01-25T09:59:04.320+0000] {manager.py:470} INFO - Processing files using up to 2 processes at a time 
[2026-01-25T09:59:04.326+0000] {manager.py:471} INFO - Process each file at most once every 30 seconds
[2026-01-25T09:59:04.328+0000] {manager.py:472} INFO - Checking for new files in /opt/airflow/dags every 300 seconds
[2026-01-25T09:59:04.331+0000] {manager.py:737} INFO - Searching for files in /opt/airflow/dags
[2026-01-25T09:59:04.425+0000] {manager.py:740} INFO - There are 1 files in /opt/airflow/dags
[2026-01-25T09:59:07.170+0000] {manager.py:878} INFO - 
================================================================================
DAG File Processing Stats

File Path                                            PID  Runtime      # DAGs    # Errors  Last Runtime    Last Run
-------------------------------------------------  -----  ---------  --------  ----------  --------------  ----------
/opt/airflow/dags/smart_city_traffic_batch_dag.py    172  1.19s             0           0
================================================================================
[2026-01-25T09:59:37.738+0000] {manager.py:878} INFO - 
================================================================================
DAG File Processing Stats

File Path                                            PID  Runtime      # DAGs    # Errors  Last Runtime    Last Run
-------------------------------------------------  -----  ---------  --------  ----------  --------------  ----------
/opt/airflow/dags/smart_city_traffic_batch_dag.py    172  31.81s            0           0
================================================================================
[2026-01-25T10:00:08.101+0000] {manager.py:878} INFO - 
================================================================================
DAG File Processing Stats

File Path                                          PID    Runtime      # DAGs    # Errors  Last Runtime    Last Run
-------------------------------------------------  -----  ---------  --------  ----------  --------------  -------------------
/opt/airflow/dags/smart_city_traffic_batch_dag.py                           1           0  32.21s          2026-01-25T09:59:38
================================================================================
[2026-01-25T10:00:38.088+0000] {manager.py:878} INFO - 
================================================================================
DAG File Processing Stats

File Path                                          PID    Runtime      # DAGs    # Errors  Last Runtime    Last Run
-------------------------------------------------  -----  ---------  --------  ----------  --------------  -------------------
/opt/airflow/dags/smart_city_traffic_batch_dag.py                           1           0  8.59s           2026-01-25T10:00:17
================================================================================
[2026-01-25T10:01:09.315+0000] {manager.py:878} INFO - 
================================================================================
DAG File Processing Stats

File Path                                          PID    Runtime      # DAGs    # Errors  Last Runtime    Last Run
-------------------------------------------------  -----  ---------  --------  ----------  --------------  -------------------
/opt/airflow/dags/smart_city_traffic_batch_dag.py                           1           0  6.55s           2026-01-25T10:00:53
================================================================================
[2026-01-25T10:01:39.572+0000] {manager.py:878} INFO - 
================================================================================
DAG File Processing Stats

File Path                                          PID    Runtime      # DAGs    # Errors  Last Runtime    Last Run
-------------------------------------------------  -----  ---------  --------  ----------  --------------  -------------------
/opt/airflow/dags/smart_city_traffic_batch_dag.py                           1           0  7.54s           2026-01-25T10:01:32
================================================================================
[2026-01-25T10:02:10.226+0000] {manager.py:878} INFO - 
================================================================================
DAG File Processing Stats

File Path                                            PID  Runtime      # DAGs    # Errors  Last Runtime    Last Run
-------------------------------------------------  -----  ---------  --------  ----------  --------------  -------------------
/opt/airflow/dags/smart_city_traffic_batch_dag.py    196  6.96s             1           0  7.54s           2026-01-25T10:01:32
================================================================================
[2026-01-25T10:02:40.368+0000] {manager.py:878} INFO - 
================================================================================
DAG File Processing Stats

File Path                                          PID    Runtime      # DAGs    # Errors  Last Runtime    Last Run
-------------------------------------------------  -----  ---------  --------  ----------  --------------  -------------------
/opt/airflow/dags/smart_city_traffic_batch_dag.py                           1           0  7.81s           2026-01-25T10:02:11
================================================================================
[2026-01-25T10:03:10.556+0000] {manager.py:878} INFO - 
================================================================================
DAG File Processing Stats

File Path                                          PID    Runtime      # DAGs    # Errors  Last Runtime    Last Run
-------------------------------------------------  -----  ---------  --------  ----------  --------------  -------------------
/opt/airflow/dags/smart_city_traffic_batch_dag.py                           1           0  10.73s          2026-01-25T10:02:52
================================================================================
[2026-01-25T10:03:40.609+0000] {manager.py:878} INFO - 
================================================================================
DAG File Processing Stats

File Path                                          PID    Runtime      # DAGs    # Errors  Last Runtime    Last Run
-------------------------------------------------  -----  ---------  --------  ----------  --------------  -------------------
/opt/airflow/dags/smart_city_traffic_batch_dag.py                           1           0  5.57s           2026-01-25T10:03:28
================================================================================
[2026-01-25T10:04:05.119+0000] {manager.py:737} INFO - Searching for files in /opt/airflow/dags
[2026-01-25T10:04:05.176+0000] {manager.py:740} INFO - There are 1 files in /opt/airflow/dags
[2026-01-25T10:04:11.361+0000] {manager.py:878} INFO - 
================================================================================
DAG File Processing Stats

File Path                                          PID    Runtime      # DAGs    # Errors  Last Runtime    Last Run
-------------------------------------------------  -----  ---------  --------  ----------  --------------  -------------------
/opt/airflow/dags/smart_city_traffic_batch_dag.py                           1           0  7.38s           2026-01-25T10:04:06
================================================================================
[2026-01-25T10:04:41.312+0000] {manager.py:878} INFO - 
================================================================================
DAG File Processing Stats

File Path                                            PID  Runtime      # DAGs    # Errors  Last Runtime    Last Run
-------------------------------------------------  -----  ---------  --------  ----------  --------------  -------------------
/opt/airflow/dags/smart_city_traffic_batch_dag.py    226  4.06s             1           0  7.38s           2026-01-25T10:04:06
================================================================================
[2026-01-25T10:05:11.897+0000] {manager.py:878} INFO - 
================================================================================
DAG File Processing Stats

File Path                                          PID    Runtime      # DAGs    # Errors  Last Runtime    Last Run
-------------------------------------------------  -----  ---------  --------  ----------  --------------  -------------------
/opt/airflow/dags/smart_city_traffic_batch_dag.py                           1           0  9.35s           2026-01-25T10:04:46
================================================================================
[2026-01-25T10:05:42.109+0000] {manager.py:878} INFO - 
================================================================================
DAG File Processing Stats

File Path                                          PID    Runtime      # DAGs    # Errors  Last Runtime    Last Run
-------------------------------------------------  -----  ---------  --------  ----------  --------------  -------------------
/opt/airflow/dags/smart_city_traffic_batch_dag.py                           1           0  11.35s          2026-01-25T10:05:28
================================================================================
[2026-01-25T10:06:12.717+0000] {manager.py:878} INFO - 
================================================================================
DAG File Processing Stats

File Path                                          PID    Runtime      # DAGs    # Errors  Last Runtime    Last Run
-------------------------------------------------  -----  ---------  --------  ----------  --------------  -------------------
/opt/airflow/dags/smart_city_traffic_batch_dag.py                           1           0  11.53s          2026-01-25T10:06:10
================================================================================
[2026-01-25T10:06:42.832+0000] {manager.py:878} INFO - 
================================================================================
DAG File Processing Stats

File Path                                            PID  Runtime      # DAGs    # Errors  Last Runtime    Last Run
-------------------------------------------------  -----  ---------  --------  ----------  --------------  -------------------
/opt/airflow/dags/smart_city_traffic_batch_dag.py    244  1.26s             1           0  11.53s          2026-01-25T10:06:10
================================================================================
[2026-01-25T10:07:13.234+0000] {manager.py:878} INFO - 
================================================================================
DAG File Processing Stats

File Path                                          PID    Runtime      # DAGs    # Errors  Last Runtime    Last Run
-------------------------------------------------  -----  ---------  --------  ----------  --------------  -------------------
/opt/airflow/dags/smart_city_traffic_batch_dag.py                           1           0  10.88s          2026-01-25T10:06:52
================================================================================
[2026-01-25T10:07:43.429+0000] {manager.py:878} INFO - 
================================================================================
DAG File Processing Stats

File Path                                          PID    Runtime      # DAGs    # Errors  Last Runtime    Last Run
-------------------------------------------------  -----  ---------  --------  ----------  --------------  -------------------
/opt/airflow/dags/smart_city_traffic_batch_dag.py                           1           0  7.49s           2026-01-25T10:07:30
================================================================================
[2026-01-25T10:08:13.768+0000] {manager.py:878} INFO - 
================================================================================
DAG File Processing Stats

File Path                                          PID    Runtime      # DAGs    # Errors  Last Runtime    Last Run
-------------------------------------------------  -----  ---------  --------  ----------  --------------  -------------------
/opt/airflow/dags/smart_city_traffic_batch_dag.py                           1           0  8.51s           2026-01-25T10:08:09
================================================================================
[2026-01-25T10:08:44.531+0000] {manager.py:878} INFO - 
================================================================================
DAG File Processing Stats

File Path                                            PID  Runtime      # DAGs    # Errors  Last Runtime    Last Run
-------------------------------------------------  -----  ---------  --------  ----------  --------------  -------------------
/opt/airflow/dags/smart_city_traffic_batch_dag.py    265  4.05s             1           0  8.51s           2026-01-25T10:08:09
================================================================================
[2026-01-25T10:09:05.768+0000] {manager.py:737} INFO - Searching for files in /opt/airflow/dags
[2026-01-25T10:09:05.858+0000] {manager.py:740} INFO - There are 1 files in /opt/airflow/dags
[2026-01-25T10:09:15.065+0000] {manager.py:878} INFO - 
================================================================================
DAG File Processing Stats

File Path                                          PID    Runtime      # DAGs    # Errors  Last Runtime    Last Run
-------------------------------------------------  -----  ---------  --------  ----------  --------------  -------------------
/opt/airflow/dags/smart_city_traffic_batch_dag.py                           1           0  10.33s          2026-01-25T10:08:50
================================================================================
[2026-01-25T10:09:45.189+0000] {manager.py:878} INFO - 
================================================================================
DAG File Processing Stats

File Path                                          PID    Runtime      # DAGs    # Errors  Last Runtime    Last Run
-------------------------------------------------  -----  ---------  --------  ----------  --------------  -------------------
/opt/airflow/dags/smart_city_traffic_batch_dag.py                           1           0  7.70s           2026-01-25T10:09:29
================================================================================
[2026-01-25T10:10:15.441+0000] {manager.py:878} INFO - 
================================================================================
DAG File Processing Stats

File Path                                          PID    Runtime      # DAGs    # Errors  Last Runtime    Last Run
-------------------------------------------------  -----  ---------  --------  ----------  --------------  -------------------
/opt/airflow/dags/smart_city_traffic_batch_dag.py                           1           0  8.55s           2026-01-25T10:10:08
================================================================================
[2026-01-25T10:10:46.436+0000] {manager.py:878} INFO - 
================================================================================
DAG File Processing Stats

File Path                                            PID  Runtime      # DAGs    # Errors  Last Runtime    Last Run
-------------------------------------------------  -----  ---------  --------  ----------  --------------  -------------------
/opt/airflow/dags/smart_city_traffic_batch_dag.py    283  7.80s             1           0  8.55s           2026-01-25T10:10:08
================================================================================
[2026-01-25T10:11:16.801+0000] {manager.py:878} INFO - 
================================================================================
DAG File Processing Stats

File Path                                          PID    Runtime      # DAGs    # Errors  Last Runtime    Last Run
-------------------------------------------------  -----  ---------  --------  ----------  --------------  -------------------
/opt/airflow/dags/smart_city_traffic_batch_dag.py                           1           0  13.28s          2026-01-25T10:10:51
================================================================================
[2026-01-25T10:11:47.634+0000] {manager.py:878} INFO - 
================================================================================
DAG File Processing Stats

File Path                                          PID    Runtime      # DAGs    # Errors  Last Runtime    Last Run
-------------------------------------------------  -----  ---------  --------  ----------  --------------  -------------------
/opt/airflow/dags/smart_city_traffic_batch_dag.py                           1           0  9.50s           2026-01-25T10:11:31
================================================================================
[2026-01-25T10:12:18.162+0000] {manager.py:878} INFO - 
================================================================================
DAG File Processing Stats

File Path                                          PID    Runtime      # DAGs    # Errors  Last Runtime    Last Run
-------------------------------------------------  -----  ---------  --------  ----------  --------------  -------------------
/opt/airflow/dags/smart_city_traffic_batch_dag.py                           1           0  12.38s          2026-01-25T10:12:15
================================================================================
[2026-01-25T10:12:48.765+0000] {manager.py:878} INFO - 
================================================================================
DAG File Processing Stats

File Path                                            PID  Runtime      # DAGs    # Errors  Last Runtime    Last Run
-------------------------------------------------  -----  ---------  --------  ----------  --------------  -------------------
/opt/airflow/dags/smart_city_traffic_batch_dag.py    301  2.59s             1           0  12.38s          2026-01-25T10:12:15
================================================================================
[2026-01-25T10:13:19.050+0000] {manager.py:878} INFO - 
================================================================================
DAG File Processing Stats

File Path                                          PID    Runtime      # DAGs    # Errors  Last Runtime    Last Run
-------------------------------------------------  -----  ---------  --------  ----------  --------------  -------------------
/opt/airflow/dags/smart_city_traffic_batch_dag.py                           1           0  8.09s           2026-01-25T10:12:54
================================================================================
[2026-01-25T10:13:49.584+0000] {manager.py:878} INFO - 
================================================================================
DAG File Processing Stats

File Path                                          PID    Runtime      # DAGs    # Errors  Last Runtime    Last Run
-------------------------------------------------  -----  ---------  --------  ----------  --------------  -------------------
/opt/airflow/dags/smart_city_traffic_batch_dag.py                           1           0  13.85s          2026-01-25T10:13:38
================================================================================
[2026-01-25T10:14:05.777+0000] {manager.py:737} INFO - Searching for files in /opt/airflow/dags
[2026-01-25T10:14:05.958+0000] {manager.py:740} INFO - There are 1 files in /opt/airflow/dags
[2026-01-25T10:14:19.671+0000] {manager.py:878} INFO - 
================================================================================
DAG File Processing Stats

File Path                                          PID    Runtime      # DAGs    # Errors  Last Runtime    Last Run
-------------------------------------------------  -----  ---------  --------  ----------  --------------  -------------------
/opt/airflow/dags/smart_city_traffic_batch_dag.py                           1           0  7.77s           2026-01-25T10:14:16
================================================================================
[2026-01-25T10:14:50.188+0000] {manager.py:878} INFO - 
================================================================================
DAG File Processing Stats

File Path                                            PID  Runtime      # DAGs    # Errors  Last Runtime    Last Run
-------------------------------------------------  -----  ---------  --------  ----------  --------------  -------------------
/opt/airflow/dags/smart_city_traffic_batch_dag.py    319  2.93s             1           0  7.77s           2026-01-25T10:14:16
================================================================================
[2026-01-25T10:15:20.317+0000] {manager.py:878} INFO - 
================================================================================
DAG File Processing Stats

File Path                                          PID    Runtime      # DAGs    # Errors  Last Runtime    Last Run
-------------------------------------------------  -----  ---------  --------  ----------  --------------  -------------------
/opt/airflow/dags/smart_city_traffic_batch_dag.py                           1           0  14.94s          2026-01-25T10:15:01
================================================================================
[2026-01-25T10:15:50.442+0000] {manager.py:878} INFO - 
================================================================================
DAG File Processing Stats

File Path                                          PID    Runtime      # DAGs    # Errors  Last Runtime    Last Run
-------------------------------------------------  -----  ---------  --------  ----------  --------------  -------------------
/opt/airflow/dags/smart_city_traffic_batch_dag.py                           1           0  8.78s           2026-01-25T10:15:41
================================================================================
[2026-01-25T10:16:21.249+0000] {manager.py:878} INFO - 
================================================================================
DAG File Processing Stats

File Path                                            PID  Runtime      # DAGs    # Errors  Last Runtime    Last Run
-------------------------------------------------  -----  ---------  --------  ----------  --------------  -------------------
/opt/airflow/dags/smart_city_traffic_batch_dag.py    331  9.16s             1           0  8.78s           2026-01-25T10:15:41
================================================================================
[2026-01-25T10:16:51.578+0000] {manager.py:878} INFO - 
================================================================================
DAG File Processing Stats

File Path                                          PID    Runtime      # DAGs    # Errors  Last Runtime    Last Run
-------------------------------------------------  -----  ---------  --------  ----------  --------------  -------------------
/opt/airflow/dags/smart_city_traffic_batch_dag.py                           1           0  13.73s          2026-01-25T10:16:25
================================================================================
[2026-01-25T10:17:22.239+0000] {manager.py:878} INFO - 
================================================================================
DAG File Processing Stats

File Path                                          PID    Runtime      # DAGs    # Errors  Last Runtime    Last Run
-------------------------------------------------  -----  ---------  --------  ----------  --------------  -------------------
/opt/airflow/dags/smart_city_traffic_batch_dag.py                           1           0  11.51s          2026-01-25T10:17:07
================================================================================
[2026-01-25T10:17:52.866+0000] {manager.py:878} INFO - 
================================================================================
DAG File Processing Stats

File Path                                          PID    Runtime      # DAGs    # Errors  Last Runtime    Last Run
-------------------------------------------------  -----  ---------  --------  ----------  --------------  -------------------
/opt/airflow/dags/smart_city_traffic_batch_dag.py                           1           0  11.09s          2026-01-25T10:17:49
================================================================================
[2026-01-25T10:18:23.328+0000] {manager.py:878} INFO - 
================================================================================
DAG File Processing Stats

File Path                                            PID  Runtime      # DAGs    # Errors  Last Runtime    Last Run
-------------------------------------------------  -----  ---------  --------  ----------  --------------  -------------------
/opt/airflow/dags/smart_city_traffic_batch_dag.py    349  2.86s             1           0  11.09s          2026-01-25T10:17:49
================================================================================
[2026-01-25T10:18:53.744+0000] {manager.py:878} INFO - 
================================================================================
DAG File Processing Stats

File Path                                          PID    Runtime      # DAGs    # Errors  Last Runtime    Last Run
-------------------------------------------------  -----  ---------  --------  ----------  --------------  -------------------
/opt/airflow/dags/smart_city_traffic_batch_dag.py                           1           0  9.09s           2026-01-25T10:18:29
================================================================================
[2026-01-25T10:19:05.932+0000] {manager.py:737} INFO - Searching for files in /opt/airflow/dags
[2026-01-25T10:19:06.038+0000] {manager.py:740} INFO - There are 1 files in /opt/airflow/dags
[2026-01-25T10:19:23.882+0000] {manager.py:878} INFO - 
================================================================================
DAG File Processing Stats

File Path                                          PID    Runtime      # DAGs    # Errors  Last Runtime    Last Run
-------------------------------------------------  -----  ---------  --------  ----------  --------------  -------------------
/opt/airflow/dags/smart_city_traffic_batch_dag.py                           1           0  18.55s          2026-01-25T10:19:18
================================================================================
[2026-01-25T10:19:54.147+0000] {manager.py:878} INFO - 
================================================================================
DAG File Processing Stats

File Path                                            PID  Runtime      # DAGs    # Errors  Last Runtime    Last Run
-------------------------------------------------  -----  ---------  --------  ----------  --------------  -------------------
/opt/airflow/dags/smart_city_traffic_batch_dag.py    361  4.85s             1           0  18.55s          2026-01-25T10:19:18
================================================================================
[2026-01-25T10:20:24.298+0000] {manager.py:878} INFO - 
================================================================================
DAG File Processing Stats

File Path                                          PID    Runtime      # DAGs    # Errors  Last Runtime    Last Run
-------------------------------------------------  -----  ---------  --------  ----------  --------------  -------------------
/opt/airflow/dags/smart_city_traffic_batch_dag.py                           1           0  16.64s          2026-01-25T10:20:05
================================================================================
[2026-01-25T10:20:54.605+0000] {manager.py:878} INFO - 
================================================================================
DAG File Processing Stats

File Path                                          PID    Runtime      # DAGs    # Errors  Last Runtime    Last Run
-------------------------------------------------  -----  ---------  --------  ----------  --------------  -------------------
/opt/airflow/dags/smart_city_traffic_batch_dag.py                           1           0  10.18s          2026-01-25T10:20:46
================================================================================
[2026-01-25T10:21:24.808+0000] {manager.py:878} INFO - 
================================================================================
DAG File Processing Stats

File Path                                            PID  Runtime      # DAGs    # Errors  Last Runtime    Last Run
-------------------------------------------------  -----  ---------  --------  ----------  --------------  -------------------
/opt/airflow/dags/smart_city_traffic_batch_dag.py    373  7.61s             1           0  10.18s          2026-01-25T10:20:46
================================================================================
[2026-01-25T10:21:54.973+0000] {manager.py:878} INFO - 
================================================================================
DAG File Processing Stats

File Path                                          PID    Runtime      # DAGs    # Errors  Last Runtime    Last Run
-------------------------------------------------  -----  ---------  --------  ----------  --------------  -------------------
/opt/airflow/dags/smart_city_traffic_batch_dag.py                           1           0  20.59s          2026-01-25T10:21:37
================================================================================
[2026-01-25T10:22:25.192+0000] {manager.py:878} INFO - 
================================================================================
DAG File Processing Stats

File Path                                          PID    Runtime      # DAGs    # Errors  Last Runtime    Last Run
-------------------------------------------------  -----  ---------  --------  ----------  --------------  -------------------
/opt/airflow/dags/smart_city_traffic_batch_dag.py                           1           0  10.25s          2026-01-25T10:22:19
================================================================================
[2026-01-25T10:22:56.020+0000] {manager.py:878} INFO - 
================================================================================
DAG File Processing Stats

File Path                                            PID  Runtime      # DAGs    # Errors  Last Runtime    Last Run
-------------------------------------------------  -----  ---------  --------  ----------  --------------  -------------------
/opt/airflow/dags/smart_city_traffic_batch_dag.py    385  6.31s             1           0  10.25s          2026-01-25T10:22:19
================================================================================
[2026-01-25T10:23:26.406+0000] {manager.py:878} INFO - 
================================================================================
DAG File Processing Stats

File Path                                          PID    Runtime      # DAGs    # Errors  Last Runtime    Last Run
-------------------------------------------------  -----  ---------  --------  ----------  --------------  -------------------
/opt/airflow/dags/smart_city_traffic_batch_dag.py                           1           0  9.61s           2026-01-25T10:22:59
================================================================================
[2026-01-25T10:23:56.677+0000] {manager.py:878} INFO - 
================================================================================
DAG File Processing Stats

File Path                                          PID    Runtime      # DAGs    # Errors  Last Runtime    Last Run
-------------------------------------------------  -----  ---------  --------  ----------  --------------  -------------------
/opt/airflow/dags/smart_city_traffic_batch_dag.py                           1           0  9.83s           2026-01-25T10:23:39
================================================================================
[2026-01-25T10:24:06.805+0000] {manager.py:737} INFO - Searching for files in /opt/airflow/dags
[2026-01-25T10:24:06.933+0000] {manager.py:740} INFO - There are 1 files in /opt/airflow/dags
[2026-01-25T10:24:27.083+0000] {manager.py:878} INFO - 
================================================================================
DAG File Processing Stats

File Path                                            PID  Runtime      # DAGs    # Errors  Last Runtime    Last Run
-------------------------------------------------  -----  ---------  --------  ----------  --------------  -------------------
/opt/airflow/dags/smart_city_traffic_batch_dag.py    397  16.63s            1           0  9.83s           2026-01-25T10:23:39
================================================================================
[2026-01-25T10:24:57.665+0000] {manager.py:878} INFO - 
================================================================================
DAG File Processing Stats

File Path                                          PID    Runtime      # DAGs    # Errors  Last Runtime    Last Run
-------------------------------------------------  -----  ---------  --------  ----------  --------------  -------------------
/opt/airflow/dags/smart_city_traffic_batch_dag.py                           1           0  22.82s          2026-01-25T10:24:33
================================================================================
[2026-01-25T10:25:27.809+0000] {manager.py:878} INFO - 
================================================================================
DAG File Processing Stats

File Path                                          PID    Runtime      # DAGs    # Errors  Last Runtime    Last Run
-------------------------------------------------  -----  ---------  --------  ----------  --------------  -------------------
/opt/airflow/dags/smart_city_traffic_batch_dag.py                           1           0  14.06s          2026-01-25T10:25:19
================================================================================
[2026-01-25T10:25:58.387+0000] {manager.py:878} INFO - 
================================================================================
DAG File Processing Stats

File Path                                            PID  Runtime      # DAGs    # Errors  Last Runtime    Last Run
-------------------------------------------------  -----  ---------  --------  ----------  --------------  -------------------
/opt/airflow/dags/smart_city_traffic_batch_dag.py    409  8.07s             1           0  14.06s          2026-01-25T10:25:19
================================================================================
[2026-01-25T10:26:28.720+0000] {manager.py:878} INFO - 
================================================================================
DAG File Processing Stats

File Path                                          PID    Runtime      # DAGs    # Errors  Last Runtime    Last Run
-------------------------------------------------  -----  ---------  --------  ----------  --------------  -------------------
/opt/airflow/dags/smart_city_traffic_batch_dag.py                           1           0  9.04s           2026-01-25T10:25:59
================================================================================
[2026-01-25T10:26:59.247+0000] {manager.py:878} INFO - 
================================================================================
DAG File Processing Stats

File Path                                          PID    Runtime      # DAGs    # Errors  Last Runtime    Last Run
-------------------------------------------------  -----  ---------  --------  ----------  --------------  -------------------
/opt/airflow/dags/smart_city_traffic_batch_dag.py                           1           0  12.10s          2026-01-25T10:26:42
================================================================================
[2026-01-25T10:27:29.257+0000] {manager.py:878} INFO - 
================================================================================
DAG File Processing Stats

File Path                                          PID    Runtime      # DAGs    # Errors  Last Runtime    Last Run
-------------------------------------------------  -----  ---------  --------  ----------  --------------  -------------------
/opt/airflow/dags/smart_city_traffic_batch_dag.py                           1           0  13.62s          2026-01-25T10:27:26
================================================================================
[2026-01-25T10:27:59.946+0000] {manager.py:878} INFO - 
================================================================================
DAG File Processing Stats

File Path                                            PID  Runtime      # DAGs    # Errors  Last Runtime    Last Run
-------------------------------------------------  -----  ---------  --------  ----------  --------------  -------------------
/opt/airflow/dags/smart_city_traffic_batch_dag.py    427  3.31s             1           0  13.62s          2026-01-25T10:27:26
================================================================================
[2026-01-25T10:28:30.292+0000] {manager.py:878} INFO - 
================================================================================
DAG File Processing Stats

File Path                                          PID    Runtime      # DAGs    # Errors  Last Runtime    Last Run
-------------------------------------------------  -----  ---------  --------  ----------  --------------  -------------------
/opt/airflow/dags/smart_city_traffic_batch_dag.py                           1           0  13.60s          2026-01-25T10:28:10
================================================================================
[2026-01-25T10:29:00.773+0000] {manager.py:878} INFO - 
================================================================================
DAG File Processing Stats

File Path                                          PID    Runtime      # DAGs    # Errors  Last Runtime    Last Run
-------------------------------------------------  -----  ---------  --------  ----------  --------------  -------------------
/opt/airflow/dags/smart_city_traffic_batch_dag.py                           1           0  2.25s           2026-01-25T10:28:42
================================================================================
[2026-01-25T10:29:07.137+0000] {manager.py:737} INFO - Searching for files in /opt/airflow/dags
[2026-01-25T10:29:07.225+0000] {manager.py:740} INFO - There are 1 files in /opt/airflow/dags
[2026-01-25T10:29:31.211+0000] {manager.py:878} INFO - 
================================================================================
DAG File Processing Stats

File Path                                          PID    Runtime      # DAGs    # Errors  Last Runtime    Last Run
-------------------------------------------------  -----  ---------  --------  ----------  --------------  -------------------
/opt/airflow/dags/smart_city_traffic_batch_dag.py                           1           0  9.49s           2026-01-25T10:29:23
================================================================================
[2026-01-25T10:30:01.935+0000] {manager.py:878} INFO - 
================================================================================
DAG File Processing Stats

File Path                                            PID  Runtime      # DAGs    # Errors  Last Runtime    Last Run
-------------------------------------------------  -----  ---------  --------  ----------  --------------  -------------------
/opt/airflow/dags/smart_city_traffic_batch_dag.py    445  8.21s             1           0  9.49s           2026-01-25T10:29:23
================================================================================
[2026-01-25T10:30:32.078+0000] {manager.py:878} INFO - 
================================================================================
DAG File Processing Stats

File Path                                          PID    Runtime      # DAGs    # Errors  Last Runtime    Last Run
-------------------------------------------------  -----  ---------  --------  ----------  --------------  -------------------
/opt/airflow/dags/smart_city_traffic_batch_dag.py                           1           0  13.97s          2026-01-25T10:30:07
================================================================================
[2026-01-25T10:31:02.667+0000] {manager.py:878} INFO - 
================================================================================
DAG File Processing Stats

File Path                                          PID    Runtime      # DAGs    # Errors  Last Runtime    Last Run
-------------------------------------------------  -----  ---------  --------  ----------  --------------  -------------------
/opt/airflow/dags/smart_city_traffic_batch_dag.py                           1           0  11.16s          2026-01-25T10:30:49
================================================================================
[2026-01-25T10:31:32.804+0000] {manager.py:878} INFO - 
================================================================================
DAG File Processing Stats

File Path                                          PID    Runtime      # DAGs    # Errors  Last Runtime    Last Run
-------------------------------------------------  -----  ---------  --------  ----------  --------------  -------------------
/opt/airflow/dags/smart_city_traffic_batch_dag.py                           1           0  9.63s           2026-01-25T10:31:29
================================================================================
[2026-01-25T10:32:03.415+0000] {manager.py:878} INFO - 
================================================================================
DAG File Processing Stats

File Path                                            PID  Runtime      # DAGs    # Errors  Last Runtime    Last Run
-------------------------------------------------  -----  ---------  --------  ----------  --------------  -------------------
/opt/airflow/dags/smart_city_traffic_batch_dag.py    463  3.24s             1           0  9.63s           2026-01-25T10:31:29
================================================================================
[2026-01-25T10:32:33.778+0000] {manager.py:878} INFO - 
================================================================================
DAG File Processing Stats

File Path                                          PID    Runtime      # DAGs    # Errors  Last Runtime    Last Run
-------------------------------------------------  -----  ---------  --------  ----------  --------------  -------------------
/opt/airflow/dags/smart_city_traffic_batch_dag.py                           1           0  10.43s          2026-01-25T10:32:10
================================================================================
[2026-01-25T10:33:04.042+0000] {manager.py:878} INFO - 
================================================================================
DAG File Processing Stats

File Path                                          PID    Runtime      # DAGs    # Errors  Last Runtime    Last Run
-------------------------------------------------  -----  ---------  --------  ----------  --------------  -------------------
/opt/airflow/dags/smart_city_traffic_batch_dag.py                           1           0  14.81s          2026-01-25T10:32:55
================================================================================
[2026-01-25T10:33:34.685+0000] {manager.py:878} INFO - 
================================================================================
DAG File Processing Stats

File Path                                            PID  Runtime      # DAGs    # Errors  Last Runtime    Last Run
-------------------------------------------------  -----  ---------  --------  ----------  --------------  -------------------
/opt/airflow/dags/smart_city_traffic_batch_dag.py    475  8.48s             1           0  14.81s          2026-01-25T10:32:55
================================================================================
[2026-01-25T10:34:05.166+0000] {manager.py:878} INFO - 
================================================================================
DAG File Processing Stats

File Path                                          PID    Runtime      # DAGs    # Errors  Last Runtime    Last Run
-------------------------------------------------  -----  ---------  --------  ----------  --------------  -------------------
/opt/airflow/dags/smart_city_traffic_batch_dag.py                           1           0  18.85s          2026-01-25T10:33:45
================================================================================
[2026-01-25T10:34:07.206+0000] {manager.py:737} INFO - Searching for files in /opt/airflow/dags
[2026-01-25T10:34:07.418+0000] {manager.py:740} INFO - There are 1 files in /opt/airflow/dags
[2026-01-25T10:34:35.619+0000] {manager.py:878} INFO - 
================================================================================
DAG File Processing Stats

File Path                                          PID    Runtime      # DAGs    # Errors  Last Runtime    Last Run
-------------------------------------------------  -----  ---------  --------  ----------  --------------  -------------------
/opt/airflow/dags/smart_city_traffic_batch_dag.py                           1           0  8.86s           2026-01-25T10:34:24
================================================================================
[2026-01-25T10:35:06.152+0000] {manager.py:878} INFO - 
================================================================================
DAG File Processing Stats

File Path                                            PID  Runtime      # DAGs    # Errors  Last Runtime    Last Run
-------------------------------------------------  -----  ---------  --------  ----------  --------------  -------------------
/opt/airflow/dags/smart_city_traffic_batch_dag.py    487  10.77s            1           0  8.86s           2026-01-25T10:34:24
================================================================================
[2026-01-25T10:35:36.426+0000] {manager.py:878} INFO - 
================================================================================
DAG File Processing Stats

File Path                                          PID    Runtime      # DAGs    # Errors  Last Runtime    Last Run
-------------------------------------------------  -----  ---------  --------  ----------  --------------  -------------------
/opt/airflow/dags/smart_city_traffic_batch_dag.py                           1           0  14.81s          2026-01-25T10:35:10
================================================================================
[2026-01-25T10:36:07.008+0000] {manager.py:878} INFO - 
================================================================================
DAG File Processing Stats

File Path                                          PID    Runtime      # DAGs    # Errors  Last Runtime    Last Run
-------------------------------------------------  -----  ---------  --------  ----------  --------------  -------------------
/opt/airflow/dags/smart_city_traffic_batch_dag.py                           1           0  4.12s           2026-01-25T10:35:44
================================================================================
[2026-01-25T10:36:37.192+0000] {manager.py:878} INFO - 
================================================================================
DAG File Processing Stats

File Path                                          PID    Runtime      # DAGs    # Errors  Last Runtime    Last Run
-------------------------------------------------  -----  ---------  --------  ----------  --------------  -------------------
/opt/airflow/dags/smart_city_traffic_batch_dag.py                           1           0  16.50s          2026-01-25T10:36:32
================================================================================
[2026-01-25T10:37:08.134+0000] {manager.py:878} INFO - 
================================================================================
DAG File Processing Stats

File Path                                            PID  Runtime      # DAGs    # Errors  Last Runtime    Last Run
-------------------------------------------------  -----  ---------  --------  ----------  --------------  -------------------
/opt/airflow/dags/smart_city_traffic_batch_dag.py    505  5.38s             1           0  16.50s          2026-01-25T10:36:32
================================================================================
[2026-01-25T10:37:38.445+0000] {manager.py:878} INFO - 
================================================================================
DAG File Processing Stats

File Path                                          PID    Runtime      # DAGs    # Errors  Last Runtime    Last Run
-------------------------------------------------  -----  ---------  --------  ----------  --------------  -------------------
/opt/airflow/dags/smart_city_traffic_batch_dag.py                           1           0  10.92s          2026-01-25T10:37:13
================================================================================
