[2026-05-06T02:29:31.332+0000] {processor.py:161} INFO - Started process (PID=171) to work on /opt/airflow/dags/smart_city_traffic_batch_dag.py
[2026-05-06T02:29:31.336+0000] {processor.py:830} INFO - Processing file /opt/airflow/dags/smart_city_traffic_batch_dag.py for tasks to queue
[2026-05-06T02:29:31.343+0000] {logging_mixin.py:188} INFO - [2026-05-06T02:29:31.342+0000] {dagbag.py:545} INFO - Filling up the DagBag from /opt/airflow/dags/smart_city_traffic_batch_dag.py
[2026-05-06T02:29:33.269+0000] {processor.py:840} INFO - DAG(s) 'smart_city_traffic_batch_dag' retrieved from /opt/airflow/dags/smart_city_traffic_batch_dag.py
[2026-05-06T02:29:33.421+0000] {logging_mixin.py:188} INFO - [2026-05-06T02:29:33.420+0000] {dag.py:3089} INFO - Sync 1 DAGs
[2026-05-06T02:29:33.483+0000] {logging_mixin.py:188} INFO - [2026-05-06T02:29:33.482+0000] {dag.py:3947} INFO - Setting next_dagrun for smart_city_traffic_batch_dag to 2026-05-06 01:00:00+00:00, run_after=2026-05-07 01:00:00+00:00
[2026-05-06T02:29:33.551+0000] {processor.py:183} INFO - Processing /opt/airflow/dags/smart_city_traffic_batch_dag.py took 2.242 seconds
[2026-05-06T02:30:03.808+0000] {processor.py:161} INFO - Started process (PID=190) to work on /opt/airflow/dags/smart_city_traffic_batch_dag.py
[2026-05-06T02:30:03.811+0000] {processor.py:830} INFO - Processing file /opt/airflow/dags/smart_city_traffic_batch_dag.py for tasks to queue
[2026-05-06T02:30:03.818+0000] {logging_mixin.py:188} INFO - [2026-05-06T02:30:03.816+0000] {dagbag.py:545} INFO - Filling up the DagBag from /opt/airflow/dags/smart_city_traffic_batch_dag.py
[2026-05-06T02:30:04.455+0000] {processor.py:840} INFO - DAG(s) 'smart_city_traffic_batch_dag' retrieved from /opt/airflow/dags/smart_city_traffic_batch_dag.py
[2026-05-06T02:30:04.550+0000] {logging_mixin.py:188} INFO - [2026-05-06T02:30:04.549+0000] {dag.py:3089} INFO - Sync 1 DAGs
[2026-05-06T02:30:04.596+0000] {logging_mixin.py:188} INFO - [2026-05-06T02:30:04.596+0000] {dag.py:3947} INFO - Setting next_dagrun for smart_city_traffic_batch_dag to 2026-05-06 01:00:00+00:00, run_after=2026-05-07 01:00:00+00:00
[2026-05-06T02:30:04.632+0000] {processor.py:183} INFO - Processing /opt/airflow/dags/smart_city_traffic_batch_dag.py took 0.840 seconds
[2026-05-06T02:30:35.012+0000] {processor.py:161} INFO - Started process (PID=196) to work on /opt/airflow/dags/smart_city_traffic_batch_dag.py
[2026-05-06T02:30:35.015+0000] {processor.py:830} INFO - Processing file /opt/airflow/dags/smart_city_traffic_batch_dag.py for tasks to queue
[2026-05-06T02:30:35.020+0000] {logging_mixin.py:188} INFO - [2026-05-06T02:30:35.019+0000] {dagbag.py:545} INFO - Filling up the DagBag from /opt/airflow/dags/smart_city_traffic_batch_dag.py
[2026-05-06T02:30:35.886+0000] {processor.py:840} INFO - DAG(s) 'smart_city_traffic_batch_dag' retrieved from /opt/airflow/dags/smart_city_traffic_batch_dag.py
[2026-05-06T02:30:35.971+0000] {logging_mixin.py:188} INFO - [2026-05-06T02:30:35.970+0000] {dag.py:3089} INFO - Sync 1 DAGs
[2026-05-06T02:30:36.026+0000] {logging_mixin.py:188} INFO - [2026-05-06T02:30:36.025+0000] {dag.py:3947} INFO - Setting next_dagrun for smart_city_traffic_batch_dag to 2026-05-06 01:00:00+00:00, run_after=2026-05-07 01:00:00+00:00
[2026-05-06T02:30:36.066+0000] {processor.py:183} INFO - Processing /opt/airflow/dags/smart_city_traffic_batch_dag.py took 1.067 seconds
[2026-05-06T02:31:06.432+0000] {processor.py:161} INFO - Started process (PID=202) to work on /opt/airflow/dags/smart_city_traffic_batch_dag.py
[2026-05-06T02:31:06.435+0000] {processor.py:830} INFO - Processing file /opt/airflow/dags/smart_city_traffic_batch_dag.py for tasks to queue
[2026-05-06T02:31:06.441+0000] {logging_mixin.py:188} INFO - [2026-05-06T02:31:06.440+0000] {dagbag.py:545} INFO - Filling up the DagBag from /opt/airflow/dags/smart_city_traffic_batch_dag.py
[2026-05-06T02:31:07.104+0000] {processor.py:840} INFO - DAG(s) 'smart_city_traffic_batch_dag' retrieved from /opt/airflow/dags/smart_city_traffic_batch_dag.py
[2026-05-06T02:31:07.173+0000] {logging_mixin.py:188} INFO - [2026-05-06T02:31:07.172+0000] {dag.py:3089} INFO - Sync 1 DAGs
[2026-05-06T02:31:07.220+0000] {logging_mixin.py:188} INFO - [2026-05-06T02:31:07.219+0000] {dag.py:3947} INFO - Setting next_dagrun for smart_city_traffic_batch_dag to 2026-05-06 01:00:00+00:00, run_after=2026-05-07 01:00:00+00:00
[2026-05-06T02:31:07.269+0000] {processor.py:183} INFO - Processing /opt/airflow/dags/smart_city_traffic_batch_dag.py took 0.858 seconds
[2026-05-06T02:31:37.667+0000] {processor.py:161} INFO - Started process (PID=208) to work on /opt/airflow/dags/smart_city_traffic_batch_dag.py
[2026-05-06T02:31:37.669+0000] {processor.py:830} INFO - Processing file /opt/airflow/dags/smart_city_traffic_batch_dag.py for tasks to queue
[2026-05-06T02:31:37.674+0000] {logging_mixin.py:188} INFO - [2026-05-06T02:31:37.673+0000] {dagbag.py:545} INFO - Filling up the DagBag from /opt/airflow/dags/smart_city_traffic_batch_dag.py
[2026-05-06T02:31:38.328+0000] {processor.py:840} INFO - DAG(s) 'smart_city_traffic_batch_dag' retrieved from /opt/airflow/dags/smart_city_traffic_batch_dag.py
[2026-05-06T02:31:38.395+0000] {logging_mixin.py:188} INFO - [2026-05-06T02:31:38.395+0000] {dag.py:3089} INFO - Sync 1 DAGs
[2026-05-06T02:31:38.941+0000] {logging_mixin.py:188} INFO - [2026-05-06T02:31:38.940+0000] {dag.py:3947} INFO - Setting next_dagrun for smart_city_traffic_batch_dag to 2026-05-06 01:00:00+00:00, run_after=2026-05-07 01:00:00+00:00
[2026-05-06T02:31:38.974+0000] {processor.py:183} INFO - Processing /opt/airflow/dags/smart_city_traffic_batch_dag.py took 1.322 seconds
[2026-05-06T02:32:09.351+0000] {processor.py:161} INFO - Started process (PID=214) to work on /opt/airflow/dags/smart_city_traffic_batch_dag.py
[2026-05-06T02:32:09.354+0000] {processor.py:830} INFO - Processing file /opt/airflow/dags/smart_city_traffic_batch_dag.py for tasks to queue
[2026-05-06T02:32:09.359+0000] {logging_mixin.py:188} INFO - [2026-05-06T02:32:09.358+0000] {dagbag.py:545} INFO - Filling up the DagBag from /opt/airflow/dags/smart_city_traffic_batch_dag.py
[2026-05-06T02:32:10.262+0000] {processor.py:840} INFO - DAG(s) 'smart_city_traffic_batch_dag' retrieved from /opt/airflow/dags/smart_city_traffic_batch_dag.py
[2026-05-06T02:32:10.343+0000] {logging_mixin.py:188} INFO - [2026-05-06T02:32:10.343+0000] {dag.py:3089} INFO - Sync 1 DAGs
[2026-05-06T02:32:10.386+0000] {logging_mixin.py:188} INFO - [2026-05-06T02:32:10.386+0000] {dag.py:3947} INFO - Setting next_dagrun for smart_city_traffic_batch_dag to 2026-05-06 01:00:00+00:00, run_after=2026-05-07 01:00:00+00:00
[2026-05-06T02:32:10.419+0000] {processor.py:183} INFO - Processing /opt/airflow/dags/smart_city_traffic_batch_dag.py took 1.085 seconds
[2026-05-06T02:32:41.312+0000] {processor.py:161} INFO - Started process (PID=220) to work on /opt/airflow/dags/smart_city_traffic_batch_dag.py
[2026-05-06T02:32:41.316+0000] {processor.py:830} INFO - Processing file /opt/airflow/dags/smart_city_traffic_batch_dag.py for tasks to queue
[2026-05-06T02:32:41.321+0000] {logging_mixin.py:188} INFO - [2026-05-06T02:32:41.320+0000] {dagbag.py:545} INFO - Filling up the DagBag from /opt/airflow/dags/smart_city_traffic_batch_dag.py
[2026-05-06T02:32:42.048+0000] {processor.py:840} INFO - DAG(s) 'smart_city_traffic_batch_dag' retrieved from /opt/airflow/dags/smart_city_traffic_batch_dag.py
[2026-05-06T02:32:42.149+0000] {logging_mixin.py:188} INFO - [2026-05-06T02:32:42.148+0000] {dag.py:3089} INFO - Sync 1 DAGs
[2026-05-06T02:32:42.212+0000] {logging_mixin.py:188} INFO - [2026-05-06T02:32:42.211+0000] {dag.py:3947} INFO - Setting next_dagrun for smart_city_traffic_batch_dag to 2026-05-06 01:00:00+00:00, run_after=2026-05-07 01:00:00+00:00
[2026-05-06T02:32:42.252+0000] {processor.py:183} INFO - Processing /opt/airflow/dags/smart_city_traffic_batch_dag.py took 0.955 seconds
[2026-05-06T02:33:12.687+0000] {processor.py:161} INFO - Started process (PID=226) to work on /opt/airflow/dags/smart_city_traffic_batch_dag.py
[2026-05-06T02:33:12.690+0000] {processor.py:830} INFO - Processing file /opt/airflow/dags/smart_city_traffic_batch_dag.py for tasks to queue
[2026-05-06T02:33:12.698+0000] {logging_mixin.py:188} INFO - [2026-05-06T02:33:12.697+0000] {dagbag.py:545} INFO - Filling up the DagBag from /opt/airflow/dags/smart_city_traffic_batch_dag.py
[2026-05-06T02:33:13.719+0000] {processor.py:840} INFO - DAG(s) 'smart_city_traffic_batch_dag' retrieved from /opt/airflow/dags/smart_city_traffic_batch_dag.py
[2026-05-06T02:33:13.799+0000] {logging_mixin.py:188} INFO - [2026-05-06T02:33:13.798+0000] {dag.py:3089} INFO - Sync 1 DAGs
[2026-05-06T02:33:13.858+0000] {logging_mixin.py:188} INFO - [2026-05-06T02:33:13.857+0000] {dag.py:3947} INFO - Setting next_dagrun for smart_city_traffic_batch_dag to 2026-05-06 01:00:00+00:00, run_after=2026-05-07 01:00:00+00:00
[2026-05-06T02:33:14.390+0000] {processor.py:183} INFO - Processing /opt/airflow/dags/smart_city_traffic_batch_dag.py took 1.729 seconds
[2026-05-06T02:33:44.823+0000] {processor.py:161} INFO - Started process (PID=232) to work on /opt/airflow/dags/smart_city_traffic_batch_dag.py
[2026-05-06T02:33:44.826+0000] {processor.py:830} INFO - Processing file /opt/airflow/dags/smart_city_traffic_batch_dag.py for tasks to queue
[2026-05-06T02:33:44.834+0000] {logging_mixin.py:188} INFO - [2026-05-06T02:33:44.832+0000] {dagbag.py:545} INFO - Filling up the DagBag from /opt/airflow/dags/smart_city_traffic_batch_dag.py
[2026-05-06T02:33:45.634+0000] {processor.py:840} INFO - DAG(s) 'smart_city_traffic_batch_dag' retrieved from /opt/airflow/dags/smart_city_traffic_batch_dag.py
[2026-05-06T02:33:45.709+0000] {logging_mixin.py:188} INFO - [2026-05-06T02:33:45.708+0000] {dag.py:3089} INFO - Sync 1 DAGs
[2026-05-06T02:33:46.191+0000] {logging_mixin.py:188} INFO - [2026-05-06T02:33:46.191+0000] {dag.py:3947} INFO - Setting next_dagrun for smart_city_traffic_batch_dag to 2026-05-06 01:00:00+00:00, run_after=2026-05-07 01:00:00+00:00
[2026-05-06T02:33:46.224+0000] {processor.py:183} INFO - Processing /opt/airflow/dags/smart_city_traffic_batch_dag.py took 1.421 seconds
[2026-05-06T02:34:16.610+0000] {processor.py:161} INFO - Started process (PID=238) to work on /opt/airflow/dags/smart_city_traffic_batch_dag.py
[2026-05-06T02:34:16.613+0000] {processor.py:830} INFO - Processing file /opt/airflow/dags/smart_city_traffic_batch_dag.py for tasks to queue
[2026-05-06T02:34:16.618+0000] {logging_mixin.py:188} INFO - [2026-05-06T02:34:16.617+0000] {dagbag.py:545} INFO - Filling up the DagBag from /opt/airflow/dags/smart_city_traffic_batch_dag.py
[2026-05-06T02:34:17.316+0000] {processor.py:840} INFO - DAG(s) 'smart_city_traffic_batch_dag' retrieved from /opt/airflow/dags/smart_city_traffic_batch_dag.py
[2026-05-06T02:34:17.398+0000] {logging_mixin.py:188} INFO - [2026-05-06T02:34:17.398+0000] {dag.py:3089} INFO - Sync 1 DAGs
[2026-05-06T02:34:17.464+0000] {logging_mixin.py:188} INFO - [2026-05-06T02:34:17.463+0000] {dag.py:3947} INFO - Setting next_dagrun for smart_city_traffic_batch_dag to 2026-05-06 01:00:00+00:00, run_after=2026-05-07 01:00:00+00:00
[2026-05-06T02:34:17.527+0000] {processor.py:183} INFO - Processing /opt/airflow/dags/smart_city_traffic_batch_dag.py took 0.934 seconds
[2026-05-06T02:34:48.031+0000] {processor.py:161} INFO - Started process (PID=250) to work on /opt/airflow/dags/smart_city_traffic_batch_dag.py
[2026-05-06T02:34:48.034+0000] {processor.py:830} INFO - Processing file /opt/airflow/dags/smart_city_traffic_batch_dag.py for tasks to queue
[2026-05-06T02:34:48.040+0000] {logging_mixin.py:188} INFO - [2026-05-06T02:34:48.039+0000] {dagbag.py:545} INFO - Filling up the DagBag from /opt/airflow/dags/smart_city_traffic_batch_dag.py
[2026-05-06T02:34:48.662+0000] {processor.py:840} INFO - DAG(s) 'smart_city_traffic_batch_dag' retrieved from /opt/airflow/dags/smart_city_traffic_batch_dag.py
[2026-05-06T02:34:48.741+0000] {logging_mixin.py:188} INFO - [2026-05-06T02:34:48.740+0000] {dag.py:3089} INFO - Sync 1 DAGs
[2026-05-06T02:34:48.790+0000] {logging_mixin.py:188} INFO - [2026-05-06T02:34:48.789+0000] {dag.py:3947} INFO - Setting next_dagrun for smart_city_traffic_batch_dag to 2026-05-06 01:00:00+00:00, run_after=2026-05-07 01:00:00+00:00
[2026-05-06T02:34:48.862+0000] {processor.py:183} INFO - Processing /opt/airflow/dags/smart_city_traffic_batch_dag.py took 0.844 seconds
[2026-05-06T02:35:19.305+0000] {processor.py:161} INFO - Started process (PID=256) to work on /opt/airflow/dags/smart_city_traffic_batch_dag.py
[2026-05-06T02:35:19.309+0000] {processor.py:830} INFO - Processing file /opt/airflow/dags/smart_city_traffic_batch_dag.py for tasks to queue
[2026-05-06T02:35:19.315+0000] {logging_mixin.py:188} INFO - [2026-05-06T02:35:19.314+0000] {dagbag.py:545} INFO - Filling up the DagBag from /opt/airflow/dags/smart_city_traffic_batch_dag.py
[2026-05-06T02:35:20.173+0000] {processor.py:840} INFO - DAG(s) 'smart_city_traffic_batch_dag' retrieved from /opt/airflow/dags/smart_city_traffic_batch_dag.py
[2026-05-06T02:35:20.246+0000] {logging_mixin.py:188} INFO - [2026-05-06T02:35:20.245+0000] {dag.py:3089} INFO - Sync 1 DAGs
[2026-05-06T02:35:20.312+0000] {logging_mixin.py:188} INFO - [2026-05-06T02:35:20.311+0000] {dag.py:3947} INFO - Setting next_dagrun for smart_city_traffic_batch_dag to 2026-05-06 01:00:00+00:00, run_after=2026-05-07 01:00:00+00:00
[2026-05-06T02:35:20.369+0000] {processor.py:183} INFO - Processing /opt/airflow/dags/smart_city_traffic_batch_dag.py took 1.079 seconds
[2026-05-06T02:35:50.639+0000] {processor.py:161} INFO - Started process (PID=262) to work on /opt/airflow/dags/smart_city_traffic_batch_dag.py
[2026-05-06T02:35:50.642+0000] {processor.py:830} INFO - Processing file /opt/airflow/dags/smart_city_traffic_batch_dag.py for tasks to queue
[2026-05-06T02:35:50.647+0000] {logging_mixin.py:188} INFO - [2026-05-06T02:35:50.647+0000] {dagbag.py:545} INFO - Filling up the DagBag from /opt/airflow/dags/smart_city_traffic_batch_dag.py
[2026-05-06T02:35:51.347+0000] {processor.py:840} INFO - DAG(s) 'smart_city_traffic_batch_dag' retrieved from /opt/airflow/dags/smart_city_traffic_batch_dag.py
[2026-05-06T02:35:51.426+0000] {logging_mixin.py:188} INFO - [2026-05-06T02:35:51.425+0000] {dag.py:3089} INFO - Sync 1 DAGs
[2026-05-06T02:35:51.817+0000] {logging_mixin.py:188} INFO - [2026-05-06T02:35:51.817+0000] {dag.py:3947} INFO - Setting next_dagrun for smart_city_traffic_batch_dag to 2026-05-06 01:00:00+00:00, run_after=2026-05-07 01:00:00+00:00
[2026-05-06T02:35:51.854+0000] {processor.py:183} INFO - Processing /opt/airflow/dags/smart_city_traffic_batch_dag.py took 1.231 seconds
[2026-05-06T02:36:22.207+0000] {processor.py:161} INFO - Started process (PID=268) to work on /opt/airflow/dags/smart_city_traffic_batch_dag.py
[2026-05-06T02:36:22.209+0000] {processor.py:830} INFO - Processing file /opt/airflow/dags/smart_city_traffic_batch_dag.py for tasks to queue
[2026-05-06T02:36:22.213+0000] {logging_mixin.py:188} INFO - [2026-05-06T02:36:22.212+0000] {dagbag.py:545} INFO - Filling up the DagBag from /opt/airflow/dags/smart_city_traffic_batch_dag.py
[2026-05-06T02:36:22.779+0000] {processor.py:840} INFO - DAG(s) 'smart_city_traffic_batch_dag' retrieved from /opt/airflow/dags/smart_city_traffic_batch_dag.py
[2026-05-06T02:36:22.840+0000] {logging_mixin.py:188} INFO - [2026-05-06T02:36:22.839+0000] {dag.py:3089} INFO - Sync 1 DAGs
[2026-05-06T02:36:22.879+0000] {logging_mixin.py:188} INFO - [2026-05-06T02:36:22.878+0000] {dag.py:3947} INFO - Setting next_dagrun for smart_city_traffic_batch_dag to 2026-05-06 01:00:00+00:00, run_after=2026-05-07 01:00:00+00:00
[2026-05-06T02:36:22.914+0000] {processor.py:183} INFO - Processing /opt/airflow/dags/smart_city_traffic_batch_dag.py took 0.720 seconds
[2026-05-06T02:36:53.230+0000] {processor.py:161} INFO - Started process (PID=274) to work on /opt/airflow/dags/smart_city_traffic_batch_dag.py
[2026-05-06T02:36:53.232+0000] {processor.py:830} INFO - Processing file /opt/airflow/dags/smart_city_traffic_batch_dag.py for tasks to queue
[2026-05-06T02:36:53.235+0000] {logging_mixin.py:188} INFO - [2026-05-06T02:36:53.235+0000] {dagbag.py:545} INFO - Filling up the DagBag from /opt/airflow/dags/smart_city_traffic_batch_dag.py
[2026-05-06T02:36:53.770+0000] {processor.py:840} INFO - DAG(s) 'smart_city_traffic_batch_dag' retrieved from /opt/airflow/dags/smart_city_traffic_batch_dag.py
[2026-05-06T02:36:53.828+0000] {logging_mixin.py:188} INFO - [2026-05-06T02:36:53.828+0000] {dag.py:3089} INFO - Sync 1 DAGs
[2026-05-06T02:36:53.870+0000] {logging_mixin.py:188} INFO - [2026-05-06T02:36:53.870+0000] {dag.py:3947} INFO - Setting next_dagrun for smart_city_traffic_batch_dag to 2026-05-06 01:00:00+00:00, run_after=2026-05-07 01:00:00+00:00
[2026-05-06T02:36:53.904+0000] {processor.py:183} INFO - Processing /opt/airflow/dags/smart_city_traffic_batch_dag.py took 0.684 seconds
[2026-05-06T02:37:24.257+0000] {processor.py:161} INFO - Started process (PID=280) to work on /opt/airflow/dags/smart_city_traffic_batch_dag.py
[2026-05-06T02:37:24.260+0000] {processor.py:830} INFO - Processing file /opt/airflow/dags/smart_city_traffic_batch_dag.py for tasks to queue
[2026-05-06T02:37:24.264+0000] {logging_mixin.py:188} INFO - [2026-05-06T02:37:24.263+0000] {dagbag.py:545} INFO - Filling up the DagBag from /opt/airflow/dags/smart_city_traffic_batch_dag.py
[2026-05-06T02:37:24.804+0000] {processor.py:840} INFO - DAG(s) 'smart_city_traffic_batch_dag' retrieved from /opt/airflow/dags/smart_city_traffic_batch_dag.py
[2026-05-06T02:37:24.864+0000] {logging_mixin.py:188} INFO - [2026-05-06T02:37:24.863+0000] {dag.py:3089} INFO - Sync 1 DAGs
[2026-05-06T02:37:24.916+0000] {logging_mixin.py:188} INFO - [2026-05-06T02:37:24.915+0000] {dag.py:3947} INFO - Setting next_dagrun for smart_city_traffic_batch_dag to 2026-05-06 01:00:00+00:00, run_after=2026-05-07 01:00:00+00:00
[2026-05-06T02:37:24.957+0000] {processor.py:183} INFO - Processing /opt/airflow/dags/smart_city_traffic_batch_dag.py took 0.710 seconds
[2026-05-06T02:37:55.554+0000] {processor.py:161} INFO - Started process (PID=286) to work on /opt/airflow/dags/smart_city_traffic_batch_dag.py
[2026-05-06T02:37:55.567+0000] {processor.py:830} INFO - Processing file /opt/airflow/dags/smart_city_traffic_batch_dag.py for tasks to queue
[2026-05-06T02:37:55.589+0000] {logging_mixin.py:188} INFO - [2026-05-06T02:37:55.586+0000] {dagbag.py:545} INFO - Filling up the DagBag from /opt/airflow/dags/smart_city_traffic_batch_dag.py
[2026-05-06T02:37:56.731+0000] {processor.py:840} INFO - DAG(s) 'smart_city_traffic_batch_dag' retrieved from /opt/airflow/dags/smart_city_traffic_batch_dag.py
[2026-05-06T02:37:56.851+0000] {logging_mixin.py:188} INFO - [2026-05-06T02:37:56.850+0000] {dag.py:3089} INFO - Sync 1 DAGs
[2026-05-06T02:37:56.914+0000] {logging_mixin.py:188} INFO - [2026-05-06T02:37:56.914+0000] {dag.py:3947} INFO - Setting next_dagrun for smart_city_traffic_batch_dag to 2026-05-06 01:00:00+00:00, run_after=2026-05-07 01:00:00+00:00
[2026-05-06T02:37:58.247+0000] {processor.py:183} INFO - Processing /opt/airflow/dags/smart_city_traffic_batch_dag.py took 2.760 seconds
[2026-05-06T02:38:28.836+0000] {processor.py:161} INFO - Started process (PID=292) to work on /opt/airflow/dags/smart_city_traffic_batch_dag.py
[2026-05-06T02:38:28.840+0000] {processor.py:830} INFO - Processing file /opt/airflow/dags/smart_city_traffic_batch_dag.py for tasks to queue
[2026-05-06T02:38:28.846+0000] {logging_mixin.py:188} INFO - [2026-05-06T02:38:28.845+0000] {dagbag.py:545} INFO - Filling up the DagBag from /opt/airflow/dags/smart_city_traffic_batch_dag.py
[2026-05-06T02:38:29.987+0000] {processor.py:840} INFO - DAG(s) 'smart_city_traffic_batch_dag' retrieved from /opt/airflow/dags/smart_city_traffic_batch_dag.py
[2026-05-06T02:38:30.099+0000] {logging_mixin.py:188} INFO - [2026-05-06T02:38:30.097+0000] {dag.py:3089} INFO - Sync 1 DAGs
[2026-05-06T02:38:31.131+0000] {logging_mixin.py:188} INFO - [2026-05-06T02:38:31.122+0000] {dag.py:3947} INFO - Setting next_dagrun for smart_city_traffic_batch_dag to 2026-05-06 01:00:00+00:00, run_after=2026-05-07 01:00:00+00:00
[2026-05-06T02:38:31.196+0000] {processor.py:183} INFO - Processing /opt/airflow/dags/smart_city_traffic_batch_dag.py took 2.382 seconds
[2026-05-06T02:39:01.440+0000] {processor.py:161} INFO - Started process (PID=298) to work on /opt/airflow/dags/smart_city_traffic_batch_dag.py
[2026-05-06T02:39:01.443+0000] {processor.py:830} INFO - Processing file /opt/airflow/dags/smart_city_traffic_batch_dag.py for tasks to queue
[2026-05-06T02:39:01.450+0000] {logging_mixin.py:188} INFO - [2026-05-06T02:39:01.449+0000] {dagbag.py:545} INFO - Filling up the DagBag from /opt/airflow/dags/smart_city_traffic_batch_dag.py
[2026-05-06T02:39:02.274+0000] {processor.py:840} INFO - DAG(s) 'smart_city_traffic_batch_dag' retrieved from /opt/airflow/dags/smart_city_traffic_batch_dag.py
[2026-05-06T02:39:02.372+0000] {logging_mixin.py:188} INFO - [2026-05-06T02:39:02.371+0000] {dag.py:3089} INFO - Sync 1 DAGs
[2026-05-06T02:39:02.440+0000] {logging_mixin.py:188} INFO - [2026-05-06T02:39:02.439+0000] {dag.py:3947} INFO - Setting next_dagrun for smart_city_traffic_batch_dag to 2026-05-06 01:00:00+00:00, run_after=2026-05-07 01:00:00+00:00
[2026-05-06T02:39:02.482+0000] {processor.py:183} INFO - Processing /opt/airflow/dags/smart_city_traffic_batch_dag.py took 1.063 seconds
[2026-05-06T02:39:32.925+0000] {processor.py:161} INFO - Started process (PID=304) to work on /opt/airflow/dags/smart_city_traffic_batch_dag.py
[2026-05-06T02:39:32.928+0000] {processor.py:830} INFO - Processing file /opt/airflow/dags/smart_city_traffic_batch_dag.py for tasks to queue
[2026-05-06T02:39:32.933+0000] {logging_mixin.py:188} INFO - [2026-05-06T02:39:32.932+0000] {dagbag.py:545} INFO - Filling up the DagBag from /opt/airflow/dags/smart_city_traffic_batch_dag.py
[2026-05-06T02:39:33.593+0000] {processor.py:840} INFO - DAG(s) 'smart_city_traffic_batch_dag' retrieved from /opt/airflow/dags/smart_city_traffic_batch_dag.py
[2026-05-06T02:39:33.658+0000] {logging_mixin.py:188} INFO - [2026-05-06T02:39:33.657+0000] {dag.py:3089} INFO - Sync 1 DAGs
[2026-05-06T02:39:33.701+0000] {logging_mixin.py:188} INFO - [2026-05-06T02:39:33.700+0000] {dag.py:3947} INFO - Setting next_dagrun for smart_city_traffic_batch_dag to 2026-05-06 01:00:00+00:00, run_after=2026-05-07 01:00:00+00:00
[2026-05-06T02:39:33.741+0000] {processor.py:183} INFO - Processing /opt/airflow/dags/smart_city_traffic_batch_dag.py took 0.827 seconds
[2026-05-06T02:40:04.225+0000] {processor.py:161} INFO - Started process (PID=310) to work on /opt/airflow/dags/smart_city_traffic_batch_dag.py
[2026-05-06T02:40:04.229+0000] {processor.py:830} INFO - Processing file /opt/airflow/dags/smart_city_traffic_batch_dag.py for tasks to queue
[2026-05-06T02:40:04.243+0000] {logging_mixin.py:188} INFO - [2026-05-06T02:40:04.242+0000] {dagbag.py:545} INFO - Filling up the DagBag from /opt/airflow/dags/smart_city_traffic_batch_dag.py
[2026-05-06T02:40:05.044+0000] {processor.py:840} INFO - DAG(s) 'smart_city_traffic_batch_dag' retrieved from /opt/airflow/dags/smart_city_traffic_batch_dag.py
[2026-05-06T02:40:05.126+0000] {logging_mixin.py:188} INFO - [2026-05-06T02:40:05.126+0000] {dag.py:3089} INFO - Sync 1 DAGs
[2026-05-06T02:40:05.183+0000] {logging_mixin.py:188} INFO - [2026-05-06T02:40:05.183+0000] {dag.py:3947} INFO - Setting next_dagrun for smart_city_traffic_batch_dag to 2026-05-06 01:00:00+00:00, run_after=2026-05-07 01:00:00+00:00
[2026-05-06T02:40:06.258+0000] {processor.py:183} INFO - Processing /opt/airflow/dags/smart_city_traffic_batch_dag.py took 2.066 seconds
[2026-05-06T02:40:36.527+0000] {processor.py:161} INFO - Started process (PID=316) to work on /opt/airflow/dags/smart_city_traffic_batch_dag.py
[2026-05-06T02:40:36.529+0000] {processor.py:830} INFO - Processing file /opt/airflow/dags/smart_city_traffic_batch_dag.py for tasks to queue
[2026-05-06T02:40:36.537+0000] {logging_mixin.py:188} INFO - [2026-05-06T02:40:36.536+0000] {dagbag.py:545} INFO - Filling up the DagBag from /opt/airflow/dags/smart_city_traffic_batch_dag.py
[2026-05-06T02:40:37.298+0000] {processor.py:840} INFO - DAG(s) 'smart_city_traffic_batch_dag' retrieved from /opt/airflow/dags/smart_city_traffic_batch_dag.py
[2026-05-06T02:40:37.368+0000] {logging_mixin.py:188} INFO - [2026-05-06T02:40:37.367+0000] {dag.py:3089} INFO - Sync 1 DAGs
[2026-05-06T02:40:37.946+0000] {logging_mixin.py:188} INFO - [2026-05-06T02:40:37.946+0000] {dag.py:3947} INFO - Setting next_dagrun for smart_city_traffic_batch_dag to 2026-05-06 01:00:00+00:00, run_after=2026-05-07 01:00:00+00:00
[2026-05-06T02:40:37.981+0000] {processor.py:183} INFO - Processing /opt/airflow/dags/smart_city_traffic_batch_dag.py took 1.479 seconds
[2026-05-06T02:41:08.358+0000] {processor.py:161} INFO - Started process (PID=322) to work on /opt/airflow/dags/smart_city_traffic_batch_dag.py
[2026-05-06T02:41:08.361+0000] {processor.py:830} INFO - Processing file /opt/airflow/dags/smart_city_traffic_batch_dag.py for tasks to queue
[2026-05-06T02:41:08.367+0000] {logging_mixin.py:188} INFO - [2026-05-06T02:41:08.366+0000] {dagbag.py:545} INFO - Filling up the DagBag from /opt/airflow/dags/smart_city_traffic_batch_dag.py
[2026-05-06T02:41:09.107+0000] {processor.py:840} INFO - DAG(s) 'smart_city_traffic_batch_dag' retrieved from /opt/airflow/dags/smart_city_traffic_batch_dag.py
[2026-05-06T02:41:09.219+0000] {logging_mixin.py:188} INFO - [2026-05-06T02:41:09.218+0000] {dag.py:3089} INFO - Sync 1 DAGs
[2026-05-06T02:41:09.296+0000] {logging_mixin.py:188} INFO - [2026-05-06T02:41:09.295+0000] {dag.py:3947} INFO - Setting next_dagrun for smart_city_traffic_batch_dag to 2026-05-06 01:00:00+00:00, run_after=2026-05-07 01:00:00+00:00
[2026-05-06T02:41:09.352+0000] {processor.py:183} INFO - Processing /opt/airflow/dags/smart_city_traffic_batch_dag.py took 1.008 seconds
[2026-05-06T02:41:39.634+0000] {processor.py:161} INFO - Started process (PID=328) to work on /opt/airflow/dags/smart_city_traffic_batch_dag.py
[2026-05-06T02:41:39.636+0000] {processor.py:830} INFO - Processing file /opt/airflow/dags/smart_city_traffic_batch_dag.py for tasks to queue
[2026-05-06T02:41:39.642+0000] {logging_mixin.py:188} INFO - [2026-05-06T02:41:39.641+0000] {dagbag.py:545} INFO - Filling up the DagBag from /opt/airflow/dags/smart_city_traffic_batch_dag.py
[2026-05-06T02:41:40.917+0000] {processor.py:840} INFO - DAG(s) 'smart_city_traffic_batch_dag' retrieved from /opt/airflow/dags/smart_city_traffic_batch_dag.py
[2026-05-06T02:41:41.038+0000] {logging_mixin.py:188} INFO - [2026-05-06T02:41:41.038+0000] {dag.py:3089} INFO - Sync 1 DAGs
[2026-05-06T02:41:41.104+0000] {logging_mixin.py:188} INFO - [2026-05-06T02:41:41.104+0000] {dag.py:3947} INFO - Setting next_dagrun for smart_city_traffic_batch_dag to 2026-05-06 01:00:00+00:00, run_after=2026-05-07 01:00:00+00:00
[2026-05-06T02:41:41.145+0000] {processor.py:183} INFO - Processing /opt/airflow/dags/smart_city_traffic_batch_dag.py took 1.524 seconds
[2026-05-06T02:42:14.624+0000] {processor.py:161} INFO - Started process (PID=334) to work on /opt/airflow/dags/smart_city_traffic_batch_dag.py
[2026-05-06T02:42:14.742+0000] {processor.py:830} INFO - Processing file /opt/airflow/dags/smart_city_traffic_batch_dag.py for tasks to queue
[2026-05-06T02:42:14.853+0000] {logging_mixin.py:188} INFO - [2026-05-06T02:42:14.841+0000] {dagbag.py:545} INFO - Filling up the DagBag from /opt/airflow/dags/smart_city_traffic_batch_dag.py
[2026-05-06T02:42:17.670+0000] {processor.py:840} INFO - DAG(s) 'smart_city_traffic_batch_dag' retrieved from /opt/airflow/dags/smart_city_traffic_batch_dag.py
[2026-05-06T02:42:18.001+0000] {logging_mixin.py:188} INFO - [2026-05-06T02:42:17.999+0000] {dag.py:3089} INFO - Sync 1 DAGs
[2026-05-06T02:42:18.159+0000] {logging_mixin.py:188} INFO - [2026-05-06T02:42:18.159+0000] {dag.py:3947} INFO - Setting next_dagrun for smart_city_traffic_batch_dag to 2026-05-06 01:00:00+00:00, run_after=2026-05-07 01:00:00+00:00
[2026-05-06T02:42:23.580+0000] {processor.py:183} INFO - Processing /opt/airflow/dags/smart_city_traffic_batch_dag.py took 9.248 seconds
[2026-05-06T02:42:55.509+0000] {processor.py:161} INFO - Started process (PID=340) to work on /opt/airflow/dags/smart_city_traffic_batch_dag.py
[2026-05-06T02:42:55.523+0000] {processor.py:830} INFO - Processing file /opt/airflow/dags/smart_city_traffic_batch_dag.py for tasks to queue
[2026-05-06T02:42:55.570+0000] {logging_mixin.py:188} INFO - [2026-05-06T02:42:55.560+0000] {dagbag.py:545} INFO - Filling up the DagBag from /opt/airflow/dags/smart_city_traffic_batch_dag.py
[2026-05-06T02:42:58.686+0000] {processor.py:840} INFO - DAG(s) 'smart_city_traffic_batch_dag' retrieved from /opt/airflow/dags/smart_city_traffic_batch_dag.py
[2026-05-06T02:42:59.129+0000] {logging_mixin.py:188} INFO - [2026-05-06T02:42:59.128+0000] {dag.py:3089} INFO - Sync 1 DAGs
[2026-05-06T02:43:00.443+0000] {logging_mixin.py:188} INFO - [2026-05-06T02:43:00.442+0000] {dag.py:3947} INFO - Setting next_dagrun for smart_city_traffic_batch_dag to 2026-05-06 01:00:00+00:00, run_after=2026-05-07 01:00:00+00:00
[2026-05-06T02:43:00.614+0000] {processor.py:183} INFO - Processing /opt/airflow/dags/smart_city_traffic_batch_dag.py took 5.239 seconds
[2026-05-06T02:43:31.928+0000] {processor.py:161} INFO - Started process (PID=346) to work on /opt/airflow/dags/smart_city_traffic_batch_dag.py
[2026-05-06T02:43:31.941+0000] {processor.py:830} INFO - Processing file /opt/airflow/dags/smart_city_traffic_batch_dag.py for tasks to queue
[2026-05-06T02:43:31.973+0000] {logging_mixin.py:188} INFO - [2026-05-06T02:43:31.968+0000] {dagbag.py:545} INFO - Filling up the DagBag from /opt/airflow/dags/smart_city_traffic_batch_dag.py
[2026-05-06T02:43:33.785+0000] {processor.py:840} INFO - DAG(s) 'smart_city_traffic_batch_dag' retrieved from /opt/airflow/dags/smart_city_traffic_batch_dag.py
[2026-05-06T02:43:34.781+0000] {logging_mixin.py:188} INFO - [2026-05-06T02:43:34.780+0000] {dag.py:3089} INFO - Sync 1 DAGs
[2026-05-06T02:43:34.845+0000] {logging_mixin.py:188} INFO - [2026-05-06T02:43:34.844+0000] {dag.py:3947} INFO - Setting next_dagrun for smart_city_traffic_batch_dag to 2026-05-06 01:00:00+00:00, run_after=2026-05-07 01:00:00+00:00
[2026-05-06T02:43:34.896+0000] {processor.py:183} INFO - Processing /opt/airflow/dags/smart_city_traffic_batch_dag.py took 3.098 seconds
[2026-05-06T02:44:05.999+0000] {processor.py:161} INFO - Started process (PID=352) to work on /opt/airflow/dags/smart_city_traffic_batch_dag.py
[2026-05-06T02:44:06.021+0000] {processor.py:830} INFO - Processing file /opt/airflow/dags/smart_city_traffic_batch_dag.py for tasks to queue
[2026-05-06T02:44:06.068+0000] {logging_mixin.py:188} INFO - [2026-05-06T02:44:06.061+0000] {dagbag.py:545} INFO - Filling up the DagBag from /opt/airflow/dags/smart_city_traffic_batch_dag.py
[2026-05-06T02:44:08.841+0000] {processor.py:840} INFO - DAG(s) 'smart_city_traffic_batch_dag' retrieved from /opt/airflow/dags/smart_city_traffic_batch_dag.py
[2026-05-06T02:44:09.092+0000] {logging_mixin.py:188} INFO - [2026-05-06T02:44:09.090+0000] {dag.py:3089} INFO - Sync 1 DAGs
[2026-05-06T02:44:09.243+0000] {logging_mixin.py:188} INFO - [2026-05-06T02:44:09.242+0000] {dag.py:3947} INFO - Setting next_dagrun for smart_city_traffic_batch_dag to 2026-05-06 01:00:00+00:00, run_after=2026-05-07 01:00:00+00:00
[2026-05-06T02:44:09.330+0000] {processor.py:183} INFO - Processing /opt/airflow/dags/smart_city_traffic_batch_dag.py took 3.459 seconds
[2026-05-06T02:44:40.063+0000] {processor.py:161} INFO - Started process (PID=358) to work on /opt/airflow/dags/smart_city_traffic_batch_dag.py
[2026-05-06T02:44:40.074+0000] {processor.py:830} INFO - Processing file /opt/airflow/dags/smart_city_traffic_batch_dag.py for tasks to queue
[2026-05-06T02:44:40.119+0000] {logging_mixin.py:188} INFO - [2026-05-06T02:44:40.113+0000] {dagbag.py:545} INFO - Filling up the DagBag from /opt/airflow/dags/smart_city_traffic_batch_dag.py
[2026-05-06T02:44:43.587+0000] {processor.py:840} INFO - DAG(s) 'smart_city_traffic_batch_dag' retrieved from /opt/airflow/dags/smart_city_traffic_batch_dag.py
[2026-05-06T02:44:43.977+0000] {logging_mixin.py:188} INFO - [2026-05-06T02:44:43.976+0000] {dag.py:3089} INFO - Sync 1 DAGs
[2026-05-06T02:44:44.136+0000] {logging_mixin.py:188} INFO - [2026-05-06T02:44:44.130+0000] {dag.py:3947} INFO - Setting next_dagrun for smart_city_traffic_batch_dag to 2026-05-06 01:00:00+00:00, run_after=2026-05-07 01:00:00+00:00
[2026-05-06T02:44:44.265+0000] {processor.py:183} INFO - Processing /opt/airflow/dags/smart_city_traffic_batch_dag.py took 4.283 seconds
[2026-05-06T02:45:14.765+0000] {processor.py:161} INFO - Started process (PID=364) to work on /opt/airflow/dags/smart_city_traffic_batch_dag.py
[2026-05-06T02:45:14.767+0000] {processor.py:830} INFO - Processing file /opt/airflow/dags/smart_city_traffic_batch_dag.py for tasks to queue
[2026-05-06T02:45:14.776+0000] {logging_mixin.py:188} INFO - [2026-05-06T02:45:14.774+0000] {dagbag.py:545} INFO - Filling up the DagBag from /opt/airflow/dags/smart_city_traffic_batch_dag.py
[2026-05-06T02:45:16.098+0000] {processor.py:840} INFO - DAG(s) 'smart_city_traffic_batch_dag' retrieved from /opt/airflow/dags/smart_city_traffic_batch_dag.py
[2026-05-06T02:45:16.214+0000] {logging_mixin.py:188} INFO - [2026-05-06T02:45:16.213+0000] {dag.py:3089} INFO - Sync 1 DAGs
[2026-05-06T02:45:18.917+0000] {logging_mixin.py:188} INFO - [2026-05-06T02:45:18.917+0000] {dag.py:3947} INFO - Setting next_dagrun for smart_city_traffic_batch_dag to 2026-05-06 01:00:00+00:00, run_after=2026-05-07 01:00:00+00:00
[2026-05-06T02:45:19.009+0000] {processor.py:183} INFO - Processing /opt/airflow/dags/smart_city_traffic_batch_dag.py took 4.263 seconds
[2026-05-06T02:45:49.435+0000] {processor.py:161} INFO - Started process (PID=370) to work on /opt/airflow/dags/smart_city_traffic_batch_dag.py
[2026-05-06T02:45:49.438+0000] {processor.py:830} INFO - Processing file /opt/airflow/dags/smart_city_traffic_batch_dag.py for tasks to queue
[2026-05-06T02:45:49.442+0000] {logging_mixin.py:188} INFO - [2026-05-06T02:45:49.441+0000] {dagbag.py:545} INFO - Filling up the DagBag from /opt/airflow/dags/smart_city_traffic_batch_dag.py
[2026-05-06T02:45:50.280+0000] {processor.py:840} INFO - DAG(s) 'smart_city_traffic_batch_dag' retrieved from /opt/airflow/dags/smart_city_traffic_batch_dag.py
[2026-05-06T02:45:50.390+0000] {logging_mixin.py:188} INFO - [2026-05-06T02:45:50.389+0000] {dag.py:3089} INFO - Sync 1 DAGs
[2026-05-06T02:45:51.169+0000] {logging_mixin.py:188} INFO - [2026-05-06T02:45:51.169+0000] {dag.py:3947} INFO - Setting next_dagrun for smart_city_traffic_batch_dag to 2026-05-06 01:00:00+00:00, run_after=2026-05-07 01:00:00+00:00
[2026-05-06T02:45:51.209+0000] {processor.py:183} INFO - Processing /opt/airflow/dags/smart_city_traffic_batch_dag.py took 1.785 seconds
[2026-05-06T02:46:21.608+0000] {processor.py:161} INFO - Started process (PID=376) to work on /opt/airflow/dags/smart_city_traffic_batch_dag.py
[2026-05-06T02:46:21.610+0000] {processor.py:830} INFO - Processing file /opt/airflow/dags/smart_city_traffic_batch_dag.py for tasks to queue
[2026-05-06T02:46:21.617+0000] {logging_mixin.py:188} INFO - [2026-05-06T02:46:21.616+0000] {dagbag.py:545} INFO - Filling up the DagBag from /opt/airflow/dags/smart_city_traffic_batch_dag.py
[2026-05-06T02:46:22.537+0000] {processor.py:840} INFO - DAG(s) 'smart_city_traffic_batch_dag' retrieved from /opt/airflow/dags/smart_city_traffic_batch_dag.py
[2026-05-06T02:46:22.622+0000] {logging_mixin.py:188} INFO - [2026-05-06T02:46:22.621+0000] {dag.py:3089} INFO - Sync 1 DAGs
[2026-05-06T02:46:22.695+0000] {logging_mixin.py:188} INFO - [2026-05-06T02:46:22.694+0000] {dag.py:3947} INFO - Setting next_dagrun for smart_city_traffic_batch_dag to 2026-05-06 01:00:00+00:00, run_after=2026-05-07 01:00:00+00:00
[2026-05-06T02:46:22.763+0000] {processor.py:183} INFO - Processing /opt/airflow/dags/smart_city_traffic_batch_dag.py took 1.167 seconds
[2026-05-06T02:46:52.924+0000] {processor.py:161} INFO - Started process (PID=382) to work on /opt/airflow/dags/smart_city_traffic_batch_dag.py
[2026-05-06T02:46:52.927+0000] {processor.py:830} INFO - Processing file /opt/airflow/dags/smart_city_traffic_batch_dag.py for tasks to queue
[2026-05-06T02:46:52.940+0000] {logging_mixin.py:188} INFO - [2026-05-06T02:46:52.939+0000] {dagbag.py:545} INFO - Filling up the DagBag from /opt/airflow/dags/smart_city_traffic_batch_dag.py
[2026-05-06T02:46:54.042+0000] {processor.py:840} INFO - DAG(s) 'smart_city_traffic_batch_dag' retrieved from /opt/airflow/dags/smart_city_traffic_batch_dag.py
[2026-05-06T02:46:54.146+0000] {logging_mixin.py:188} INFO - [2026-05-06T02:46:54.145+0000] {dag.py:3089} INFO - Sync 1 DAGs
[2026-05-06T02:46:54.215+0000] {logging_mixin.py:188} INFO - [2026-05-06T02:46:54.214+0000] {dag.py:3947} INFO - Setting next_dagrun for smart_city_traffic_batch_dag to 2026-05-06 01:00:00+00:00, run_after=2026-05-07 01:00:00+00:00
[2026-05-06T02:46:54.268+0000] {processor.py:183} INFO - Processing /opt/airflow/dags/smart_city_traffic_batch_dag.py took 1.361 seconds
[2026-05-06T02:47:24.675+0000] {processor.py:161} INFO - Started process (PID=388) to work on /opt/airflow/dags/smart_city_traffic_batch_dag.py
[2026-05-06T02:47:24.677+0000] {processor.py:830} INFO - Processing file /opt/airflow/dags/smart_city_traffic_batch_dag.py for tasks to queue
[2026-05-06T02:47:24.681+0000] {logging_mixin.py:188} INFO - [2026-05-06T02:47:24.680+0000] {dagbag.py:545} INFO - Filling up the DagBag from /opt/airflow/dags/smart_city_traffic_batch_dag.py
[2026-05-06T02:47:25.254+0000] {processor.py:840} INFO - DAG(s) 'smart_city_traffic_batch_dag' retrieved from /opt/airflow/dags/smart_city_traffic_batch_dag.py
[2026-05-06T02:47:25.320+0000] {logging_mixin.py:188} INFO - [2026-05-06T02:47:25.320+0000] {dag.py:3089} INFO - Sync 1 DAGs
[2026-05-06T02:47:26.324+0000] {logging_mixin.py:188} INFO - [2026-05-06T02:47:26.323+0000] {dag.py:3947} INFO - Setting next_dagrun for smart_city_traffic_batch_dag to 2026-05-06 01:00:00+00:00, run_after=2026-05-07 01:00:00+00:00
[2026-05-06T02:47:26.362+0000] {processor.py:183} INFO - Processing /opt/airflow/dags/smart_city_traffic_batch_dag.py took 1.698 seconds
[2026-05-06T02:47:56.689+0000] {processor.py:161} INFO - Started process (PID=394) to work on /opt/airflow/dags/smart_city_traffic_batch_dag.py
[2026-05-06T02:47:56.692+0000] {processor.py:830} INFO - Processing file /opt/airflow/dags/smart_city_traffic_batch_dag.py for tasks to queue
[2026-05-06T02:47:56.700+0000] {logging_mixin.py:188} INFO - [2026-05-06T02:47:56.699+0000] {dagbag.py:545} INFO - Filling up the DagBag from /opt/airflow/dags/smart_city_traffic_batch_dag.py
[2026-05-06T02:47:57.779+0000] {processor.py:840} INFO - DAG(s) 'smart_city_traffic_batch_dag' retrieved from /opt/airflow/dags/smart_city_traffic_batch_dag.py
[2026-05-06T02:47:57.902+0000] {logging_mixin.py:188} INFO - [2026-05-06T02:47:57.901+0000] {dag.py:3089} INFO - Sync 1 DAGs
[2026-05-06T02:47:58.655+0000] {logging_mixin.py:188} INFO - [2026-05-06T02:47:58.655+0000] {dag.py:3947} INFO - Setting next_dagrun for smart_city_traffic_batch_dag to 2026-05-06 01:00:00+00:00, run_after=2026-05-07 01:00:00+00:00
[2026-05-06T02:47:58.712+0000] {processor.py:183} INFO - Processing /opt/airflow/dags/smart_city_traffic_batch_dag.py took 2.049 seconds
[2026-05-06T02:48:29.019+0000] {processor.py:161} INFO - Started process (PID=400) to work on /opt/airflow/dags/smart_city_traffic_batch_dag.py
[2026-05-06T02:48:29.021+0000] {processor.py:830} INFO - Processing file /opt/airflow/dags/smart_city_traffic_batch_dag.py for tasks to queue
[2026-05-06T02:48:29.025+0000] {logging_mixin.py:188} INFO - [2026-05-06T02:48:29.024+0000] {dagbag.py:545} INFO - Filling up the DagBag from /opt/airflow/dags/smart_city_traffic_batch_dag.py
[2026-05-06T02:48:29.811+0000] {processor.py:840} INFO - DAG(s) 'smart_city_traffic_batch_dag' retrieved from /opt/airflow/dags/smart_city_traffic_batch_dag.py
[2026-05-06T02:48:29.878+0000] {logging_mixin.py:188} INFO - [2026-05-06T02:48:29.877+0000] {dag.py:3089} INFO - Sync 1 DAGs
[2026-05-06T02:48:29.920+0000] {logging_mixin.py:188} INFO - [2026-05-06T02:48:29.920+0000] {dag.py:3947} INFO - Setting next_dagrun for smart_city_traffic_batch_dag to 2026-05-06 01:00:00+00:00, run_after=2026-05-07 01:00:00+00:00
[2026-05-06T02:48:29.959+0000] {processor.py:183} INFO - Processing /opt/airflow/dags/smart_city_traffic_batch_dag.py took 0.950 seconds
[2026-05-06T02:49:00.379+0000] {processor.py:161} INFO - Started process (PID=406) to work on /opt/airflow/dags/smart_city_traffic_batch_dag.py
[2026-05-06T02:49:00.390+0000] {processor.py:830} INFO - Processing file /opt/airflow/dags/smart_city_traffic_batch_dag.py for tasks to queue
[2026-05-06T02:49:00.394+0000] {logging_mixin.py:188} INFO - [2026-05-06T02:49:00.394+0000] {dagbag.py:545} INFO - Filling up the DagBag from /opt/airflow/dags/smart_city_traffic_batch_dag.py
[2026-05-06T02:49:01.381+0000] {processor.py:840} INFO - DAG(s) 'smart_city_traffic_batch_dag' retrieved from /opt/airflow/dags/smart_city_traffic_batch_dag.py
[2026-05-06T02:49:01.440+0000] {logging_mixin.py:188} INFO - [2026-05-06T02:49:01.440+0000] {dag.py:3089} INFO - Sync 1 DAGs
[2026-05-06T02:49:01.483+0000] {logging_mixin.py:188} INFO - [2026-05-06T02:49:01.482+0000] {dag.py:3947} INFO - Setting next_dagrun for smart_city_traffic_batch_dag to 2026-05-06 01:00:00+00:00, run_after=2026-05-07 01:00:00+00:00
[2026-05-06T02:49:01.522+0000] {processor.py:183} INFO - Processing /opt/airflow/dags/smart_city_traffic_batch_dag.py took 1.165 seconds
[2026-05-06T02:49:31.681+0000] {processor.py:161} INFO - Started process (PID=412) to work on /opt/airflow/dags/smart_city_traffic_batch_dag.py
[2026-05-06T02:49:31.683+0000] {processor.py:830} INFO - Processing file /opt/airflow/dags/smart_city_traffic_batch_dag.py for tasks to queue
[2026-05-06T02:49:31.686+0000] {logging_mixin.py:188} INFO - [2026-05-06T02:49:31.686+0000] {dagbag.py:545} INFO - Filling up the DagBag from /opt/airflow/dags/smart_city_traffic_batch_dag.py
[2026-05-06T02:49:32.233+0000] {processor.py:840} INFO - DAG(s) 'smart_city_traffic_batch_dag' retrieved from /opt/airflow/dags/smart_city_traffic_batch_dag.py
[2026-05-06T02:49:32.331+0000] {logging_mixin.py:188} INFO - [2026-05-06T02:49:32.330+0000] {dag.py:3089} INFO - Sync 1 DAGs
[2026-05-06T02:49:33.033+0000] {logging_mixin.py:188} INFO - [2026-05-06T02:49:33.033+0000] {dag.py:3947} INFO - Setting next_dagrun for smart_city_traffic_batch_dag to 2026-05-06 01:00:00+00:00, run_after=2026-05-07 01:00:00+00:00
[2026-05-06T02:49:33.096+0000] {processor.py:183} INFO - Processing /opt/airflow/dags/smart_city_traffic_batch_dag.py took 1.428 seconds
[2026-05-06T02:50:03.548+0000] {processor.py:161} INFO - Started process (PID=418) to work on /opt/airflow/dags/smart_city_traffic_batch_dag.py
[2026-05-06T02:50:03.552+0000] {processor.py:830} INFO - Processing file /opt/airflow/dags/smart_city_traffic_batch_dag.py for tasks to queue
[2026-05-06T02:50:03.558+0000] {logging_mixin.py:188} INFO - [2026-05-06T02:50:03.557+0000] {dagbag.py:545} INFO - Filling up the DagBag from /opt/airflow/dags/smart_city_traffic_batch_dag.py
[2026-05-06T02:50:04.195+0000] {processor.py:840} INFO - DAG(s) 'smart_city_traffic_batch_dag' retrieved from /opt/airflow/dags/smart_city_traffic_batch_dag.py
[2026-05-06T02:50:04.257+0000] {logging_mixin.py:188} INFO - [2026-05-06T02:50:04.256+0000] {dag.py:3089} INFO - Sync 1 DAGs
[2026-05-06T02:50:04.818+0000] {logging_mixin.py:188} INFO - [2026-05-06T02:50:04.818+0000] {dag.py:3947} INFO - Setting next_dagrun for smart_city_traffic_batch_dag to 2026-05-06 01:00:00+00:00, run_after=2026-05-07 01:00:00+00:00
[2026-05-06T02:50:04.876+0000] {processor.py:183} INFO - Processing /opt/airflow/dags/smart_city_traffic_batch_dag.py took 1.352 seconds
[2026-05-06T02:50:35.267+0000] {processor.py:161} INFO - Started process (PID=424) to work on /opt/airflow/dags/smart_city_traffic_batch_dag.py
[2026-05-06T02:50:35.269+0000] {processor.py:830} INFO - Processing file /opt/airflow/dags/smart_city_traffic_batch_dag.py for tasks to queue
[2026-05-06T02:50:35.273+0000] {logging_mixin.py:188} INFO - [2026-05-06T02:50:35.273+0000] {dagbag.py:545} INFO - Filling up the DagBag from /opt/airflow/dags/smart_city_traffic_batch_dag.py
[2026-05-06T02:50:36.241+0000] {processor.py:840} INFO - DAG(s) 'smart_city_traffic_batch_dag' retrieved from /opt/airflow/dags/smart_city_traffic_batch_dag.py
[2026-05-06T02:50:36.304+0000] {logging_mixin.py:188} INFO - [2026-05-06T02:50:36.303+0000] {dag.py:3089} INFO - Sync 1 DAGs
[2026-05-06T02:50:36.346+0000] {logging_mixin.py:188} INFO - [2026-05-06T02:50:36.345+0000] {dag.py:3947} INFO - Setting next_dagrun for smart_city_traffic_batch_dag to 2026-05-06 01:00:00+00:00, run_after=2026-05-07 01:00:00+00:00
[2026-05-06T02:50:36.390+0000] {processor.py:183} INFO - Processing /opt/airflow/dags/smart_city_traffic_batch_dag.py took 1.137 seconds
[2026-05-06T02:51:06.618+0000] {processor.py:161} INFO - Started process (PID=430) to work on /opt/airflow/dags/smart_city_traffic_batch_dag.py
[2026-05-06T02:51:06.622+0000] {processor.py:830} INFO - Processing file /opt/airflow/dags/smart_city_traffic_batch_dag.py for tasks to queue
[2026-05-06T02:51:06.635+0000] {logging_mixin.py:188} INFO - [2026-05-06T02:51:06.634+0000] {dagbag.py:545} INFO - Filling up the DagBag from /opt/airflow/dags/smart_city_traffic_batch_dag.py
[2026-05-06T02:51:07.817+0000] {processor.py:840} INFO - DAG(s) 'smart_city_traffic_batch_dag' retrieved from /opt/airflow/dags/smart_city_traffic_batch_dag.py
[2026-05-06T02:51:07.907+0000] {logging_mixin.py:188} INFO - [2026-05-06T02:51:07.905+0000] {dag.py:3089} INFO - Sync 1 DAGs
[2026-05-06T02:51:07.976+0000] {logging_mixin.py:188} INFO - [2026-05-06T02:51:07.975+0000] {dag.py:3947} INFO - Setting next_dagrun for smart_city_traffic_batch_dag to 2026-05-06 01:00:00+00:00, run_after=2026-05-07 01:00:00+00:00
[2026-05-06T02:51:08.036+0000] {processor.py:183} INFO - Processing /opt/airflow/dags/smart_city_traffic_batch_dag.py took 1.485 seconds
[2026-05-06T02:51:38.539+0000] {processor.py:161} INFO - Started process (PID=436) to work on /opt/airflow/dags/smart_city_traffic_batch_dag.py
[2026-05-06T02:51:38.551+0000] {processor.py:830} INFO - Processing file /opt/airflow/dags/smart_city_traffic_batch_dag.py for tasks to queue
[2026-05-06T02:51:38.566+0000] {logging_mixin.py:188} INFO - [2026-05-06T02:51:38.556+0000] {dagbag.py:545} INFO - Filling up the DagBag from /opt/airflow/dags/smart_city_traffic_batch_dag.py
[2026-05-06T02:51:40.013+0000] {processor.py:840} INFO - DAG(s) 'smart_city_traffic_batch_dag' retrieved from /opt/airflow/dags/smart_city_traffic_batch_dag.py
[2026-05-06T02:51:40.103+0000] {logging_mixin.py:188} INFO - [2026-05-06T02:51:40.102+0000] {dag.py:3089} INFO - Sync 1 DAGs
[2026-05-06T02:51:41.582+0000] {logging_mixin.py:188} INFO - [2026-05-06T02:51:41.581+0000] {dag.py:3947} INFO - Setting next_dagrun for smart_city_traffic_batch_dag to 2026-05-06 01:00:00+00:00, run_after=2026-05-07 01:00:00+00:00
[2026-05-06T02:51:41.648+0000] {processor.py:183} INFO - Processing /opt/airflow/dags/smart_city_traffic_batch_dag.py took 3.146 seconds
[2026-05-06T02:52:12.147+0000] {processor.py:161} INFO - Started process (PID=442) to work on /opt/airflow/dags/smart_city_traffic_batch_dag.py
[2026-05-06T02:52:12.156+0000] {processor.py:830} INFO - Processing file /opt/airflow/dags/smart_city_traffic_batch_dag.py for tasks to queue
[2026-05-06T02:52:12.162+0000] {logging_mixin.py:188} INFO - [2026-05-06T02:52:12.161+0000] {dagbag.py:545} INFO - Filling up the DagBag from /opt/airflow/dags/smart_city_traffic_batch_dag.py
[2026-05-06T02:52:13.083+0000] {processor.py:840} INFO - DAG(s) 'smart_city_traffic_batch_dag' retrieved from /opt/airflow/dags/smart_city_traffic_batch_dag.py
[2026-05-06T02:52:13.191+0000] {logging_mixin.py:188} INFO - [2026-05-06T02:52:13.190+0000] {dag.py:3089} INFO - Sync 1 DAGs
[2026-05-06T02:52:13.833+0000] {logging_mixin.py:188} INFO - [2026-05-06T02:52:13.833+0000] {dag.py:3947} INFO - Setting next_dagrun for smart_city_traffic_batch_dag to 2026-05-06 01:00:00+00:00, run_after=2026-05-07 01:00:00+00:00
[2026-05-06T02:52:13.887+0000] {processor.py:183} INFO - Processing /opt/airflow/dags/smart_city_traffic_batch_dag.py took 1.765 seconds
[2026-05-06T02:52:44.691+0000] {processor.py:161} INFO - Started process (PID=448) to work on /opt/airflow/dags/smart_city_traffic_batch_dag.py
[2026-05-06T02:52:44.699+0000] {processor.py:830} INFO - Processing file /opt/airflow/dags/smart_city_traffic_batch_dag.py for tasks to queue
[2026-05-06T02:52:44.724+0000] {logging_mixin.py:188} INFO - [2026-05-06T02:52:44.720+0000] {dagbag.py:545} INFO - Filling up the DagBag from /opt/airflow/dags/smart_city_traffic_batch_dag.py
[2026-05-06T02:52:46.624+0000] {processor.py:840} INFO - DAG(s) 'smart_city_traffic_batch_dag' retrieved from /opt/airflow/dags/smart_city_traffic_batch_dag.py
[2026-05-06T02:52:46.835+0000] {logging_mixin.py:188} INFO - [2026-05-06T02:52:46.834+0000] {dag.py:3089} INFO - Sync 1 DAGs
[2026-05-06T02:52:46.977+0000] {logging_mixin.py:188} INFO - [2026-05-06T02:52:46.976+0000] {dag.py:3947} INFO - Setting next_dagrun for smart_city_traffic_batch_dag to 2026-05-06 01:00:00+00:00, run_after=2026-05-07 01:00:00+00:00
[2026-05-06T02:52:47.042+0000] {processor.py:183} INFO - Processing /opt/airflow/dags/smart_city_traffic_batch_dag.py took 2.419 seconds
[2026-05-06T02:53:17.629+0000] {processor.py:161} INFO - Started process (PID=454) to work on /opt/airflow/dags/smart_city_traffic_batch_dag.py
[2026-05-06T02:53:17.633+0000] {processor.py:830} INFO - Processing file /opt/airflow/dags/smart_city_traffic_batch_dag.py for tasks to queue
[2026-05-06T02:53:17.658+0000] {logging_mixin.py:188} INFO - [2026-05-06T02:53:17.654+0000] {dagbag.py:545} INFO - Filling up the DagBag from /opt/airflow/dags/smart_city_traffic_batch_dag.py
[2026-05-06T02:53:19.664+0000] {processor.py:840} INFO - DAG(s) 'smart_city_traffic_batch_dag' retrieved from /opt/airflow/dags/smart_city_traffic_batch_dag.py
[2026-05-06T02:53:19.901+0000] {logging_mixin.py:188} INFO - [2026-05-06T02:53:19.899+0000] {dag.py:3089} INFO - Sync 1 DAGs
[2026-05-06T02:53:20.039+0000] {logging_mixin.py:188} INFO - [2026-05-06T02:53:20.038+0000] {dag.py:3947} INFO - Setting next_dagrun for smart_city_traffic_batch_dag to 2026-05-06 01:00:00+00:00, run_after=2026-05-07 01:00:00+00:00
[2026-05-06T02:53:20.114+0000] {processor.py:183} INFO - Processing /opt/airflow/dags/smart_city_traffic_batch_dag.py took 2.547 seconds
[2026-05-06T02:53:50.623+0000] {processor.py:161} INFO - Started process (PID=460) to work on /opt/airflow/dags/smart_city_traffic_batch_dag.py
[2026-05-06T02:53:50.627+0000] {processor.py:830} INFO - Processing file /opt/airflow/dags/smart_city_traffic_batch_dag.py for tasks to queue
[2026-05-06T02:53:50.636+0000] {logging_mixin.py:188} INFO - [2026-05-06T02:53:50.635+0000] {dagbag.py:545} INFO - Filling up the DagBag from /opt/airflow/dags/smart_city_traffic_batch_dag.py
[2026-05-06T02:53:51.767+0000] {processor.py:840} INFO - DAG(s) 'smart_city_traffic_batch_dag' retrieved from /opt/airflow/dags/smart_city_traffic_batch_dag.py
[2026-05-06T02:53:51.911+0000] {logging_mixin.py:188} INFO - [2026-05-06T02:53:51.910+0000] {dag.py:3089} INFO - Sync 1 DAGs
[2026-05-06T02:53:53.991+0000] {logging_mixin.py:188} INFO - [2026-05-06T02:53:53.990+0000] {dag.py:3947} INFO - Setting next_dagrun for smart_city_traffic_batch_dag to 2026-05-06 01:00:00+00:00, run_after=2026-05-07 01:00:00+00:00
[2026-05-06T02:53:54.035+0000] {processor.py:183} INFO - Processing /opt/airflow/dags/smart_city_traffic_batch_dag.py took 3.440 seconds
[2026-05-06T02:54:24.545+0000] {processor.py:161} INFO - Started process (PID=466) to work on /opt/airflow/dags/smart_city_traffic_batch_dag.py
[2026-05-06T02:54:24.548+0000] {processor.py:830} INFO - Processing file /opt/airflow/dags/smart_city_traffic_batch_dag.py for tasks to queue
[2026-05-06T02:54:24.554+0000] {logging_mixin.py:188} INFO - [2026-05-06T02:54:24.553+0000] {dagbag.py:545} INFO - Filling up the DagBag from /opt/airflow/dags/smart_city_traffic_batch_dag.py
[2026-05-06T02:54:25.558+0000] {processor.py:840} INFO - DAG(s) 'smart_city_traffic_batch_dag' retrieved from /opt/airflow/dags/smart_city_traffic_batch_dag.py
[2026-05-06T02:54:25.684+0000] {logging_mixin.py:188} INFO - [2026-05-06T02:54:25.683+0000] {dag.py:3089} INFO - Sync 1 DAGs
[2026-05-06T02:54:26.774+0000] {logging_mixin.py:188} INFO - [2026-05-06T02:54:26.773+0000] {dag.py:3947} INFO - Setting next_dagrun for smart_city_traffic_batch_dag to 2026-05-06 01:00:00+00:00, run_after=2026-05-07 01:00:00+00:00
[2026-05-06T02:54:26.849+0000] {processor.py:183} INFO - Processing /opt/airflow/dags/smart_city_traffic_batch_dag.py took 2.320 seconds
[2026-05-06T02:54:57.545+0000] {processor.py:161} INFO - Started process (PID=472) to work on /opt/airflow/dags/smart_city_traffic_batch_dag.py
[2026-05-06T02:54:57.550+0000] {processor.py:830} INFO - Processing file /opt/airflow/dags/smart_city_traffic_batch_dag.py for tasks to queue
[2026-05-06T02:54:57.563+0000] {logging_mixin.py:188} INFO - [2026-05-06T02:54:57.561+0000] {dagbag.py:545} INFO - Filling up the DagBag from /opt/airflow/dags/smart_city_traffic_batch_dag.py
[2026-05-06T02:54:58.988+0000] {processor.py:840} INFO - DAG(s) 'smart_city_traffic_batch_dag' retrieved from /opt/airflow/dags/smart_city_traffic_batch_dag.py
[2026-05-06T02:54:59.157+0000] {logging_mixin.py:188} INFO - [2026-05-06T02:54:59.155+0000] {dag.py:3089} INFO - Sync 1 DAGs
[2026-05-06T02:54:59.251+0000] {logging_mixin.py:188} INFO - [2026-05-06T02:54:59.250+0000] {dag.py:3947} INFO - Setting next_dagrun for smart_city_traffic_batch_dag to 2026-05-06 01:00:00+00:00, run_after=2026-05-07 01:00:00+00:00
[2026-05-06T02:54:59.326+0000] {processor.py:183} INFO - Processing /opt/airflow/dags/smart_city_traffic_batch_dag.py took 1.808 seconds
[2026-05-06T02:55:32.820+0000] {processor.py:161} INFO - Started process (PID=478) to work on /opt/airflow/dags/smart_city_traffic_batch_dag.py
[2026-05-06T02:55:32.859+0000] {processor.py:830} INFO - Processing file /opt/airflow/dags/smart_city_traffic_batch_dag.py for tasks to queue
[2026-05-06T02:55:33.074+0000] {logging_mixin.py:188} INFO - [2026-05-06T02:55:33.066+0000] {dagbag.py:545} INFO - Filling up the DagBag from /opt/airflow/dags/smart_city_traffic_batch_dag.py
[2026-05-06T02:55:36.738+0000] {processor.py:840} INFO - DAG(s) 'smart_city_traffic_batch_dag' retrieved from /opt/airflow/dags/smart_city_traffic_batch_dag.py
[2026-05-06T02:55:37.204+0000] {logging_mixin.py:188} INFO - [2026-05-06T02:55:37.202+0000] {dag.py:3089} INFO - Sync 1 DAGs
[2026-05-06T02:55:37.522+0000] {logging_mixin.py:188} INFO - [2026-05-06T02:55:37.521+0000] {dag.py:3947} INFO - Setting next_dagrun for smart_city_traffic_batch_dag to 2026-05-06 01:00:00+00:00, run_after=2026-05-07 01:00:00+00:00
[2026-05-06T02:55:37.828+0000] {processor.py:183} INFO - Processing /opt/airflow/dags/smart_city_traffic_batch_dag.py took 6.656 seconds
[2026-05-06T02:56:08.887+0000] {processor.py:161} INFO - Started process (PID=484) to work on /opt/airflow/dags/smart_city_traffic_batch_dag.py
[2026-05-06T02:56:08.895+0000] {processor.py:830} INFO - Processing file /opt/airflow/dags/smart_city_traffic_batch_dag.py for tasks to queue
[2026-05-06T02:56:08.925+0000] {logging_mixin.py:188} INFO - [2026-05-06T02:56:08.920+0000] {dagbag.py:545} INFO - Filling up the DagBag from /opt/airflow/dags/smart_city_traffic_batch_dag.py
[2026-05-06T02:56:11.464+0000] {processor.py:840} INFO - DAG(s) 'smart_city_traffic_batch_dag' retrieved from /opt/airflow/dags/smart_city_traffic_batch_dag.py
[2026-05-06T02:56:11.802+0000] {logging_mixin.py:188} INFO - [2026-05-06T02:56:11.800+0000] {dag.py:3089} INFO - Sync 1 DAGs
[2026-05-06T02:56:15.899+0000] {logging_mixin.py:188} INFO - [2026-05-06T02:56:15.893+0000] {dag.py:3947} INFO - Setting next_dagrun for smart_city_traffic_batch_dag to 2026-05-06 01:00:00+00:00, run_after=2026-05-07 01:00:00+00:00
[2026-05-06T02:56:15.979+0000] {processor.py:183} INFO - Processing /opt/airflow/dags/smart_city_traffic_batch_dag.py took 7.184 seconds
[2026-05-06T02:56:46.584+0000] {processor.py:161} INFO - Started process (PID=490) to work on /opt/airflow/dags/smart_city_traffic_batch_dag.py
[2026-05-06T02:56:46.598+0000] {processor.py:830} INFO - Processing file /opt/airflow/dags/smart_city_traffic_batch_dag.py for tasks to queue
[2026-05-06T02:56:46.642+0000] {logging_mixin.py:188} INFO - [2026-05-06T02:56:46.636+0000] {dagbag.py:545} INFO - Filling up the DagBag from /opt/airflow/dags/smart_city_traffic_batch_dag.py
[2026-05-06T02:56:49.173+0000] {processor.py:840} INFO - DAG(s) 'smart_city_traffic_batch_dag' retrieved from /opt/airflow/dags/smart_city_traffic_batch_dag.py
[2026-05-06T02:56:49.535+0000] {logging_mixin.py:188} INFO - [2026-05-06T02:56:49.534+0000] {dag.py:3089} INFO - Sync 1 DAGs
[2026-05-06T02:56:52.742+0000] {logging_mixin.py:188} INFO - [2026-05-06T02:56:52.741+0000] {dag.py:3947} INFO - Setting next_dagrun for smart_city_traffic_batch_dag to 2026-05-06 01:00:00+00:00, run_after=2026-05-07 01:00:00+00:00
[2026-05-06T02:56:52.825+0000] {processor.py:183} INFO - Processing /opt/airflow/dags/smart_city_traffic_batch_dag.py took 6.357 seconds
[2026-05-06T02:57:23.788+0000] {processor.py:161} INFO - Started process (PID=496) to work on /opt/airflow/dags/smart_city_traffic_batch_dag.py
[2026-05-06T02:57:23.795+0000] {processor.py:830} INFO - Processing file /opt/airflow/dags/smart_city_traffic_batch_dag.py for tasks to queue
[2026-05-06T02:57:23.826+0000] {logging_mixin.py:188} INFO - [2026-05-06T02:57:23.821+0000] {dagbag.py:545} INFO - Filling up the DagBag from /opt/airflow/dags/smart_city_traffic_batch_dag.py
[2026-05-06T02:57:26.254+0000] {processor.py:840} INFO - DAG(s) 'smart_city_traffic_batch_dag' retrieved from /opt/airflow/dags/smart_city_traffic_batch_dag.py
[2026-05-06T02:57:26.595+0000] {logging_mixin.py:188} INFO - [2026-05-06T02:57:26.594+0000] {dag.py:3089} INFO - Sync 1 DAGs
[2026-05-06T02:57:26.702+0000] {logging_mixin.py:188} INFO - [2026-05-06T02:57:26.702+0000] {dag.py:3947} INFO - Setting next_dagrun for smart_city_traffic_batch_dag to 2026-05-06 01:00:00+00:00, run_after=2026-05-07 01:00:00+00:00
[2026-05-06T02:57:26.773+0000] {processor.py:183} INFO - Processing /opt/airflow/dags/smart_city_traffic_batch_dag.py took 3.072 seconds
[2026-05-06T02:57:57.461+0000] {processor.py:161} INFO - Started process (PID=502) to work on /opt/airflow/dags/smart_city_traffic_batch_dag.py
[2026-05-06T02:57:57.465+0000] {processor.py:830} INFO - Processing file /opt/airflow/dags/smart_city_traffic_batch_dag.py for tasks to queue
[2026-05-06T02:57:57.493+0000] {logging_mixin.py:188} INFO - [2026-05-06T02:57:57.488+0000] {dagbag.py:545} INFO - Filling up the DagBag from /opt/airflow/dags/smart_city_traffic_batch_dag.py
[2026-05-06T02:57:59.735+0000] {processor.py:840} INFO - DAG(s) 'smart_city_traffic_batch_dag' retrieved from /opt/airflow/dags/smart_city_traffic_batch_dag.py
[2026-05-06T02:58:00.004+0000] {logging_mixin.py:188} INFO - [2026-05-06T02:58:00.003+0000] {dag.py:3089} INFO - Sync 1 DAGs
[2026-05-06T02:58:00.210+0000] {logging_mixin.py:188} INFO - [2026-05-06T02:58:00.209+0000] {dag.py:3947} INFO - Setting next_dagrun for smart_city_traffic_batch_dag to 2026-05-06 01:00:00+00:00, run_after=2026-05-07 01:00:00+00:00
[2026-05-06T02:58:00.356+0000] {processor.py:183} INFO - Processing /opt/airflow/dags/smart_city_traffic_batch_dag.py took 2.955 seconds
[2026-05-06T02:58:31.530+0000] {processor.py:161} INFO - Started process (PID=508) to work on /opt/airflow/dags/smart_city_traffic_batch_dag.py
[2026-05-06T02:58:31.553+0000] {processor.py:830} INFO - Processing file /opt/airflow/dags/smart_city_traffic_batch_dag.py for tasks to queue
[2026-05-06T02:58:31.658+0000] {logging_mixin.py:188} INFO - [2026-05-06T02:58:31.642+0000] {dagbag.py:545} INFO - Filling up the DagBag from /opt/airflow/dags/smart_city_traffic_batch_dag.py
[2026-05-06T02:58:34.591+0000] {processor.py:840} INFO - DAG(s) 'smart_city_traffic_batch_dag' retrieved from /opt/airflow/dags/smart_city_traffic_batch_dag.py
[2026-05-06T02:58:34.872+0000] {logging_mixin.py:188} INFO - [2026-05-06T02:58:34.871+0000] {dag.py:3089} INFO - Sync 1 DAGs
[2026-05-06T02:58:38.169+0000] {logging_mixin.py:188} INFO - [2026-05-06T02:58:38.168+0000] {dag.py:3947} INFO - Setting next_dagrun for smart_city_traffic_batch_dag to 2026-05-06 01:00:00+00:00, run_after=2026-05-07 01:00:00+00:00
[2026-05-06T02:58:38.227+0000] {processor.py:183} INFO - Processing /opt/airflow/dags/smart_city_traffic_batch_dag.py took 6.949 seconds
[2026-05-06T02:59:09.327+0000] {processor.py:161} INFO - Started process (PID=514) to work on /opt/airflow/dags/smart_city_traffic_batch_dag.py
[2026-05-06T02:59:09.341+0000] {processor.py:830} INFO - Processing file /opt/airflow/dags/smart_city_traffic_batch_dag.py for tasks to queue
[2026-05-06T02:59:09.415+0000] {logging_mixin.py:188} INFO - [2026-05-06T02:59:09.404+0000] {dagbag.py:545} INFO - Filling up the DagBag from /opt/airflow/dags/smart_city_traffic_batch_dag.py
[2026-05-06T02:59:15.480+0000] {processor.py:840} INFO - DAG(s) 'smart_city_traffic_batch_dag' retrieved from /opt/airflow/dags/smart_city_traffic_batch_dag.py
[2026-05-06T02:59:15.802+0000] {logging_mixin.py:188} INFO - [2026-05-06T02:59:15.801+0000] {dag.py:3089} INFO - Sync 1 DAGs
[2026-05-06T02:59:18.573+0000] {logging_mixin.py:188} INFO - [2026-05-06T02:59:18.572+0000] {dag.py:3947} INFO - Setting next_dagrun for smart_city_traffic_batch_dag to 2026-05-06 01:00:00+00:00, run_after=2026-05-07 01:00:00+00:00
[2026-05-06T02:59:18.630+0000] {processor.py:183} INFO - Processing /opt/airflow/dags/smart_city_traffic_batch_dag.py took 9.554 seconds
[2026-05-06T02:59:49.728+0000] {processor.py:161} INFO - Started process (PID=520) to work on /opt/airflow/dags/smart_city_traffic_batch_dag.py
[2026-05-06T02:59:49.739+0000] {processor.py:830} INFO - Processing file /opt/airflow/dags/smart_city_traffic_batch_dag.py for tasks to queue
[2026-05-06T02:59:49.773+0000] {logging_mixin.py:188} INFO - [2026-05-06T02:59:49.769+0000] {dagbag.py:545} INFO - Filling up the DagBag from /opt/airflow/dags/smart_city_traffic_batch_dag.py
[2026-05-06T02:59:51.623+0000] {processor.py:840} INFO - DAG(s) 'smart_city_traffic_batch_dag' retrieved from /opt/airflow/dags/smart_city_traffic_batch_dag.py
[2026-05-06T02:59:51.884+0000] {logging_mixin.py:188} INFO - [2026-05-06T02:59:51.883+0000] {dag.py:3089} INFO - Sync 1 DAGs
[2026-05-06T02:59:52.005+0000] {logging_mixin.py:188} INFO - [2026-05-06T02:59:52.004+0000] {dag.py:3947} INFO - Setting next_dagrun for smart_city_traffic_batch_dag to 2026-05-06 01:00:00+00:00, run_after=2026-05-07 01:00:00+00:00
[2026-05-06T02:59:52.094+0000] {processor.py:183} INFO - Processing /opt/airflow/dags/smart_city_traffic_batch_dag.py took 2.434 seconds
[2026-05-06T03:00:22.601+0000] {processor.py:161} INFO - Started process (PID=526) to work on /opt/airflow/dags/smart_city_traffic_batch_dag.py
[2026-05-06T03:00:22.606+0000] {processor.py:830} INFO - Processing file /opt/airflow/dags/smart_city_traffic_batch_dag.py for tasks to queue
[2026-05-06T03:00:22.618+0000] {logging_mixin.py:188} INFO - [2026-05-06T03:00:22.617+0000] {dagbag.py:545} INFO - Filling up the DagBag from /opt/airflow/dags/smart_city_traffic_batch_dag.py
[2026-05-06T03:00:23.688+0000] {processor.py:840} INFO - DAG(s) 'smart_city_traffic_batch_dag' retrieved from /opt/airflow/dags/smart_city_traffic_batch_dag.py
[2026-05-06T03:00:23.778+0000] {logging_mixin.py:188} INFO - [2026-05-06T03:00:23.778+0000] {dag.py:3089} INFO - Sync 1 DAGs
[2026-05-06T03:00:23.829+0000] {logging_mixin.py:188} INFO - [2026-05-06T03:00:23.828+0000] {dag.py:3947} INFO - Setting next_dagrun for smart_city_traffic_batch_dag to 2026-05-06 01:00:00+00:00, run_after=2026-05-07 01:00:00+00:00
[2026-05-06T03:00:23.878+0000] {processor.py:183} INFO - Processing /opt/airflow/dags/smart_city_traffic_batch_dag.py took 1.316 seconds
[2026-05-06T03:00:54.174+0000] {processor.py:161} INFO - Started process (PID=532) to work on /opt/airflow/dags/smart_city_traffic_batch_dag.py
[2026-05-06T03:00:54.175+0000] {processor.py:830} INFO - Processing file /opt/airflow/dags/smart_city_traffic_batch_dag.py for tasks to queue
[2026-05-06T03:00:54.181+0000] {logging_mixin.py:188} INFO - [2026-05-06T03:00:54.180+0000] {dagbag.py:545} INFO - Filling up the DagBag from /opt/airflow/dags/smart_city_traffic_batch_dag.py
[2026-05-06T03:00:55.121+0000] {processor.py:840} INFO - DAG(s) 'smart_city_traffic_batch_dag' retrieved from /opt/airflow/dags/smart_city_traffic_batch_dag.py
[2026-05-06T03:00:55.200+0000] {logging_mixin.py:188} INFO - [2026-05-06T03:00:55.199+0000] {dag.py:3089} INFO - Sync 1 DAGs
[2026-05-06T03:00:57.381+0000] {logging_mixin.py:188} INFO - [2026-05-06T03:00:57.380+0000] {dag.py:3947} INFO - Setting next_dagrun for smart_city_traffic_batch_dag to 2026-05-06 01:00:00+00:00, run_after=2026-05-07 01:00:00+00:00
[2026-05-06T03:00:57.413+0000] {processor.py:183} INFO - Processing /opt/airflow/dags/smart_city_traffic_batch_dag.py took 3.252 seconds
[2026-05-06T03:01:27.796+0000] {processor.py:161} INFO - Started process (PID=538) to work on /opt/airflow/dags/smart_city_traffic_batch_dag.py
[2026-05-06T03:01:27.798+0000] {processor.py:830} INFO - Processing file /opt/airflow/dags/smart_city_traffic_batch_dag.py for tasks to queue
[2026-05-06T03:01:27.804+0000] {logging_mixin.py:188} INFO - [2026-05-06T03:01:27.803+0000] {dagbag.py:545} INFO - Filling up the DagBag from /opt/airflow/dags/smart_city_traffic_batch_dag.py
[2026-05-06T03:01:28.430+0000] {processor.py:840} INFO - DAG(s) 'smart_city_traffic_batch_dag' retrieved from /opt/airflow/dags/smart_city_traffic_batch_dag.py
[2026-05-06T03:01:28.509+0000] {logging_mixin.py:188} INFO - [2026-05-06T03:01:28.508+0000] {dag.py:3089} INFO - Sync 1 DAGs
[2026-05-06T03:01:29.127+0000] {logging_mixin.py:188} INFO - [2026-05-06T03:01:29.127+0000] {dag.py:3947} INFO - Setting next_dagrun for smart_city_traffic_batch_dag to 2026-05-06 01:00:00+00:00, run_after=2026-05-07 01:00:00+00:00
[2026-05-06T03:01:29.180+0000] {processor.py:183} INFO - Processing /opt/airflow/dags/smart_city_traffic_batch_dag.py took 1.414 seconds
[2026-05-06T03:01:59.655+0000] {processor.py:161} INFO - Started process (PID=544) to work on /opt/airflow/dags/smart_city_traffic_batch_dag.py
[2026-05-06T03:01:59.659+0000] {processor.py:830} INFO - Processing file /opt/airflow/dags/smart_city_traffic_batch_dag.py for tasks to queue
[2026-05-06T03:01:59.664+0000] {logging_mixin.py:188} INFO - [2026-05-06T03:01:59.664+0000] {dagbag.py:545} INFO - Filling up the DagBag from /opt/airflow/dags/smart_city_traffic_batch_dag.py
[2026-05-06T03:02:00.639+0000] {processor.py:840} INFO - DAG(s) 'smart_city_traffic_batch_dag' retrieved from /opt/airflow/dags/smart_city_traffic_batch_dag.py
[2026-05-06T03:02:00.706+0000] {logging_mixin.py:188} INFO - [2026-05-06T03:02:00.705+0000] {dag.py:3089} INFO - Sync 1 DAGs
[2026-05-06T03:02:00.754+0000] {logging_mixin.py:188} INFO - [2026-05-06T03:02:00.753+0000] {dag.py:3947} INFO - Setting next_dagrun for smart_city_traffic_batch_dag to 2026-05-06 01:00:00+00:00, run_after=2026-05-07 01:00:00+00:00
[2026-05-06T03:02:00.793+0000] {processor.py:183} INFO - Processing /opt/airflow/dags/smart_city_traffic_batch_dag.py took 1.167 seconds
[2026-05-06T03:02:31.152+0000] {processor.py:161} INFO - Started process (PID=550) to work on /opt/airflow/dags/smart_city_traffic_batch_dag.py
[2026-05-06T03:02:31.154+0000] {processor.py:830} INFO - Processing file /opt/airflow/dags/smart_city_traffic_batch_dag.py for tasks to queue
[2026-05-06T03:02:31.158+0000] {logging_mixin.py:188} INFO - [2026-05-06T03:02:31.157+0000] {dagbag.py:545} INFO - Filling up the DagBag from /opt/airflow/dags/smart_city_traffic_batch_dag.py
[2026-05-06T03:02:31.846+0000] {processor.py:840} INFO - DAG(s) 'smart_city_traffic_batch_dag' retrieved from /opt/airflow/dags/smart_city_traffic_batch_dag.py
[2026-05-06T03:02:31.909+0000] {logging_mixin.py:188} INFO - [2026-05-06T03:02:31.908+0000] {dag.py:3089} INFO - Sync 1 DAGs
[2026-05-06T03:02:31.953+0000] {logging_mixin.py:188} INFO - [2026-05-06T03:02:31.953+0000] {dag.py:3947} INFO - Setting next_dagrun for smart_city_traffic_batch_dag to 2026-05-06 01:00:00+00:00, run_after=2026-05-07 01:00:00+00:00
[2026-05-06T03:02:31.996+0000] {processor.py:183} INFO - Processing /opt/airflow/dags/smart_city_traffic_batch_dag.py took 0.857 seconds
[2026-05-06T03:03:02.171+0000] {processor.py:161} INFO - Started process (PID=556) to work on /opt/airflow/dags/smart_city_traffic_batch_dag.py
[2026-05-06T03:03:02.174+0000] {processor.py:830} INFO - Processing file /opt/airflow/dags/smart_city_traffic_batch_dag.py for tasks to queue
[2026-05-06T03:03:02.180+0000] {logging_mixin.py:188} INFO - [2026-05-06T03:03:02.179+0000] {dagbag.py:545} INFO - Filling up the DagBag from /opt/airflow/dags/smart_city_traffic_batch_dag.py
[2026-05-06T03:03:02.941+0000] {processor.py:840} INFO - DAG(s) 'smart_city_traffic_batch_dag' retrieved from /opt/airflow/dags/smart_city_traffic_batch_dag.py
[2026-05-06T03:03:02.999+0000] {logging_mixin.py:188} INFO - [2026-05-06T03:03:02.998+0000] {dag.py:3089} INFO - Sync 1 DAGs
[2026-05-06T03:03:04.179+0000] {logging_mixin.py:188} INFO - [2026-05-06T03:03:04.178+0000] {dag.py:3947} INFO - Setting next_dagrun for smart_city_traffic_batch_dag to 2026-05-06 01:00:00+00:00, run_after=2026-05-07 01:00:00+00:00
[2026-05-06T03:03:04.232+0000] {processor.py:183} INFO - Processing /opt/airflow/dags/smart_city_traffic_batch_dag.py took 2.086 seconds
[2026-05-06T03:03:34.602+0000] {processor.py:161} INFO - Started process (PID=562) to work on /opt/airflow/dags/smart_city_traffic_batch_dag.py
[2026-05-06T03:03:34.604+0000] {processor.py:830} INFO - Processing file /opt/airflow/dags/smart_city_traffic_batch_dag.py for tasks to queue
[2026-05-06T03:03:34.610+0000] {logging_mixin.py:188} INFO - [2026-05-06T03:03:34.609+0000] {dagbag.py:545} INFO - Filling up the DagBag from /opt/airflow/dags/smart_city_traffic_batch_dag.py
[2026-05-06T03:03:35.402+0000] {processor.py:840} INFO - DAG(s) 'smart_city_traffic_batch_dag' retrieved from /opt/airflow/dags/smart_city_traffic_batch_dag.py
[2026-05-06T03:03:35.476+0000] {logging_mixin.py:188} INFO - [2026-05-06T03:03:35.475+0000] {dag.py:3089} INFO - Sync 1 DAGs
[2026-05-06T03:03:35.895+0000] {logging_mixin.py:188} INFO - [2026-05-06T03:03:35.894+0000] {dag.py:3947} INFO - Setting next_dagrun for smart_city_traffic_batch_dag to 2026-05-06 01:00:00+00:00, run_after=2026-05-07 01:00:00+00:00
[2026-05-06T03:03:35.933+0000] {processor.py:183} INFO - Processing /opt/airflow/dags/smart_city_traffic_batch_dag.py took 1.345 seconds
[2026-05-06T03:04:06.305+0000] {processor.py:161} INFO - Started process (PID=568) to work on /opt/airflow/dags/smart_city_traffic_batch_dag.py
[2026-05-06T03:04:06.307+0000] {processor.py:830} INFO - Processing file /opt/airflow/dags/smart_city_traffic_batch_dag.py for tasks to queue
[2026-05-06T03:04:06.312+0000] {logging_mixin.py:188} INFO - [2026-05-06T03:04:06.311+0000] {dagbag.py:545} INFO - Filling up the DagBag from /opt/airflow/dags/smart_city_traffic_batch_dag.py
[2026-05-06T03:04:06.980+0000] {processor.py:840} INFO - DAG(s) 'smart_city_traffic_batch_dag' retrieved from /opt/airflow/dags/smart_city_traffic_batch_dag.py
[2026-05-06T03:04:07.296+0000] {logging_mixin.py:188} INFO - [2026-05-06T03:04:07.296+0000] {dag.py:3089} INFO - Sync 1 DAGs
[2026-05-06T03:04:07.334+0000] {logging_mixin.py:188} INFO - [2026-05-06T03:04:07.333+0000] {dag.py:3947} INFO - Setting next_dagrun for smart_city_traffic_batch_dag to 2026-05-06 01:00:00+00:00, run_after=2026-05-07 01:00:00+00:00
[2026-05-06T03:04:07.369+0000] {processor.py:183} INFO - Processing /opt/airflow/dags/smart_city_traffic_batch_dag.py took 1.079 seconds
[2026-05-06T03:04:37.643+0000] {processor.py:161} INFO - Started process (PID=574) to work on /opt/airflow/dags/smart_city_traffic_batch_dag.py
[2026-05-06T03:04:37.646+0000] {processor.py:830} INFO - Processing file /opt/airflow/dags/smart_city_traffic_batch_dag.py for tasks to queue
[2026-05-06T03:04:37.651+0000] {logging_mixin.py:188} INFO - [2026-05-06T03:04:37.650+0000] {dagbag.py:545} INFO - Filling up the DagBag from /opt/airflow/dags/smart_city_traffic_batch_dag.py
[2026-05-06T03:04:38.246+0000] {processor.py:840} INFO - DAG(s) 'smart_city_traffic_batch_dag' retrieved from /opt/airflow/dags/smart_city_traffic_batch_dag.py
[2026-05-06T03:04:38.303+0000] {logging_mixin.py:188} INFO - [2026-05-06T03:04:38.303+0000] {dag.py:3089} INFO - Sync 1 DAGs
[2026-05-06T03:04:38.342+0000] {logging_mixin.py:188} INFO - [2026-05-06T03:04:38.342+0000] {dag.py:3947} INFO - Setting next_dagrun for smart_city_traffic_batch_dag to 2026-05-06 01:00:00+00:00, run_after=2026-05-07 01:00:00+00:00
[2026-05-06T03:04:38.379+0000] {processor.py:183} INFO - Processing /opt/airflow/dags/smart_city_traffic_batch_dag.py took 0.748 seconds
[2026-05-06T03:05:08.734+0000] {processor.py:161} INFO - Started process (PID=580) to work on /opt/airflow/dags/smart_city_traffic_batch_dag.py
[2026-05-06T03:05:08.736+0000] {processor.py:830} INFO - Processing file /opt/airflow/dags/smart_city_traffic_batch_dag.py for tasks to queue
[2026-05-06T03:05:08.740+0000] {logging_mixin.py:188} INFO - [2026-05-06T03:05:08.740+0000] {dagbag.py:545} INFO - Filling up the DagBag from /opt/airflow/dags/smart_city_traffic_batch_dag.py
[2026-05-06T03:05:09.767+0000] {processor.py:840} INFO - DAG(s) 'smart_city_traffic_batch_dag' retrieved from /opt/airflow/dags/smart_city_traffic_batch_dag.py
[2026-05-06T03:05:09.897+0000] {logging_mixin.py:188} INFO - [2026-05-06T03:05:09.887+0000] {dag.py:3089} INFO - Sync 1 DAGs
[2026-05-06T03:05:10.467+0000] {logging_mixin.py:188} INFO - [2026-05-06T03:05:10.466+0000] {dag.py:3947} INFO - Setting next_dagrun for smart_city_traffic_batch_dag to 2026-05-06 01:00:00+00:00, run_after=2026-05-07 01:00:00+00:00
[2026-05-06T03:05:10.501+0000] {processor.py:183} INFO - Processing /opt/airflow/dags/smart_city_traffic_batch_dag.py took 1.778 seconds
[2026-05-06T03:05:40.851+0000] {processor.py:161} INFO - Started process (PID=586) to work on /opt/airflow/dags/smart_city_traffic_batch_dag.py
[2026-05-06T03:05:40.854+0000] {processor.py:830} INFO - Processing file /opt/airflow/dags/smart_city_traffic_batch_dag.py for tasks to queue
[2026-05-06T03:05:40.860+0000] {logging_mixin.py:188} INFO - [2026-05-06T03:05:40.859+0000] {dagbag.py:545} INFO - Filling up the DagBag from /opt/airflow/dags/smart_city_traffic_batch_dag.py
[2026-05-06T03:05:41.507+0000] {processor.py:840} INFO - DAG(s) 'smart_city_traffic_batch_dag' retrieved from /opt/airflow/dags/smart_city_traffic_batch_dag.py
[2026-05-06T03:05:41.569+0000] {logging_mixin.py:188} INFO - [2026-05-06T03:05:41.568+0000] {dag.py:3089} INFO - Sync 1 DAGs
[2026-05-06T03:05:41.912+0000] {logging_mixin.py:188} INFO - [2026-05-06T03:05:41.912+0000] {dag.py:3947} INFO - Setting next_dagrun for smart_city_traffic_batch_dag to 2026-05-06 01:00:00+00:00, run_after=2026-05-07 01:00:00+00:00
[2026-05-06T03:05:41.958+0000] {processor.py:183} INFO - Processing /opt/airflow/dags/smart_city_traffic_batch_dag.py took 1.118 seconds
[2026-05-06T03:06:12.144+0000] {processor.py:161} INFO - Started process (PID=592) to work on /opt/airflow/dags/smart_city_traffic_batch_dag.py
[2026-05-06T03:06:12.147+0000] {processor.py:830} INFO - Processing file /opt/airflow/dags/smart_city_traffic_batch_dag.py for tasks to queue
[2026-05-06T03:06:12.161+0000] {logging_mixin.py:188} INFO - [2026-05-06T03:06:12.160+0000] {dagbag.py:545} INFO - Filling up the DagBag from /opt/airflow/dags/smart_city_traffic_batch_dag.py
[2026-05-06T03:06:12.971+0000] {processor.py:840} INFO - DAG(s) 'smart_city_traffic_batch_dag' retrieved from /opt/airflow/dags/smart_city_traffic_batch_dag.py
[2026-05-06T03:06:13.294+0000] {logging_mixin.py:188} INFO - [2026-05-06T03:06:13.293+0000] {dag.py:3089} INFO - Sync 1 DAGs
[2026-05-06T03:06:13.327+0000] {logging_mixin.py:188} INFO - [2026-05-06T03:06:13.326+0000] {dag.py:3947} INFO - Setting next_dagrun for smart_city_traffic_batch_dag to 2026-05-06 01:00:00+00:00, run_after=2026-05-07 01:00:00+00:00
[2026-05-06T03:06:13.370+0000] {processor.py:183} INFO - Processing /opt/airflow/dags/smart_city_traffic_batch_dag.py took 1.251 seconds
[2026-05-06T03:06:43.734+0000] {processor.py:161} INFO - Started process (PID=598) to work on /opt/airflow/dags/smart_city_traffic_batch_dag.py
[2026-05-06T03:06:43.737+0000] {processor.py:830} INFO - Processing file /opt/airflow/dags/smart_city_traffic_batch_dag.py for tasks to queue
[2026-05-06T03:06:43.747+0000] {logging_mixin.py:188} INFO - [2026-05-06T03:06:43.746+0000] {dagbag.py:545} INFO - Filling up the DagBag from /opt/airflow/dags/smart_city_traffic_batch_dag.py
[2026-05-06T03:06:45.421+0000] {processor.py:840} INFO - DAG(s) 'smart_city_traffic_batch_dag' retrieved from /opt/airflow/dags/smart_city_traffic_batch_dag.py
[2026-05-06T03:06:45.580+0000] {logging_mixin.py:188} INFO - [2026-05-06T03:06:45.579+0000] {dag.py:3089} INFO - Sync 1 DAGs
[2026-05-06T03:06:45.655+0000] {logging_mixin.py:188} INFO - [2026-05-06T03:06:45.654+0000] {dag.py:3947} INFO - Setting next_dagrun for smart_city_traffic_batch_dag to 2026-05-06 01:00:00+00:00, run_after=2026-05-07 01:00:00+00:00
[2026-05-06T03:06:45.730+0000] {processor.py:183} INFO - Processing /opt/airflow/dags/smart_city_traffic_batch_dag.py took 2.052 seconds
[2026-05-06T03:07:16.256+0000] {processor.py:161} INFO - Started process (PID=604) to work on /opt/airflow/dags/smart_city_traffic_batch_dag.py
[2026-05-06T03:07:16.259+0000] {processor.py:830} INFO - Processing file /opt/airflow/dags/smart_city_traffic_batch_dag.py for tasks to queue
[2026-05-06T03:07:16.269+0000] {logging_mixin.py:188} INFO - [2026-05-06T03:07:16.268+0000] {dagbag.py:545} INFO - Filling up the DagBag from /opt/airflow/dags/smart_city_traffic_batch_dag.py
[2026-05-06T03:07:17.318+0000] {processor.py:840} INFO - DAG(s) 'smart_city_traffic_batch_dag' retrieved from /opt/airflow/dags/smart_city_traffic_batch_dag.py
[2026-05-06T03:07:17.440+0000] {logging_mixin.py:188} INFO - [2026-05-06T03:07:17.439+0000] {dag.py:3089} INFO - Sync 1 DAGs
[2026-05-06T03:07:19.471+0000] {logging_mixin.py:188} INFO - [2026-05-06T03:07:19.471+0000] {dag.py:3947} INFO - Setting next_dagrun for smart_city_traffic_batch_dag to 2026-05-06 01:00:00+00:00, run_after=2026-05-07 01:00:00+00:00
[2026-05-06T03:07:19.559+0000] {processor.py:183} INFO - Processing /opt/airflow/dags/smart_city_traffic_batch_dag.py took 3.336 seconds
[2026-05-06T03:07:50.078+0000] {processor.py:161} INFO - Started process (PID=610) to work on /opt/airflow/dags/smart_city_traffic_batch_dag.py
[2026-05-06T03:07:50.081+0000] {processor.py:830} INFO - Processing file /opt/airflow/dags/smart_city_traffic_batch_dag.py for tasks to queue
[2026-05-06T03:07:50.093+0000] {logging_mixin.py:188} INFO - [2026-05-06T03:07:50.092+0000] {dagbag.py:545} INFO - Filling up the DagBag from /opt/airflow/dags/smart_city_traffic_batch_dag.py
[2026-05-06T03:07:50.966+0000] {processor.py:840} INFO - DAG(s) 'smart_city_traffic_batch_dag' retrieved from /opt/airflow/dags/smart_city_traffic_batch_dag.py
[2026-05-06T03:07:51.030+0000] {logging_mixin.py:188} INFO - [2026-05-06T03:07:51.029+0000] {dag.py:3089} INFO - Sync 1 DAGs
[2026-05-06T03:07:51.607+0000] {logging_mixin.py:188} INFO - [2026-05-06T03:07:51.606+0000] {dag.py:3947} INFO - Setting next_dagrun for smart_city_traffic_batch_dag to 2026-05-06 01:00:00+00:00, run_after=2026-05-07 01:00:00+00:00
[2026-05-06T03:07:51.640+0000] {processor.py:183} INFO - Processing /opt/airflow/dags/smart_city_traffic_batch_dag.py took 1.590 seconds
[2026-05-06T03:08:21.820+0000] {processor.py:161} INFO - Started process (PID=616) to work on /opt/airflow/dags/smart_city_traffic_batch_dag.py
[2026-05-06T03:08:21.822+0000] {processor.py:830} INFO - Processing file /opt/airflow/dags/smart_city_traffic_batch_dag.py for tasks to queue
[2026-05-06T03:08:21.827+0000] {logging_mixin.py:188} INFO - [2026-05-06T03:08:21.826+0000] {dagbag.py:545} INFO - Filling up the DagBag from /opt/airflow/dags/smart_city_traffic_batch_dag.py
[2026-05-06T03:08:22.715+0000] {processor.py:840} INFO - DAG(s) 'smart_city_traffic_batch_dag' retrieved from /opt/airflow/dags/smart_city_traffic_batch_dag.py
[2026-05-06T03:08:23.113+0000] {logging_mixin.py:188} INFO - [2026-05-06T03:08:23.112+0000] {dag.py:3089} INFO - Sync 1 DAGs
[2026-05-06T03:08:23.156+0000] {logging_mixin.py:188} INFO - [2026-05-06T03:08:23.155+0000] {dag.py:3947} INFO - Setting next_dagrun for smart_city_traffic_batch_dag to 2026-05-06 01:00:00+00:00, run_after=2026-05-07 01:00:00+00:00
[2026-05-06T03:08:23.187+0000] {processor.py:183} INFO - Processing /opt/airflow/dags/smart_city_traffic_batch_dag.py took 1.380 seconds
[2026-05-06T03:08:53.548+0000] {processor.py:161} INFO - Started process (PID=622) to work on /opt/airflow/dags/smart_city_traffic_batch_dag.py
[2026-05-06T03:08:53.560+0000] {processor.py:830} INFO - Processing file /opt/airflow/dags/smart_city_traffic_batch_dag.py for tasks to queue
[2026-05-06T03:08:53.566+0000] {logging_mixin.py:188} INFO - [2026-05-06T03:08:53.565+0000] {dagbag.py:545} INFO - Filling up the DagBag from /opt/airflow/dags/smart_city_traffic_batch_dag.py
[2026-05-06T03:08:54.341+0000] {processor.py:840} INFO - DAG(s) 'smart_city_traffic_batch_dag' retrieved from /opt/airflow/dags/smart_city_traffic_batch_dag.py
[2026-05-06T03:08:54.467+0000] {logging_mixin.py:188} INFO - [2026-05-06T03:08:54.466+0000] {dag.py:3089} INFO - Sync 1 DAGs
[2026-05-06T03:08:54.564+0000] {logging_mixin.py:188} INFO - [2026-05-06T03:08:54.563+0000] {dag.py:3947} INFO - Setting next_dagrun for smart_city_traffic_batch_dag to 2026-05-06 01:00:00+00:00, run_after=2026-05-07 01:00:00+00:00
[2026-05-06T03:08:54.626+0000] {processor.py:183} INFO - Processing /opt/airflow/dags/smart_city_traffic_batch_dag.py took 1.100 seconds
[2026-05-06T03:09:24.816+0000] {processor.py:161} INFO - Started process (PID=628) to work on /opt/airflow/dags/smart_city_traffic_batch_dag.py
[2026-05-06T03:09:24.819+0000] {processor.py:830} INFO - Processing file /opt/airflow/dags/smart_city_traffic_batch_dag.py for tasks to queue
[2026-05-06T03:09:24.823+0000] {logging_mixin.py:188} INFO - [2026-05-06T03:09:24.823+0000] {dagbag.py:545} INFO - Filling up the DagBag from /opt/airflow/dags/smart_city_traffic_batch_dag.py
[2026-05-06T03:09:25.525+0000] {processor.py:840} INFO - DAG(s) 'smart_city_traffic_batch_dag' retrieved from /opt/airflow/dags/smart_city_traffic_batch_dag.py
[2026-05-06T03:09:25.597+0000] {logging_mixin.py:188} INFO - [2026-05-06T03:09:25.596+0000] {dag.py:3089} INFO - Sync 1 DAGs
[2026-05-06T03:09:26.137+0000] {logging_mixin.py:188} INFO - [2026-05-06T03:09:26.137+0000] {dag.py:3947} INFO - Setting next_dagrun for smart_city_traffic_batch_dag to 2026-05-06 01:00:00+00:00, run_after=2026-05-07 01:00:00+00:00
[2026-05-06T03:09:26.170+0000] {processor.py:183} INFO - Processing /opt/airflow/dags/smart_city_traffic_batch_dag.py took 1.366 seconds
[2026-05-06T03:09:56.386+0000] {processor.py:161} INFO - Started process (PID=634) to work on /opt/airflow/dags/smart_city_traffic_batch_dag.py
[2026-05-06T03:09:56.389+0000] {processor.py:830} INFO - Processing file /opt/airflow/dags/smart_city_traffic_batch_dag.py for tasks to queue
[2026-05-06T03:09:56.395+0000] {logging_mixin.py:188} INFO - [2026-05-06T03:09:56.394+0000] {dagbag.py:545} INFO - Filling up the DagBag from /opt/airflow/dags/smart_city_traffic_batch_dag.py
[2026-05-06T03:09:57.128+0000] {processor.py:840} INFO - DAG(s) 'smart_city_traffic_batch_dag' retrieved from /opt/airflow/dags/smart_city_traffic_batch_dag.py
[2026-05-06T03:09:57.241+0000] {logging_mixin.py:188} INFO - [2026-05-06T03:09:57.240+0000] {dag.py:3089} INFO - Sync 1 DAGs
[2026-05-06T03:09:57.630+0000] {logging_mixin.py:188} INFO - [2026-05-06T03:09:57.630+0000] {dag.py:3947} INFO - Setting next_dagrun for smart_city_traffic_batch_dag to 2026-05-06 01:00:00+00:00, run_after=2026-05-07 01:00:00+00:00
[2026-05-06T03:09:57.659+0000] {processor.py:183} INFO - Processing /opt/airflow/dags/smart_city_traffic_batch_dag.py took 1.292 seconds
[2026-05-06T03:10:28.048+0000] {processor.py:161} INFO - Started process (PID=640) to work on /opt/airflow/dags/smart_city_traffic_batch_dag.py
[2026-05-06T03:10:28.050+0000] {processor.py:830} INFO - Processing file /opt/airflow/dags/smart_city_traffic_batch_dag.py for tasks to queue
[2026-05-06T03:10:28.064+0000] {logging_mixin.py:188} INFO - [2026-05-06T03:10:28.063+0000] {dagbag.py:545} INFO - Filling up the DagBag from /opt/airflow/dags/smart_city_traffic_batch_dag.py
[2026-05-06T03:10:29.054+0000] {processor.py:840} INFO - DAG(s) 'smart_city_traffic_batch_dag' retrieved from /opt/airflow/dags/smart_city_traffic_batch_dag.py
[2026-05-06T03:10:29.540+0000] {logging_mixin.py:188} INFO - [2026-05-06T03:10:29.539+0000] {dag.py:3089} INFO - Sync 1 DAGs
[2026-05-06T03:10:29.581+0000] {logging_mixin.py:188} INFO - [2026-05-06T03:10:29.581+0000] {dag.py:3947} INFO - Setting next_dagrun for smart_city_traffic_batch_dag to 2026-05-06 01:00:00+00:00, run_after=2026-05-07 01:00:00+00:00
[2026-05-06T03:10:29.638+0000] {processor.py:183} INFO - Processing /opt/airflow/dags/smart_city_traffic_batch_dag.py took 1.606 seconds
[2026-05-06T03:11:00.157+0000] {processor.py:161} INFO - Started process (PID=646) to work on /opt/airflow/dags/smart_city_traffic_batch_dag.py
[2026-05-06T03:11:00.161+0000] {processor.py:830} INFO - Processing file /opt/airflow/dags/smart_city_traffic_batch_dag.py for tasks to queue
[2026-05-06T03:11:00.168+0000] {logging_mixin.py:188} INFO - [2026-05-06T03:11:00.167+0000] {dagbag.py:545} INFO - Filling up the DagBag from /opt/airflow/dags/smart_city_traffic_batch_dag.py
[2026-05-06T03:11:01.057+0000] {processor.py:840} INFO - DAG(s) 'smart_city_traffic_batch_dag' retrieved from /opt/airflow/dags/smart_city_traffic_batch_dag.py
[2026-05-06T03:11:01.125+0000] {logging_mixin.py:188} INFO - [2026-05-06T03:11:01.124+0000] {dag.py:3089} INFO - Sync 1 DAGs
[2026-05-06T03:11:01.192+0000] {logging_mixin.py:188} INFO - [2026-05-06T03:11:01.191+0000] {dag.py:3947} INFO - Setting next_dagrun for smart_city_traffic_batch_dag to 2026-05-06 01:00:00+00:00, run_after=2026-05-07 01:00:00+00:00
[2026-05-06T03:11:01.278+0000] {processor.py:183} INFO - Processing /opt/airflow/dags/smart_city_traffic_batch_dag.py took 1.141 seconds
[2026-05-06T03:11:32.019+0000] {processor.py:161} INFO - Started process (PID=652) to work on /opt/airflow/dags/smart_city_traffic_batch_dag.py
[2026-05-06T03:11:32.025+0000] {processor.py:830} INFO - Processing file /opt/airflow/dags/smart_city_traffic_batch_dag.py for tasks to queue
[2026-05-06T03:11:32.046+0000] {logging_mixin.py:188} INFO - [2026-05-06T03:11:32.042+0000] {dagbag.py:545} INFO - Filling up the DagBag from /opt/airflow/dags/smart_city_traffic_batch_dag.py
[2026-05-06T03:11:34.019+0000] {processor.py:840} INFO - DAG(s) 'smart_city_traffic_batch_dag' retrieved from /opt/airflow/dags/smart_city_traffic_batch_dag.py
[2026-05-06T03:11:34.197+0000] {logging_mixin.py:188} INFO - [2026-05-06T03:11:34.196+0000] {dag.py:3089} INFO - Sync 1 DAGs
[2026-05-06T03:11:36.163+0000] {logging_mixin.py:188} INFO - [2026-05-06T03:11:36.162+0000] {dag.py:3947} INFO - Setting next_dagrun for smart_city_traffic_batch_dag to 2026-05-06 01:00:00+00:00, run_after=2026-05-07 01:00:00+00:00
[2026-05-06T03:11:36.212+0000] {processor.py:183} INFO - Processing /opt/airflow/dags/smart_city_traffic_batch_dag.py took 4.249 seconds
[2026-05-06T03:12:06.592+0000] {processor.py:161} INFO - Started process (PID=658) to work on /opt/airflow/dags/smart_city_traffic_batch_dag.py
[2026-05-06T03:12:06.596+0000] {processor.py:830} INFO - Processing file /opt/airflow/dags/smart_city_traffic_batch_dag.py for tasks to queue
[2026-05-06T03:12:06.602+0000] {logging_mixin.py:188} INFO - [2026-05-06T03:12:06.601+0000] {dagbag.py:545} INFO - Filling up the DagBag from /opt/airflow/dags/smart_city_traffic_batch_dag.py
[2026-05-06T03:12:07.268+0000] {processor.py:840} INFO - DAG(s) 'smart_city_traffic_batch_dag' retrieved from /opt/airflow/dags/smart_city_traffic_batch_dag.py
[2026-05-06T03:12:07.342+0000] {logging_mixin.py:188} INFO - [2026-05-06T03:12:07.342+0000] {dag.py:3089} INFO - Sync 1 DAGs
[2026-05-06T03:12:07.827+0000] {logging_mixin.py:188} INFO - [2026-05-06T03:12:07.826+0000] {dag.py:3947} INFO - Setting next_dagrun for smart_city_traffic_batch_dag to 2026-05-06 01:00:00+00:00, run_after=2026-05-07 01:00:00+00:00
[2026-05-06T03:12:07.864+0000] {processor.py:183} INFO - Processing /opt/airflow/dags/smart_city_traffic_batch_dag.py took 1.291 seconds
[2026-05-06T03:12:38.239+0000] {processor.py:161} INFO - Started process (PID=664) to work on /opt/airflow/dags/smart_city_traffic_batch_dag.py
[2026-05-06T03:12:38.241+0000] {processor.py:830} INFO - Processing file /opt/airflow/dags/smart_city_traffic_batch_dag.py for tasks to queue
[2026-05-06T03:12:38.250+0000] {logging_mixin.py:188} INFO - [2026-05-06T03:12:38.249+0000] {dagbag.py:545} INFO - Filling up the DagBag from /opt/airflow/dags/smart_city_traffic_batch_dag.py
[2026-05-06T03:12:39.032+0000] {processor.py:840} INFO - DAG(s) 'smart_city_traffic_batch_dag' retrieved from /opt/airflow/dags/smart_city_traffic_batch_dag.py
[2026-05-06T03:12:39.432+0000] {logging_mixin.py:188} INFO - [2026-05-06T03:12:39.431+0000] {dag.py:3089} INFO - Sync 1 DAGs
[2026-05-06T03:12:39.473+0000] {logging_mixin.py:188} INFO - [2026-05-06T03:12:39.473+0000] {dag.py:3947} INFO - Setting next_dagrun for smart_city_traffic_batch_dag to 2026-05-06 01:00:00+00:00, run_after=2026-05-07 01:00:00+00:00
[2026-05-06T03:12:39.506+0000] {processor.py:183} INFO - Processing /opt/airflow/dags/smart_city_traffic_batch_dag.py took 1.286 seconds
[2026-05-06T03:13:09.932+0000] {processor.py:161} INFO - Started process (PID=670) to work on /opt/airflow/dags/smart_city_traffic_batch_dag.py
[2026-05-06T03:13:09.935+0000] {processor.py:830} INFO - Processing file /opt/airflow/dags/smart_city_traffic_batch_dag.py for tasks to queue
[2026-05-06T03:13:09.940+0000] {logging_mixin.py:188} INFO - [2026-05-06T03:13:09.939+0000] {dagbag.py:545} INFO - Filling up the DagBag from /opt/airflow/dags/smart_city_traffic_batch_dag.py
[2026-05-06T03:13:11.219+0000] {processor.py:840} INFO - DAG(s) 'smart_city_traffic_batch_dag' retrieved from /opt/airflow/dags/smart_city_traffic_batch_dag.py
[2026-05-06T03:13:11.287+0000] {logging_mixin.py:188} INFO - [2026-05-06T03:13:11.286+0000] {dag.py:3089} INFO - Sync 1 DAGs
[2026-05-06T03:13:11.333+0000] {logging_mixin.py:188} INFO - [2026-05-06T03:13:11.333+0000] {dag.py:3947} INFO - Setting next_dagrun for smart_city_traffic_batch_dag to 2026-05-06 01:00:00+00:00, run_after=2026-05-07 01:00:00+00:00
[2026-05-06T03:13:11.380+0000] {processor.py:183} INFO - Processing /opt/airflow/dags/smart_city_traffic_batch_dag.py took 1.469 seconds
[2026-05-06T03:13:41.782+0000] {processor.py:161} INFO - Started process (PID=676) to work on /opt/airflow/dags/smart_city_traffic_batch_dag.py
[2026-05-06T03:13:41.786+0000] {processor.py:830} INFO - Processing file /opt/airflow/dags/smart_city_traffic_batch_dag.py for tasks to queue
[2026-05-06T03:13:41.797+0000] {logging_mixin.py:188} INFO - [2026-05-06T03:13:41.795+0000] {dagbag.py:545} INFO - Filling up the DagBag from /opt/airflow/dags/smart_city_traffic_batch_dag.py
[2026-05-06T03:13:42.751+0000] {processor.py:840} INFO - DAG(s) 'smart_city_traffic_batch_dag' retrieved from /opt/airflow/dags/smart_city_traffic_batch_dag.py
[2026-05-06T03:13:42.820+0000] {logging_mixin.py:188} INFO - [2026-05-06T03:13:42.819+0000] {dag.py:3089} INFO - Sync 1 DAGs
[2026-05-06T03:13:44.117+0000] {logging_mixin.py:188} INFO - [2026-05-06T03:13:44.116+0000] {dag.py:3947} INFO - Setting next_dagrun for smart_city_traffic_batch_dag to 2026-05-06 01:00:00+00:00, run_after=2026-05-07 01:00:00+00:00
[2026-05-06T03:13:44.176+0000] {processor.py:183} INFO - Processing /opt/airflow/dags/smart_city_traffic_batch_dag.py took 2.414 seconds
[2026-05-06T03:14:14.588+0000] {processor.py:161} INFO - Started process (PID=682) to work on /opt/airflow/dags/smart_city_traffic_batch_dag.py
[2026-05-06T03:14:14.592+0000] {processor.py:830} INFO - Processing file /opt/airflow/dags/smart_city_traffic_batch_dag.py for tasks to queue
[2026-05-06T03:14:14.602+0000] {logging_mixin.py:188} INFO - [2026-05-06T03:14:14.601+0000] {dagbag.py:545} INFO - Filling up the DagBag from /opt/airflow/dags/smart_city_traffic_batch_dag.py
[2026-05-06T03:14:15.738+0000] {processor.py:840} INFO - DAG(s) 'smart_city_traffic_batch_dag' retrieved from /opt/airflow/dags/smart_city_traffic_batch_dag.py
[2026-05-06T03:14:15.846+0000] {logging_mixin.py:188} INFO - [2026-05-06T03:14:15.845+0000] {dag.py:3089} INFO - Sync 1 DAGs
[2026-05-06T03:14:16.411+0000] {logging_mixin.py:188} INFO - [2026-05-06T03:14:16.410+0000] {dag.py:3947} INFO - Setting next_dagrun for smart_city_traffic_batch_dag to 2026-05-06 01:00:00+00:00, run_after=2026-05-07 01:00:00+00:00
[2026-05-06T03:14:16.445+0000] {processor.py:183} INFO - Processing /opt/airflow/dags/smart_city_traffic_batch_dag.py took 1.884 seconds
[2026-05-06T03:14:46.929+0000] {processor.py:161} INFO - Started process (PID=688) to work on /opt/airflow/dags/smart_city_traffic_batch_dag.py
[2026-05-06T03:14:46.931+0000] {processor.py:830} INFO - Processing file /opt/airflow/dags/smart_city_traffic_batch_dag.py for tasks to queue
[2026-05-06T03:14:46.937+0000] {logging_mixin.py:188} INFO - [2026-05-06T03:14:46.937+0000] {dagbag.py:545} INFO - Filling up the DagBag from /opt/airflow/dags/smart_city_traffic_batch_dag.py
[2026-05-06T03:14:47.623+0000] {processor.py:840} INFO - DAG(s) 'smart_city_traffic_batch_dag' retrieved from /opt/airflow/dags/smart_city_traffic_batch_dag.py
[2026-05-06T03:14:48.119+0000] {logging_mixin.py:188} INFO - [2026-05-06T03:14:48.118+0000] {dag.py:3089} INFO - Sync 1 DAGs
[2026-05-06T03:14:48.164+0000] {logging_mixin.py:188} INFO - [2026-05-06T03:14:48.164+0000] {dag.py:3947} INFO - Setting next_dagrun for smart_city_traffic_batch_dag to 2026-05-06 01:00:00+00:00, run_after=2026-05-07 01:00:00+00:00
[2026-05-06T03:14:48.208+0000] {processor.py:183} INFO - Processing /opt/airflow/dags/smart_city_traffic_batch_dag.py took 1.296 seconds
[2026-05-06T03:15:18.575+0000] {processor.py:161} INFO - Started process (PID=694) to work on /opt/airflow/dags/smart_city_traffic_batch_dag.py
[2026-05-06T03:15:18.577+0000] {processor.py:830} INFO - Processing file /opt/airflow/dags/smart_city_traffic_batch_dag.py for tasks to queue
[2026-05-06T03:15:18.582+0000] {logging_mixin.py:188} INFO - [2026-05-06T03:15:18.581+0000] {dagbag.py:545} INFO - Filling up the DagBag from /opt/airflow/dags/smart_city_traffic_batch_dag.py
[2026-05-06T03:15:19.299+0000] {processor.py:840} INFO - DAG(s) 'smart_city_traffic_batch_dag' retrieved from /opt/airflow/dags/smart_city_traffic_batch_dag.py
[2026-05-06T03:15:19.360+0000] {logging_mixin.py:188} INFO - [2026-05-06T03:15:19.359+0000] {dag.py:3089} INFO - Sync 1 DAGs
[2026-05-06T03:15:19.400+0000] {logging_mixin.py:188} INFO - [2026-05-06T03:15:19.400+0000] {dag.py:3947} INFO - Setting next_dagrun for smart_city_traffic_batch_dag to 2026-05-06 01:00:00+00:00, run_after=2026-05-07 01:00:00+00:00
[2026-05-06T03:15:19.440+0000] {processor.py:183} INFO - Processing /opt/airflow/dags/smart_city_traffic_batch_dag.py took 0.877 seconds
[2026-05-06T03:15:49.949+0000] {processor.py:161} INFO - Started process (PID=700) to work on /opt/airflow/dags/smart_city_traffic_batch_dag.py
[2026-05-06T03:15:49.953+0000] {processor.py:830} INFO - Processing file /opt/airflow/dags/smart_city_traffic_batch_dag.py for tasks to queue
[2026-05-06T03:15:49.964+0000] {logging_mixin.py:188} INFO - [2026-05-06T03:15:49.962+0000] {dagbag.py:545} INFO - Filling up the DagBag from /opt/airflow/dags/smart_city_traffic_batch_dag.py
[2026-05-06T03:15:51.107+0000] {processor.py:840} INFO - DAG(s) 'smart_city_traffic_batch_dag' retrieved from /opt/airflow/dags/smart_city_traffic_batch_dag.py
[2026-05-06T03:15:51.203+0000] {logging_mixin.py:188} INFO - [2026-05-06T03:15:51.203+0000] {dag.py:3089} INFO - Sync 1 DAGs
[2026-05-06T03:15:52.255+0000] {logging_mixin.py:188} INFO - [2026-05-06T03:15:52.255+0000] {dag.py:3947} INFO - Setting next_dagrun for smart_city_traffic_batch_dag to 2026-05-06 01:00:00+00:00, run_after=2026-05-07 01:00:00+00:00
[2026-05-06T03:15:52.317+0000] {processor.py:183} INFO - Processing /opt/airflow/dags/smart_city_traffic_batch_dag.py took 2.402 seconds
[2026-05-06T03:16:22.812+0000] {processor.py:161} INFO - Started process (PID=706) to work on /opt/airflow/dags/smart_city_traffic_batch_dag.py
[2026-05-06T03:16:22.819+0000] {processor.py:830} INFO - Processing file /opt/airflow/dags/smart_city_traffic_batch_dag.py for tasks to queue
[2026-05-06T03:16:22.824+0000] {logging_mixin.py:188} INFO - [2026-05-06T03:16:22.823+0000] {dagbag.py:545} INFO - Filling up the DagBag from /opt/airflow/dags/smart_city_traffic_batch_dag.py
[2026-05-06T03:16:23.579+0000] {processor.py:840} INFO - DAG(s) 'smart_city_traffic_batch_dag' retrieved from /opt/airflow/dags/smart_city_traffic_batch_dag.py
[2026-05-06T03:16:23.653+0000] {logging_mixin.py:188} INFO - [2026-05-06T03:16:23.652+0000] {dag.py:3089} INFO - Sync 1 DAGs
[2026-05-06T03:16:24.039+0000] {logging_mixin.py:188} INFO - [2026-05-06T03:16:24.038+0000] {dag.py:3947} INFO - Setting next_dagrun for smart_city_traffic_batch_dag to 2026-05-06 01:00:00+00:00, run_after=2026-05-07 01:00:00+00:00
[2026-05-06T03:16:24.076+0000] {processor.py:183} INFO - Processing /opt/airflow/dags/smart_city_traffic_batch_dag.py took 1.287 seconds
[2026-05-06T03:16:54.707+0000] {processor.py:161} INFO - Started process (PID=712) to work on /opt/airflow/dags/smart_city_traffic_batch_dag.py
[2026-05-06T03:16:54.712+0000] {processor.py:830} INFO - Processing file /opt/airflow/dags/smart_city_traffic_batch_dag.py for tasks to queue
[2026-05-06T03:16:54.729+0000] {logging_mixin.py:188} INFO - [2026-05-06T03:16:54.727+0000] {dagbag.py:545} INFO - Filling up the DagBag from /opt/airflow/dags/smart_city_traffic_batch_dag.py
[2026-05-06T03:16:56.245+0000] {processor.py:840} INFO - DAG(s) 'smart_city_traffic_batch_dag' retrieved from /opt/airflow/dags/smart_city_traffic_batch_dag.py
[2026-05-06T03:16:57.051+0000] {logging_mixin.py:188} INFO - [2026-05-06T03:16:57.051+0000] {dag.py:3089} INFO - Sync 1 DAGs
[2026-05-06T03:16:57.101+0000] {logging_mixin.py:188} INFO - [2026-05-06T03:16:57.100+0000] {dag.py:3947} INFO - Setting next_dagrun for smart_city_traffic_batch_dag to 2026-05-06 01:00:00+00:00, run_after=2026-05-07 01:00:00+00:00
[2026-05-06T03:16:57.161+0000] {processor.py:183} INFO - Processing /opt/airflow/dags/smart_city_traffic_batch_dag.py took 2.510 seconds
[2026-05-06T03:17:27.555+0000] {processor.py:161} INFO - Started process (PID=718) to work on /opt/airflow/dags/smart_city_traffic_batch_dag.py
[2026-05-06T03:17:27.557+0000] {processor.py:830} INFO - Processing file /opt/airflow/dags/smart_city_traffic_batch_dag.py for tasks to queue
[2026-05-06T03:17:27.564+0000] {logging_mixin.py:188} INFO - [2026-05-06T03:17:27.563+0000] {dagbag.py:545} INFO - Filling up the DagBag from /opt/airflow/dags/smart_city_traffic_batch_dag.py
[2026-05-06T03:17:28.238+0000] {processor.py:840} INFO - DAG(s) 'smart_city_traffic_batch_dag' retrieved from /opt/airflow/dags/smart_city_traffic_batch_dag.py
[2026-05-06T03:17:28.304+0000] {logging_mixin.py:188} INFO - [2026-05-06T03:17:28.303+0000] {dag.py:3089} INFO - Sync 1 DAGs
[2026-05-06T03:17:28.344+0000] {logging_mixin.py:188} INFO - [2026-05-06T03:17:28.343+0000] {dag.py:3947} INFO - Setting next_dagrun for smart_city_traffic_batch_dag to 2026-05-06 01:00:00+00:00, run_after=2026-05-07 01:00:00+00:00
[2026-05-06T03:17:28.382+0000] {processor.py:183} INFO - Processing /opt/airflow/dags/smart_city_traffic_batch_dag.py took 0.840 seconds
[2026-05-06T03:17:58.739+0000] {processor.py:161} INFO - Started process (PID=724) to work on /opt/airflow/dags/smart_city_traffic_batch_dag.py
[2026-05-06T03:17:58.742+0000] {processor.py:830} INFO - Processing file /opt/airflow/dags/smart_city_traffic_batch_dag.py for tasks to queue
[2026-05-06T03:17:58.747+0000] {logging_mixin.py:188} INFO - [2026-05-06T03:17:58.746+0000] {dagbag.py:545} INFO - Filling up the DagBag from /opt/airflow/dags/smart_city_traffic_batch_dag.py
[2026-05-06T03:17:59.581+0000] {processor.py:840} INFO - DAG(s) 'smart_city_traffic_batch_dag' retrieved from /opt/airflow/dags/smart_city_traffic_batch_dag.py
[2026-05-06T03:17:59.669+0000] {logging_mixin.py:188} INFO - [2026-05-06T03:17:59.668+0000] {dag.py:3089} INFO - Sync 1 DAGs
[2026-05-06T03:18:00.945+0000] {logging_mixin.py:188} INFO - [2026-05-06T03:18:00.945+0000] {dag.py:3947} INFO - Setting next_dagrun for smart_city_traffic_batch_dag to 2026-05-06 01:00:00+00:00, run_after=2026-05-07 01:00:00+00:00
[2026-05-06T03:18:01.004+0000] {processor.py:183} INFO - Processing /opt/airflow/dags/smart_city_traffic_batch_dag.py took 2.278 seconds
[2026-05-06T03:18:31.415+0000] {processor.py:161} INFO - Started process (PID=730) to work on /opt/airflow/dags/smart_city_traffic_batch_dag.py
[2026-05-06T03:18:31.419+0000] {processor.py:830} INFO - Processing file /opt/airflow/dags/smart_city_traffic_batch_dag.py for tasks to queue
[2026-05-06T03:18:31.424+0000] {logging_mixin.py:188} INFO - [2026-05-06T03:18:31.424+0000] {dagbag.py:545} INFO - Filling up the DagBag from /opt/airflow/dags/smart_city_traffic_batch_dag.py
[2026-05-06T03:18:32.422+0000] {processor.py:840} INFO - DAG(s) 'smart_city_traffic_batch_dag' retrieved from /opt/airflow/dags/smart_city_traffic_batch_dag.py
[2026-05-06T03:18:32.511+0000] {logging_mixin.py:188} INFO - [2026-05-06T03:18:32.510+0000] {dag.py:3089} INFO - Sync 1 DAGs
[2026-05-06T03:18:32.907+0000] {logging_mixin.py:188} INFO - [2026-05-06T03:18:32.907+0000] {dag.py:3947} INFO - Setting next_dagrun for smart_city_traffic_batch_dag to 2026-05-06 01:00:00+00:00, run_after=2026-05-07 01:00:00+00:00
[2026-05-06T03:18:32.942+0000] {processor.py:183} INFO - Processing /opt/airflow/dags/smart_city_traffic_batch_dag.py took 1.545 seconds
[2026-05-06T03:19:03.579+0000] {processor.py:161} INFO - Started process (PID=736) to work on /opt/airflow/dags/smart_city_traffic_batch_dag.py
[2026-05-06T03:19:03.589+0000] {processor.py:830} INFO - Processing file /opt/airflow/dags/smart_city_traffic_batch_dag.py for tasks to queue
[2026-05-06T03:19:03.613+0000] {logging_mixin.py:188} INFO - [2026-05-06T03:19:03.611+0000] {dagbag.py:545} INFO - Filling up the DagBag from /opt/airflow/dags/smart_city_traffic_batch_dag.py
[2026-05-06T03:19:05.310+0000] {processor.py:840} INFO - DAG(s) 'smart_city_traffic_batch_dag' retrieved from /opt/airflow/dags/smart_city_traffic_batch_dag.py
[2026-05-06T03:19:06.878+0000] {logging_mixin.py:188} INFO - [2026-05-06T03:19:06.877+0000] {dag.py:3089} INFO - Sync 1 DAGs
[2026-05-06T03:19:06.942+0000] {logging_mixin.py:188} INFO - [2026-05-06T03:19:06.942+0000] {dag.py:3947} INFO - Setting next_dagrun for smart_city_traffic_batch_dag to 2026-05-06 01:00:00+00:00, run_after=2026-05-07 01:00:00+00:00
[2026-05-06T03:19:06.984+0000] {processor.py:183} INFO - Processing /opt/airflow/dags/smart_city_traffic_batch_dag.py took 3.474 seconds
[2026-05-06T03:19:37.778+0000] {processor.py:161} INFO - Started process (PID=742) to work on /opt/airflow/dags/smart_city_traffic_batch_dag.py
[2026-05-06T03:19:37.783+0000] {processor.py:830} INFO - Processing file /opt/airflow/dags/smart_city_traffic_batch_dag.py for tasks to queue
[2026-05-06T03:19:37.821+0000] {logging_mixin.py:188} INFO - [2026-05-06T03:19:37.816+0000] {dagbag.py:545} INFO - Filling up the DagBag from /opt/airflow/dags/smart_city_traffic_batch_dag.py
[2026-05-06T03:19:44.003+0000] {processor.py:840} INFO - DAG(s) 'smart_city_traffic_batch_dag' retrieved from /opt/airflow/dags/smart_city_traffic_batch_dag.py
[2026-05-06T03:19:44.456+0000] {logging_mixin.py:188} INFO - [2026-05-06T03:19:44.454+0000] {dag.py:3089} INFO - Sync 1 DAGs
[2026-05-06T03:19:44.537+0000] {logging_mixin.py:188} INFO - [2026-05-06T03:19:44.536+0000] {dag.py:3947} INFO - Setting next_dagrun for smart_city_traffic_batch_dag to 2026-05-06 01:00:00+00:00, run_after=2026-05-07 01:00:00+00:00
[2026-05-06T03:19:44.597+0000] {processor.py:183} INFO - Processing /opt/airflow/dags/smart_city_traffic_batch_dag.py took 6.917 seconds
[2026-05-06T03:20:15.020+0000] {processor.py:161} INFO - Started process (PID=748) to work on /opt/airflow/dags/smart_city_traffic_batch_dag.py
[2026-05-06T03:20:15.023+0000] {processor.py:830} INFO - Processing file /opt/airflow/dags/smart_city_traffic_batch_dag.py for tasks to queue
[2026-05-06T03:20:15.028+0000] {logging_mixin.py:188} INFO - [2026-05-06T03:20:15.027+0000] {dagbag.py:545} INFO - Filling up the DagBag from /opt/airflow/dags/smart_city_traffic_batch_dag.py
[2026-05-06T03:20:15.987+0000] {processor.py:840} INFO - DAG(s) 'smart_city_traffic_batch_dag' retrieved from /opt/airflow/dags/smart_city_traffic_batch_dag.py
[2026-05-06T03:20:16.076+0000] {logging_mixin.py:188} INFO - [2026-05-06T03:20:16.075+0000] {dag.py:3089} INFO - Sync 1 DAGs
[2026-05-06T03:20:16.581+0000] {logging_mixin.py:188} INFO - [2026-05-06T03:20:16.580+0000] {dag.py:3947} INFO - Setting next_dagrun for smart_city_traffic_batch_dag to 2026-05-06 01:00:00+00:00, run_after=2026-05-07 01:00:00+00:00
[2026-05-06T03:20:16.621+0000] {processor.py:183} INFO - Processing /opt/airflow/dags/smart_city_traffic_batch_dag.py took 1.629 seconds
[2026-05-06T03:20:47.075+0000] {processor.py:161} INFO - Started process (PID=754) to work on /opt/airflow/dags/smart_city_traffic_batch_dag.py
[2026-05-06T03:20:47.078+0000] {processor.py:830} INFO - Processing file /opt/airflow/dags/smart_city_traffic_batch_dag.py for tasks to queue
[2026-05-06T03:20:47.088+0000] {logging_mixin.py:188} INFO - [2026-05-06T03:20:47.086+0000] {dagbag.py:545} INFO - Filling up the DagBag from /opt/airflow/dags/smart_city_traffic_batch_dag.py
[2026-05-06T03:20:48.097+0000] {processor.py:840} INFO - DAG(s) 'smart_city_traffic_batch_dag' retrieved from /opt/airflow/dags/smart_city_traffic_batch_dag.py
[2026-05-06T03:20:48.206+0000] {logging_mixin.py:188} INFO - [2026-05-06T03:20:48.205+0000] {dag.py:3089} INFO - Sync 1 DAGs
[2026-05-06T03:20:48.835+0000] {logging_mixin.py:188} INFO - [2026-05-06T03:20:48.834+0000] {dag.py:3947} INFO - Setting next_dagrun for smart_city_traffic_batch_dag to 2026-05-06 01:00:00+00:00, run_after=2026-05-07 01:00:00+00:00
[2026-05-06T03:20:48.871+0000] {processor.py:183} INFO - Processing /opt/airflow/dags/smart_city_traffic_batch_dag.py took 1.824 seconds
[2026-05-06T03:21:19.282+0000] {processor.py:161} INFO - Started process (PID=760) to work on /opt/airflow/dags/smart_city_traffic_batch_dag.py
[2026-05-06T03:21:19.284+0000] {processor.py:830} INFO - Processing file /opt/airflow/dags/smart_city_traffic_batch_dag.py for tasks to queue
[2026-05-06T03:21:19.290+0000] {logging_mixin.py:188} INFO - [2026-05-06T03:21:19.289+0000] {dagbag.py:545} INFO - Filling up the DagBag from /opt/airflow/dags/smart_city_traffic_batch_dag.py
[2026-05-06T03:21:20.055+0000] {processor.py:840} INFO - DAG(s) 'smart_city_traffic_batch_dag' retrieved from /opt/airflow/dags/smart_city_traffic_batch_dag.py
[2026-05-06T03:21:20.578+0000] {logging_mixin.py:188} INFO - [2026-05-06T03:21:20.577+0000] {dag.py:3089} INFO - Sync 1 DAGs
[2026-05-06T03:21:20.616+0000] {logging_mixin.py:188} INFO - [2026-05-06T03:21:20.616+0000] {dag.py:3947} INFO - Setting next_dagrun for smart_city_traffic_batch_dag to 2026-05-06 01:00:00+00:00, run_after=2026-05-07 01:00:00+00:00
[2026-05-06T03:21:20.651+0000] {processor.py:183} INFO - Processing /opt/airflow/dags/smart_city_traffic_batch_dag.py took 1.385 seconds
[2026-05-06T03:21:50.993+0000] {processor.py:161} INFO - Started process (PID=766) to work on /opt/airflow/dags/smart_city_traffic_batch_dag.py
[2026-05-06T03:21:50.996+0000] {processor.py:830} INFO - Processing file /opt/airflow/dags/smart_city_traffic_batch_dag.py for tasks to queue
[2026-05-06T03:21:50.999+0000] {logging_mixin.py:188} INFO - [2026-05-06T03:21:50.998+0000] {dagbag.py:545} INFO - Filling up the DagBag from /opt/airflow/dags/smart_city_traffic_batch_dag.py
[2026-05-06T03:21:52.230+0000] {processor.py:840} INFO - DAG(s) 'smart_city_traffic_batch_dag' retrieved from /opt/airflow/dags/smart_city_traffic_batch_dag.py
[2026-05-06T03:21:52.325+0000] {logging_mixin.py:188} INFO - [2026-05-06T03:21:52.324+0000] {dag.py:3089} INFO - Sync 1 DAGs
[2026-05-06T03:21:52.393+0000] {logging_mixin.py:188} INFO - [2026-05-06T03:21:52.392+0000] {dag.py:3947} INFO - Setting next_dagrun for smart_city_traffic_batch_dag to 2026-05-06 01:00:00+00:00, run_after=2026-05-07 01:00:00+00:00
[2026-05-06T03:21:52.454+0000] {processor.py:183} INFO - Processing /opt/airflow/dags/smart_city_traffic_batch_dag.py took 1.479 seconds
[2026-05-06T03:22:22.858+0000] {processor.py:161} INFO - Started process (PID=772) to work on /opt/airflow/dags/smart_city_traffic_batch_dag.py
[2026-05-06T03:22:22.861+0000] {processor.py:830} INFO - Processing file /opt/airflow/dags/smart_city_traffic_batch_dag.py for tasks to queue
[2026-05-06T03:22:22.876+0000] {logging_mixin.py:188} INFO - [2026-05-06T03:22:22.875+0000] {dagbag.py:545} INFO - Filling up the DagBag from /opt/airflow/dags/smart_city_traffic_batch_dag.py
[2026-05-06T03:22:23.469+0000] {processor.py:840} INFO - DAG(s) 'smart_city_traffic_batch_dag' retrieved from /opt/airflow/dags/smart_city_traffic_batch_dag.py
[2026-05-06T03:22:23.528+0000] {logging_mixin.py:188} INFO - [2026-05-06T03:22:23.528+0000] {dag.py:3089} INFO - Sync 1 DAGs
[2026-05-06T03:22:23.976+0000] {logging_mixin.py:188} INFO - [2026-05-06T03:22:23.976+0000] {dag.py:3947} INFO - Setting next_dagrun for smart_city_traffic_batch_dag to 2026-05-06 01:00:00+00:00, run_after=2026-05-07 01:00:00+00:00
[2026-05-06T03:22:24.014+0000] {processor.py:183} INFO - Processing /opt/airflow/dags/smart_city_traffic_batch_dag.py took 1.194 seconds
[2026-05-06T03:22:54.588+0000] {processor.py:161} INFO - Started process (PID=778) to work on /opt/airflow/dags/smart_city_traffic_batch_dag.py
[2026-05-06T03:22:54.599+0000] {processor.py:830} INFO - Processing file /opt/airflow/dags/smart_city_traffic_batch_dag.py for tasks to queue
[2026-05-06T03:22:54.619+0000] {logging_mixin.py:188} INFO - [2026-05-06T03:22:54.615+0000] {dagbag.py:545} INFO - Filling up the DagBag from /opt/airflow/dags/smart_city_traffic_batch_dag.py
[2026-05-06T03:22:55.890+0000] {processor.py:840} INFO - DAG(s) 'smart_city_traffic_batch_dag' retrieved from /opt/airflow/dags/smart_city_traffic_batch_dag.py
[2026-05-06T03:22:56.060+0000] {logging_mixin.py:188} INFO - [2026-05-06T03:22:56.059+0000] {dag.py:3089} INFO - Sync 1 DAGs
[2026-05-06T03:22:56.729+0000] {logging_mixin.py:188} INFO - [2026-05-06T03:22:56.729+0000] {dag.py:3947} INFO - Setting next_dagrun for smart_city_traffic_batch_dag to 2026-05-06 01:00:00+00:00, run_after=2026-05-07 01:00:00+00:00
[2026-05-06T03:22:56.762+0000] {processor.py:183} INFO - Processing /opt/airflow/dags/smart_city_traffic_batch_dag.py took 2.245 seconds
[2026-05-06T03:23:27.147+0000] {processor.py:161} INFO - Started process (PID=784) to work on /opt/airflow/dags/smart_city_traffic_batch_dag.py
[2026-05-06T03:23:27.158+0000] {processor.py:830} INFO - Processing file /opt/airflow/dags/smart_city_traffic_batch_dag.py for tasks to queue
[2026-05-06T03:23:27.166+0000] {logging_mixin.py:188} INFO - [2026-05-06T03:23:27.165+0000] {dagbag.py:545} INFO - Filling up the DagBag from /opt/airflow/dags/smart_city_traffic_batch_dag.py
[2026-05-06T03:23:28.168+0000] {processor.py:840} INFO - DAG(s) 'smart_city_traffic_batch_dag' retrieved from /opt/airflow/dags/smart_city_traffic_batch_dag.py
[2026-05-06T03:23:28.531+0000] {logging_mixin.py:188} INFO - [2026-05-06T03:23:28.530+0000] {dag.py:3089} INFO - Sync 1 DAGs
[2026-05-06T03:23:28.562+0000] {logging_mixin.py:188} INFO - [2026-05-06T03:23:28.561+0000] {dag.py:3947} INFO - Setting next_dagrun for smart_city_traffic_batch_dag to 2026-05-06 01:00:00+00:00, run_after=2026-05-07 01:00:00+00:00
[2026-05-06T03:23:28.594+0000] {processor.py:183} INFO - Processing /opt/airflow/dags/smart_city_traffic_batch_dag.py took 1.472 seconds
[2026-05-06T03:23:58.993+0000] {processor.py:161} INFO - Started process (PID=790) to work on /opt/airflow/dags/smart_city_traffic_batch_dag.py
[2026-05-06T03:23:58.996+0000] {processor.py:830} INFO - Processing file /opt/airflow/dags/smart_city_traffic_batch_dag.py for tasks to queue
[2026-05-06T03:23:59.004+0000] {logging_mixin.py:188} INFO - [2026-05-06T03:23:59.001+0000] {dagbag.py:545} INFO - Filling up the DagBag from /opt/airflow/dags/smart_city_traffic_batch_dag.py
[2026-05-06T03:24:00.090+0000] {processor.py:840} INFO - DAG(s) 'smart_city_traffic_batch_dag' retrieved from /opt/airflow/dags/smart_city_traffic_batch_dag.py
[2026-05-06T03:24:00.139+0000] {logging_mixin.py:188} INFO - [2026-05-06T03:24:00.139+0000] {dag.py:3089} INFO - Sync 1 DAGs
[2026-05-06T03:24:00.172+0000] {logging_mixin.py:188} INFO - [2026-05-06T03:24:00.171+0000] {dag.py:3947} INFO - Setting next_dagrun for smart_city_traffic_batch_dag to 2026-05-06 01:00:00+00:00, run_after=2026-05-07 01:00:00+00:00
[2026-05-06T03:24:00.204+0000] {processor.py:183} INFO - Processing /opt/airflow/dags/smart_city_traffic_batch_dag.py took 1.231 seconds
[2026-05-06T03:24:30.559+0000] {processor.py:161} INFO - Started process (PID=796) to work on /opt/airflow/dags/smart_city_traffic_batch_dag.py
[2026-05-06T03:24:30.561+0000] {processor.py:830} INFO - Processing file /opt/airflow/dags/smart_city_traffic_batch_dag.py for tasks to queue
[2026-05-06T03:24:30.565+0000] {logging_mixin.py:188} INFO - [2026-05-06T03:24:30.564+0000] {dagbag.py:545} INFO - Filling up the DagBag from /opt/airflow/dags/smart_city_traffic_batch_dag.py
[2026-05-06T03:24:31.249+0000] {processor.py:840} INFO - DAG(s) 'smart_city_traffic_batch_dag' retrieved from /opt/airflow/dags/smart_city_traffic_batch_dag.py
[2026-05-06T03:24:31.315+0000] {logging_mixin.py:188} INFO - [2026-05-06T03:24:31.315+0000] {dag.py:3089} INFO - Sync 1 DAGs
[2026-05-06T03:24:31.711+0000] {logging_mixin.py:188} INFO - [2026-05-06T03:24:31.710+0000] {dag.py:3947} INFO - Setting next_dagrun for smart_city_traffic_batch_dag to 2026-05-06 01:00:00+00:00, run_after=2026-05-07 01:00:00+00:00
[2026-05-06T03:24:31.750+0000] {processor.py:183} INFO - Processing /opt/airflow/dags/smart_city_traffic_batch_dag.py took 1.201 seconds
[2026-05-06T03:25:02.496+0000] {processor.py:161} INFO - Started process (PID=802) to work on /opt/airflow/dags/smart_city_traffic_batch_dag.py
[2026-05-06T03:25:02.524+0000] {processor.py:830} INFO - Processing file /opt/airflow/dags/smart_city_traffic_batch_dag.py for tasks to queue
[2026-05-06T03:25:02.555+0000] {logging_mixin.py:188} INFO - [2026-05-06T03:25:02.548+0000] {dagbag.py:545} INFO - Filling up the DagBag from /opt/airflow/dags/smart_city_traffic_batch_dag.py
[2026-05-06T03:25:04.108+0000] {processor.py:840} INFO - DAG(s) 'smart_city_traffic_batch_dag' retrieved from /opt/airflow/dags/smart_city_traffic_batch_dag.py
[2026-05-06T03:25:04.276+0000] {logging_mixin.py:188} INFO - [2026-05-06T03:25:04.275+0000] {dag.py:3089} INFO - Sync 1 DAGs
[2026-05-06T03:25:04.871+0000] {logging_mixin.py:188} INFO - [2026-05-06T03:25:04.870+0000] {dag.py:3947} INFO - Setting next_dagrun for smart_city_traffic_batch_dag to 2026-05-06 01:00:00+00:00, run_after=2026-05-07 01:00:00+00:00
[2026-05-06T03:25:04.915+0000] {processor.py:183} INFO - Processing /opt/airflow/dags/smart_city_traffic_batch_dag.py took 2.504 seconds
[2026-05-06T03:25:35.712+0000] {processor.py:161} INFO - Started process (PID=808) to work on /opt/airflow/dags/smart_city_traffic_batch_dag.py
[2026-05-06T03:25:35.727+0000] {processor.py:830} INFO - Processing file /opt/airflow/dags/smart_city_traffic_batch_dag.py for tasks to queue
[2026-05-06T03:25:35.771+0000] {logging_mixin.py:188} INFO - [2026-05-06T03:25:35.764+0000] {dagbag.py:545} INFO - Filling up the DagBag from /opt/airflow/dags/smart_city_traffic_batch_dag.py
[2026-05-06T03:25:38.982+0000] {processor.py:840} INFO - DAG(s) 'smart_city_traffic_batch_dag' retrieved from /opt/airflow/dags/smart_city_traffic_batch_dag.py
[2026-05-06T03:25:41.125+0000] {logging_mixin.py:188} INFO - [2026-05-06T03:25:41.124+0000] {dag.py:3089} INFO - Sync 1 DAGs
[2026-05-06T03:25:41.173+0000] {logging_mixin.py:188} INFO - [2026-05-06T03:25:41.172+0000] {dag.py:3947} INFO - Setting next_dagrun for smart_city_traffic_batch_dag to 2026-05-06 01:00:00+00:00, run_after=2026-05-07 01:00:00+00:00
[2026-05-06T03:25:41.216+0000] {processor.py:183} INFO - Processing /opt/airflow/dags/smart_city_traffic_batch_dag.py took 5.613 seconds
[2026-05-06T03:26:11.997+0000] {processor.py:161} INFO - Started process (PID=814) to work on /opt/airflow/dags/smart_city_traffic_batch_dag.py
[2026-05-06T03:26:12.001+0000] {processor.py:830} INFO - Processing file /opt/airflow/dags/smart_city_traffic_batch_dag.py for tasks to queue
[2026-05-06T03:26:12.023+0000] {logging_mixin.py:188} INFO - [2026-05-06T03:26:12.020+0000] {dagbag.py:545} INFO - Filling up the DagBag from /opt/airflow/dags/smart_city_traffic_batch_dag.py
[2026-05-06T03:26:15.048+0000] {processor.py:840} INFO - DAG(s) 'smart_city_traffic_batch_dag' retrieved from /opt/airflow/dags/smart_city_traffic_batch_dag.py
[2026-05-06T03:26:15.147+0000] {logging_mixin.py:188} INFO - [2026-05-06T03:26:15.146+0000] {dag.py:3089} INFO - Sync 1 DAGs
[2026-05-06T03:26:15.195+0000] {logging_mixin.py:188} INFO - [2026-05-06T03:26:15.194+0000] {dag.py:3947} INFO - Setting next_dagrun for smart_city_traffic_batch_dag to 2026-05-06 01:00:00+00:00, run_after=2026-05-07 01:00:00+00:00
[2026-05-06T03:26:15.240+0000] {processor.py:183} INFO - Processing /opt/airflow/dags/smart_city_traffic_batch_dag.py took 3.296 seconds
[2026-05-06T03:26:45.773+0000] {processor.py:161} INFO - Started process (PID=820) to work on /opt/airflow/dags/smart_city_traffic_batch_dag.py
[2026-05-06T03:26:45.780+0000] {processor.py:830} INFO - Processing file /opt/airflow/dags/smart_city_traffic_batch_dag.py for tasks to queue
[2026-05-06T03:26:45.803+0000] {logging_mixin.py:188} INFO - [2026-05-06T03:26:45.800+0000] {dagbag.py:545} INFO - Filling up the DagBag from /opt/airflow/dags/smart_city_traffic_batch_dag.py
[2026-05-06T03:26:47.259+0000] {processor.py:840} INFO - DAG(s) 'smart_city_traffic_batch_dag' retrieved from /opt/airflow/dags/smart_city_traffic_batch_dag.py
[2026-05-06T03:26:47.398+0000] {logging_mixin.py:188} INFO - [2026-05-06T03:26:47.397+0000] {dag.py:3089} INFO - Sync 1 DAGs
[2026-05-06T03:26:48.108+0000] {logging_mixin.py:188} INFO - [2026-05-06T03:26:48.108+0000] {dag.py:3947} INFO - Setting next_dagrun for smart_city_traffic_batch_dag to 2026-05-06 01:00:00+00:00, run_after=2026-05-07 01:00:00+00:00
[2026-05-06T03:26:48.151+0000] {processor.py:183} INFO - Processing /opt/airflow/dags/smart_city_traffic_batch_dag.py took 2.450 seconds
[2026-05-06T03:27:18.797+0000] {processor.py:161} INFO - Started process (PID=826) to work on /opt/airflow/dags/smart_city_traffic_batch_dag.py
[2026-05-06T03:27:18.806+0000] {processor.py:830} INFO - Processing file /opt/airflow/dags/smart_city_traffic_batch_dag.py for tasks to queue
[2026-05-06T03:27:18.832+0000] {logging_mixin.py:188} INFO - [2026-05-06T03:27:18.828+0000] {dagbag.py:545} INFO - Filling up the DagBag from /opt/airflow/dags/smart_city_traffic_batch_dag.py
[2026-05-06T03:27:20.647+0000] {processor.py:840} INFO - DAG(s) 'smart_city_traffic_batch_dag' retrieved from /opt/airflow/dags/smart_city_traffic_batch_dag.py
[2026-05-06T03:27:20.881+0000] {logging_mixin.py:188} INFO - [2026-05-06T03:27:20.880+0000] {dag.py:3089} INFO - Sync 1 DAGs
[2026-05-06T03:27:22.030+0000] {logging_mixin.py:188} INFO - [2026-05-06T03:27:22.029+0000] {dag.py:3947} INFO - Setting next_dagrun for smart_city_traffic_batch_dag to 2026-05-06 01:00:00+00:00, run_after=2026-05-07 01:00:00+00:00
[2026-05-06T03:27:22.088+0000] {processor.py:183} INFO - Processing /opt/airflow/dags/smart_city_traffic_batch_dag.py took 3.357 seconds
[2026-05-06T03:27:52.452+0000] {processor.py:161} INFO - Started process (PID=832) to work on /opt/airflow/dags/smart_city_traffic_batch_dag.py
[2026-05-06T03:27:52.454+0000] {processor.py:830} INFO - Processing file /opt/airflow/dags/smart_city_traffic_batch_dag.py for tasks to queue
[2026-05-06T03:27:52.458+0000] {logging_mixin.py:188} INFO - [2026-05-06T03:27:52.458+0000] {dagbag.py:545} INFO - Filling up the DagBag from /opt/airflow/dags/smart_city_traffic_batch_dag.py
[2026-05-06T03:27:53.336+0000] {processor.py:840} INFO - DAG(s) 'smart_city_traffic_batch_dag' retrieved from /opt/airflow/dags/smart_city_traffic_batch_dag.py
[2026-05-06T03:27:53.707+0000] {logging_mixin.py:188} INFO - [2026-05-06T03:27:53.707+0000] {dag.py:3089} INFO - Sync 1 DAGs
[2026-05-06T03:27:53.740+0000] {logging_mixin.py:188} INFO - [2026-05-06T03:27:53.739+0000] {dag.py:3947} INFO - Setting next_dagrun for smart_city_traffic_batch_dag to 2026-05-06 01:00:00+00:00, run_after=2026-05-07 01:00:00+00:00
[2026-05-06T03:27:53.771+0000] {processor.py:183} INFO - Processing /opt/airflow/dags/smart_city_traffic_batch_dag.py took 1.331 seconds
[2026-05-06T03:28:24.132+0000] {processor.py:161} INFO - Started process (PID=838) to work on /opt/airflow/dags/smart_city_traffic_batch_dag.py
[2026-05-06T03:28:24.135+0000] {processor.py:830} INFO - Processing file /opt/airflow/dags/smart_city_traffic_batch_dag.py for tasks to queue
[2026-05-06T03:28:24.141+0000] {logging_mixin.py:188} INFO - [2026-05-06T03:28:24.140+0000] {dagbag.py:545} INFO - Filling up the DagBag from /opt/airflow/dags/smart_city_traffic_batch_dag.py
[2026-05-06T03:28:25.142+0000] {processor.py:840} INFO - DAG(s) 'smart_city_traffic_batch_dag' retrieved from /opt/airflow/dags/smart_city_traffic_batch_dag.py
[2026-05-06T03:28:25.205+0000] {logging_mixin.py:188} INFO - [2026-05-06T03:28:25.204+0000] {dag.py:3089} INFO - Sync 1 DAGs
[2026-05-06T03:28:25.238+0000] {logging_mixin.py:188} INFO - [2026-05-06T03:28:25.237+0000] {dag.py:3947} INFO - Setting next_dagrun for smart_city_traffic_batch_dag to 2026-05-06 01:00:00+00:00, run_after=2026-05-07 01:00:00+00:00
[2026-05-06T03:28:25.275+0000] {processor.py:183} INFO - Processing /opt/airflow/dags/smart_city_traffic_batch_dag.py took 1.160 seconds
[2026-05-06T03:28:55.734+0000] {processor.py:161} INFO - Started process (PID=844) to work on /opt/airflow/dags/smart_city_traffic_batch_dag.py
[2026-05-06T03:28:55.738+0000] {processor.py:830} INFO - Processing file /opt/airflow/dags/smart_city_traffic_batch_dag.py for tasks to queue
[2026-05-06T03:28:55.748+0000] {logging_mixin.py:188} INFO - [2026-05-06T03:28:55.746+0000] {dagbag.py:545} INFO - Filling up the DagBag from /opt/airflow/dags/smart_city_traffic_batch_dag.py
[2026-05-06T03:28:56.891+0000] {processor.py:840} INFO - DAG(s) 'smart_city_traffic_batch_dag' retrieved from /opt/airflow/dags/smart_city_traffic_batch_dag.py
[2026-05-06T03:28:57.025+0000] {logging_mixin.py:188} INFO - [2026-05-06T03:28:57.024+0000] {dag.py:3089} INFO - Sync 1 DAGs
[2026-05-06T03:28:57.580+0000] {logging_mixin.py:188} INFO - [2026-05-06T03:28:57.580+0000] {dag.py:3947} INFO - Setting next_dagrun for smart_city_traffic_batch_dag to 2026-05-06 01:00:00+00:00, run_after=2026-05-07 01:00:00+00:00
[2026-05-06T03:28:57.611+0000] {processor.py:183} INFO - Processing /opt/airflow/dags/smart_city_traffic_batch_dag.py took 1.920 seconds
[2026-05-06T03:29:28.430+0000] {processor.py:161} INFO - Started process (PID=850) to work on /opt/airflow/dags/smart_city_traffic_batch_dag.py
[2026-05-06T03:29:28.440+0000] {processor.py:830} INFO - Processing file /opt/airflow/dags/smart_city_traffic_batch_dag.py for tasks to queue
[2026-05-06T03:29:28.469+0000] {logging_mixin.py:188} INFO - [2026-05-06T03:29:28.465+0000] {dagbag.py:545} INFO - Filling up the DagBag from /opt/airflow/dags/smart_city_traffic_batch_dag.py
[2026-05-06T03:29:30.070+0000] {processor.py:840} INFO - DAG(s) 'smart_city_traffic_batch_dag' retrieved from /opt/airflow/dags/smart_city_traffic_batch_dag.py
[2026-05-06T03:29:30.258+0000] {logging_mixin.py:188} INFO - [2026-05-06T03:29:30.257+0000] {dag.py:3089} INFO - Sync 1 DAGs
[2026-05-06T03:29:31.277+0000] {logging_mixin.py:188} INFO - [2026-05-06T03:29:31.276+0000] {dag.py:3947} INFO - Setting next_dagrun for smart_city_traffic_batch_dag to 2026-05-06 01:00:00+00:00, run_after=2026-05-07 01:00:00+00:00
[2026-05-06T03:29:31.347+0000] {processor.py:183} INFO - Processing /opt/airflow/dags/smart_city_traffic_batch_dag.py took 3.027 seconds
[2026-05-06T03:30:01.633+0000] {processor.py:161} INFO - Started process (PID=856) to work on /opt/airflow/dags/smart_city_traffic_batch_dag.py
[2026-05-06T03:30:01.635+0000] {processor.py:830} INFO - Processing file /opt/airflow/dags/smart_city_traffic_batch_dag.py for tasks to queue
[2026-05-06T03:30:01.642+0000] {logging_mixin.py:188} INFO - [2026-05-06T03:30:01.641+0000] {dagbag.py:545} INFO - Filling up the DagBag from /opt/airflow/dags/smart_city_traffic_batch_dag.py
[2026-05-06T03:30:02.527+0000] {processor.py:840} INFO - DAG(s) 'smart_city_traffic_batch_dag' retrieved from /opt/airflow/dags/smart_city_traffic_batch_dag.py
[2026-05-06T03:30:03.121+0000] {logging_mixin.py:188} INFO - [2026-05-06T03:30:03.120+0000] {dag.py:3089} INFO - Sync 1 DAGs
[2026-05-06T03:30:03.181+0000] {logging_mixin.py:188} INFO - [2026-05-06T03:30:03.180+0000] {dag.py:3947} INFO - Setting next_dagrun for smart_city_traffic_batch_dag to 2026-05-06 01:00:00+00:00, run_after=2026-05-07 01:00:00+00:00
[2026-05-06T03:30:03.234+0000] {processor.py:183} INFO - Processing /opt/airflow/dags/smart_city_traffic_batch_dag.py took 1.618 seconds
[2026-05-06T03:30:33.654+0000] {processor.py:161} INFO - Started process (PID=862) to work on /opt/airflow/dags/smart_city_traffic_batch_dag.py
[2026-05-06T03:30:33.657+0000] {processor.py:830} INFO - Processing file /opt/airflow/dags/smart_city_traffic_batch_dag.py for tasks to queue
[2026-05-06T03:30:33.662+0000] {logging_mixin.py:188} INFO - [2026-05-06T03:30:33.661+0000] {dagbag.py:545} INFO - Filling up the DagBag from /opt/airflow/dags/smart_city_traffic_batch_dag.py
[2026-05-06T03:30:34.674+0000] {processor.py:840} INFO - DAG(s) 'smart_city_traffic_batch_dag' retrieved from /opt/airflow/dags/smart_city_traffic_batch_dag.py
[2026-05-06T03:30:34.735+0000] {logging_mixin.py:188} INFO - [2026-05-06T03:30:34.735+0000] {dag.py:3089} INFO - Sync 1 DAGs
[2026-05-06T03:30:34.771+0000] {logging_mixin.py:188} INFO - [2026-05-06T03:30:34.770+0000] {dag.py:3947} INFO - Setting next_dagrun for smart_city_traffic_batch_dag to 2026-05-06 01:00:00+00:00, run_after=2026-05-07 01:00:00+00:00
[2026-05-06T03:30:34.831+0000] {processor.py:183} INFO - Processing /opt/airflow/dags/smart_city_traffic_batch_dag.py took 1.196 seconds
[2026-05-06T03:31:05.317+0000] {processor.py:161} INFO - Started process (PID=868) to work on /opt/airflow/dags/smart_city_traffic_batch_dag.py
[2026-05-06T03:31:05.321+0000] {processor.py:830} INFO - Processing file /opt/airflow/dags/smart_city_traffic_batch_dag.py for tasks to queue
[2026-05-06T03:31:05.337+0000] {logging_mixin.py:188} INFO - [2026-05-06T03:31:05.335+0000] {dagbag.py:545} INFO - Filling up the DagBag from /opt/airflow/dags/smart_city_traffic_batch_dag.py
[2026-05-06T03:31:06.631+0000] {processor.py:840} INFO - DAG(s) 'smart_city_traffic_batch_dag' retrieved from /opt/airflow/dags/smart_city_traffic_batch_dag.py
[2026-05-06T03:31:06.732+0000] {logging_mixin.py:188} INFO - [2026-05-06T03:31:06.732+0000] {dag.py:3089} INFO - Sync 1 DAGs
[2026-05-06T03:31:07.285+0000] {logging_mixin.py:188} INFO - [2026-05-06T03:31:07.284+0000] {dag.py:3947} INFO - Setting next_dagrun for smart_city_traffic_batch_dag to 2026-05-06 01:00:00+00:00, run_after=2026-05-07 01:00:00+00:00
[2026-05-06T03:31:07.331+0000] {processor.py:183} INFO - Processing /opt/airflow/dags/smart_city_traffic_batch_dag.py took 2.072 seconds
[2026-05-06T03:31:37.579+0000] {processor.py:161} INFO - Started process (PID=874) to work on /opt/airflow/dags/smart_city_traffic_batch_dag.py
[2026-05-06T03:31:37.581+0000] {processor.py:830} INFO - Processing file /opt/airflow/dags/smart_city_traffic_batch_dag.py for tasks to queue
[2026-05-06T03:31:37.586+0000] {logging_mixin.py:188} INFO - [2026-05-06T03:31:37.585+0000] {dagbag.py:545} INFO - Filling up the DagBag from /opt/airflow/dags/smart_city_traffic_batch_dag.py
[2026-05-06T03:31:38.612+0000] {processor.py:840} INFO - DAG(s) 'smart_city_traffic_batch_dag' retrieved from /opt/airflow/dags/smart_city_traffic_batch_dag.py
[2026-05-06T03:31:38.675+0000] {logging_mixin.py:188} INFO - [2026-05-06T03:31:38.674+0000] {dag.py:3089} INFO - Sync 1 DAGs
[2026-05-06T03:31:39.071+0000] {logging_mixin.py:188} INFO - [2026-05-06T03:31:39.071+0000] {dag.py:3947} INFO - Setting next_dagrun for smart_city_traffic_batch_dag to 2026-05-06 01:00:00+00:00, run_after=2026-05-07 01:00:00+00:00
[2026-05-06T03:31:39.106+0000] {processor.py:183} INFO - Processing /opt/airflow/dags/smart_city_traffic_batch_dag.py took 1.552 seconds
[2026-05-06T03:32:09.510+0000] {processor.py:161} INFO - Started process (PID=880) to work on /opt/airflow/dags/smart_city_traffic_batch_dag.py
[2026-05-06T03:32:09.513+0000] {processor.py:830} INFO - Processing file /opt/airflow/dags/smart_city_traffic_batch_dag.py for tasks to queue
[2026-05-06T03:32:09.519+0000] {logging_mixin.py:188} INFO - [2026-05-06T03:32:09.518+0000] {dagbag.py:545} INFO - Filling up the DagBag from /opt/airflow/dags/smart_city_traffic_batch_dag.py
[2026-05-06T03:32:10.342+0000] {processor.py:840} INFO - DAG(s) 'smart_city_traffic_batch_dag' retrieved from /opt/airflow/dags/smart_city_traffic_batch_dag.py
[2026-05-06T03:32:10.859+0000] {logging_mixin.py:188} INFO - [2026-05-06T03:32:10.858+0000] {dag.py:3089} INFO - Sync 1 DAGs
[2026-05-06T03:32:10.896+0000] {logging_mixin.py:188} INFO - [2026-05-06T03:32:10.895+0000] {dag.py:3947} INFO - Setting next_dagrun for smart_city_traffic_batch_dag to 2026-05-06 01:00:00+00:00, run_after=2026-05-07 01:00:00+00:00
[2026-05-06T03:32:10.936+0000] {processor.py:183} INFO - Processing /opt/airflow/dags/smart_city_traffic_batch_dag.py took 1.443 seconds
[2026-05-06T03:32:41.280+0000] {processor.py:161} INFO - Started process (PID=886) to work on /opt/airflow/dags/smart_city_traffic_batch_dag.py
[2026-05-06T03:32:41.288+0000] {processor.py:830} INFO - Processing file /opt/airflow/dags/smart_city_traffic_batch_dag.py for tasks to queue
[2026-05-06T03:32:41.304+0000] {logging_mixin.py:188} INFO - [2026-05-06T03:32:41.302+0000] {dagbag.py:545} INFO - Filling up the DagBag from /opt/airflow/dags/smart_city_traffic_batch_dag.py
[2026-05-06T03:32:43.500+0000] {processor.py:840} INFO - DAG(s) 'smart_city_traffic_batch_dag' retrieved from /opt/airflow/dags/smart_city_traffic_batch_dag.py
[2026-05-06T03:32:43.609+0000] {logging_mixin.py:188} INFO - [2026-05-06T03:32:43.609+0000] {dag.py:3089} INFO - Sync 1 DAGs
[2026-05-06T03:32:43.646+0000] {logging_mixin.py:188} INFO - [2026-05-06T03:32:43.645+0000] {dag.py:3947} INFO - Setting next_dagrun for smart_city_traffic_batch_dag to 2026-05-06 01:00:00+00:00, run_after=2026-05-07 01:00:00+00:00
[2026-05-06T03:32:43.682+0000] {processor.py:183} INFO - Processing /opt/airflow/dags/smart_city_traffic_batch_dag.py took 2.445 seconds
[2026-05-06T03:33:14.203+0000] {processor.py:161} INFO - Started process (PID=892) to work on /opt/airflow/dags/smart_city_traffic_batch_dag.py
[2026-05-06T03:33:14.209+0000] {processor.py:830} INFO - Processing file /opt/airflow/dags/smart_city_traffic_batch_dag.py for tasks to queue
[2026-05-06T03:33:14.225+0000] {logging_mixin.py:188} INFO - [2026-05-06T03:33:14.223+0000] {dagbag.py:545} INFO - Filling up the DagBag from /opt/airflow/dags/smart_city_traffic_batch_dag.py
[2026-05-06T03:33:16.571+0000] {processor.py:840} INFO - DAG(s) 'smart_city_traffic_batch_dag' retrieved from /opt/airflow/dags/smart_city_traffic_batch_dag.py
[2026-05-06T03:33:16.728+0000] {logging_mixin.py:188} INFO - [2026-05-06T03:33:16.727+0000] {dag.py:3089} INFO - Sync 1 DAGs
[2026-05-06T03:33:16.821+0000] {logging_mixin.py:188} INFO - [2026-05-06T03:33:16.821+0000] {dag.py:3947} INFO - Setting next_dagrun for smart_city_traffic_batch_dag to 2026-05-06 01:00:00+00:00, run_after=2026-05-07 01:00:00+00:00
[2026-05-06T03:33:16.887+0000] {processor.py:183} INFO - Processing /opt/airflow/dags/smart_city_traffic_batch_dag.py took 2.727 seconds
[2026-05-06T03:33:47.411+0000] {processor.py:161} INFO - Started process (PID=898) to work on /opt/airflow/dags/smart_city_traffic_batch_dag.py
[2026-05-06T03:33:47.417+0000] {processor.py:830} INFO - Processing file /opt/airflow/dags/smart_city_traffic_batch_dag.py for tasks to queue
[2026-05-06T03:33:47.435+0000] {logging_mixin.py:188} INFO - [2026-05-06T03:33:47.432+0000] {dagbag.py:545} INFO - Filling up the DagBag from /opt/airflow/dags/smart_city_traffic_batch_dag.py
[2026-05-06T03:33:49.409+0000] {processor.py:840} INFO - DAG(s) 'smart_city_traffic_batch_dag' retrieved from /opt/airflow/dags/smart_city_traffic_batch_dag.py
[2026-05-06T03:33:49.581+0000] {logging_mixin.py:188} INFO - [2026-05-06T03:33:49.579+0000] {dag.py:3089} INFO - Sync 1 DAGs
[2026-05-06T03:33:50.722+0000] {logging_mixin.py:188} INFO - [2026-05-06T03:33:50.721+0000] {dag.py:3947} INFO - Setting next_dagrun for smart_city_traffic_batch_dag to 2026-05-06 01:00:00+00:00, run_after=2026-05-07 01:00:00+00:00
[2026-05-06T03:33:50.814+0000] {processor.py:183} INFO - Processing /opt/airflow/dags/smart_city_traffic_batch_dag.py took 3.455 seconds
[2026-05-06T03:34:21.416+0000] {processor.py:161} INFO - Started process (PID=904) to work on /opt/airflow/dags/smart_city_traffic_batch_dag.py
[2026-05-06T03:34:21.420+0000] {processor.py:830} INFO - Processing file /opt/airflow/dags/smart_city_traffic_batch_dag.py for tasks to queue
[2026-05-06T03:34:21.432+0000] {logging_mixin.py:188} INFO - [2026-05-06T03:34:21.430+0000] {dagbag.py:545} INFO - Filling up the DagBag from /opt/airflow/dags/smart_city_traffic_batch_dag.py
[2026-05-06T03:34:22.911+0000] {processor.py:840} INFO - DAG(s) 'smart_city_traffic_batch_dag' retrieved from /opt/airflow/dags/smart_city_traffic_batch_dag.py
[2026-05-06T03:34:25.784+0000] {logging_mixin.py:188} INFO - [2026-05-06T03:34:25.783+0000] {dag.py:3089} INFO - Sync 1 DAGs
[2026-05-06T03:34:25.877+0000] {logging_mixin.py:188} INFO - [2026-05-06T03:34:25.877+0000] {dag.py:3947} INFO - Setting next_dagrun for smart_city_traffic_batch_dag to 2026-05-06 01:00:00+00:00, run_after=2026-05-07 01:00:00+00:00
[2026-05-06T03:34:25.975+0000] {processor.py:183} INFO - Processing /opt/airflow/dags/smart_city_traffic_batch_dag.py took 4.587 seconds
[2026-05-06T03:34:56.847+0000] {processor.py:161} INFO - Started process (PID=910) to work on /opt/airflow/dags/smart_city_traffic_batch_dag.py
[2026-05-06T03:34:56.854+0000] {processor.py:830} INFO - Processing file /opt/airflow/dags/smart_city_traffic_batch_dag.py for tasks to queue
[2026-05-06T03:34:56.878+0000] {logging_mixin.py:188} INFO - [2026-05-06T03:34:56.875+0000] {dagbag.py:545} INFO - Filling up the DagBag from /opt/airflow/dags/smart_city_traffic_batch_dag.py
[2026-05-06T03:34:59.409+0000] {processor.py:840} INFO - DAG(s) 'smart_city_traffic_batch_dag' retrieved from /opt/airflow/dags/smart_city_traffic_batch_dag.py
[2026-05-06T03:34:59.498+0000] {logging_mixin.py:188} INFO - [2026-05-06T03:34:59.498+0000] {dag.py:3089} INFO - Sync 1 DAGs
[2026-05-06T03:34:59.543+0000] {logging_mixin.py:188} INFO - [2026-05-06T03:34:59.543+0000] {dag.py:3947} INFO - Setting next_dagrun for smart_city_traffic_batch_dag to 2026-05-06 01:00:00+00:00, run_after=2026-05-07 01:00:00+00:00
[2026-05-06T03:34:59.578+0000] {processor.py:183} INFO - Processing /opt/airflow/dags/smart_city_traffic_batch_dag.py took 2.809 seconds
[2026-05-06T03:35:30.289+0000] {processor.py:161} INFO - Started process (PID=916) to work on /opt/airflow/dags/smart_city_traffic_batch_dag.py
[2026-05-06T03:35:30.297+0000] {processor.py:830} INFO - Processing file /opt/airflow/dags/smart_city_traffic_batch_dag.py for tasks to queue
[2026-05-06T03:35:30.330+0000] {logging_mixin.py:188} INFO - [2026-05-06T03:35:30.324+0000] {dagbag.py:545} INFO - Filling up the DagBag from /opt/airflow/dags/smart_city_traffic_batch_dag.py
[2026-05-06T03:35:38.748+0000] {processor.py:840} INFO - DAG(s) 'smart_city_traffic_batch_dag' retrieved from /opt/airflow/dags/smart_city_traffic_batch_dag.py
[2026-05-06T03:35:39.201+0000] {logging_mixin.py:188} INFO - [2026-05-06T03:35:39.200+0000] {dag.py:3089} INFO - Sync 1 DAGs
[2026-05-06T03:35:39.316+0000] {logging_mixin.py:188} INFO - [2026-05-06T03:35:39.315+0000] {dag.py:3947} INFO - Setting next_dagrun for smart_city_traffic_batch_dag to 2026-05-06 01:00:00+00:00, run_after=2026-05-07 01:00:00+00:00
[2026-05-06T03:35:39.402+0000] {processor.py:183} INFO - Processing /opt/airflow/dags/smart_city_traffic_batch_dag.py took 9.200 seconds
[2026-05-06T03:36:09.731+0000] {processor.py:161} INFO - Started process (PID=922) to work on /opt/airflow/dags/smart_city_traffic_batch_dag.py
[2026-05-06T03:36:09.734+0000] {processor.py:830} INFO - Processing file /opt/airflow/dags/smart_city_traffic_batch_dag.py for tasks to queue
[2026-05-06T03:36:09.738+0000] {logging_mixin.py:188} INFO - [2026-05-06T03:36:09.737+0000] {dagbag.py:545} INFO - Filling up the DagBag from /opt/airflow/dags/smart_city_traffic_batch_dag.py
[2026-05-06T03:36:10.722+0000] {processor.py:840} INFO - DAG(s) 'smart_city_traffic_batch_dag' retrieved from /opt/airflow/dags/smart_city_traffic_batch_dag.py
[2026-05-06T03:36:10.811+0000] {logging_mixin.py:188} INFO - [2026-05-06T03:36:10.810+0000] {dag.py:3089} INFO - Sync 1 DAGs
[2026-05-06T03:36:11.457+0000] {logging_mixin.py:188} INFO - [2026-05-06T03:36:11.457+0000] {dag.py:3947} INFO - Setting next_dagrun for smart_city_traffic_batch_dag to 2026-05-06 01:00:00+00:00, run_after=2026-05-07 01:00:00+00:00
[2026-05-06T03:36:11.536+0000] {processor.py:183} INFO - Processing /opt/airflow/dags/smart_city_traffic_batch_dag.py took 1.821 seconds
[2026-05-06T03:36:42.162+0000] {processor.py:161} INFO - Started process (PID=928) to work on /opt/airflow/dags/smart_city_traffic_batch_dag.py
[2026-05-06T03:36:42.177+0000] {processor.py:830} INFO - Processing file /opt/airflow/dags/smart_city_traffic_batch_dag.py for tasks to queue
[2026-05-06T03:36:42.196+0000] {logging_mixin.py:188} INFO - [2026-05-06T03:36:42.195+0000] {dagbag.py:545} INFO - Filling up the DagBag from /opt/airflow/dags/smart_city_traffic_batch_dag.py
[2026-05-06T03:36:44.709+0000] {processor.py:840} INFO - DAG(s) 'smart_city_traffic_batch_dag' retrieved from /opt/airflow/dags/smart_city_traffic_batch_dag.py
[2026-05-06T03:36:45.872+0000] {logging_mixin.py:188} INFO - [2026-05-06T03:36:45.871+0000] {dag.py:3089} INFO - Sync 1 DAGs
[2026-05-06T03:36:45.935+0000] {logging_mixin.py:188} INFO - [2026-05-06T03:36:45.933+0000] {dag.py:3947} INFO - Setting next_dagrun for smart_city_traffic_batch_dag to 2026-05-06 01:00:00+00:00, run_after=2026-05-07 01:00:00+00:00
[2026-05-06T03:36:45.996+0000] {processor.py:183} INFO - Processing /opt/airflow/dags/smart_city_traffic_batch_dag.py took 3.897 seconds
[2026-05-06T03:37:17.863+0000] {processor.py:161} INFO - Started process (PID=934) to work on /opt/airflow/dags/smart_city_traffic_batch_dag.py
[2026-05-06T03:37:17.880+0000] {processor.py:830} INFO - Processing file /opt/airflow/dags/smart_city_traffic_batch_dag.py for tasks to queue
[2026-05-06T03:37:17.909+0000] {logging_mixin.py:188} INFO - [2026-05-06T03:37:17.905+0000] {dagbag.py:545} INFO - Filling up the DagBag from /opt/airflow/dags/smart_city_traffic_batch_dag.py
[2026-05-06T03:37:22.050+0000] {processor.py:840} INFO - DAG(s) 'smart_city_traffic_batch_dag' retrieved from /opt/airflow/dags/smart_city_traffic_batch_dag.py
[2026-05-06T03:37:22.236+0000] {logging_mixin.py:188} INFO - [2026-05-06T03:37:22.235+0000] {dag.py:3089} INFO - Sync 1 DAGs
[2026-05-06T03:37:22.320+0000] {logging_mixin.py:188} INFO - [2026-05-06T03:37:22.319+0000] {dag.py:3947} INFO - Setting next_dagrun for smart_city_traffic_batch_dag to 2026-05-06 01:00:00+00:00, run_after=2026-05-07 01:00:00+00:00
[2026-05-06T03:37:22.398+0000] {processor.py:183} INFO - Processing /opt/airflow/dags/smart_city_traffic_batch_dag.py took 4.621 seconds
[2026-05-06T03:37:53.758+0000] {processor.py:161} INFO - Started process (PID=940) to work on /opt/airflow/dags/smart_city_traffic_batch_dag.py
[2026-05-06T03:37:53.766+0000] {processor.py:830} INFO - Processing file /opt/airflow/dags/smart_city_traffic_batch_dag.py for tasks to queue
[2026-05-06T03:37:53.798+0000] {logging_mixin.py:188} INFO - [2026-05-06T03:37:53.793+0000] {dagbag.py:545} INFO - Filling up the DagBag from /opt/airflow/dags/smart_city_traffic_batch_dag.py
[2026-05-06T03:38:00.274+0000] {processor.py:840} INFO - DAG(s) 'smart_city_traffic_batch_dag' retrieved from /opt/airflow/dags/smart_city_traffic_batch_dag.py
[2026-05-06T03:38:00.916+0000] {logging_mixin.py:188} INFO - [2026-05-06T03:38:00.916+0000] {dag.py:3089} INFO - Sync 1 DAGs
[2026-05-06T03:38:01.093+0000] {logging_mixin.py:188} INFO - [2026-05-06T03:38:01.092+0000] {dag.py:3947} INFO - Setting next_dagrun for smart_city_traffic_batch_dag to 2026-05-06 01:00:00+00:00, run_after=2026-05-07 01:00:00+00:00
[2026-05-06T03:38:01.171+0000] {processor.py:183} INFO - Processing /opt/airflow/dags/smart_city_traffic_batch_dag.py took 7.503 seconds
[2026-05-06T03:38:33.371+0000] {processor.py:161} INFO - Started process (PID=946) to work on /opt/airflow/dags/smart_city_traffic_batch_dag.py
[2026-05-06T03:38:33.382+0000] {processor.py:830} INFO - Processing file /opt/airflow/dags/smart_city_traffic_batch_dag.py for tasks to queue
[2026-05-06T03:38:33.427+0000] {logging_mixin.py:188} INFO - [2026-05-06T03:38:33.419+0000] {dagbag.py:545} INFO - Filling up the DagBag from /opt/airflow/dags/smart_city_traffic_batch_dag.py
[2026-05-06T03:38:36.303+0000] {processor.py:840} INFO - DAG(s) 'smart_city_traffic_batch_dag' retrieved from /opt/airflow/dags/smart_city_traffic_batch_dag.py
[2026-05-06T03:38:36.613+0000] {logging_mixin.py:188} INFO - [2026-05-06T03:38:36.612+0000] {dag.py:3089} INFO - Sync 1 DAGs
[2026-05-06T03:38:40.949+0000] {logging_mixin.py:188} INFO - [2026-05-06T03:38:40.949+0000] {dag.py:3947} INFO - Setting next_dagrun for smart_city_traffic_batch_dag to 2026-05-06 01:00:00+00:00, run_after=2026-05-07 01:00:00+00:00
[2026-05-06T03:38:41.017+0000] {processor.py:183} INFO - Processing /opt/airflow/dags/smart_city_traffic_batch_dag.py took 7.787 seconds
[2026-05-06T03:39:11.451+0000] {processor.py:161} INFO - Started process (PID=952) to work on /opt/airflow/dags/smart_city_traffic_batch_dag.py
[2026-05-06T03:39:11.455+0000] {processor.py:830} INFO - Processing file /opt/airflow/dags/smart_city_traffic_batch_dag.py for tasks to queue
[2026-05-06T03:39:11.464+0000] {logging_mixin.py:188} INFO - [2026-05-06T03:39:11.463+0000] {dagbag.py:545} INFO - Filling up the DagBag from /opt/airflow/dags/smart_city_traffic_batch_dag.py
[2026-05-06T03:39:12.517+0000] {processor.py:840} INFO - DAG(s) 'smart_city_traffic_batch_dag' retrieved from /opt/airflow/dags/smart_city_traffic_batch_dag.py
[2026-05-06T03:39:13.443+0000] {logging_mixin.py:188} INFO - [2026-05-06T03:39:13.442+0000] {dag.py:3089} INFO - Sync 1 DAGs
[2026-05-06T03:39:13.507+0000] {logging_mixin.py:188} INFO - [2026-05-06T03:39:13.506+0000] {dag.py:3947} INFO - Setting next_dagrun for smart_city_traffic_batch_dag to 2026-05-06 01:00:00+00:00, run_after=2026-05-07 01:00:00+00:00
[2026-05-06T03:39:13.559+0000] {processor.py:183} INFO - Processing /opt/airflow/dags/smart_city_traffic_batch_dag.py took 2.133 seconds
[2026-05-06T03:39:43.907+0000] {processor.py:161} INFO - Started process (PID=958) to work on /opt/airflow/dags/smart_city_traffic_batch_dag.py
[2026-05-06T03:39:43.910+0000] {processor.py:830} INFO - Processing file /opt/airflow/dags/smart_city_traffic_batch_dag.py for tasks to queue
[2026-05-06T03:39:43.923+0000] {logging_mixin.py:188} INFO - [2026-05-06T03:39:43.922+0000] {dagbag.py:545} INFO - Filling up the DagBag from /opt/airflow/dags/smart_city_traffic_batch_dag.py
[2026-05-06T03:39:45.694+0000] {processor.py:840} INFO - DAG(s) 'smart_city_traffic_batch_dag' retrieved from /opt/airflow/dags/smart_city_traffic_batch_dag.py
[2026-05-06T03:39:45.757+0000] {logging_mixin.py:188} INFO - [2026-05-06T03:39:45.756+0000] {dag.py:3089} INFO - Sync 1 DAGs
[2026-05-06T03:39:45.799+0000] {logging_mixin.py:188} INFO - [2026-05-06T03:39:45.799+0000] {dag.py:3947} INFO - Setting next_dagrun for smart_city_traffic_batch_dag to 2026-05-06 01:00:00+00:00, run_after=2026-05-07 01:00:00+00:00
[2026-05-06T03:39:45.839+0000] {processor.py:183} INFO - Processing /opt/airflow/dags/smart_city_traffic_batch_dag.py took 1.961 seconds
[2026-05-06T03:40:16.227+0000] {processor.py:161} INFO - Started process (PID=964) to work on /opt/airflow/dags/smart_city_traffic_batch_dag.py
[2026-05-06T03:40:16.230+0000] {processor.py:830} INFO - Processing file /opt/airflow/dags/smart_city_traffic_batch_dag.py for tasks to queue
[2026-05-06T03:40:16.235+0000] {logging_mixin.py:188} INFO - [2026-05-06T03:40:16.234+0000] {dagbag.py:545} INFO - Filling up the DagBag from /opt/airflow/dags/smart_city_traffic_batch_dag.py
[2026-05-06T03:40:17.397+0000] {processor.py:840} INFO - DAG(s) 'smart_city_traffic_batch_dag' retrieved from /opt/airflow/dags/smart_city_traffic_batch_dag.py
[2026-05-06T03:40:17.500+0000] {logging_mixin.py:188} INFO - [2026-05-06T03:40:17.500+0000] {dag.py:3089} INFO - Sync 1 DAGs
[2026-05-06T03:40:17.561+0000] {logging_mixin.py:188} INFO - [2026-05-06T03:40:17.560+0000] {dag.py:3947} INFO - Setting next_dagrun for smart_city_traffic_batch_dag to 2026-05-06 01:00:00+00:00, run_after=2026-05-07 01:00:00+00:00
[2026-05-06T03:40:17.609+0000] {processor.py:183} INFO - Processing /opt/airflow/dags/smart_city_traffic_batch_dag.py took 1.396 seconds
[2026-05-06T03:40:48.027+0000] {processor.py:161} INFO - Started process (PID=970) to work on /opt/airflow/dags/smart_city_traffic_batch_dag.py
[2026-05-06T03:40:48.033+0000] {processor.py:830} INFO - Processing file /opt/airflow/dags/smart_city_traffic_batch_dag.py for tasks to queue
[2026-05-06T03:40:48.041+0000] {logging_mixin.py:188} INFO - [2026-05-06T03:40:48.040+0000] {dagbag.py:545} INFO - Filling up the DagBag from /opt/airflow/dags/smart_city_traffic_batch_dag.py
[2026-05-06T03:40:48.899+0000] {processor.py:840} INFO - DAG(s) 'smart_city_traffic_batch_dag' retrieved from /opt/airflow/dags/smart_city_traffic_batch_dag.py
[2026-05-06T03:40:48.972+0000] {logging_mixin.py:188} INFO - [2026-05-06T03:40:48.971+0000] {dag.py:3089} INFO - Sync 1 DAGs
[2026-05-06T03:40:49.338+0000] {logging_mixin.py:188} INFO - [2026-05-06T03:40:49.338+0000] {dag.py:3947} INFO - Setting next_dagrun for smart_city_traffic_batch_dag to 2026-05-06 01:00:00+00:00, run_after=2026-05-07 01:00:00+00:00
[2026-05-06T03:40:49.377+0000] {processor.py:183} INFO - Processing /opt/airflow/dags/smart_city_traffic_batch_dag.py took 1.371 seconds
[2026-05-06T03:41:19.773+0000] {processor.py:161} INFO - Started process (PID=976) to work on /opt/airflow/dags/smart_city_traffic_batch_dag.py
[2026-05-06T03:41:19.775+0000] {processor.py:830} INFO - Processing file /opt/airflow/dags/smart_city_traffic_batch_dag.py for tasks to queue
[2026-05-06T03:41:19.779+0000] {logging_mixin.py:188} INFO - [2026-05-06T03:41:19.778+0000] {dagbag.py:545} INFO - Filling up the DagBag from /opt/airflow/dags/smart_city_traffic_batch_dag.py
[2026-05-06T03:41:20.522+0000] {processor.py:840} INFO - DAG(s) 'smart_city_traffic_batch_dag' retrieved from /opt/airflow/dags/smart_city_traffic_batch_dag.py
[2026-05-06T03:41:20.917+0000] {logging_mixin.py:188} INFO - [2026-05-06T03:41:20.916+0000] {dag.py:3089} INFO - Sync 1 DAGs
[2026-05-06T03:41:20.955+0000] {logging_mixin.py:188} INFO - [2026-05-06T03:41:20.954+0000] {dag.py:3947} INFO - Setting next_dagrun for smart_city_traffic_batch_dag to 2026-05-06 01:00:00+00:00, run_after=2026-05-07 01:00:00+00:00
[2026-05-06T03:41:20.991+0000] {processor.py:183} INFO - Processing /opt/airflow/dags/smart_city_traffic_batch_dag.py took 1.233 seconds
[2026-05-06T03:41:51.414+0000] {processor.py:161} INFO - Started process (PID=982) to work on /opt/airflow/dags/smart_city_traffic_batch_dag.py
[2026-05-06T03:41:51.416+0000] {processor.py:830} INFO - Processing file /opt/airflow/dags/smart_city_traffic_batch_dag.py for tasks to queue
[2026-05-06T03:41:51.420+0000] {logging_mixin.py:188} INFO - [2026-05-06T03:41:51.420+0000] {dagbag.py:545} INFO - Filling up the DagBag from /opt/airflow/dags/smart_city_traffic_batch_dag.py
[2026-05-06T03:41:52.646+0000] {processor.py:840} INFO - DAG(s) 'smart_city_traffic_batch_dag' retrieved from /opt/airflow/dags/smart_city_traffic_batch_dag.py
[2026-05-06T03:41:52.709+0000] {logging_mixin.py:188} INFO - [2026-05-06T03:41:52.708+0000] {dag.py:3089} INFO - Sync 1 DAGs
[2026-05-06T03:41:52.746+0000] {logging_mixin.py:188} INFO - [2026-05-06T03:41:52.746+0000] {dag.py:3947} INFO - Setting next_dagrun for smart_city_traffic_batch_dag to 2026-05-06 01:00:00+00:00, run_after=2026-05-07 01:00:00+00:00
[2026-05-06T03:41:52.783+0000] {processor.py:183} INFO - Processing /opt/airflow/dags/smart_city_traffic_batch_dag.py took 1.385 seconds
[2026-05-06T03:42:23.234+0000] {processor.py:161} INFO - Started process (PID=988) to work on /opt/airflow/dags/smart_city_traffic_batch_dag.py
[2026-05-06T03:42:23.239+0000] {processor.py:830} INFO - Processing file /opt/airflow/dags/smart_city_traffic_batch_dag.py for tasks to queue
[2026-05-06T03:42:23.245+0000] {logging_mixin.py:188} INFO - [2026-05-06T03:42:23.244+0000] {dagbag.py:545} INFO - Filling up the DagBag from /opt/airflow/dags/smart_city_traffic_batch_dag.py
[2026-05-06T03:42:24.658+0000] {processor.py:840} INFO - DAG(s) 'smart_city_traffic_batch_dag' retrieved from /opt/airflow/dags/smart_city_traffic_batch_dag.py
[2026-05-06T03:42:24.729+0000] {logging_mixin.py:188} INFO - [2026-05-06T03:42:24.728+0000] {dag.py:3089} INFO - Sync 1 DAGs
[2026-05-06T03:42:24.770+0000] {logging_mixin.py:188} INFO - [2026-05-06T03:42:24.770+0000] {dag.py:3947} INFO - Setting next_dagrun for smart_city_traffic_batch_dag to 2026-05-06 01:00:00+00:00, run_after=2026-05-07 01:00:00+00:00
[2026-05-06T03:42:24.813+0000] {processor.py:183} INFO - Processing /opt/airflow/dags/smart_city_traffic_batch_dag.py took 1.615 seconds
[2026-05-06T03:42:55.242+0000] {processor.py:161} INFO - Started process (PID=994) to work on /opt/airflow/dags/smart_city_traffic_batch_dag.py
[2026-05-06T03:42:55.244+0000] {processor.py:830} INFO - Processing file /opt/airflow/dags/smart_city_traffic_batch_dag.py for tasks to queue
[2026-05-06T03:42:55.251+0000] {logging_mixin.py:188} INFO - [2026-05-06T03:42:55.250+0000] {dagbag.py:545} INFO - Filling up the DagBag from /opt/airflow/dags/smart_city_traffic_batch_dag.py
[2026-05-06T03:42:56.221+0000] {processor.py:840} INFO - DAG(s) 'smart_city_traffic_batch_dag' retrieved from /opt/airflow/dags/smart_city_traffic_batch_dag.py
[2026-05-06T03:42:56.335+0000] {logging_mixin.py:188} INFO - [2026-05-06T03:42:56.333+0000] {dag.py:3089} INFO - Sync 1 DAGs
[2026-05-06T03:42:56.756+0000] {logging_mixin.py:188} INFO - [2026-05-06T03:42:56.755+0000] {dag.py:3947} INFO - Setting next_dagrun for smart_city_traffic_batch_dag to 2026-05-06 01:00:00+00:00, run_after=2026-05-07 01:00:00+00:00
[2026-05-06T03:42:56.793+0000] {processor.py:183} INFO - Processing /opt/airflow/dags/smart_city_traffic_batch_dag.py took 1.572 seconds
[2026-05-06T03:43:27.192+0000] {processor.py:161} INFO - Started process (PID=1000) to work on /opt/airflow/dags/smart_city_traffic_batch_dag.py
[2026-05-06T03:43:27.195+0000] {processor.py:830} INFO - Processing file /opt/airflow/dags/smart_city_traffic_batch_dag.py for tasks to queue
[2026-05-06T03:43:27.201+0000] {logging_mixin.py:188} INFO - [2026-05-06T03:43:27.200+0000] {dagbag.py:545} INFO - Filling up the DagBag from /opt/airflow/dags/smart_city_traffic_batch_dag.py
[2026-05-06T03:43:27.926+0000] {processor.py:840} INFO - DAG(s) 'smart_city_traffic_batch_dag' retrieved from /opt/airflow/dags/smart_city_traffic_batch_dag.py
[2026-05-06T03:43:28.341+0000] {logging_mixin.py:188} INFO - [2026-05-06T03:43:28.340+0000] {dag.py:3089} INFO - Sync 1 DAGs
[2026-05-06T03:43:28.386+0000] {logging_mixin.py:188} INFO - [2026-05-06T03:43:28.385+0000] {dag.py:3947} INFO - Setting next_dagrun for smart_city_traffic_batch_dag to 2026-05-06 01:00:00+00:00, run_after=2026-05-07 01:00:00+00:00
[2026-05-06T03:43:28.426+0000] {processor.py:183} INFO - Processing /opt/airflow/dags/smart_city_traffic_batch_dag.py took 1.247 seconds
[2026-05-06T03:43:58.792+0000] {processor.py:161} INFO - Started process (PID=1006) to work on /opt/airflow/dags/smart_city_traffic_batch_dag.py
[2026-05-06T03:43:58.795+0000] {processor.py:830} INFO - Processing file /opt/airflow/dags/smart_city_traffic_batch_dag.py for tasks to queue
[2026-05-06T03:43:58.805+0000] {logging_mixin.py:188} INFO - [2026-05-06T03:43:58.804+0000] {dagbag.py:545} INFO - Filling up the DagBag from /opt/airflow/dags/smart_city_traffic_batch_dag.py
[2026-05-06T03:44:00.137+0000] {processor.py:840} INFO - DAG(s) 'smart_city_traffic_batch_dag' retrieved from /opt/airflow/dags/smart_city_traffic_batch_dag.py
[2026-05-06T03:44:00.214+0000] {logging_mixin.py:188} INFO - [2026-05-06T03:44:00.213+0000] {dag.py:3089} INFO - Sync 1 DAGs
[2026-05-06T03:44:00.262+0000] {logging_mixin.py:188} INFO - [2026-05-06T03:44:00.261+0000] {dag.py:3947} INFO - Setting next_dagrun for smart_city_traffic_batch_dag to 2026-05-06 01:00:00+00:00, run_after=2026-05-07 01:00:00+00:00
[2026-05-06T03:44:00.321+0000] {processor.py:183} INFO - Processing /opt/airflow/dags/smart_city_traffic_batch_dag.py took 1.545 seconds
[2026-05-06T03:44:30.766+0000] {processor.py:161} INFO - Started process (PID=1012) to work on /opt/airflow/dags/smart_city_traffic_batch_dag.py
[2026-05-06T03:44:30.769+0000] {processor.py:830} INFO - Processing file /opt/airflow/dags/smart_city_traffic_batch_dag.py for tasks to queue
[2026-05-06T03:44:30.776+0000] {logging_mixin.py:188} INFO - [2026-05-06T03:44:30.774+0000] {dagbag.py:545} INFO - Filling up the DagBag from /opt/airflow/dags/smart_city_traffic_batch_dag.py
[2026-05-06T03:44:32.080+0000] {processor.py:840} INFO - DAG(s) 'smart_city_traffic_batch_dag' retrieved from /opt/airflow/dags/smart_city_traffic_batch_dag.py
[2026-05-06T03:44:32.153+0000] {logging_mixin.py:188} INFO - [2026-05-06T03:44:32.152+0000] {dag.py:3089} INFO - Sync 1 DAGs
[2026-05-06T03:44:32.206+0000] {logging_mixin.py:188} INFO - [2026-05-06T03:44:32.206+0000] {dag.py:3947} INFO - Setting next_dagrun for smart_city_traffic_batch_dag to 2026-05-06 01:00:00+00:00, run_after=2026-05-07 01:00:00+00:00
[2026-05-06T03:44:32.255+0000] {processor.py:183} INFO - Processing /opt/airflow/dags/smart_city_traffic_batch_dag.py took 1.520 seconds
[2026-05-06T03:45:02.686+0000] {processor.py:161} INFO - Started process (PID=1018) to work on /opt/airflow/dags/smart_city_traffic_batch_dag.py
[2026-05-06T03:45:02.690+0000] {processor.py:830} INFO - Processing file /opt/airflow/dags/smart_city_traffic_batch_dag.py for tasks to queue
[2026-05-06T03:45:02.700+0000] {logging_mixin.py:188} INFO - [2026-05-06T03:45:02.698+0000] {dagbag.py:545} INFO - Filling up the DagBag from /opt/airflow/dags/smart_city_traffic_batch_dag.py
[2026-05-06T03:45:03.896+0000] {processor.py:840} INFO - DAG(s) 'smart_city_traffic_batch_dag' retrieved from /opt/airflow/dags/smart_city_traffic_batch_dag.py
[2026-05-06T03:45:04.141+0000] {logging_mixin.py:188} INFO - [2026-05-06T03:45:04.140+0000] {dag.py:3089} INFO - Sync 1 DAGs
[2026-05-06T03:45:06.354+0000] {logging_mixin.py:188} INFO - [2026-05-06T03:45:06.354+0000] {dag.py:3947} INFO - Setting next_dagrun for smart_city_traffic_batch_dag to 2026-05-06 01:00:00+00:00, run_after=2026-05-07 01:00:00+00:00
[2026-05-06T03:45:06.412+0000] {processor.py:183} INFO - Processing /opt/airflow/dags/smart_city_traffic_batch_dag.py took 3.756 seconds
[2026-05-06T03:45:37.065+0000] {processor.py:161} INFO - Started process (PID=1024) to work on /opt/airflow/dags/smart_city_traffic_batch_dag.py
[2026-05-06T03:45:37.073+0000] {processor.py:830} INFO - Processing file /opt/airflow/dags/smart_city_traffic_batch_dag.py for tasks to queue
[2026-05-06T03:45:37.097+0000] {logging_mixin.py:188} INFO - [2026-05-06T03:45:37.084+0000] {dagbag.py:545} INFO - Filling up the DagBag from /opt/airflow/dags/smart_city_traffic_batch_dag.py
[2026-05-06T03:45:39.060+0000] {processor.py:840} INFO - DAG(s) 'smart_city_traffic_batch_dag' retrieved from /opt/airflow/dags/smart_city_traffic_batch_dag.py
[2026-05-06T03:45:39.945+0000] {logging_mixin.py:188} INFO - [2026-05-06T03:45:39.936+0000] {dag.py:3089} INFO - Sync 1 DAGs
[2026-05-06T03:45:40.017+0000] {logging_mixin.py:188} INFO - [2026-05-06T03:45:40.013+0000] {dag.py:3947} INFO - Setting next_dagrun for smart_city_traffic_batch_dag to 2026-05-06 01:00:00+00:00, run_after=2026-05-07 01:00:00+00:00
[2026-05-06T03:45:40.083+0000] {processor.py:183} INFO - Processing /opt/airflow/dags/smart_city_traffic_batch_dag.py took 3.093 seconds
[2026-05-06T03:46:10.416+0000] {processor.py:161} INFO - Started process (PID=1030) to work on /opt/airflow/dags/smart_city_traffic_batch_dag.py
[2026-05-06T03:46:10.420+0000] {processor.py:830} INFO - Processing file /opt/airflow/dags/smart_city_traffic_batch_dag.py for tasks to queue
[2026-05-06T03:46:10.429+0000] {logging_mixin.py:188} INFO - [2026-05-06T03:46:10.426+0000] {dagbag.py:545} INFO - Filling up the DagBag from /opt/airflow/dags/smart_city_traffic_batch_dag.py
[2026-05-06T03:46:12.078+0000] {processor.py:840} INFO - DAG(s) 'smart_city_traffic_batch_dag' retrieved from /opt/airflow/dags/smart_city_traffic_batch_dag.py
[2026-05-06T03:46:12.196+0000] {logging_mixin.py:188} INFO - [2026-05-06T03:46:12.195+0000] {dag.py:3089} INFO - Sync 1 DAGs
[2026-05-06T03:46:12.246+0000] {logging_mixin.py:188} INFO - [2026-05-06T03:46:12.245+0000] {dag.py:3947} INFO - Setting next_dagrun for smart_city_traffic_batch_dag to 2026-05-06 01:00:00+00:00, run_after=2026-05-07 01:00:00+00:00
[2026-05-06T03:46:12.288+0000] {processor.py:183} INFO - Processing /opt/airflow/dags/smart_city_traffic_batch_dag.py took 1.901 seconds
[2026-05-06T03:46:42.681+0000] {processor.py:161} INFO - Started process (PID=1036) to work on /opt/airflow/dags/smart_city_traffic_batch_dag.py
[2026-05-06T03:46:42.683+0000] {processor.py:830} INFO - Processing file /opt/airflow/dags/smart_city_traffic_batch_dag.py for tasks to queue
[2026-05-06T03:46:42.687+0000] {logging_mixin.py:188} INFO - [2026-05-06T03:46:42.686+0000] {dagbag.py:545} INFO - Filling up the DagBag from /opt/airflow/dags/smart_city_traffic_batch_dag.py
[2026-05-06T03:46:43.887+0000] {processor.py:840} INFO - DAG(s) 'smart_city_traffic_batch_dag' retrieved from /opt/airflow/dags/smart_city_traffic_batch_dag.py
[2026-05-06T03:46:43.950+0000] {logging_mixin.py:188} INFO - [2026-05-06T03:46:43.949+0000] {dag.py:3089} INFO - Sync 1 DAGs
[2026-05-06T03:46:43.984+0000] {logging_mixin.py:188} INFO - [2026-05-06T03:46:43.983+0000] {dag.py:3947} INFO - Setting next_dagrun for smart_city_traffic_batch_dag to 2026-05-06 01:00:00+00:00, run_after=2026-05-07 01:00:00+00:00
[2026-05-06T03:46:44.028+0000] {processor.py:183} INFO - Processing /opt/airflow/dags/smart_city_traffic_batch_dag.py took 1.363 seconds
[2026-05-06T03:47:14.547+0000] {processor.py:161} INFO - Started process (PID=1042) to work on /opt/airflow/dags/smart_city_traffic_batch_dag.py
[2026-05-06T03:47:14.554+0000] {processor.py:830} INFO - Processing file /opt/airflow/dags/smart_city_traffic_batch_dag.py for tasks to queue
[2026-05-06T03:47:14.574+0000] {logging_mixin.py:188} INFO - [2026-05-06T03:47:14.572+0000] {dagbag.py:545} INFO - Filling up the DagBag from /opt/airflow/dags/smart_city_traffic_batch_dag.py
[2026-05-06T03:47:16.354+0000] {processor.py:840} INFO - DAG(s) 'smart_city_traffic_batch_dag' retrieved from /opt/airflow/dags/smart_city_traffic_batch_dag.py
[2026-05-06T03:47:16.444+0000] {logging_mixin.py:188} INFO - [2026-05-06T03:47:16.443+0000] {dag.py:3089} INFO - Sync 1 DAGs
[2026-05-06T03:47:16.498+0000] {logging_mixin.py:188} INFO - [2026-05-06T03:47:16.498+0000] {dag.py:3947} INFO - Setting next_dagrun for smart_city_traffic_batch_dag to 2026-05-06 01:00:00+00:00, run_after=2026-05-07 01:00:00+00:00
[2026-05-06T03:47:16.537+0000] {processor.py:183} INFO - Processing /opt/airflow/dags/smart_city_traffic_batch_dag.py took 2.049 seconds
[2026-05-06T03:47:47.285+0000] {processor.py:161} INFO - Started process (PID=1048) to work on /opt/airflow/dags/smart_city_traffic_batch_dag.py
[2026-05-06T03:47:47.297+0000] {processor.py:830} INFO - Processing file /opt/airflow/dags/smart_city_traffic_batch_dag.py for tasks to queue
[2026-05-06T03:47:47.332+0000] {logging_mixin.py:188} INFO - [2026-05-06T03:47:47.327+0000] {dagbag.py:545} INFO - Filling up the DagBag from /opt/airflow/dags/smart_city_traffic_batch_dag.py
[2026-05-06T03:47:49.432+0000] {processor.py:840} INFO - DAG(s) 'smart_city_traffic_batch_dag' retrieved from /opt/airflow/dags/smart_city_traffic_batch_dag.py
[2026-05-06T03:47:50.276+0000] {logging_mixin.py:188} INFO - [2026-05-06T03:47:50.275+0000] {dag.py:3089} INFO - Sync 1 DAGs
[2026-05-06T03:47:50.326+0000] {logging_mixin.py:188} INFO - [2026-05-06T03:47:50.325+0000] {dag.py:3947} INFO - Setting next_dagrun for smart_city_traffic_batch_dag to 2026-05-06 01:00:00+00:00, run_after=2026-05-07 01:00:00+00:00
[2026-05-06T03:47:50.373+0000] {processor.py:183} INFO - Processing /opt/airflow/dags/smart_city_traffic_batch_dag.py took 3.178 seconds
[2026-05-06T03:48:20.830+0000] {processor.py:161} INFO - Started process (PID=1054) to work on /opt/airflow/dags/smart_city_traffic_batch_dag.py
[2026-05-06T03:48:20.834+0000] {processor.py:830} INFO - Processing file /opt/airflow/dags/smart_city_traffic_batch_dag.py for tasks to queue
[2026-05-06T03:48:20.840+0000] {logging_mixin.py:188} INFO - [2026-05-06T03:48:20.839+0000] {dagbag.py:545} INFO - Filling up the DagBag from /opt/airflow/dags/smart_city_traffic_batch_dag.py
[2026-05-06T03:48:22.322+0000] {processor.py:840} INFO - DAG(s) 'smart_city_traffic_batch_dag' retrieved from /opt/airflow/dags/smart_city_traffic_batch_dag.py
[2026-05-06T03:48:22.409+0000] {logging_mixin.py:188} INFO - [2026-05-06T03:48:22.408+0000] {dag.py:3089} INFO - Sync 1 DAGs
[2026-05-06T03:48:22.466+0000] {logging_mixin.py:188} INFO - [2026-05-06T03:48:22.465+0000] {dag.py:3947} INFO - Setting next_dagrun for smart_city_traffic_batch_dag to 2026-05-06 01:00:00+00:00, run_after=2026-05-07 01:00:00+00:00
[2026-05-06T03:48:22.520+0000] {processor.py:183} INFO - Processing /opt/airflow/dags/smart_city_traffic_batch_dag.py took 1.709 seconds
[2026-05-06T03:48:52.774+0000] {processor.py:161} INFO - Started process (PID=1060) to work on /opt/airflow/dags/smart_city_traffic_batch_dag.py
[2026-05-06T03:48:52.777+0000] {processor.py:830} INFO - Processing file /opt/airflow/dags/smart_city_traffic_batch_dag.py for tasks to queue
[2026-05-06T03:48:52.782+0000] {logging_mixin.py:188} INFO - [2026-05-06T03:48:52.781+0000] {dagbag.py:545} INFO - Filling up the DagBag from /opt/airflow/dags/smart_city_traffic_batch_dag.py
[2026-05-06T03:48:54.144+0000] {processor.py:840} INFO - DAG(s) 'smart_city_traffic_batch_dag' retrieved from /opt/airflow/dags/smart_city_traffic_batch_dag.py
[2026-05-06T03:48:54.208+0000] {logging_mixin.py:188} INFO - [2026-05-06T03:48:54.207+0000] {dag.py:3089} INFO - Sync 1 DAGs
[2026-05-06T03:48:54.260+0000] {logging_mixin.py:188} INFO - [2026-05-06T03:48:54.260+0000] {dag.py:3947} INFO - Setting next_dagrun for smart_city_traffic_batch_dag to 2026-05-06 01:00:00+00:00, run_after=2026-05-07 01:00:00+00:00
[2026-05-06T03:48:54.325+0000] {processor.py:183} INFO - Processing /opt/airflow/dags/smart_city_traffic_batch_dag.py took 1.568 seconds
[2026-05-06T03:49:24.793+0000] {processor.py:161} INFO - Started process (PID=1066) to work on /opt/airflow/dags/smart_city_traffic_batch_dag.py
[2026-05-06T03:49:24.798+0000] {processor.py:830} INFO - Processing file /opt/airflow/dags/smart_city_traffic_batch_dag.py for tasks to queue
[2026-05-06T03:49:24.806+0000] {logging_mixin.py:188} INFO - [2026-05-06T03:49:24.805+0000] {dagbag.py:545} INFO - Filling up the DagBag from /opt/airflow/dags/smart_city_traffic_batch_dag.py
[2026-05-06T03:49:25.953+0000] {processor.py:840} INFO - DAG(s) 'smart_city_traffic_batch_dag' retrieved from /opt/airflow/dags/smart_city_traffic_batch_dag.py
[2026-05-06T03:49:26.036+0000] {logging_mixin.py:188} INFO - [2026-05-06T03:49:26.035+0000] {dag.py:3089} INFO - Sync 1 DAGs
[2026-05-06T03:49:26.091+0000] {logging_mixin.py:188} INFO - [2026-05-06T03:49:26.090+0000] {dag.py:3947} INFO - Setting next_dagrun for smart_city_traffic_batch_dag to 2026-05-06 01:00:00+00:00, run_after=2026-05-07 01:00:00+00:00
[2026-05-06T03:49:26.145+0000] {processor.py:183} INFO - Processing /opt/airflow/dags/smart_city_traffic_batch_dag.py took 1.376 seconds
[2026-05-06T03:49:56.619+0000] {processor.py:161} INFO - Started process (PID=1072) to work on /opt/airflow/dags/smart_city_traffic_batch_dag.py
[2026-05-06T03:49:56.622+0000] {processor.py:830} INFO - Processing file /opt/airflow/dags/smart_city_traffic_batch_dag.py for tasks to queue
[2026-05-06T03:49:56.632+0000] {logging_mixin.py:188} INFO - [2026-05-06T03:49:56.631+0000] {dagbag.py:545} INFO - Filling up the DagBag from /opt/airflow/dags/smart_city_traffic_batch_dag.py
[2026-05-06T03:49:58.101+0000] {processor.py:840} INFO - DAG(s) 'smart_city_traffic_batch_dag' retrieved from /opt/airflow/dags/smart_city_traffic_batch_dag.py
[2026-05-06T03:49:59.660+0000] {logging_mixin.py:188} INFO - [2026-05-06T03:49:59.651+0000] {dag.py:3089} INFO - Sync 1 DAGs
[2026-05-06T03:49:59.743+0000] {logging_mixin.py:188} INFO - [2026-05-06T03:49:59.743+0000] {dag.py:3947} INFO - Setting next_dagrun for smart_city_traffic_batch_dag to 2026-05-06 01:00:00+00:00, run_after=2026-05-07 01:00:00+00:00
[2026-05-06T03:49:59.813+0000] {processor.py:183} INFO - Processing /opt/airflow/dags/smart_city_traffic_batch_dag.py took 3.211 seconds
[2026-05-06T03:50:31.471+0000] {processor.py:161} INFO - Started process (PID=1078) to work on /opt/airflow/dags/smart_city_traffic_batch_dag.py
[2026-05-06T03:50:31.487+0000] {processor.py:830} INFO - Processing file /opt/airflow/dags/smart_city_traffic_batch_dag.py for tasks to queue
[2026-05-06T03:50:31.611+0000] {logging_mixin.py:188} INFO - [2026-05-06T03:50:31.591+0000] {dagbag.py:545} INFO - Filling up the DagBag from /opt/airflow/dags/smart_city_traffic_batch_dag.py
[2026-05-06T03:50:36.534+0000] {processor.py:840} INFO - DAG(s) 'smart_city_traffic_batch_dag' retrieved from /opt/airflow/dags/smart_city_traffic_batch_dag.py
[2026-05-06T03:50:37.217+0000] {logging_mixin.py:188} INFO - [2026-05-06T03:50:37.215+0000] {dag.py:3089} INFO - Sync 1 DAGs
[2026-05-06T03:50:37.371+0000] {logging_mixin.py:188} INFO - [2026-05-06T03:50:37.371+0000] {dag.py:3947} INFO - Setting next_dagrun for smart_city_traffic_batch_dag to 2026-05-06 01:00:00+00:00, run_after=2026-05-07 01:00:00+00:00
[2026-05-06T03:50:37.584+0000] {processor.py:183} INFO - Processing /opt/airflow/dags/smart_city_traffic_batch_dag.py took 6.432 seconds
[2026-05-06T03:51:08.087+0000] {processor.py:161} INFO - Started process (PID=1084) to work on /opt/airflow/dags/smart_city_traffic_batch_dag.py
[2026-05-06T03:51:08.090+0000] {processor.py:830} INFO - Processing file /opt/airflow/dags/smart_city_traffic_batch_dag.py for tasks to queue
[2026-05-06T03:51:08.104+0000] {logging_mixin.py:188} INFO - [2026-05-06T03:51:08.102+0000] {dagbag.py:545} INFO - Filling up the DagBag from /opt/airflow/dags/smart_city_traffic_batch_dag.py
[2026-05-06T03:51:09.819+0000] {processor.py:840} INFO - DAG(s) 'smart_city_traffic_batch_dag' retrieved from /opt/airflow/dags/smart_city_traffic_batch_dag.py
[2026-05-06T03:51:09.888+0000] {logging_mixin.py:188} INFO - [2026-05-06T03:51:09.887+0000] {dag.py:3089} INFO - Sync 1 DAGs
[2026-05-06T03:51:09.950+0000] {logging_mixin.py:188} INFO - [2026-05-06T03:51:09.950+0000] {dag.py:3947} INFO - Setting next_dagrun for smart_city_traffic_batch_dag to 2026-05-06 01:00:00+00:00, run_after=2026-05-07 01:00:00+00:00
[2026-05-06T03:51:10.015+0000] {processor.py:183} INFO - Processing /opt/airflow/dags/smart_city_traffic_batch_dag.py took 1.938 seconds
[2026-05-06T03:51:40.416+0000] {processor.py:161} INFO - Started process (PID=1090) to work on /opt/airflow/dags/smart_city_traffic_batch_dag.py
[2026-05-06T03:51:40.419+0000] {processor.py:830} INFO - Processing file /opt/airflow/dags/smart_city_traffic_batch_dag.py for tasks to queue
[2026-05-06T03:51:40.425+0000] {logging_mixin.py:188} INFO - [2026-05-06T03:51:40.424+0000] {dagbag.py:545} INFO - Filling up the DagBag from /opt/airflow/dags/smart_city_traffic_batch_dag.py
[2026-05-06T03:51:41.698+0000] {processor.py:840} INFO - DAG(s) 'smart_city_traffic_batch_dag' retrieved from /opt/airflow/dags/smart_city_traffic_batch_dag.py
[2026-05-06T03:51:41.762+0000] {logging_mixin.py:188} INFO - [2026-05-06T03:51:41.761+0000] {dag.py:3089} INFO - Sync 1 DAGs
[2026-05-06T03:51:41.799+0000] {logging_mixin.py:188} INFO - [2026-05-06T03:51:41.798+0000] {dag.py:3947} INFO - Setting next_dagrun for smart_city_traffic_batch_dag to 2026-05-06 01:00:00+00:00, run_after=2026-05-07 01:00:00+00:00
[2026-05-06T03:51:41.844+0000] {processor.py:183} INFO - Processing /opt/airflow/dags/smart_city_traffic_batch_dag.py took 1.457 seconds
[2026-05-06T03:52:12.508+0000] {processor.py:161} INFO - Started process (PID=1096) to work on /opt/airflow/dags/smart_city_traffic_batch_dag.py
[2026-05-06T03:52:12.511+0000] {processor.py:830} INFO - Processing file /opt/airflow/dags/smart_city_traffic_batch_dag.py for tasks to queue
[2026-05-06T03:52:12.517+0000] {logging_mixin.py:188} INFO - [2026-05-06T03:52:12.516+0000] {dagbag.py:545} INFO - Filling up the DagBag from /opt/airflow/dags/smart_city_traffic_batch_dag.py
[2026-05-06T03:52:13.673+0000] {processor.py:840} INFO - DAG(s) 'smart_city_traffic_batch_dag' retrieved from /opt/airflow/dags/smart_city_traffic_batch_dag.py
[2026-05-06T03:52:14.108+0000] {logging_mixin.py:188} INFO - [2026-05-06T03:52:14.107+0000] {dag.py:3089} INFO - Sync 1 DAGs
[2026-05-06T03:52:14.149+0000] {logging_mixin.py:188} INFO - [2026-05-06T03:52:14.148+0000] {dag.py:3947} INFO - Setting next_dagrun for smart_city_traffic_batch_dag to 2026-05-06 01:00:00+00:00, run_after=2026-05-07 01:00:00+00:00
[2026-05-06T03:52:14.185+0000] {processor.py:183} INFO - Processing /opt/airflow/dags/smart_city_traffic_batch_dag.py took 1.697 seconds
[2026-05-06T03:52:44.569+0000] {processor.py:161} INFO - Started process (PID=1102) to work on /opt/airflow/dags/smart_city_traffic_batch_dag.py
[2026-05-06T03:52:44.571+0000] {processor.py:830} INFO - Processing file /opt/airflow/dags/smart_city_traffic_batch_dag.py for tasks to queue
[2026-05-06T03:52:44.577+0000] {logging_mixin.py:188} INFO - [2026-05-06T03:52:44.576+0000] {dagbag.py:545} INFO - Filling up the DagBag from /opt/airflow/dags/smart_city_traffic_batch_dag.py
[2026-05-06T03:52:45.982+0000] {processor.py:840} INFO - DAG(s) 'smart_city_traffic_batch_dag' retrieved from /opt/airflow/dags/smart_city_traffic_batch_dag.py
[2026-05-06T03:52:46.095+0000] {logging_mixin.py:188} INFO - [2026-05-06T03:52:46.094+0000] {dag.py:3089} INFO - Sync 1 DAGs
[2026-05-06T03:52:46.158+0000] {logging_mixin.py:188} INFO - [2026-05-06T03:52:46.158+0000] {dag.py:3947} INFO - Setting next_dagrun for smart_city_traffic_batch_dag to 2026-05-06 01:00:00+00:00, run_after=2026-05-07 01:00:00+00:00
[2026-05-06T03:52:46.206+0000] {processor.py:183} INFO - Processing /opt/airflow/dags/smart_city_traffic_batch_dag.py took 1.654 seconds
[2026-05-06T03:53:16.606+0000] {processor.py:161} INFO - Started process (PID=1108) to work on /opt/airflow/dags/smart_city_traffic_batch_dag.py
[2026-05-06T03:53:16.609+0000] {processor.py:830} INFO - Processing file /opt/airflow/dags/smart_city_traffic_batch_dag.py for tasks to queue
[2026-05-06T03:53:16.614+0000] {logging_mixin.py:188} INFO - [2026-05-06T03:53:16.613+0000] {dagbag.py:545} INFO - Filling up the DagBag from /opt/airflow/dags/smart_city_traffic_batch_dag.py
[2026-05-06T03:53:17.882+0000] {processor.py:840} INFO - DAG(s) 'smart_city_traffic_batch_dag' retrieved from /opt/airflow/dags/smart_city_traffic_batch_dag.py
[2026-05-06T03:53:17.979+0000] {logging_mixin.py:188} INFO - [2026-05-06T03:53:17.977+0000] {dag.py:3089} INFO - Sync 1 DAGs
[2026-05-06T03:53:18.022+0000] {logging_mixin.py:188} INFO - [2026-05-06T03:53:18.021+0000] {dag.py:3947} INFO - Setting next_dagrun for smart_city_traffic_batch_dag to 2026-05-06 01:00:00+00:00, run_after=2026-05-07 01:00:00+00:00
[2026-05-06T03:53:18.056+0000] {processor.py:183} INFO - Processing /opt/airflow/dags/smart_city_traffic_batch_dag.py took 1.465 seconds
[2026-05-06T03:53:48.445+0000] {processor.py:161} INFO - Started process (PID=1114) to work on /opt/airflow/dags/smart_city_traffic_batch_dag.py
[2026-05-06T03:53:48.448+0000] {processor.py:830} INFO - Processing file /opt/airflow/dags/smart_city_traffic_batch_dag.py for tasks to queue
[2026-05-06T03:53:48.454+0000] {logging_mixin.py:188} INFO - [2026-05-06T03:53:48.453+0000] {dagbag.py:545} INFO - Filling up the DagBag from /opt/airflow/dags/smart_city_traffic_batch_dag.py
[2026-05-06T03:53:49.696+0000] {processor.py:840} INFO - DAG(s) 'smart_city_traffic_batch_dag' retrieved from /opt/airflow/dags/smart_city_traffic_batch_dag.py
[2026-05-06T03:53:49.818+0000] {logging_mixin.py:188} INFO - [2026-05-06T03:53:49.817+0000] {dag.py:3089} INFO - Sync 1 DAGs
[2026-05-06T03:53:49.879+0000] {logging_mixin.py:188} INFO - [2026-05-06T03:53:49.878+0000] {dag.py:3947} INFO - Setting next_dagrun for smart_city_traffic_batch_dag to 2026-05-06 01:00:00+00:00, run_after=2026-05-07 01:00:00+00:00
[2026-05-06T03:53:49.925+0000] {processor.py:183} INFO - Processing /opt/airflow/dags/smart_city_traffic_batch_dag.py took 1.504 seconds
[2026-05-06T03:54:20.172+0000] {processor.py:161} INFO - Started process (PID=1120) to work on /opt/airflow/dags/smart_city_traffic_batch_dag.py
[2026-05-06T03:54:20.177+0000] {processor.py:830} INFO - Processing file /opt/airflow/dags/smart_city_traffic_batch_dag.py for tasks to queue
[2026-05-06T03:54:20.183+0000] {logging_mixin.py:188} INFO - [2026-05-06T03:54:20.182+0000] {dagbag.py:545} INFO - Filling up the DagBag from /opt/airflow/dags/smart_city_traffic_batch_dag.py
[2026-05-06T03:54:20.912+0000] {processor.py:840} INFO - DAG(s) 'smart_city_traffic_batch_dag' retrieved from /opt/airflow/dags/smart_city_traffic_batch_dag.py
[2026-05-06T03:54:21.454+0000] {logging_mixin.py:188} INFO - [2026-05-06T03:54:21.453+0000] {dag.py:3089} INFO - Sync 1 DAGs
[2026-05-06T03:54:21.493+0000] {logging_mixin.py:188} INFO - [2026-05-06T03:54:21.492+0000] {dag.py:3947} INFO - Setting next_dagrun for smart_city_traffic_batch_dag to 2026-05-06 01:00:00+00:00, run_after=2026-05-07 01:00:00+00:00
[2026-05-06T03:54:21.528+0000] {processor.py:183} INFO - Processing /opt/airflow/dags/smart_city_traffic_batch_dag.py took 1.380 seconds
[2026-05-06T03:54:51.783+0000] {processor.py:161} INFO - Started process (PID=1126) to work on /opt/airflow/dags/smart_city_traffic_batch_dag.py
[2026-05-06T03:54:51.789+0000] {processor.py:830} INFO - Processing file /opt/airflow/dags/smart_city_traffic_batch_dag.py for tasks to queue
[2026-05-06T03:54:51.797+0000] {logging_mixin.py:188} INFO - [2026-05-06T03:54:51.796+0000] {dagbag.py:545} INFO - Filling up the DagBag from /opt/airflow/dags/smart_city_traffic_batch_dag.py
[2026-05-06T03:54:52.925+0000] {processor.py:840} INFO - DAG(s) 'smart_city_traffic_batch_dag' retrieved from /opt/airflow/dags/smart_city_traffic_batch_dag.py
[2026-05-06T03:54:52.993+0000] {logging_mixin.py:188} INFO - [2026-05-06T03:54:52.992+0000] {dag.py:3089} INFO - Sync 1 DAGs
[2026-05-06T03:54:53.034+0000] {logging_mixin.py:188} INFO - [2026-05-06T03:54:53.033+0000] {dag.py:3947} INFO - Setting next_dagrun for smart_city_traffic_batch_dag to 2026-05-06 01:00:00+00:00, run_after=2026-05-07 01:00:00+00:00
[2026-05-06T03:54:53.073+0000] {processor.py:183} INFO - Processing /opt/airflow/dags/smart_city_traffic_batch_dag.py took 1.316 seconds
[2026-05-06T03:55:23.484+0000] {processor.py:161} INFO - Started process (PID=1132) to work on /opt/airflow/dags/smart_city_traffic_batch_dag.py
[2026-05-06T03:55:23.487+0000] {processor.py:830} INFO - Processing file /opt/airflow/dags/smart_city_traffic_batch_dag.py for tasks to queue
[2026-05-06T03:55:23.499+0000] {logging_mixin.py:188} INFO - [2026-05-06T03:55:23.498+0000] {dagbag.py:545} INFO - Filling up the DagBag from /opt/airflow/dags/smart_city_traffic_batch_dag.py
[2026-05-06T03:55:25.177+0000] {processor.py:840} INFO - DAG(s) 'smart_city_traffic_batch_dag' retrieved from /opt/airflow/dags/smart_city_traffic_batch_dag.py
[2026-05-06T03:55:25.256+0000] {logging_mixin.py:188} INFO - [2026-05-06T03:55:25.255+0000] {dag.py:3089} INFO - Sync 1 DAGs
[2026-05-06T03:55:25.326+0000] {logging_mixin.py:188} INFO - [2026-05-06T03:55:25.325+0000] {dag.py:3947} INFO - Setting next_dagrun for smart_city_traffic_batch_dag to 2026-05-06 01:00:00+00:00, run_after=2026-05-07 01:00:00+00:00
[2026-05-06T03:55:25.378+0000] {processor.py:183} INFO - Processing /opt/airflow/dags/smart_city_traffic_batch_dag.py took 1.914 seconds
[2026-05-06T03:55:57.560+0000] {processor.py:161} INFO - Started process (PID=1138) to work on /opt/airflow/dags/smart_city_traffic_batch_dag.py
[2026-05-06T03:55:57.603+0000] {processor.py:830} INFO - Processing file /opt/airflow/dags/smart_city_traffic_batch_dag.py for tasks to queue
[2026-05-06T03:55:57.672+0000] {logging_mixin.py:188} INFO - [2026-05-06T03:55:57.660+0000] {dagbag.py:545} INFO - Filling up the DagBag from /opt/airflow/dags/smart_city_traffic_batch_dag.py
[2026-05-06T03:56:05.803+0000] {processor.py:840} INFO - DAG(s) 'smart_city_traffic_batch_dag' retrieved from /opt/airflow/dags/smart_city_traffic_batch_dag.py
[2026-05-06T03:56:06.077+0000] {logging_mixin.py:188} INFO - [2026-05-06T03:56:06.072+0000] {dag.py:3089} INFO - Sync 1 DAGs
[2026-05-06T03:56:06.191+0000] {logging_mixin.py:188} INFO - [2026-05-06T03:56:06.190+0000] {dag.py:3947} INFO - Setting next_dagrun for smart_city_traffic_batch_dag to 2026-05-06 01:00:00+00:00, run_after=2026-05-07 01:00:00+00:00
[2026-05-06T03:56:06.277+0000] {processor.py:183} INFO - Processing /opt/airflow/dags/smart_city_traffic_batch_dag.py took 8.947 seconds
[2026-05-06T03:56:37.044+0000] {processor.py:161} INFO - Started process (PID=1144) to work on /opt/airflow/dags/smart_city_traffic_batch_dag.py
[2026-05-06T03:56:37.057+0000] {processor.py:830} INFO - Processing file /opt/airflow/dags/smart_city_traffic_batch_dag.py for tasks to queue
[2026-05-06T03:56:37.083+0000] {logging_mixin.py:188} INFO - [2026-05-06T03:56:37.079+0000] {dagbag.py:545} INFO - Filling up the DagBag from /opt/airflow/dags/smart_city_traffic_batch_dag.py
[2026-05-06T03:56:38.635+0000] {processor.py:840} INFO - DAG(s) 'smart_city_traffic_batch_dag' retrieved from /opt/airflow/dags/smart_city_traffic_batch_dag.py
[2026-05-06T03:56:39.385+0000] {logging_mixin.py:188} INFO - [2026-05-06T03:56:39.384+0000] {dag.py:3089} INFO - Sync 1 DAGs
[2026-05-06T03:56:39.440+0000] {logging_mixin.py:188} INFO - [2026-05-06T03:56:39.440+0000] {dag.py:3947} INFO - Setting next_dagrun for smart_city_traffic_batch_dag to 2026-05-06 01:00:00+00:00, run_after=2026-05-07 01:00:00+00:00
[2026-05-06T03:56:39.533+0000] {processor.py:183} INFO - Processing /opt/airflow/dags/smart_city_traffic_batch_dag.py took 2.570 seconds
[2026-05-06T03:57:10.132+0000] {processor.py:161} INFO - Started process (PID=1150) to work on /opt/airflow/dags/smart_city_traffic_batch_dag.py
[2026-05-06T03:57:10.143+0000] {processor.py:830} INFO - Processing file /opt/airflow/dags/smart_city_traffic_batch_dag.py for tasks to queue
[2026-05-06T03:57:10.162+0000] {logging_mixin.py:188} INFO - [2026-05-06T03:57:10.159+0000] {dagbag.py:545} INFO - Filling up the DagBag from /opt/airflow/dags/smart_city_traffic_batch_dag.py
[2026-05-06T03:57:13.654+0000] {processor.py:840} INFO - DAG(s) 'smart_city_traffic_batch_dag' retrieved from /opt/airflow/dags/smart_city_traffic_batch_dag.py
[2026-05-06T03:57:13.996+0000] {logging_mixin.py:188} INFO - [2026-05-06T03:57:13.995+0000] {dag.py:3089} INFO - Sync 1 DAGs
[2026-05-06T03:57:14.074+0000] {logging_mixin.py:188} INFO - [2026-05-06T03:57:14.073+0000] {dag.py:3947} INFO - Setting next_dagrun for smart_city_traffic_batch_dag to 2026-05-06 01:00:00+00:00, run_after=2026-05-07 01:00:00+00:00
[2026-05-06T03:57:14.165+0000] {processor.py:183} INFO - Processing /opt/airflow/dags/smart_city_traffic_batch_dag.py took 4.105 seconds
[2026-05-06T03:57:44.680+0000] {processor.py:161} INFO - Started process (PID=1156) to work on /opt/airflow/dags/smart_city_traffic_batch_dag.py
[2026-05-06T03:57:44.682+0000] {processor.py:830} INFO - Processing file /opt/airflow/dags/smart_city_traffic_batch_dag.py for tasks to queue
[2026-05-06T03:57:44.687+0000] {logging_mixin.py:188} INFO - [2026-05-06T03:57:44.686+0000] {dagbag.py:545} INFO - Filling up the DagBag from /opt/airflow/dags/smart_city_traffic_batch_dag.py
[2026-05-06T03:57:46.003+0000] {processor.py:840} INFO - DAG(s) 'smart_city_traffic_batch_dag' retrieved from /opt/airflow/dags/smart_city_traffic_batch_dag.py
[2026-05-06T03:57:46.080+0000] {logging_mixin.py:188} INFO - [2026-05-06T03:57:46.079+0000] {dag.py:3089} INFO - Sync 1 DAGs
[2026-05-06T03:57:46.176+0000] {logging_mixin.py:188} INFO - [2026-05-06T03:57:46.176+0000] {dag.py:3947} INFO - Setting next_dagrun for smart_city_traffic_batch_dag to 2026-05-06 01:00:00+00:00, run_after=2026-05-07 01:00:00+00:00
[2026-05-06T03:57:46.240+0000] {processor.py:183} INFO - Processing /opt/airflow/dags/smart_city_traffic_batch_dag.py took 1.573 seconds
[2026-05-06T03:58:16.660+0000] {processor.py:161} INFO - Started process (PID=1162) to work on /opt/airflow/dags/smart_city_traffic_batch_dag.py
[2026-05-06T03:58:16.662+0000] {processor.py:830} INFO - Processing file /opt/airflow/dags/smart_city_traffic_batch_dag.py for tasks to queue
[2026-05-06T03:58:16.667+0000] {logging_mixin.py:188} INFO - [2026-05-06T03:58:16.667+0000] {dagbag.py:545} INFO - Filling up the DagBag from /opt/airflow/dags/smart_city_traffic_batch_dag.py
[2026-05-06T03:58:17.928+0000] {processor.py:840} INFO - DAG(s) 'smart_city_traffic_batch_dag' retrieved from /opt/airflow/dags/smart_city_traffic_batch_dag.py
[2026-05-06T03:58:17.985+0000] {logging_mixin.py:188} INFO - [2026-05-06T03:58:17.984+0000] {dag.py:3089} INFO - Sync 1 DAGs
[2026-05-06T03:58:18.018+0000] {logging_mixin.py:188} INFO - [2026-05-06T03:58:18.017+0000] {dag.py:3947} INFO - Setting next_dagrun for smart_city_traffic_batch_dag to 2026-05-06 01:00:00+00:00, run_after=2026-05-07 01:00:00+00:00
[2026-05-06T03:58:18.057+0000] {processor.py:183} INFO - Processing /opt/airflow/dags/smart_city_traffic_batch_dag.py took 1.416 seconds
[2026-05-06T03:58:48.653+0000] {processor.py:161} INFO - Started process (PID=1168) to work on /opt/airflow/dags/smart_city_traffic_batch_dag.py
[2026-05-06T03:58:48.661+0000] {processor.py:830} INFO - Processing file /opt/airflow/dags/smart_city_traffic_batch_dag.py for tasks to queue
[2026-05-06T03:58:48.683+0000] {logging_mixin.py:188} INFO - [2026-05-06T03:58:48.681+0000] {dagbag.py:545} INFO - Filling up the DagBag from /opt/airflow/dags/smart_city_traffic_batch_dag.py
[2026-05-06T03:58:50.095+0000] {processor.py:840} INFO - DAG(s) 'smart_city_traffic_batch_dag' retrieved from /opt/airflow/dags/smart_city_traffic_batch_dag.py
[2026-05-06T03:58:50.719+0000] {logging_mixin.py:188} INFO - [2026-05-06T03:58:50.718+0000] {dag.py:3089} INFO - Sync 1 DAGs
[2026-05-06T03:58:50.819+0000] {logging_mixin.py:188} INFO - [2026-05-06T03:58:50.818+0000] {dag.py:3947} INFO - Setting next_dagrun for smart_city_traffic_batch_dag to 2026-05-06 01:00:00+00:00, run_after=2026-05-07 01:00:00+00:00
[2026-05-06T03:58:50.903+0000] {processor.py:183} INFO - Processing /opt/airflow/dags/smart_city_traffic_batch_dag.py took 2.321 seconds
[2026-05-06T03:59:21.832+0000] {processor.py:161} INFO - Started process (PID=1174) to work on /opt/airflow/dags/smart_city_traffic_batch_dag.py
[2026-05-06T03:59:21.843+0000] {processor.py:830} INFO - Processing file /opt/airflow/dags/smart_city_traffic_batch_dag.py for tasks to queue
[2026-05-06T03:59:21.885+0000] {logging_mixin.py:188} INFO - [2026-05-06T03:59:21.881+0000] {dagbag.py:545} INFO - Filling up the DagBag from /opt/airflow/dags/smart_city_traffic_batch_dag.py
[2026-05-06T03:59:25.685+0000] {processor.py:840} INFO - DAG(s) 'smart_city_traffic_batch_dag' retrieved from /opt/airflow/dags/smart_city_traffic_batch_dag.py
[2026-05-06T03:59:25.905+0000] {logging_mixin.py:188} INFO - [2026-05-06T03:59:25.904+0000] {dag.py:3089} INFO - Sync 1 DAGs
[2026-05-06T03:59:25.965+0000] {logging_mixin.py:188} INFO - [2026-05-06T03:59:25.964+0000] {dag.py:3947} INFO - Setting next_dagrun for smart_city_traffic_batch_dag to 2026-05-06 01:00:00+00:00, run_after=2026-05-07 01:00:00+00:00
[2026-05-06T03:59:26.014+0000] {processor.py:183} INFO - Processing /opt/airflow/dags/smart_city_traffic_batch_dag.py took 4.329 seconds
[2026-05-06T03:59:56.605+0000] {processor.py:161} INFO - Started process (PID=1180) to work on /opt/airflow/dags/smart_city_traffic_batch_dag.py
[2026-05-06T03:59:56.609+0000] {processor.py:830} INFO - Processing file /opt/airflow/dags/smart_city_traffic_batch_dag.py for tasks to queue
[2026-05-06T03:59:56.624+0000] {logging_mixin.py:188} INFO - [2026-05-06T03:59:56.623+0000] {dagbag.py:545} INFO - Filling up the DagBag from /opt/airflow/dags/smart_city_traffic_batch_dag.py
[2026-05-06T03:59:57.874+0000] {processor.py:840} INFO - DAG(s) 'smart_city_traffic_batch_dag' retrieved from /opt/airflow/dags/smart_city_traffic_batch_dag.py
[2026-05-06T03:59:57.970+0000] {logging_mixin.py:188} INFO - [2026-05-06T03:59:57.969+0000] {dag.py:3089} INFO - Sync 1 DAGs
[2026-05-06T03:59:58.014+0000] {logging_mixin.py:188} INFO - [2026-05-06T03:59:58.013+0000] {dag.py:3947} INFO - Setting next_dagrun for smart_city_traffic_batch_dag to 2026-05-06 01:00:00+00:00, run_after=2026-05-07 01:00:00+00:00
[2026-05-06T03:59:58.060+0000] {processor.py:183} INFO - Processing /opt/airflow/dags/smart_city_traffic_batch_dag.py took 1.488 seconds
[2026-05-06T04:00:28.494+0000] {processor.py:161} INFO - Started process (PID=1186) to work on /opt/airflow/dags/smart_city_traffic_batch_dag.py
[2026-05-06T04:00:28.496+0000] {processor.py:830} INFO - Processing file /opt/airflow/dags/smart_city_traffic_batch_dag.py for tasks to queue
[2026-05-06T04:00:28.501+0000] {logging_mixin.py:188} INFO - [2026-05-06T04:00:28.500+0000] {dagbag.py:545} INFO - Filling up the DagBag from /opt/airflow/dags/smart_city_traffic_batch_dag.py
[2026-05-06T04:00:29.668+0000] {processor.py:840} INFO - DAG(s) 'smart_city_traffic_batch_dag' retrieved from /opt/airflow/dags/smart_city_traffic_batch_dag.py
[2026-05-06T04:00:29.731+0000] {logging_mixin.py:188} INFO - [2026-05-06T04:00:29.730+0000] {dag.py:3089} INFO - Sync 1 DAGs
[2026-05-06T04:00:29.803+0000] {logging_mixin.py:188} INFO - [2026-05-06T04:00:29.803+0000] {dag.py:3947} INFO - Setting next_dagrun for smart_city_traffic_batch_dag to 2026-05-06 01:00:00+00:00, run_after=2026-05-07 01:00:00+00:00
[2026-05-06T04:00:29.876+0000] {processor.py:183} INFO - Processing /opt/airflow/dags/smart_city_traffic_batch_dag.py took 1.399 seconds
[2026-05-06T04:01:00.302+0000] {processor.py:161} INFO - Started process (PID=1192) to work on /opt/airflow/dags/smart_city_traffic_batch_dag.py
[2026-05-06T04:01:00.309+0000] {processor.py:830} INFO - Processing file /opt/airflow/dags/smart_city_traffic_batch_dag.py for tasks to queue
[2026-05-06T04:01:00.328+0000] {logging_mixin.py:188} INFO - [2026-05-06T04:01:00.326+0000] {dagbag.py:545} INFO - Filling up the DagBag from /opt/airflow/dags/smart_city_traffic_batch_dag.py
[2026-05-06T04:01:01.878+0000] {processor.py:840} INFO - DAG(s) 'smart_city_traffic_batch_dag' retrieved from /opt/airflow/dags/smart_city_traffic_batch_dag.py
[2026-05-06T04:01:02.621+0000] {logging_mixin.py:188} INFO - [2026-05-06T04:01:02.620+0000] {dag.py:3089} INFO - Sync 1 DAGs
[2026-05-06T04:01:02.662+0000] {logging_mixin.py:188} INFO - [2026-05-06T04:01:02.661+0000] {dag.py:3947} INFO - Setting next_dagrun for smart_city_traffic_batch_dag to 2026-05-06 01:00:00+00:00, run_after=2026-05-07 01:00:00+00:00
[2026-05-06T04:01:02.725+0000] {processor.py:183} INFO - Processing /opt/airflow/dags/smart_city_traffic_batch_dag.py took 2.479 seconds
[2026-05-06T04:01:33.159+0000] {processor.py:161} INFO - Started process (PID=1198) to work on /opt/airflow/dags/smart_city_traffic_batch_dag.py
[2026-05-06T04:01:33.164+0000] {processor.py:830} INFO - Processing file /opt/airflow/dags/smart_city_traffic_batch_dag.py for tasks to queue
[2026-05-06T04:01:33.177+0000] {logging_mixin.py:188} INFO - [2026-05-06T04:01:33.176+0000] {dagbag.py:545} INFO - Filling up the DagBag from /opt/airflow/dags/smart_city_traffic_batch_dag.py
[2026-05-06T04:01:34.397+0000] {processor.py:840} INFO - DAG(s) 'smart_city_traffic_batch_dag' retrieved from /opt/airflow/dags/smart_city_traffic_batch_dag.py
[2026-05-06T04:01:34.461+0000] {logging_mixin.py:188} INFO - [2026-05-06T04:01:34.460+0000] {dag.py:3089} INFO - Sync 1 DAGs
[2026-05-06T04:01:34.498+0000] {logging_mixin.py:188} INFO - [2026-05-06T04:01:34.498+0000] {dag.py:3947} INFO - Setting next_dagrun for smart_city_traffic_batch_dag to 2026-05-06 01:00:00+00:00, run_after=2026-05-07 01:00:00+00:00
[2026-05-06T04:01:34.558+0000] {processor.py:183} INFO - Processing /opt/airflow/dags/smart_city_traffic_batch_dag.py took 1.424 seconds
[2026-05-06T04:02:04.889+0000] {processor.py:161} INFO - Started process (PID=1204) to work on /opt/airflow/dags/smart_city_traffic_batch_dag.py
[2026-05-06T04:02:04.892+0000] {processor.py:830} INFO - Processing file /opt/airflow/dags/smart_city_traffic_batch_dag.py for tasks to queue
[2026-05-06T04:02:04.898+0000] {logging_mixin.py:188} INFO - [2026-05-06T04:02:04.897+0000] {dagbag.py:545} INFO - Filling up the DagBag from /opt/airflow/dags/smart_city_traffic_batch_dag.py
[2026-05-06T04:02:06.187+0000] {processor.py:840} INFO - DAG(s) 'smart_city_traffic_batch_dag' retrieved from /opt/airflow/dags/smart_city_traffic_batch_dag.py
[2026-05-06T04:02:06.265+0000] {logging_mixin.py:188} INFO - [2026-05-06T04:02:06.264+0000] {dag.py:3089} INFO - Sync 1 DAGs
[2026-05-06T04:02:06.311+0000] {logging_mixin.py:188} INFO - [2026-05-06T04:02:06.310+0000] {dag.py:3947} INFO - Setting next_dagrun for smart_city_traffic_batch_dag to 2026-05-06 01:00:00+00:00, run_after=2026-05-07 01:00:00+00:00
[2026-05-06T04:02:06.351+0000] {processor.py:183} INFO - Processing /opt/airflow/dags/smart_city_traffic_batch_dag.py took 1.484 seconds
[2026-05-06T04:02:36.757+0000] {processor.py:161} INFO - Started process (PID=1210) to work on /opt/airflow/dags/smart_city_traffic_batch_dag.py
[2026-05-06T04:02:36.759+0000] {processor.py:830} INFO - Processing file /opt/airflow/dags/smart_city_traffic_batch_dag.py for tasks to queue
[2026-05-06T04:02:36.763+0000] {logging_mixin.py:188} INFO - [2026-05-06T04:02:36.762+0000] {dagbag.py:545} INFO - Filling up the DagBag from /opt/airflow/dags/smart_city_traffic_batch_dag.py
[2026-05-06T04:02:38.037+0000] {processor.py:840} INFO - DAG(s) 'smart_city_traffic_batch_dag' retrieved from /opt/airflow/dags/smart_city_traffic_batch_dag.py
[2026-05-06T04:02:38.112+0000] {logging_mixin.py:188} INFO - [2026-05-06T04:02:38.111+0000] {dag.py:3089} INFO - Sync 1 DAGs
[2026-05-06T04:02:38.170+0000] {logging_mixin.py:188} INFO - [2026-05-06T04:02:38.169+0000] {dag.py:3947} INFO - Setting next_dagrun for smart_city_traffic_batch_dag to 2026-05-06 01:00:00+00:00, run_after=2026-05-07 01:00:00+00:00
[2026-05-06T04:02:38.218+0000] {processor.py:183} INFO - Processing /opt/airflow/dags/smart_city_traffic_batch_dag.py took 1.475 seconds
[2026-05-06T04:03:08.471+0000] {processor.py:161} INFO - Started process (PID=1216) to work on /opt/airflow/dags/smart_city_traffic_batch_dag.py
[2026-05-06T04:03:08.474+0000] {processor.py:830} INFO - Processing file /opt/airflow/dags/smart_city_traffic_batch_dag.py for tasks to queue
[2026-05-06T04:03:08.478+0000] {logging_mixin.py:188} INFO - [2026-05-06T04:03:08.477+0000] {dagbag.py:545} INFO - Filling up the DagBag from /opt/airflow/dags/smart_city_traffic_batch_dag.py
[2026-05-06T04:03:09.276+0000] {processor.py:840} INFO - DAG(s) 'smart_city_traffic_batch_dag' retrieved from /opt/airflow/dags/smart_city_traffic_batch_dag.py
[2026-05-06T04:03:09.729+0000] {logging_mixin.py:188} INFO - [2026-05-06T04:03:09.728+0000] {dag.py:3089} INFO - Sync 1 DAGs
[2026-05-06T04:03:09.776+0000] {logging_mixin.py:188} INFO - [2026-05-06T04:03:09.775+0000] {dag.py:3947} INFO - Setting next_dagrun for smart_city_traffic_batch_dag to 2026-05-06 01:00:00+00:00, run_after=2026-05-07 01:00:00+00:00
[2026-05-06T04:03:09.845+0000] {processor.py:183} INFO - Processing /opt/airflow/dags/smart_city_traffic_batch_dag.py took 1.390 seconds
[2026-05-06T04:03:40.724+0000] {processor.py:161} INFO - Started process (PID=1222) to work on /opt/airflow/dags/smart_city_traffic_batch_dag.py
[2026-05-06T04:03:40.738+0000] {processor.py:830} INFO - Processing file /opt/airflow/dags/smart_city_traffic_batch_dag.py for tasks to queue
[2026-05-06T04:03:40.772+0000] {logging_mixin.py:188} INFO - [2026-05-06T04:03:40.766+0000] {dagbag.py:545} INFO - Filling up the DagBag from /opt/airflow/dags/smart_city_traffic_batch_dag.py
[2026-05-06T04:03:45.981+0000] {processor.py:840} INFO - DAG(s) 'smart_city_traffic_batch_dag' retrieved from /opt/airflow/dags/smart_city_traffic_batch_dag.py
[2026-05-06T04:03:46.231+0000] {logging_mixin.py:188} INFO - [2026-05-06T04:03:46.230+0000] {dag.py:3089} INFO - Sync 1 DAGs
[2026-05-06T04:03:46.302+0000] {logging_mixin.py:188} INFO - [2026-05-06T04:03:46.297+0000] {dag.py:3947} INFO - Setting next_dagrun for smart_city_traffic_batch_dag to 2026-05-06 01:00:00+00:00, run_after=2026-05-07 01:00:00+00:00
[2026-05-06T04:03:46.361+0000] {processor.py:183} INFO - Processing /opt/airflow/dags/smart_city_traffic_batch_dag.py took 5.740 seconds
[2026-05-06T04:04:17.271+0000] {processor.py:161} INFO - Started process (PID=1228) to work on /opt/airflow/dags/smart_city_traffic_batch_dag.py
[2026-05-06T04:04:17.275+0000] {processor.py:830} INFO - Processing file /opt/airflow/dags/smart_city_traffic_batch_dag.py for tasks to queue
[2026-05-06T04:04:17.302+0000] {logging_mixin.py:188} INFO - [2026-05-06T04:04:17.298+0000] {dagbag.py:545} INFO - Filling up the DagBag from /opt/airflow/dags/smart_city_traffic_batch_dag.py
[2026-05-06T04:04:21.469+0000] {processor.py:840} INFO - DAG(s) 'smart_city_traffic_batch_dag' retrieved from /opt/airflow/dags/smart_city_traffic_batch_dag.py
[2026-05-06T04:04:21.795+0000] {logging_mixin.py:188} INFO - [2026-05-06T04:04:21.794+0000] {dag.py:3089} INFO - Sync 1 DAGs
[2026-05-06T04:04:21.906+0000] {logging_mixin.py:188} INFO - [2026-05-06T04:04:21.902+0000] {dag.py:3947} INFO - Setting next_dagrun for smart_city_traffic_batch_dag to 2026-05-06 01:00:00+00:00, run_after=2026-05-07 01:00:00+00:00
[2026-05-06T04:04:22.011+0000] {processor.py:183} INFO - Processing /opt/airflow/dags/smart_city_traffic_batch_dag.py took 4.807 seconds
[2026-05-06T04:04:53.138+0000] {processor.py:161} INFO - Started process (PID=1234) to work on /opt/airflow/dags/smart_city_traffic_batch_dag.py
[2026-05-06T04:04:53.150+0000] {processor.py:830} INFO - Processing file /opt/airflow/dags/smart_city_traffic_batch_dag.py for tasks to queue
[2026-05-06T04:04:53.219+0000] {logging_mixin.py:188} INFO - [2026-05-06T04:04:53.212+0000] {dagbag.py:545} INFO - Filling up the DagBag from /opt/airflow/dags/smart_city_traffic_batch_dag.py
[2026-05-06T04:05:15.477+0000] {processor.py:840} INFO - DAG(s) 'smart_city_traffic_batch_dag' retrieved from /opt/airflow/dags/smart_city_traffic_batch_dag.py
[2026-05-06T04:05:16.618+0000] {logging_mixin.py:188} INFO - [2026-05-06T04:05:16.599+0000] {dag.py:3089} INFO - Sync 1 DAGs
[2026-05-06T04:05:16.839+0000] {logging_mixin.py:188} INFO - [2026-05-06T04:05:16.839+0000] {dag.py:3947} INFO - Setting next_dagrun for smart_city_traffic_batch_dag to 2026-05-06 01:00:00+00:00, run_after=2026-05-07 01:00:00+00:00
[2026-05-06T04:05:16.942+0000] {processor.py:183} INFO - Processing /opt/airflow/dags/smart_city_traffic_batch_dag.py took 24.492 seconds
[2026-05-06T04:05:51.536+0000] {processor.py:161} INFO - Started process (PID=1240) to work on /opt/airflow/dags/smart_city_traffic_batch_dag.py
[2026-05-06T04:05:51.550+0000] {processor.py:830} INFO - Processing file /opt/airflow/dags/smart_city_traffic_batch_dag.py for tasks to queue
[2026-05-06T04:05:51.671+0000] {logging_mixin.py:188} INFO - [2026-05-06T04:05:51.645+0000] {dagbag.py:545} INFO - Filling up the DagBag from /opt/airflow/dags/smart_city_traffic_batch_dag.py
[2026-05-06T04:06:07.434+0000] {processor.py:840} INFO - DAG(s) 'smart_city_traffic_batch_dag' retrieved from /opt/airflow/dags/smart_city_traffic_batch_dag.py
[2026-05-06T04:06:08.451+0000] {logging_mixin.py:188} INFO - [2026-05-06T04:06:08.449+0000] {dag.py:3089} INFO - Sync 1 DAGs
[2026-05-06T04:06:08.595+0000] {logging_mixin.py:188} INFO - [2026-05-06T04:06:08.594+0000] {dag.py:3947} INFO - Setting next_dagrun for smart_city_traffic_batch_dag to 2026-05-06 01:00:00+00:00, run_after=2026-05-07 01:00:00+00:00
[2026-05-06T04:06:08.700+0000] {processor.py:183} INFO - Processing /opt/airflow/dags/smart_city_traffic_batch_dag.py took 17.552 seconds
[2026-05-06T04:06:41.317+0000] {processor.py:161} INFO - Started process (PID=1246) to work on /opt/airflow/dags/smart_city_traffic_batch_dag.py
[2026-05-06T04:06:41.374+0000] {processor.py:830} INFO - Processing file /opt/airflow/dags/smart_city_traffic_batch_dag.py for tasks to queue
[2026-05-06T04:06:41.561+0000] {logging_mixin.py:188} INFO - [2026-05-06T04:06:41.546+0000] {dagbag.py:545} INFO - Filling up the DagBag from /opt/airflow/dags/smart_city_traffic_batch_dag.py
[2026-05-06T04:06:51.827+0000] {processor.py:840} INFO - DAG(s) 'smart_city_traffic_batch_dag' retrieved from /opt/airflow/dags/smart_city_traffic_batch_dag.py
[2026-05-06T04:06:52.134+0000] {logging_mixin.py:188} INFO - [2026-05-06T04:06:52.133+0000] {dag.py:3089} INFO - Sync 1 DAGs
[2026-05-06T04:06:52.224+0000] {logging_mixin.py:188} INFO - [2026-05-06T04:06:52.223+0000] {dag.py:3947} INFO - Setting next_dagrun for smart_city_traffic_batch_dag to 2026-05-06 01:00:00+00:00, run_after=2026-05-07 01:00:00+00:00
[2026-05-06T04:06:52.295+0000] {processor.py:183} INFO - Processing /opt/airflow/dags/smart_city_traffic_batch_dag.py took 11.460 seconds
[2026-05-06T04:07:23.019+0000] {processor.py:161} INFO - Started process (PID=1252) to work on /opt/airflow/dags/smart_city_traffic_batch_dag.py
[2026-05-06T04:07:23.029+0000] {processor.py:830} INFO - Processing file /opt/airflow/dags/smart_city_traffic_batch_dag.py for tasks to queue
[2026-05-06T04:07:23.056+0000] {logging_mixin.py:188} INFO - [2026-05-06T04:07:23.051+0000] {dagbag.py:545} INFO - Filling up the DagBag from /opt/airflow/dags/smart_city_traffic_batch_dag.py
[2026-05-06T04:07:29.742+0000] {processor.py:840} INFO - DAG(s) 'smart_city_traffic_batch_dag' retrieved from /opt/airflow/dags/smart_city_traffic_batch_dag.py
[2026-05-06T04:07:29.982+0000] {logging_mixin.py:188} INFO - [2026-05-06T04:07:29.981+0000] {dag.py:3089} INFO - Sync 1 DAGs
[2026-05-06T04:07:30.076+0000] {logging_mixin.py:188} INFO - [2026-05-06T04:07:30.075+0000] {dag.py:3947} INFO - Setting next_dagrun for smart_city_traffic_batch_dag to 2026-05-06 01:00:00+00:00, run_after=2026-05-07 01:00:00+00:00
[2026-05-06T04:07:30.157+0000] {processor.py:183} INFO - Processing /opt/airflow/dags/smart_city_traffic_batch_dag.py took 7.212 seconds
[2026-05-06T04:08:01.221+0000] {processor.py:161} INFO - Started process (PID=1258) to work on /opt/airflow/dags/smart_city_traffic_batch_dag.py
[2026-05-06T04:08:01.235+0000] {processor.py:830} INFO - Processing file /opt/airflow/dags/smart_city_traffic_batch_dag.py for tasks to queue
[2026-05-06T04:08:01.280+0000] {logging_mixin.py:188} INFO - [2026-05-06T04:08:01.272+0000] {dagbag.py:545} INFO - Filling up the DagBag from /opt/airflow/dags/smart_city_traffic_batch_dag.py
[2026-05-06T04:08:09.557+0000] {processor.py:840} INFO - DAG(s) 'smart_city_traffic_batch_dag' retrieved from /opt/airflow/dags/smart_city_traffic_batch_dag.py
[2026-05-06T04:08:09.996+0000] {logging_mixin.py:188} INFO - [2026-05-06T04:08:09.994+0000] {dag.py:3089} INFO - Sync 1 DAGs
[2026-05-06T04:08:10.241+0000] {logging_mixin.py:188} INFO - [2026-05-06T04:08:10.240+0000] {dag.py:3947} INFO - Setting next_dagrun for smart_city_traffic_batch_dag to 2026-05-06 01:00:00+00:00, run_after=2026-05-07 01:00:00+00:00
[2026-05-06T04:08:10.355+0000] {processor.py:183} INFO - Processing /opt/airflow/dags/smart_city_traffic_batch_dag.py took 9.262 seconds
[2026-05-06T04:08:41.055+0000] {processor.py:161} INFO - Started process (PID=1264) to work on /opt/airflow/dags/smart_city_traffic_batch_dag.py
[2026-05-06T04:08:41.060+0000] {processor.py:830} INFO - Processing file /opt/airflow/dags/smart_city_traffic_batch_dag.py for tasks to queue
[2026-05-06T04:08:41.087+0000] {logging_mixin.py:188} INFO - [2026-05-06T04:08:41.084+0000] {dagbag.py:545} INFO - Filling up the DagBag from /opt/airflow/dags/smart_city_traffic_batch_dag.py
[2026-05-06T04:08:43.627+0000] {processor.py:840} INFO - DAG(s) 'smart_city_traffic_batch_dag' retrieved from /opt/airflow/dags/smart_city_traffic_batch_dag.py
[2026-05-06T04:08:43.790+0000] {logging_mixin.py:188} INFO - [2026-05-06T04:08:43.789+0000] {dag.py:3089} INFO - Sync 1 DAGs
[2026-05-06T04:08:43.838+0000] {logging_mixin.py:188} INFO - [2026-05-06T04:08:43.838+0000] {dag.py:3947} INFO - Setting next_dagrun for smart_city_traffic_batch_dag to 2026-05-06 01:00:00+00:00, run_after=2026-05-07 01:00:00+00:00
[2026-05-06T04:08:43.885+0000] {processor.py:183} INFO - Processing /opt/airflow/dags/smart_city_traffic_batch_dag.py took 2.901 seconds
[2026-05-06T04:09:14.693+0000] {processor.py:161} INFO - Started process (PID=1270) to work on /opt/airflow/dags/smart_city_traffic_batch_dag.py
[2026-05-06T04:09:14.702+0000] {processor.py:830} INFO - Processing file /opt/airflow/dags/smart_city_traffic_batch_dag.py for tasks to queue
[2026-05-06T04:09:14.728+0000] {logging_mixin.py:188} INFO - [2026-05-06T04:09:14.724+0000] {dagbag.py:545} INFO - Filling up the DagBag from /opt/airflow/dags/smart_city_traffic_batch_dag.py
[2026-05-06T04:09:17.917+0000] {processor.py:840} INFO - DAG(s) 'smart_city_traffic_batch_dag' retrieved from /opt/airflow/dags/smart_city_traffic_batch_dag.py
[2026-05-06T04:09:18.040+0000] {logging_mixin.py:188} INFO - [2026-05-06T04:09:18.039+0000] {dag.py:3089} INFO - Sync 1 DAGs
[2026-05-06T04:09:18.103+0000] {logging_mixin.py:188} INFO - [2026-05-06T04:09:18.101+0000] {dag.py:3947} INFO - Setting next_dagrun for smart_city_traffic_batch_dag to 2026-05-06 01:00:00+00:00, run_after=2026-05-07 01:00:00+00:00
[2026-05-06T04:09:18.160+0000] {processor.py:183} INFO - Processing /opt/airflow/dags/smart_city_traffic_batch_dag.py took 3.534 seconds
[2026-05-06T04:09:49.372+0000] {processor.py:161} INFO - Started process (PID=1276) to work on /opt/airflow/dags/smart_city_traffic_batch_dag.py
[2026-05-06T04:09:49.379+0000] {processor.py:830} INFO - Processing file /opt/airflow/dags/smart_city_traffic_batch_dag.py for tasks to queue
[2026-05-06T04:09:49.409+0000] {logging_mixin.py:188} INFO - [2026-05-06T04:09:49.404+0000] {dagbag.py:545} INFO - Filling up the DagBag from /opt/airflow/dags/smart_city_traffic_batch_dag.py
[2026-05-06T04:09:53.990+0000] {processor.py:840} INFO - DAG(s) 'smart_city_traffic_batch_dag' retrieved from /opt/airflow/dags/smart_city_traffic_batch_dag.py
[2026-05-06T04:09:54.206+0000] {logging_mixin.py:188} INFO - [2026-05-06T04:09:54.204+0000] {dag.py:3089} INFO - Sync 1 DAGs
[2026-05-06T04:09:54.279+0000] {logging_mixin.py:188} INFO - [2026-05-06T04:09:54.278+0000] {dag.py:3947} INFO - Setting next_dagrun for smart_city_traffic_batch_dag to 2026-05-06 01:00:00+00:00, run_after=2026-05-07 01:00:00+00:00
[2026-05-06T04:09:54.346+0000] {processor.py:183} INFO - Processing /opt/airflow/dags/smart_city_traffic_batch_dag.py took 5.082 seconds
[2026-05-06T04:10:25.531+0000] {processor.py:161} INFO - Started process (PID=1282) to work on /opt/airflow/dags/smart_city_traffic_batch_dag.py
[2026-05-06T04:10:25.537+0000] {processor.py:830} INFO - Processing file /opt/airflow/dags/smart_city_traffic_batch_dag.py for tasks to queue
[2026-05-06T04:10:25.584+0000] {logging_mixin.py:188} INFO - [2026-05-06T04:10:25.576+0000] {dagbag.py:545} INFO - Filling up the DagBag from /opt/airflow/dags/smart_city_traffic_batch_dag.py
[2026-05-06T04:10:33.008+0000] {processor.py:840} INFO - DAG(s) 'smart_city_traffic_batch_dag' retrieved from /opt/airflow/dags/smart_city_traffic_batch_dag.py
[2026-05-06T04:10:33.259+0000] {logging_mixin.py:188} INFO - [2026-05-06T04:10:33.258+0000] {dag.py:3089} INFO - Sync 1 DAGs
[2026-05-06T04:10:33.326+0000] {logging_mixin.py:188} INFO - [2026-05-06T04:10:33.325+0000] {dag.py:3947} INFO - Setting next_dagrun for smart_city_traffic_batch_dag to 2026-05-06 01:00:00+00:00, run_after=2026-05-07 01:00:00+00:00
[2026-05-06T04:10:33.387+0000] {processor.py:183} INFO - Processing /opt/airflow/dags/smart_city_traffic_batch_dag.py took 7.962 seconds
[2026-05-06T04:11:04.449+0000] {processor.py:161} INFO - Started process (PID=1288) to work on /opt/airflow/dags/smart_city_traffic_batch_dag.py
[2026-05-06T04:11:04.458+0000] {processor.py:830} INFO - Processing file /opt/airflow/dags/smart_city_traffic_batch_dag.py for tasks to queue
[2026-05-06T04:11:04.497+0000] {logging_mixin.py:188} INFO - [2026-05-06T04:11:04.489+0000] {dagbag.py:545} INFO - Filling up the DagBag from /opt/airflow/dags/smart_city_traffic_batch_dag.py
[2026-05-06T04:11:08.247+0000] {processor.py:840} INFO - DAG(s) 'smart_city_traffic_batch_dag' retrieved from /opt/airflow/dags/smart_city_traffic_batch_dag.py
[2026-05-06T04:11:08.412+0000] {logging_mixin.py:188} INFO - [2026-05-06T04:11:08.411+0000] {dag.py:3089} INFO - Sync 1 DAGs
[2026-05-06T04:11:08.501+0000] {logging_mixin.py:188} INFO - [2026-05-06T04:11:08.501+0000] {dag.py:3947} INFO - Setting next_dagrun for smart_city_traffic_batch_dag to 2026-05-06 01:00:00+00:00, run_after=2026-05-07 01:00:00+00:00
[2026-05-06T04:11:08.566+0000] {processor.py:183} INFO - Processing /opt/airflow/dags/smart_city_traffic_batch_dag.py took 4.220 seconds
[2026-05-06T04:11:39.255+0000] {processor.py:161} INFO - Started process (PID=1294) to work on /opt/airflow/dags/smart_city_traffic_batch_dag.py
[2026-05-06T04:11:39.259+0000] {processor.py:830} INFO - Processing file /opt/airflow/dags/smart_city_traffic_batch_dag.py for tasks to queue
[2026-05-06T04:11:39.276+0000] {logging_mixin.py:188} INFO - [2026-05-06T04:11:39.274+0000] {dagbag.py:545} INFO - Filling up the DagBag from /opt/airflow/dags/smart_city_traffic_batch_dag.py
[2026-05-06T04:11:42.285+0000] {processor.py:840} INFO - DAG(s) 'smart_city_traffic_batch_dag' retrieved from /opt/airflow/dags/smart_city_traffic_batch_dag.py
[2026-05-06T04:11:42.426+0000] {logging_mixin.py:188} INFO - [2026-05-06T04:11:42.425+0000] {dag.py:3089} INFO - Sync 1 DAGs
[2026-05-06T04:11:42.482+0000] {logging_mixin.py:188} INFO - [2026-05-06T04:11:42.481+0000] {dag.py:3947} INFO - Setting next_dagrun for smart_city_traffic_batch_dag to 2026-05-06 01:00:00+00:00, run_after=2026-05-07 01:00:00+00:00
[2026-05-06T04:11:42.538+0000] {processor.py:183} INFO - Processing /opt/airflow/dags/smart_city_traffic_batch_dag.py took 3.344 seconds
[2026-05-06T04:12:13.115+0000] {processor.py:161} INFO - Started process (PID=1300) to work on /opt/airflow/dags/smart_city_traffic_batch_dag.py
[2026-05-06T04:12:13.118+0000] {processor.py:830} INFO - Processing file /opt/airflow/dags/smart_city_traffic_batch_dag.py for tasks to queue
[2026-05-06T04:12:13.131+0000] {logging_mixin.py:188} INFO - [2026-05-06T04:12:13.127+0000] {dagbag.py:545} INFO - Filling up the DagBag from /opt/airflow/dags/smart_city_traffic_batch_dag.py
[2026-05-06T04:12:14.769+0000] {processor.py:840} INFO - DAG(s) 'smart_city_traffic_batch_dag' retrieved from /opt/airflow/dags/smart_city_traffic_batch_dag.py
[2026-05-06T04:12:14.850+0000] {logging_mixin.py:188} INFO - [2026-05-06T04:12:14.849+0000] {dag.py:3089} INFO - Sync 1 DAGs
[2026-05-06T04:12:14.905+0000] {logging_mixin.py:188} INFO - [2026-05-06T04:12:14.904+0000] {dag.py:3947} INFO - Setting next_dagrun for smart_city_traffic_batch_dag to 2026-05-06 01:00:00+00:00, run_after=2026-05-07 01:00:00+00:00
[2026-05-06T04:12:14.959+0000] {processor.py:183} INFO - Processing /opt/airflow/dags/smart_city_traffic_batch_dag.py took 1.891 seconds
[2026-05-06T04:12:45.531+0000] {processor.py:161} INFO - Started process (PID=1306) to work on /opt/airflow/dags/smart_city_traffic_batch_dag.py
[2026-05-06T04:12:45.541+0000] {processor.py:830} INFO - Processing file /opt/airflow/dags/smart_city_traffic_batch_dag.py for tasks to queue
[2026-05-06T04:12:45.557+0000] {logging_mixin.py:188} INFO - [2026-05-06T04:12:45.554+0000] {dagbag.py:545} INFO - Filling up the DagBag from /opt/airflow/dags/smart_city_traffic_batch_dag.py
[2026-05-06T04:12:47.690+0000] {processor.py:840} INFO - DAG(s) 'smart_city_traffic_batch_dag' retrieved from /opt/airflow/dags/smart_city_traffic_batch_dag.py
[2026-05-06T04:12:47.807+0000] {logging_mixin.py:188} INFO - [2026-05-06T04:12:47.806+0000] {dag.py:3089} INFO - Sync 1 DAGs
[2026-05-06T04:12:47.866+0000] {logging_mixin.py:188} INFO - [2026-05-06T04:12:47.865+0000] {dag.py:3947} INFO - Setting next_dagrun for smart_city_traffic_batch_dag to 2026-05-06 01:00:00+00:00, run_after=2026-05-07 01:00:00+00:00
[2026-05-06T04:12:47.909+0000] {processor.py:183} INFO - Processing /opt/airflow/dags/smart_city_traffic_batch_dag.py took 2.426 seconds
[2026-05-06T04:13:19.243+0000] {processor.py:161} INFO - Started process (PID=1312) to work on /opt/airflow/dags/smart_city_traffic_batch_dag.py
[2026-05-06T04:13:19.275+0000] {processor.py:830} INFO - Processing file /opt/airflow/dags/smart_city_traffic_batch_dag.py for tasks to queue
[2026-05-06T04:13:19.380+0000] {logging_mixin.py:188} INFO - [2026-05-06T04:13:19.357+0000] {dagbag.py:545} INFO - Filling up the DagBag from /opt/airflow/dags/smart_city_traffic_batch_dag.py
[2026-05-06T04:13:25.184+0000] {processor.py:840} INFO - DAG(s) 'smart_city_traffic_batch_dag' retrieved from /opt/airflow/dags/smart_city_traffic_batch_dag.py
[2026-05-06T04:13:25.351+0000] {logging_mixin.py:188} INFO - [2026-05-06T04:13:25.350+0000] {dag.py:3089} INFO - Sync 1 DAGs
[2026-05-06T04:13:25.421+0000] {logging_mixin.py:188} INFO - [2026-05-06T04:13:25.421+0000] {dag.py:3947} INFO - Setting next_dagrun for smart_city_traffic_batch_dag to 2026-05-06 01:00:00+00:00, run_after=2026-05-07 01:00:00+00:00
[2026-05-06T04:13:25.482+0000] {processor.py:183} INFO - Processing /opt/airflow/dags/smart_city_traffic_batch_dag.py took 6.503 seconds
[2026-05-06T04:13:56.174+0000] {processor.py:161} INFO - Started process (PID=1318) to work on /opt/airflow/dags/smart_city_traffic_batch_dag.py
[2026-05-06T04:13:56.180+0000] {processor.py:830} INFO - Processing file /opt/airflow/dags/smart_city_traffic_batch_dag.py for tasks to queue
[2026-05-06T04:13:56.214+0000] {logging_mixin.py:188} INFO - [2026-05-06T04:13:56.201+0000] {dagbag.py:545} INFO - Filling up the DagBag from /opt/airflow/dags/smart_city_traffic_batch_dag.py
[2026-05-06T04:13:59.889+0000] {processor.py:840} INFO - DAG(s) 'smart_city_traffic_batch_dag' retrieved from /opt/airflow/dags/smart_city_traffic_batch_dag.py
[2026-05-06T04:14:00.141+0000] {logging_mixin.py:188} INFO - [2026-05-06T04:14:00.140+0000] {dag.py:3089} INFO - Sync 1 DAGs
[2026-05-06T04:14:00.196+0000] {logging_mixin.py:188} INFO - [2026-05-06T04:14:00.196+0000] {dag.py:3947} INFO - Setting next_dagrun for smart_city_traffic_batch_dag to 2026-05-06 01:00:00+00:00, run_after=2026-05-07 01:00:00+00:00
[2026-05-06T04:14:00.276+0000] {processor.py:183} INFO - Processing /opt/airflow/dags/smart_city_traffic_batch_dag.py took 4.167 seconds
[2026-05-06T04:14:30.773+0000] {processor.py:161} INFO - Started process (PID=1324) to work on /opt/airflow/dags/smart_city_traffic_batch_dag.py
[2026-05-06T04:14:30.786+0000] {processor.py:830} INFO - Processing file /opt/airflow/dags/smart_city_traffic_batch_dag.py for tasks to queue
[2026-05-06T04:14:30.801+0000] {logging_mixin.py:188} INFO - [2026-05-06T04:14:30.799+0000] {dagbag.py:545} INFO - Filling up the DagBag from /opt/airflow/dags/smart_city_traffic_batch_dag.py
[2026-05-06T04:14:32.859+0000] {processor.py:840} INFO - DAG(s) 'smart_city_traffic_batch_dag' retrieved from /opt/airflow/dags/smart_city_traffic_batch_dag.py
[2026-05-06T04:14:33.038+0000] {logging_mixin.py:188} INFO - [2026-05-06T04:14:33.037+0000] {dag.py:3089} INFO - Sync 1 DAGs
[2026-05-06T04:14:33.175+0000] {logging_mixin.py:188} INFO - [2026-05-06T04:14:33.174+0000] {dag.py:3947} INFO - Setting next_dagrun for smart_city_traffic_batch_dag to 2026-05-06 01:00:00+00:00, run_after=2026-05-07 01:00:00+00:00
[2026-05-06T04:14:33.327+0000] {processor.py:183} INFO - Processing /opt/airflow/dags/smart_city_traffic_batch_dag.py took 2.596 seconds
[2026-05-06T04:15:04.656+0000] {processor.py:161} INFO - Started process (PID=1330) to work on /opt/airflow/dags/smart_city_traffic_batch_dag.py
[2026-05-06T04:15:04.664+0000] {processor.py:830} INFO - Processing file /opt/airflow/dags/smart_city_traffic_batch_dag.py for tasks to queue
[2026-05-06T04:15:04.703+0000] {logging_mixin.py:188} INFO - [2026-05-06T04:15:04.696+0000] {dagbag.py:545} INFO - Filling up the DagBag from /opt/airflow/dags/smart_city_traffic_batch_dag.py
[2026-05-06T04:15:09.635+0000] {processor.py:840} INFO - DAG(s) 'smart_city_traffic_batch_dag' retrieved from /opt/airflow/dags/smart_city_traffic_batch_dag.py
[2026-05-06T04:15:09.781+0000] {logging_mixin.py:188} INFO - [2026-05-06T04:15:09.780+0000] {dag.py:3089} INFO - Sync 1 DAGs
[2026-05-06T04:15:09.845+0000] {logging_mixin.py:188} INFO - [2026-05-06T04:15:09.844+0000] {dag.py:3947} INFO - Setting next_dagrun for smart_city_traffic_batch_dag to 2026-05-06 01:00:00+00:00, run_after=2026-05-07 01:00:00+00:00
[2026-05-06T04:15:09.901+0000] {processor.py:183} INFO - Processing /opt/airflow/dags/smart_city_traffic_batch_dag.py took 5.380 seconds
[2026-05-06T04:15:40.784+0000] {processor.py:161} INFO - Started process (PID=1336) to work on /opt/airflow/dags/smart_city_traffic_batch_dag.py
[2026-05-06T04:15:40.792+0000] {processor.py:830} INFO - Processing file /opt/airflow/dags/smart_city_traffic_batch_dag.py for tasks to queue
[2026-05-06T04:15:40.825+0000] {logging_mixin.py:188} INFO - [2026-05-06T04:15:40.819+0000] {dagbag.py:545} INFO - Filling up the DagBag from /opt/airflow/dags/smart_city_traffic_batch_dag.py
[2026-05-06T04:15:44.504+0000] {processor.py:840} INFO - DAG(s) 'smart_city_traffic_batch_dag' retrieved from /opt/airflow/dags/smart_city_traffic_batch_dag.py
[2026-05-06T04:15:44.686+0000] {logging_mixin.py:188} INFO - [2026-05-06T04:15:44.685+0000] {dag.py:3089} INFO - Sync 1 DAGs
[2026-05-06T04:15:44.744+0000] {logging_mixin.py:188} INFO - [2026-05-06T04:15:44.744+0000] {dag.py:3947} INFO - Setting next_dagrun for smart_city_traffic_batch_dag to 2026-05-06 01:00:00+00:00, run_after=2026-05-07 01:00:00+00:00
[2026-05-06T04:15:44.796+0000] {processor.py:183} INFO - Processing /opt/airflow/dags/smart_city_traffic_batch_dag.py took 4.101 seconds
