[2026-05-08T03:16:17.222+0000] {processor.py:161} INFO - Started process (PID=171) to work on /opt/airflow/dags/smart_city_traffic_batch_dag.py
[2026-05-08T03:16:17.224+0000] {processor.py:830} INFO - Processing file /opt/airflow/dags/smart_city_traffic_batch_dag.py for tasks to queue
[2026-05-08T03:16:17.229+0000] {logging_mixin.py:188} INFO - [2026-05-08T03:16:17.228+0000] {dagbag.py:545} INFO - Filling up the DagBag from /opt/airflow/dags/smart_city_traffic_batch_dag.py
[2026-05-08T03:16:18.408+0000] {processor.py:840} INFO - DAG(s) 'smart_city_traffic_batch_dag' retrieved from /opt/airflow/dags/smart_city_traffic_batch_dag.py
[2026-05-08T03:16:18.505+0000] {logging_mixin.py:188} INFO - [2026-05-08T03:16:18.505+0000] {dag.py:3089} INFO - Sync 1 DAGs
[2026-05-08T03:16:18.557+0000] {logging_mixin.py:188} INFO - [2026-05-08T03:16:18.556+0000] {dag.py:3947} INFO - Setting next_dagrun for smart_city_traffic_batch_dag to 2026-05-08 01:00:00+00:00, run_after=2026-05-09 01:00:00+00:00
[2026-05-08T03:16:18.594+0000] {processor.py:183} INFO - Processing /opt/airflow/dags/smart_city_traffic_batch_dag.py took 1.383 seconds
[2026-05-08T03:16:48.913+0000] {processor.py:161} INFO - Started process (PID=190) to work on /opt/airflow/dags/smart_city_traffic_batch_dag.py
[2026-05-08T03:16:48.915+0000] {processor.py:830} INFO - Processing file /opt/airflow/dags/smart_city_traffic_batch_dag.py for tasks to queue
[2026-05-08T03:16:48.921+0000] {logging_mixin.py:188} INFO - [2026-05-08T03:16:48.921+0000] {dagbag.py:545} INFO - Filling up the DagBag from /opt/airflow/dags/smart_city_traffic_batch_dag.py
[2026-05-08T03:16:49.482+0000] {processor.py:840} INFO - DAG(s) 'smart_city_traffic_batch_dag' retrieved from /opt/airflow/dags/smart_city_traffic_batch_dag.py
[2026-05-08T03:16:49.548+0000] {logging_mixin.py:188} INFO - [2026-05-08T03:16:49.547+0000] {dag.py:3089} INFO - Sync 1 DAGs
[2026-05-08T03:16:49.583+0000] {logging_mixin.py:188} INFO - [2026-05-08T03:16:49.583+0000] {dag.py:3947} INFO - Setting next_dagrun for smart_city_traffic_batch_dag to 2026-05-08 01:00:00+00:00, run_after=2026-05-09 01:00:00+00:00
[2026-05-08T03:16:49.613+0000] {processor.py:183} INFO - Processing /opt/airflow/dags/smart_city_traffic_batch_dag.py took 0.714 seconds
[2026-05-08T03:17:19.771+0000] {processor.py:161} INFO - Started process (PID=196) to work on /opt/airflow/dags/smart_city_traffic_batch_dag.py
[2026-05-08T03:17:19.773+0000] {processor.py:830} INFO - Processing file /opt/airflow/dags/smart_city_traffic_batch_dag.py for tasks to queue
[2026-05-08T03:17:19.777+0000] {logging_mixin.py:188} INFO - [2026-05-08T03:17:19.776+0000] {dagbag.py:545} INFO - Filling up the DagBag from /opt/airflow/dags/smart_city_traffic_batch_dag.py
[2026-05-08T03:17:20.418+0000] {processor.py:840} INFO - DAG(s) 'smart_city_traffic_batch_dag' retrieved from /opt/airflow/dags/smart_city_traffic_batch_dag.py
[2026-05-08T03:17:20.468+0000] {logging_mixin.py:188} INFO - [2026-05-08T03:17:20.467+0000] {dag.py:3089} INFO - Sync 1 DAGs
[2026-05-08T03:17:20.501+0000] {logging_mixin.py:188} INFO - [2026-05-08T03:17:20.501+0000] {dag.py:3947} INFO - Setting next_dagrun for smart_city_traffic_batch_dag to 2026-05-08 01:00:00+00:00, run_after=2026-05-09 01:00:00+00:00
[2026-05-08T03:17:20.528+0000] {processor.py:183} INFO - Processing /opt/airflow/dags/smart_city_traffic_batch_dag.py took 0.769 seconds
[2026-05-08T03:17:50.857+0000] {processor.py:161} INFO - Started process (PID=202) to work on /opt/airflow/dags/smart_city_traffic_batch_dag.py
[2026-05-08T03:17:50.860+0000] {processor.py:830} INFO - Processing file /opt/airflow/dags/smart_city_traffic_batch_dag.py for tasks to queue
[2026-05-08T03:17:50.863+0000] {logging_mixin.py:188} INFO - [2026-05-08T03:17:50.863+0000] {dagbag.py:545} INFO - Filling up the DagBag from /opt/airflow/dags/smart_city_traffic_batch_dag.py
[2026-05-08T03:17:51.369+0000] {processor.py:840} INFO - DAG(s) 'smart_city_traffic_batch_dag' retrieved from /opt/airflow/dags/smart_city_traffic_batch_dag.py
[2026-05-08T03:17:51.415+0000] {logging_mixin.py:188} INFO - [2026-05-08T03:17:51.414+0000] {dag.py:3089} INFO - Sync 1 DAGs
[2026-05-08T03:17:51.448+0000] {logging_mixin.py:188} INFO - [2026-05-08T03:17:51.448+0000] {dag.py:3947} INFO - Setting next_dagrun for smart_city_traffic_batch_dag to 2026-05-08 01:00:00+00:00, run_after=2026-05-09 01:00:00+00:00
[2026-05-08T03:17:51.732+0000] {processor.py:183} INFO - Processing /opt/airflow/dags/smart_city_traffic_batch_dag.py took 0.894 seconds
[2026-05-08T03:18:22.103+0000] {processor.py:161} INFO - Started process (PID=208) to work on /opt/airflow/dags/smart_city_traffic_batch_dag.py
[2026-05-08T03:18:22.114+0000] {processor.py:830} INFO - Processing file /opt/airflow/dags/smart_city_traffic_batch_dag.py for tasks to queue
[2026-05-08T03:18:22.119+0000] {logging_mixin.py:188} INFO - [2026-05-08T03:18:22.119+0000] {dagbag.py:545} INFO - Filling up the DagBag from /opt/airflow/dags/smart_city_traffic_batch_dag.py
[2026-05-08T03:18:22.919+0000] {processor.py:840} INFO - DAG(s) 'smart_city_traffic_batch_dag' retrieved from /opt/airflow/dags/smart_city_traffic_batch_dag.py
[2026-05-08T03:18:22.997+0000] {logging_mixin.py:188} INFO - [2026-05-08T03:18:22.996+0000] {dag.py:3089} INFO - Sync 1 DAGs
[2026-05-08T03:18:23.337+0000] {logging_mixin.py:188} INFO - [2026-05-08T03:18:23.336+0000] {dag.py:3947} INFO - Setting next_dagrun for smart_city_traffic_batch_dag to 2026-05-08 01:00:00+00:00, run_after=2026-05-09 01:00:00+00:00
[2026-05-08T03:18:23.378+0000] {processor.py:183} INFO - Processing /opt/airflow/dags/smart_city_traffic_batch_dag.py took 1.294 seconds
[2026-05-08T03:18:53.726+0000] {processor.py:161} INFO - Started process (PID=214) to work on /opt/airflow/dags/smart_city_traffic_batch_dag.py
[2026-05-08T03:18:53.729+0000] {processor.py:830} INFO - Processing file /opt/airflow/dags/smart_city_traffic_batch_dag.py for tasks to queue
[2026-05-08T03:18:53.733+0000] {logging_mixin.py:188} INFO - [2026-05-08T03:18:53.733+0000] {dagbag.py:545} INFO - Filling up the DagBag from /opt/airflow/dags/smart_city_traffic_batch_dag.py
[2026-05-08T03:18:54.330+0000] {processor.py:840} INFO - DAG(s) 'smart_city_traffic_batch_dag' retrieved from /opt/airflow/dags/smart_city_traffic_batch_dag.py
[2026-05-08T03:18:54.385+0000] {logging_mixin.py:188} INFO - [2026-05-08T03:18:54.385+0000] {dag.py:3089} INFO - Sync 1 DAGs
[2026-05-08T03:18:54.418+0000] {logging_mixin.py:188} INFO - [2026-05-08T03:18:54.417+0000] {dag.py:3947} INFO - Setting next_dagrun for smart_city_traffic_batch_dag to 2026-05-08 01:00:00+00:00, run_after=2026-05-09 01:00:00+00:00
[2026-05-08T03:18:54.447+0000] {processor.py:183} INFO - Processing /opt/airflow/dags/smart_city_traffic_batch_dag.py took 0.732 seconds
[2026-05-08T03:19:24.758+0000] {processor.py:161} INFO - Started process (PID=220) to work on /opt/airflow/dags/smart_city_traffic_batch_dag.py
[2026-05-08T03:19:24.760+0000] {processor.py:830} INFO - Processing file /opt/airflow/dags/smart_city_traffic_batch_dag.py for tasks to queue
[2026-05-08T03:19:24.764+0000] {logging_mixin.py:188} INFO - [2026-05-08T03:19:24.763+0000] {dagbag.py:545} INFO - Filling up the DagBag from /opt/airflow/dags/smart_city_traffic_batch_dag.py
[2026-05-08T03:19:25.319+0000] {processor.py:840} INFO - DAG(s) 'smart_city_traffic_batch_dag' retrieved from /opt/airflow/dags/smart_city_traffic_batch_dag.py
[2026-05-08T03:19:25.383+0000] {logging_mixin.py:188} INFO - [2026-05-08T03:19:25.382+0000] {dag.py:3089} INFO - Sync 1 DAGs
[2026-05-08T03:19:25.432+0000] {logging_mixin.py:188} INFO - [2026-05-08T03:19:25.431+0000] {dag.py:3947} INFO - Setting next_dagrun for smart_city_traffic_batch_dag to 2026-05-08 01:00:00+00:00, run_after=2026-05-09 01:00:00+00:00
[2026-05-08T03:19:25.469+0000] {processor.py:183} INFO - Processing /opt/airflow/dags/smart_city_traffic_batch_dag.py took 0.724 seconds
[2026-05-08T03:19:55.805+0000] {processor.py:161} INFO - Started process (PID=226) to work on /opt/airflow/dags/smart_city_traffic_batch_dag.py
[2026-05-08T03:19:55.807+0000] {processor.py:830} INFO - Processing file /opt/airflow/dags/smart_city_traffic_batch_dag.py for tasks to queue
[2026-05-08T03:19:55.813+0000] {logging_mixin.py:188} INFO - [2026-05-08T03:19:55.812+0000] {dagbag.py:545} INFO - Filling up the DagBag from /opt/airflow/dags/smart_city_traffic_batch_dag.py
[2026-05-08T03:19:56.357+0000] {processor.py:840} INFO - DAG(s) 'smart_city_traffic_batch_dag' retrieved from /opt/airflow/dags/smart_city_traffic_batch_dag.py
[2026-05-08T03:19:56.409+0000] {logging_mixin.py:188} INFO - [2026-05-08T03:19:56.408+0000] {dag.py:3089} INFO - Sync 1 DAGs
[2026-05-08T03:19:56.442+0000] {logging_mixin.py:188} INFO - [2026-05-08T03:19:56.441+0000] {dag.py:3947} INFO - Setting next_dagrun for smart_city_traffic_batch_dag to 2026-05-08 01:00:00+00:00, run_after=2026-05-09 01:00:00+00:00
[2026-05-08T03:19:56.727+0000] {processor.py:183} INFO - Processing /opt/airflow/dags/smart_city_traffic_batch_dag.py took 0.940 seconds
[2026-05-08T03:20:27.189+0000] {processor.py:161} INFO - Started process (PID=232) to work on /opt/airflow/dags/smart_city_traffic_batch_dag.py
[2026-05-08T03:20:27.192+0000] {processor.py:830} INFO - Processing file /opt/airflow/dags/smart_city_traffic_batch_dag.py for tasks to queue
[2026-05-08T03:20:27.196+0000] {logging_mixin.py:188} INFO - [2026-05-08T03:20:27.196+0000] {dagbag.py:545} INFO - Filling up the DagBag from /opt/airflow/dags/smart_city_traffic_batch_dag.py
[2026-05-08T03:20:27.704+0000] {processor.py:840} INFO - DAG(s) 'smart_city_traffic_batch_dag' retrieved from /opt/airflow/dags/smart_city_traffic_batch_dag.py
[2026-05-08T03:20:27.759+0000] {logging_mixin.py:188} INFO - [2026-05-08T03:20:27.759+0000] {dag.py:3089} INFO - Sync 1 DAGs
[2026-05-08T03:20:28.131+0000] {logging_mixin.py:188} INFO - [2026-05-08T03:20:28.131+0000] {dag.py:3947} INFO - Setting next_dagrun for smart_city_traffic_batch_dag to 2026-05-08 01:00:00+00:00, run_after=2026-05-09 01:00:00+00:00
[2026-05-08T03:20:28.169+0000] {processor.py:183} INFO - Processing /opt/airflow/dags/smart_city_traffic_batch_dag.py took 0.992 seconds
[2026-05-08T03:20:58.521+0000] {processor.py:161} INFO - Started process (PID=238) to work on /opt/airflow/dags/smart_city_traffic_batch_dag.py
[2026-05-08T03:20:58.524+0000] {processor.py:830} INFO - Processing file /opt/airflow/dags/smart_city_traffic_batch_dag.py for tasks to queue
[2026-05-08T03:20:58.528+0000] {logging_mixin.py:188} INFO - [2026-05-08T03:20:58.527+0000] {dagbag.py:545} INFO - Filling up the DagBag from /opt/airflow/dags/smart_city_traffic_batch_dag.py
[2026-05-08T03:20:59.088+0000] {processor.py:840} INFO - DAG(s) 'smart_city_traffic_batch_dag' retrieved from /opt/airflow/dags/smart_city_traffic_batch_dag.py
[2026-05-08T03:20:59.149+0000] {logging_mixin.py:188} INFO - [2026-05-08T03:20:59.148+0000] {dag.py:3089} INFO - Sync 1 DAGs
[2026-05-08T03:20:59.191+0000] {logging_mixin.py:188} INFO - [2026-05-08T03:20:59.191+0000] {dag.py:3947} INFO - Setting next_dagrun for smart_city_traffic_batch_dag to 2026-05-08 01:00:00+00:00, run_after=2026-05-09 01:00:00+00:00
[2026-05-08T03:20:59.233+0000] {processor.py:183} INFO - Processing /opt/airflow/dags/smart_city_traffic_batch_dag.py took 0.723 seconds
[2026-05-08T03:21:29.628+0000] {processor.py:161} INFO - Started process (PID=250) to work on /opt/airflow/dags/smart_city_traffic_batch_dag.py
[2026-05-08T03:21:29.630+0000] {processor.py:830} INFO - Processing file /opt/airflow/dags/smart_city_traffic_batch_dag.py for tasks to queue
[2026-05-08T03:21:29.633+0000] {logging_mixin.py:188} INFO - [2026-05-08T03:21:29.632+0000] {dagbag.py:545} INFO - Filling up the DagBag from /opt/airflow/dags/smart_city_traffic_batch_dag.py
[2026-05-08T03:21:30.137+0000] {processor.py:840} INFO - DAG(s) 'smart_city_traffic_batch_dag' retrieved from /opt/airflow/dags/smart_city_traffic_batch_dag.py
[2026-05-08T03:21:30.214+0000] {logging_mixin.py:188} INFO - [2026-05-08T03:21:30.213+0000] {dag.py:3089} INFO - Sync 1 DAGs
[2026-05-08T03:21:30.256+0000] {logging_mixin.py:188} INFO - [2026-05-08T03:21:30.255+0000] {dag.py:3947} INFO - Setting next_dagrun for smart_city_traffic_batch_dag to 2026-05-08 01:00:00+00:00, run_after=2026-05-09 01:00:00+00:00
[2026-05-08T03:21:30.302+0000] {processor.py:183} INFO - Processing /opt/airflow/dags/smart_city_traffic_batch_dag.py took 0.687 seconds
[2026-05-08T03:22:00.622+0000] {processor.py:161} INFO - Started process (PID=256) to work on /opt/airflow/dags/smart_city_traffic_batch_dag.py
[2026-05-08T03:22:00.624+0000] {processor.py:830} INFO - Processing file /opt/airflow/dags/smart_city_traffic_batch_dag.py for tasks to queue
[2026-05-08T03:22:00.627+0000] {logging_mixin.py:188} INFO - [2026-05-08T03:22:00.627+0000] {dagbag.py:545} INFO - Filling up the DagBag from /opt/airflow/dags/smart_city_traffic_batch_dag.py
[2026-05-08T03:22:01.104+0000] {processor.py:840} INFO - DAG(s) 'smart_city_traffic_batch_dag' retrieved from /opt/airflow/dags/smart_city_traffic_batch_dag.py
[2026-05-08T03:22:01.154+0000] {logging_mixin.py:188} INFO - [2026-05-08T03:22:01.154+0000] {dag.py:3089} INFO - Sync 1 DAGs
[2026-05-08T03:22:01.191+0000] {logging_mixin.py:188} INFO - [2026-05-08T03:22:01.191+0000] {dag.py:3947} INFO - Setting next_dagrun for smart_city_traffic_batch_dag to 2026-05-08 01:00:00+00:00, run_after=2026-05-09 01:00:00+00:00
[2026-05-08T03:22:01.219+0000] {processor.py:183} INFO - Processing /opt/airflow/dags/smart_city_traffic_batch_dag.py took 0.608 seconds
[2026-05-08T03:22:31.520+0000] {processor.py:161} INFO - Started process (PID=262) to work on /opt/airflow/dags/smart_city_traffic_batch_dag.py
[2026-05-08T03:22:31.522+0000] {processor.py:830} INFO - Processing file /opt/airflow/dags/smart_city_traffic_batch_dag.py for tasks to queue
[2026-05-08T03:22:31.525+0000] {logging_mixin.py:188} INFO - [2026-05-08T03:22:31.524+0000] {dagbag.py:545} INFO - Filling up the DagBag from /opt/airflow/dags/smart_city_traffic_batch_dag.py
[2026-05-08T03:22:32.016+0000] {processor.py:840} INFO - DAG(s) 'smart_city_traffic_batch_dag' retrieved from /opt/airflow/dags/smart_city_traffic_batch_dag.py
[2026-05-08T03:22:32.099+0000] {logging_mixin.py:188} INFO - [2026-05-08T03:22:32.098+0000] {dag.py:3089} INFO - Sync 1 DAGs
[2026-05-08T03:22:32.172+0000] {logging_mixin.py:188} INFO - [2026-05-08T03:22:32.172+0000] {dag.py:3947} INFO - Setting next_dagrun for smart_city_traffic_batch_dag to 2026-05-08 01:00:00+00:00, run_after=2026-05-09 01:00:00+00:00
[2026-05-08T03:22:32.596+0000] {processor.py:183} INFO - Processing /opt/airflow/dags/smart_city_traffic_batch_dag.py took 1.085 seconds
[2026-05-08T03:23:02.764+0000] {processor.py:161} INFO - Started process (PID=268) to work on /opt/airflow/dags/smart_city_traffic_batch_dag.py
[2026-05-08T03:23:02.766+0000] {processor.py:830} INFO - Processing file /opt/airflow/dags/smart_city_traffic_batch_dag.py for tasks to queue
[2026-05-08T03:23:02.770+0000] {logging_mixin.py:188} INFO - [2026-05-08T03:23:02.769+0000] {dagbag.py:545} INFO - Filling up the DagBag from /opt/airflow/dags/smart_city_traffic_batch_dag.py
[2026-05-08T03:23:03.248+0000] {processor.py:840} INFO - DAG(s) 'smart_city_traffic_batch_dag' retrieved from /opt/airflow/dags/smart_city_traffic_batch_dag.py
[2026-05-08T03:23:03.306+0000] {logging_mixin.py:188} INFO - [2026-05-08T03:23:03.305+0000] {dag.py:3089} INFO - Sync 1 DAGs
[2026-05-08T03:23:03.654+0000] {logging_mixin.py:188} INFO - [2026-05-08T03:23:03.653+0000] {dag.py:3947} INFO - Setting next_dagrun for smart_city_traffic_batch_dag to 2026-05-08 01:00:00+00:00, run_after=2026-05-09 01:00:00+00:00
[2026-05-08T03:23:03.682+0000] {processor.py:183} INFO - Processing /opt/airflow/dags/smart_city_traffic_batch_dag.py took 0.929 seconds
[2026-05-08T03:23:34.006+0000] {processor.py:161} INFO - Started process (PID=274) to work on /opt/airflow/dags/smart_city_traffic_batch_dag.py
[2026-05-08T03:23:34.007+0000] {processor.py:830} INFO - Processing file /opt/airflow/dags/smart_city_traffic_batch_dag.py for tasks to queue
[2026-05-08T03:23:34.011+0000] {logging_mixin.py:188} INFO - [2026-05-08T03:23:34.010+0000] {dagbag.py:545} INFO - Filling up the DagBag from /opt/airflow/dags/smart_city_traffic_batch_dag.py
[2026-05-08T03:23:34.543+0000] {processor.py:840} INFO - DAG(s) 'smart_city_traffic_batch_dag' retrieved from /opt/airflow/dags/smart_city_traffic_batch_dag.py
[2026-05-08T03:23:34.593+0000] {logging_mixin.py:188} INFO - [2026-05-08T03:23:34.593+0000] {dag.py:3089} INFO - Sync 1 DAGs
[2026-05-08T03:23:34.625+0000] {logging_mixin.py:188} INFO - [2026-05-08T03:23:34.625+0000] {dag.py:3947} INFO - Setting next_dagrun for smart_city_traffic_batch_dag to 2026-05-08 01:00:00+00:00, run_after=2026-05-09 01:00:00+00:00
[2026-05-08T03:23:34.655+0000] {processor.py:183} INFO - Processing /opt/airflow/dags/smart_city_traffic_batch_dag.py took 0.659 seconds
[2026-05-08T03:24:04.966+0000] {processor.py:161} INFO - Started process (PID=280) to work on /opt/airflow/dags/smart_city_traffic_batch_dag.py
[2026-05-08T03:24:04.968+0000] {processor.py:830} INFO - Processing file /opt/airflow/dags/smart_city_traffic_batch_dag.py for tasks to queue
[2026-05-08T03:24:04.971+0000] {logging_mixin.py:188} INFO - [2026-05-08T03:24:04.971+0000] {dagbag.py:545} INFO - Filling up the DagBag from /opt/airflow/dags/smart_city_traffic_batch_dag.py
[2026-05-08T03:24:05.477+0000] {processor.py:840} INFO - DAG(s) 'smart_city_traffic_batch_dag' retrieved from /opt/airflow/dags/smart_city_traffic_batch_dag.py
[2026-05-08T03:24:05.527+0000] {logging_mixin.py:188} INFO - [2026-05-08T03:24:05.527+0000] {dag.py:3089} INFO - Sync 1 DAGs
[2026-05-08T03:24:05.562+0000] {logging_mixin.py:188} INFO - [2026-05-08T03:24:05.562+0000] {dag.py:3947} INFO - Setting next_dagrun for smart_city_traffic_batch_dag to 2026-05-08 01:00:00+00:00, run_after=2026-05-09 01:00:00+00:00
[2026-05-08T03:24:05.603+0000] {processor.py:183} INFO - Processing /opt/airflow/dags/smart_city_traffic_batch_dag.py took 0.648 seconds
[2026-05-08T03:24:35.893+0000] {processor.py:161} INFO - Started process (PID=286) to work on /opt/airflow/dags/smart_city_traffic_batch_dag.py
[2026-05-08T03:24:35.895+0000] {processor.py:830} INFO - Processing file /opt/airflow/dags/smart_city_traffic_batch_dag.py for tasks to queue
[2026-05-08T03:24:35.899+0000] {logging_mixin.py:188} INFO - [2026-05-08T03:24:35.898+0000] {dagbag.py:545} INFO - Filling up the DagBag from /opt/airflow/dags/smart_city_traffic_batch_dag.py
[2026-05-08T03:24:36.384+0000] {processor.py:840} INFO - DAG(s) 'smart_city_traffic_batch_dag' retrieved from /opt/airflow/dags/smart_city_traffic_batch_dag.py
[2026-05-08T03:24:36.435+0000] {logging_mixin.py:188} INFO - [2026-05-08T03:24:36.435+0000] {dag.py:3089} INFO - Sync 1 DAGs
[2026-05-08T03:24:36.468+0000] {logging_mixin.py:188} INFO - [2026-05-08T03:24:36.468+0000] {dag.py:3947} INFO - Setting next_dagrun for smart_city_traffic_batch_dag to 2026-05-08 01:00:00+00:00, run_after=2026-05-09 01:00:00+00:00
[2026-05-08T03:24:36.499+0000] {processor.py:183} INFO - Processing /opt/airflow/dags/smart_city_traffic_batch_dag.py took 0.615 seconds
[2026-05-08T03:25:06.689+0000] {processor.py:161} INFO - Started process (PID=292) to work on /opt/airflow/dags/smart_city_traffic_batch_dag.py
[2026-05-08T03:25:06.691+0000] {processor.py:830} INFO - Processing file /opt/airflow/dags/smart_city_traffic_batch_dag.py for tasks to queue
[2026-05-08T03:25:06.694+0000] {logging_mixin.py:188} INFO - [2026-05-08T03:25:06.694+0000] {dagbag.py:545} INFO - Filling up the DagBag from /opt/airflow/dags/smart_city_traffic_batch_dag.py
[2026-05-08T03:25:07.234+0000] {processor.py:840} INFO - DAG(s) 'smart_city_traffic_batch_dag' retrieved from /opt/airflow/dags/smart_city_traffic_batch_dag.py
[2026-05-08T03:25:07.292+0000] {logging_mixin.py:188} INFO - [2026-05-08T03:25:07.291+0000] {dag.py:3089} INFO - Sync 1 DAGs
[2026-05-08T03:25:07.593+0000] {logging_mixin.py:188} INFO - [2026-05-08T03:25:07.593+0000] {dag.py:3947} INFO - Setting next_dagrun for smart_city_traffic_batch_dag to 2026-05-08 01:00:00+00:00, run_after=2026-05-09 01:00:00+00:00
[2026-05-08T03:25:07.619+0000] {processor.py:183} INFO - Processing /opt/airflow/dags/smart_city_traffic_batch_dag.py took 0.942 seconds
[2026-05-08T03:25:37.950+0000] {processor.py:161} INFO - Started process (PID=298) to work on /opt/airflow/dags/smart_city_traffic_batch_dag.py
[2026-05-08T03:25:37.952+0000] {processor.py:830} INFO - Processing file /opt/airflow/dags/smart_city_traffic_batch_dag.py for tasks to queue
[2026-05-08T03:25:37.956+0000] {logging_mixin.py:188} INFO - [2026-05-08T03:25:37.955+0000] {dagbag.py:545} INFO - Filling up the DagBag from /opt/airflow/dags/smart_city_traffic_batch_dag.py
[2026-05-08T03:25:38.484+0000] {processor.py:840} INFO - DAG(s) 'smart_city_traffic_batch_dag' retrieved from /opt/airflow/dags/smart_city_traffic_batch_dag.py
[2026-05-08T03:25:38.539+0000] {logging_mixin.py:188} INFO - [2026-05-08T03:25:38.539+0000] {dag.py:3089} INFO - Sync 1 DAGs
[2026-05-08T03:25:38.830+0000] {logging_mixin.py:188} INFO - [2026-05-08T03:25:38.829+0000] {dag.py:3947} INFO - Setting next_dagrun for smart_city_traffic_batch_dag to 2026-05-08 01:00:00+00:00, run_after=2026-05-09 01:00:00+00:00
[2026-05-08T03:25:38.864+0000] {processor.py:183} INFO - Processing /opt/airflow/dags/smart_city_traffic_batch_dag.py took 0.925 seconds
[2026-05-08T03:26:09.228+0000] {processor.py:161} INFO - Started process (PID=304) to work on /opt/airflow/dags/smart_city_traffic_batch_dag.py
[2026-05-08T03:26:09.230+0000] {processor.py:830} INFO - Processing file /opt/airflow/dags/smart_city_traffic_batch_dag.py for tasks to queue
[2026-05-08T03:26:09.234+0000] {logging_mixin.py:188} INFO - [2026-05-08T03:26:09.234+0000] {dagbag.py:545} INFO - Filling up the DagBag from /opt/airflow/dags/smart_city_traffic_batch_dag.py
[2026-05-08T03:26:09.881+0000] {processor.py:840} INFO - DAG(s) 'smart_city_traffic_batch_dag' retrieved from /opt/airflow/dags/smart_city_traffic_batch_dag.py
[2026-05-08T03:26:09.936+0000] {logging_mixin.py:188} INFO - [2026-05-08T03:26:09.935+0000] {dag.py:3089} INFO - Sync 1 DAGs
[2026-05-08T03:26:09.980+0000] {logging_mixin.py:188} INFO - [2026-05-08T03:26:09.980+0000] {dag.py:3947} INFO - Setting next_dagrun for smart_city_traffic_batch_dag to 2026-05-08 01:00:00+00:00, run_after=2026-05-09 01:00:00+00:00
[2026-05-08T03:26:10.053+0000] {processor.py:183} INFO - Processing /opt/airflow/dags/smart_city_traffic_batch_dag.py took 0.839 seconds
[2026-05-08T03:26:40.443+0000] {processor.py:161} INFO - Started process (PID=310) to work on /opt/airflow/dags/smart_city_traffic_batch_dag.py
[2026-05-08T03:26:40.445+0000] {processor.py:830} INFO - Processing file /opt/airflow/dags/smart_city_traffic_batch_dag.py for tasks to queue
[2026-05-08T03:26:40.449+0000] {logging_mixin.py:188} INFO - [2026-05-08T03:26:40.449+0000] {dagbag.py:545} INFO - Filling up the DagBag from /opt/airflow/dags/smart_city_traffic_batch_dag.py
[2026-05-08T03:26:40.952+0000] {processor.py:840} INFO - DAG(s) 'smart_city_traffic_batch_dag' retrieved from /opt/airflow/dags/smart_city_traffic_batch_dag.py
[2026-05-08T03:26:41.012+0000] {logging_mixin.py:188} INFO - [2026-05-08T03:26:41.012+0000] {dag.py:3089} INFO - Sync 1 DAGs
[2026-05-08T03:26:41.048+0000] {logging_mixin.py:188} INFO - [2026-05-08T03:26:41.047+0000] {dag.py:3947} INFO - Setting next_dagrun for smart_city_traffic_batch_dag to 2026-05-08 01:00:00+00:00, run_after=2026-05-09 01:00:00+00:00
[2026-05-08T03:26:41.086+0000] {processor.py:183} INFO - Processing /opt/airflow/dags/smart_city_traffic_batch_dag.py took 0.654 seconds
[2026-05-08T03:27:11.390+0000] {processor.py:161} INFO - Started process (PID=316) to work on /opt/airflow/dags/smart_city_traffic_batch_dag.py
[2026-05-08T03:27:11.392+0000] {processor.py:830} INFO - Processing file /opt/airflow/dags/smart_city_traffic_batch_dag.py for tasks to queue
[2026-05-08T03:27:11.396+0000] {logging_mixin.py:188} INFO - [2026-05-08T03:27:11.395+0000] {dagbag.py:545} INFO - Filling up the DagBag from /opt/airflow/dags/smart_city_traffic_batch_dag.py
[2026-05-08T03:27:11.925+0000] {processor.py:840} INFO - DAG(s) 'smart_city_traffic_batch_dag' retrieved from /opt/airflow/dags/smart_city_traffic_batch_dag.py
[2026-05-08T03:27:11.979+0000] {logging_mixin.py:188} INFO - [2026-05-08T03:27:11.978+0000] {dag.py:3089} INFO - Sync 1 DAGs
[2026-05-08T03:27:12.376+0000] {logging_mixin.py:188} INFO - [2026-05-08T03:27:12.375+0000] {dag.py:3947} INFO - Setting next_dagrun for smart_city_traffic_batch_dag to 2026-05-08 01:00:00+00:00, run_after=2026-05-09 01:00:00+00:00
[2026-05-08T03:27:12.406+0000] {processor.py:183} INFO - Processing /opt/airflow/dags/smart_city_traffic_batch_dag.py took 1.025 seconds
[2026-05-08T03:27:43.115+0000] {processor.py:161} INFO - Started process (PID=322) to work on /opt/airflow/dags/smart_city_traffic_batch_dag.py
[2026-05-08T03:27:43.118+0000] {processor.py:830} INFO - Processing file /opt/airflow/dags/smart_city_traffic_batch_dag.py for tasks to queue
[2026-05-08T03:27:43.122+0000] {logging_mixin.py:188} INFO - [2026-05-08T03:27:43.121+0000] {dagbag.py:545} INFO - Filling up the DagBag from /opt/airflow/dags/smart_city_traffic_batch_dag.py
[2026-05-08T03:27:43.669+0000] {processor.py:840} INFO - DAG(s) 'smart_city_traffic_batch_dag' retrieved from /opt/airflow/dags/smart_city_traffic_batch_dag.py
[2026-05-08T03:27:43.739+0000] {logging_mixin.py:188} INFO - [2026-05-08T03:27:43.738+0000] {dag.py:3089} INFO - Sync 1 DAGs
[2026-05-08T03:27:44.119+0000] {logging_mixin.py:188} INFO - [2026-05-08T03:27:44.119+0000] {dag.py:3947} INFO - Setting next_dagrun for smart_city_traffic_batch_dag to 2026-05-08 01:00:00+00:00, run_after=2026-05-09 01:00:00+00:00
[2026-05-08T03:27:44.146+0000] {processor.py:183} INFO - Processing /opt/airflow/dags/smart_city_traffic_batch_dag.py took 1.044 seconds
[2026-05-08T03:28:14.467+0000] {processor.py:161} INFO - Started process (PID=328) to work on /opt/airflow/dags/smart_city_traffic_batch_dag.py
[2026-05-08T03:28:14.469+0000] {processor.py:830} INFO - Processing file /opt/airflow/dags/smart_city_traffic_batch_dag.py for tasks to queue
[2026-05-08T03:28:14.475+0000] {logging_mixin.py:188} INFO - [2026-05-08T03:28:14.474+0000] {dagbag.py:545} INFO - Filling up the DagBag from /opt/airflow/dags/smart_city_traffic_batch_dag.py
[2026-05-08T03:28:15.244+0000] {processor.py:840} INFO - DAG(s) 'smart_city_traffic_batch_dag' retrieved from /opt/airflow/dags/smart_city_traffic_batch_dag.py
[2026-05-08T03:28:15.296+0000] {logging_mixin.py:188} INFO - [2026-05-08T03:28:15.296+0000] {dag.py:3089} INFO - Sync 1 DAGs
[2026-05-08T03:28:15.334+0000] {logging_mixin.py:188} INFO - [2026-05-08T03:28:15.334+0000] {dag.py:3947} INFO - Setting next_dagrun for smart_city_traffic_batch_dag to 2026-05-08 01:00:00+00:00, run_after=2026-05-09 01:00:00+00:00
[2026-05-08T03:28:15.362+0000] {processor.py:183} INFO - Processing /opt/airflow/dags/smart_city_traffic_batch_dag.py took 0.906 seconds
[2026-05-08T03:28:45.730+0000] {processor.py:161} INFO - Started process (PID=334) to work on /opt/airflow/dags/smart_city_traffic_batch_dag.py
[2026-05-08T03:28:45.733+0000] {processor.py:830} INFO - Processing file /opt/airflow/dags/smart_city_traffic_batch_dag.py for tasks to queue
[2026-05-08T03:28:45.738+0000] {logging_mixin.py:188} INFO - [2026-05-08T03:28:45.737+0000] {dagbag.py:545} INFO - Filling up the DagBag from /opt/airflow/dags/smart_city_traffic_batch_dag.py
[2026-05-08T03:28:46.311+0000] {processor.py:840} INFO - DAG(s) 'smart_city_traffic_batch_dag' retrieved from /opt/airflow/dags/smart_city_traffic_batch_dag.py
[2026-05-08T03:28:46.385+0000] {logging_mixin.py:188} INFO - [2026-05-08T03:28:46.384+0000] {dag.py:3089} INFO - Sync 1 DAGs
[2026-05-08T03:28:46.443+0000] {logging_mixin.py:188} INFO - [2026-05-08T03:28:46.442+0000] {dag.py:3947} INFO - Setting next_dagrun for smart_city_traffic_batch_dag to 2026-05-08 01:00:00+00:00, run_after=2026-05-09 01:00:00+00:00
[2026-05-08T03:28:46.481+0000] {processor.py:183} INFO - Processing /opt/airflow/dags/smart_city_traffic_batch_dag.py took 0.761 seconds
[2026-05-08T03:29:16.784+0000] {processor.py:161} INFO - Started process (PID=340) to work on /opt/airflow/dags/smart_city_traffic_batch_dag.py
[2026-05-08T03:29:16.787+0000] {processor.py:830} INFO - Processing file /opt/airflow/dags/smart_city_traffic_batch_dag.py for tasks to queue
[2026-05-08T03:29:16.791+0000] {logging_mixin.py:188} INFO - [2026-05-08T03:29:16.791+0000] {dagbag.py:545} INFO - Filling up the DagBag from /opt/airflow/dags/smart_city_traffic_batch_dag.py
[2026-05-08T03:29:17.352+0000] {processor.py:840} INFO - DAG(s) 'smart_city_traffic_batch_dag' retrieved from /opt/airflow/dags/smart_city_traffic_batch_dag.py
[2026-05-08T03:29:17.405+0000] {logging_mixin.py:188} INFO - [2026-05-08T03:29:17.405+0000] {dag.py:3089} INFO - Sync 1 DAGs
[2026-05-08T03:29:17.442+0000] {logging_mixin.py:188} INFO - [2026-05-08T03:29:17.442+0000] {dag.py:3947} INFO - Setting next_dagrun for smart_city_traffic_batch_dag to 2026-05-08 01:00:00+00:00, run_after=2026-05-09 01:00:00+00:00
[2026-05-08T03:29:17.765+0000] {processor.py:183} INFO - Processing /opt/airflow/dags/smart_city_traffic_batch_dag.py took 0.995 seconds
[2026-05-08T03:29:48.075+0000] {processor.py:161} INFO - Started process (PID=346) to work on /opt/airflow/dags/smart_city_traffic_batch_dag.py
[2026-05-08T03:29:48.078+0000] {processor.py:830} INFO - Processing file /opt/airflow/dags/smart_city_traffic_batch_dag.py for tasks to queue
[2026-05-08T03:29:48.082+0000] {logging_mixin.py:188} INFO - [2026-05-08T03:29:48.082+0000] {dagbag.py:545} INFO - Filling up the DagBag from /opt/airflow/dags/smart_city_traffic_batch_dag.py
[2026-05-08T03:29:48.748+0000] {processor.py:840} INFO - DAG(s) 'smart_city_traffic_batch_dag' retrieved from /opt/airflow/dags/smart_city_traffic_batch_dag.py
[2026-05-08T03:29:48.828+0000] {logging_mixin.py:188} INFO - [2026-05-08T03:29:48.827+0000] {dag.py:3089} INFO - Sync 1 DAGs
[2026-05-08T03:29:49.204+0000] {logging_mixin.py:188} INFO - [2026-05-08T03:29:49.203+0000] {dag.py:3947} INFO - Setting next_dagrun for smart_city_traffic_batch_dag to 2026-05-08 01:00:00+00:00, run_after=2026-05-09 01:00:00+00:00
[2026-05-08T03:29:49.242+0000] {processor.py:183} INFO - Processing /opt/airflow/dags/smart_city_traffic_batch_dag.py took 1.188 seconds
[2026-05-08T03:30:19.575+0000] {processor.py:161} INFO - Started process (PID=352) to work on /opt/airflow/dags/smart_city_traffic_batch_dag.py
[2026-05-08T03:30:19.577+0000] {processor.py:830} INFO - Processing file /opt/airflow/dags/smart_city_traffic_batch_dag.py for tasks to queue
[2026-05-08T03:30:19.581+0000] {logging_mixin.py:188} INFO - [2026-05-08T03:30:19.580+0000] {dagbag.py:545} INFO - Filling up the DagBag from /opt/airflow/dags/smart_city_traffic_batch_dag.py
[2026-05-08T03:30:20.140+0000] {processor.py:840} INFO - DAG(s) 'smart_city_traffic_batch_dag' retrieved from /opt/airflow/dags/smart_city_traffic_batch_dag.py
[2026-05-08T03:30:20.201+0000] {logging_mixin.py:188} INFO - [2026-05-08T03:30:20.200+0000] {dag.py:3089} INFO - Sync 1 DAGs
[2026-05-08T03:30:20.241+0000] {logging_mixin.py:188} INFO - [2026-05-08T03:30:20.240+0000] {dag.py:3947} INFO - Setting next_dagrun for smart_city_traffic_batch_dag to 2026-05-08 01:00:00+00:00, run_after=2026-05-09 01:00:00+00:00
[2026-05-08T03:30:20.273+0000] {processor.py:183} INFO - Processing /opt/airflow/dags/smart_city_traffic_batch_dag.py took 0.711 seconds
[2026-05-08T03:30:50.541+0000] {processor.py:161} INFO - Started process (PID=358) to work on /opt/airflow/dags/smart_city_traffic_batch_dag.py
[2026-05-08T03:30:50.543+0000] {processor.py:830} INFO - Processing file /opt/airflow/dags/smart_city_traffic_batch_dag.py for tasks to queue
[2026-05-08T03:30:50.546+0000] {logging_mixin.py:188} INFO - [2026-05-08T03:30:50.546+0000] {dagbag.py:545} INFO - Filling up the DagBag from /opt/airflow/dags/smart_city_traffic_batch_dag.py
[2026-05-08T03:30:51.122+0000] {processor.py:840} INFO - DAG(s) 'smart_city_traffic_batch_dag' retrieved from /opt/airflow/dags/smart_city_traffic_batch_dag.py
[2026-05-08T03:30:51.196+0000] {logging_mixin.py:188} INFO - [2026-05-08T03:30:51.196+0000] {dag.py:3089} INFO - Sync 1 DAGs
[2026-05-08T03:30:51.237+0000] {logging_mixin.py:188} INFO - [2026-05-08T03:30:51.237+0000] {dag.py:3947} INFO - Setting next_dagrun for smart_city_traffic_batch_dag to 2026-05-08 01:00:00+00:00, run_after=2026-05-09 01:00:00+00:00
[2026-05-08T03:30:51.276+0000] {processor.py:183} INFO - Processing /opt/airflow/dags/smart_city_traffic_batch_dag.py took 0.743 seconds
[2026-05-08T03:31:21.761+0000] {processor.py:161} INFO - Started process (PID=364) to work on /opt/airflow/dags/smart_city_traffic_batch_dag.py
[2026-05-08T03:31:21.763+0000] {processor.py:830} INFO - Processing file /opt/airflow/dags/smart_city_traffic_batch_dag.py for tasks to queue
[2026-05-08T03:31:21.768+0000] {logging_mixin.py:188} INFO - [2026-05-08T03:31:21.767+0000] {dagbag.py:545} INFO - Filling up the DagBag from /opt/airflow/dags/smart_city_traffic_batch_dag.py
[2026-05-08T03:31:22.320+0000] {processor.py:840} INFO - DAG(s) 'smart_city_traffic_batch_dag' retrieved from /opt/airflow/dags/smart_city_traffic_batch_dag.py
[2026-05-08T03:31:22.379+0000] {logging_mixin.py:188} INFO - [2026-05-08T03:31:22.378+0000] {dag.py:3089} INFO - Sync 1 DAGs
[2026-05-08T03:31:22.422+0000] {logging_mixin.py:188} INFO - [2026-05-08T03:31:22.421+0000] {dag.py:3947} INFO - Setting next_dagrun for smart_city_traffic_batch_dag to 2026-05-08 01:00:00+00:00, run_after=2026-05-09 01:00:00+00:00
[2026-05-08T03:31:22.860+0000] {processor.py:183} INFO - Processing /opt/airflow/dags/smart_city_traffic_batch_dag.py took 1.112 seconds
[2026-05-08T03:31:53.114+0000] {processor.py:161} INFO - Started process (PID=370) to work on /opt/airflow/dags/smart_city_traffic_batch_dag.py
[2026-05-08T03:31:53.117+0000] {processor.py:830} INFO - Processing file /opt/airflow/dags/smart_city_traffic_batch_dag.py for tasks to queue
[2026-05-08T03:31:53.121+0000] {logging_mixin.py:188} INFO - [2026-05-08T03:31:53.121+0000] {dagbag.py:545} INFO - Filling up the DagBag from /opt/airflow/dags/smart_city_traffic_batch_dag.py
[2026-05-08T03:31:53.842+0000] {processor.py:840} INFO - DAG(s) 'smart_city_traffic_batch_dag' retrieved from /opt/airflow/dags/smart_city_traffic_batch_dag.py
[2026-05-08T03:31:53.896+0000] {logging_mixin.py:188} INFO - [2026-05-08T03:31:53.895+0000] {dag.py:3089} INFO - Sync 1 DAGs
[2026-05-08T03:31:54.233+0000] {logging_mixin.py:188} INFO - [2026-05-08T03:31:54.233+0000] {dag.py:3947} INFO - Setting next_dagrun for smart_city_traffic_batch_dag to 2026-05-08 01:00:00+00:00, run_after=2026-05-09 01:00:00+00:00
[2026-05-08T03:31:54.261+0000] {processor.py:183} INFO - Processing /opt/airflow/dags/smart_city_traffic_batch_dag.py took 1.157 seconds
[2026-05-08T03:32:24.405+0000] {processor.py:161} INFO - Started process (PID=376) to work on /opt/airflow/dags/smart_city_traffic_batch_dag.py
[2026-05-08T03:32:24.407+0000] {processor.py:830} INFO - Processing file /opt/airflow/dags/smart_city_traffic_batch_dag.py for tasks to queue
[2026-05-08T03:32:24.411+0000] {logging_mixin.py:188} INFO - [2026-05-08T03:32:24.411+0000] {dagbag.py:545} INFO - Filling up the DagBag from /opt/airflow/dags/smart_city_traffic_batch_dag.py
[2026-05-08T03:32:25.274+0000] {processor.py:840} INFO - DAG(s) 'smart_city_traffic_batch_dag' retrieved from /opt/airflow/dags/smart_city_traffic_batch_dag.py
[2026-05-08T03:32:25.651+0000] {logging_mixin.py:188} INFO - [2026-05-08T03:32:25.651+0000] {dag.py:3089} INFO - Sync 1 DAGs
[2026-05-08T03:32:25.677+0000] {logging_mixin.py:188} INFO - [2026-05-08T03:32:25.677+0000] {dag.py:3947} INFO - Setting next_dagrun for smart_city_traffic_batch_dag to 2026-05-08 01:00:00+00:00, run_after=2026-05-09 01:00:00+00:00
[2026-05-08T03:32:25.703+0000] {processor.py:183} INFO - Processing /opt/airflow/dags/smart_city_traffic_batch_dag.py took 1.310 seconds
[2026-05-08T03:32:55.887+0000] {processor.py:161} INFO - Started process (PID=382) to work on /opt/airflow/dags/smart_city_traffic_batch_dag.py
[2026-05-08T03:32:55.889+0000] {processor.py:830} INFO - Processing file /opt/airflow/dags/smart_city_traffic_batch_dag.py for tasks to queue
[2026-05-08T03:32:55.894+0000] {logging_mixin.py:188} INFO - [2026-05-08T03:32:55.893+0000] {dagbag.py:545} INFO - Filling up the DagBag from /opt/airflow/dags/smart_city_traffic_batch_dag.py
[2026-05-08T03:32:56.431+0000] {processor.py:840} INFO - DAG(s) 'smart_city_traffic_batch_dag' retrieved from /opt/airflow/dags/smart_city_traffic_batch_dag.py
[2026-05-08T03:32:56.492+0000] {logging_mixin.py:188} INFO - [2026-05-08T03:32:56.492+0000] {dag.py:3089} INFO - Sync 1 DAGs
[2026-05-08T03:32:56.531+0000] {logging_mixin.py:188} INFO - [2026-05-08T03:32:56.531+0000] {dag.py:3947} INFO - Setting next_dagrun for smart_city_traffic_batch_dag to 2026-05-08 01:00:00+00:00, run_after=2026-05-09 01:00:00+00:00
[2026-05-08T03:32:56.561+0000] {processor.py:183} INFO - Processing /opt/airflow/dags/smart_city_traffic_batch_dag.py took 0.687 seconds
[2026-05-08T03:33:26.858+0000] {processor.py:161} INFO - Started process (PID=388) to work on /opt/airflow/dags/smart_city_traffic_batch_dag.py
[2026-05-08T03:33:26.861+0000] {processor.py:830} INFO - Processing file /opt/airflow/dags/smart_city_traffic_batch_dag.py for tasks to queue
[2026-05-08T03:33:26.866+0000] {logging_mixin.py:188} INFO - [2026-05-08T03:33:26.865+0000] {dagbag.py:545} INFO - Filling up the DagBag from /opt/airflow/dags/smart_city_traffic_batch_dag.py
[2026-05-08T03:33:27.548+0000] {processor.py:840} INFO - DAG(s) 'smart_city_traffic_batch_dag' retrieved from /opt/airflow/dags/smart_city_traffic_batch_dag.py
[2026-05-08T03:33:27.609+0000] {logging_mixin.py:188} INFO - [2026-05-08T03:33:27.608+0000] {dag.py:3089} INFO - Sync 1 DAGs
[2026-05-08T03:33:27.648+0000] {logging_mixin.py:188} INFO - [2026-05-08T03:33:27.647+0000] {dag.py:3947} INFO - Setting next_dagrun for smart_city_traffic_batch_dag to 2026-05-08 01:00:00+00:00, run_after=2026-05-09 01:00:00+00:00
[2026-05-08T03:33:27.938+0000] {processor.py:183} INFO - Processing /opt/airflow/dags/smart_city_traffic_batch_dag.py took 1.090 seconds
[2026-05-08T03:33:58.246+0000] {processor.py:161} INFO - Started process (PID=394) to work on /opt/airflow/dags/smart_city_traffic_batch_dag.py
[2026-05-08T03:33:58.248+0000] {processor.py:830} INFO - Processing file /opt/airflow/dags/smart_city_traffic_batch_dag.py for tasks to queue
[2026-05-08T03:33:58.252+0000] {logging_mixin.py:188} INFO - [2026-05-08T03:33:58.251+0000] {dagbag.py:545} INFO - Filling up the DagBag from /opt/airflow/dags/smart_city_traffic_batch_dag.py
[2026-05-08T03:33:58.941+0000] {processor.py:840} INFO - DAG(s) 'smart_city_traffic_batch_dag' retrieved from /opt/airflow/dags/smart_city_traffic_batch_dag.py
[2026-05-08T03:33:58.998+0000] {logging_mixin.py:188} INFO - [2026-05-08T03:33:58.998+0000] {dag.py:3089} INFO - Sync 1 DAGs
[2026-05-08T03:33:59.415+0000] {logging_mixin.py:188} INFO - [2026-05-08T03:33:59.415+0000] {dag.py:3947} INFO - Setting next_dagrun for smart_city_traffic_batch_dag to 2026-05-08 01:00:00+00:00, run_after=2026-05-09 01:00:00+00:00
[2026-05-08T03:33:59.452+0000] {processor.py:183} INFO - Processing /opt/airflow/dags/smart_city_traffic_batch_dag.py took 1.216 seconds
[2026-05-08T03:34:29.725+0000] {processor.py:161} INFO - Started process (PID=400) to work on /opt/airflow/dags/smart_city_traffic_batch_dag.py
[2026-05-08T03:34:29.727+0000] {processor.py:830} INFO - Processing file /opt/airflow/dags/smart_city_traffic_batch_dag.py for tasks to queue
[2026-05-08T03:34:29.731+0000] {logging_mixin.py:188} INFO - [2026-05-08T03:34:29.731+0000] {dagbag.py:545} INFO - Filling up the DagBag from /opt/airflow/dags/smart_city_traffic_batch_dag.py
[2026-05-08T03:34:30.283+0000] {processor.py:840} INFO - DAG(s) 'smart_city_traffic_batch_dag' retrieved from /opt/airflow/dags/smart_city_traffic_batch_dag.py
[2026-05-08T03:34:30.342+0000] {logging_mixin.py:188} INFO - [2026-05-08T03:34:30.342+0000] {dag.py:3089} INFO - Sync 1 DAGs
[2026-05-08T03:34:30.877+0000] {logging_mixin.py:188} INFO - [2026-05-08T03:34:30.875+0000] {dag.py:3947} INFO - Setting next_dagrun for smart_city_traffic_batch_dag to 2026-05-08 01:00:00+00:00, run_after=2026-05-09 01:00:00+00:00
[2026-05-08T03:34:30.936+0000] {processor.py:183} INFO - Processing /opt/airflow/dags/smart_city_traffic_batch_dag.py took 1.222 seconds
[2026-05-08T03:35:01.225+0000] {processor.py:161} INFO - Started process (PID=406) to work on /opt/airflow/dags/smart_city_traffic_batch_dag.py
[2026-05-08T03:35:01.227+0000] {processor.py:830} INFO - Processing file /opt/airflow/dags/smart_city_traffic_batch_dag.py for tasks to queue
[2026-05-08T03:35:01.233+0000] {logging_mixin.py:188} INFO - [2026-05-08T03:35:01.232+0000] {dagbag.py:545} INFO - Filling up the DagBag from /opt/airflow/dags/smart_city_traffic_batch_dag.py
[2026-05-08T03:35:01.871+0000] {processor.py:840} INFO - DAG(s) 'smart_city_traffic_batch_dag' retrieved from /opt/airflow/dags/smart_city_traffic_batch_dag.py
[2026-05-08T03:35:02.267+0000] {logging_mixin.py:188} INFO - [2026-05-08T03:35:02.266+0000] {dag.py:3089} INFO - Sync 1 DAGs
[2026-05-08T03:35:02.306+0000] {logging_mixin.py:188} INFO - [2026-05-08T03:35:02.306+0000] {dag.py:3947} INFO - Setting next_dagrun for smart_city_traffic_batch_dag to 2026-05-08 01:00:00+00:00, run_after=2026-05-09 01:00:00+00:00
[2026-05-08T03:35:02.342+0000] {processor.py:183} INFO - Processing /opt/airflow/dags/smart_city_traffic_batch_dag.py took 1.135 seconds
[2026-05-08T03:35:32.683+0000] {processor.py:161} INFO - Started process (PID=412) to work on /opt/airflow/dags/smart_city_traffic_batch_dag.py
[2026-05-08T03:35:32.687+0000] {processor.py:830} INFO - Processing file /opt/airflow/dags/smart_city_traffic_batch_dag.py for tasks to queue
[2026-05-08T03:35:32.692+0000] {logging_mixin.py:188} INFO - [2026-05-08T03:35:32.691+0000] {dagbag.py:545} INFO - Filling up the DagBag from /opt/airflow/dags/smart_city_traffic_batch_dag.py
[2026-05-08T03:35:33.349+0000] {processor.py:840} INFO - DAG(s) 'smart_city_traffic_batch_dag' retrieved from /opt/airflow/dags/smart_city_traffic_batch_dag.py
[2026-05-08T03:35:33.422+0000] {logging_mixin.py:188} INFO - [2026-05-08T03:35:33.421+0000] {dag.py:3089} INFO - Sync 1 DAGs
[2026-05-08T03:35:33.466+0000] {logging_mixin.py:188} INFO - [2026-05-08T03:35:33.465+0000] {dag.py:3947} INFO - Setting next_dagrun for smart_city_traffic_batch_dag to 2026-05-08 01:00:00+00:00, run_after=2026-05-09 01:00:00+00:00
[2026-05-08T03:35:33.511+0000] {processor.py:183} INFO - Processing /opt/airflow/dags/smart_city_traffic_batch_dag.py took 0.840 seconds
[2026-05-08T03:36:03.856+0000] {processor.py:161} INFO - Started process (PID=418) to work on /opt/airflow/dags/smart_city_traffic_batch_dag.py
[2026-05-08T03:36:03.858+0000] {processor.py:830} INFO - Processing file /opt/airflow/dags/smart_city_traffic_batch_dag.py for tasks to queue
[2026-05-08T03:36:03.861+0000] {logging_mixin.py:188} INFO - [2026-05-08T03:36:03.861+0000] {dagbag.py:545} INFO - Filling up the DagBag from /opt/airflow/dags/smart_city_traffic_batch_dag.py
[2026-05-08T03:36:04.460+0000] {processor.py:840} INFO - DAG(s) 'smart_city_traffic_batch_dag' retrieved from /opt/airflow/dags/smart_city_traffic_batch_dag.py
[2026-05-08T03:36:04.532+0000] {logging_mixin.py:188} INFO - [2026-05-08T03:36:04.531+0000] {dag.py:3089} INFO - Sync 1 DAGs
[2026-05-08T03:36:04.872+0000] {logging_mixin.py:188} INFO - [2026-05-08T03:36:04.872+0000] {dag.py:3947} INFO - Setting next_dagrun for smart_city_traffic_batch_dag to 2026-05-08 01:00:00+00:00, run_after=2026-05-09 01:00:00+00:00
[2026-05-08T03:36:04.903+0000] {processor.py:183} INFO - Processing /opt/airflow/dags/smart_city_traffic_batch_dag.py took 1.057 seconds
[2026-05-08T03:36:35.545+0000] {processor.py:161} INFO - Started process (PID=424) to work on /opt/airflow/dags/smart_city_traffic_batch_dag.py
[2026-05-08T03:36:35.548+0000] {processor.py:830} INFO - Processing file /opt/airflow/dags/smart_city_traffic_batch_dag.py for tasks to queue
[2026-05-08T03:36:35.554+0000] {logging_mixin.py:188} INFO - [2026-05-08T03:36:35.553+0000] {dagbag.py:545} INFO - Filling up the DagBag from /opt/airflow/dags/smart_city_traffic_batch_dag.py
[2026-05-08T03:36:36.284+0000] {processor.py:840} INFO - DAG(s) 'smart_city_traffic_batch_dag' retrieved from /opt/airflow/dags/smart_city_traffic_batch_dag.py
[2026-05-08T03:36:36.356+0000] {logging_mixin.py:188} INFO - [2026-05-08T03:36:36.355+0000] {dag.py:3089} INFO - Sync 1 DAGs
[2026-05-08T03:36:36.727+0000] {logging_mixin.py:188} INFO - [2026-05-08T03:36:36.726+0000] {dag.py:3947} INFO - Setting next_dagrun for smart_city_traffic_batch_dag to 2026-05-08 01:00:00+00:00, run_after=2026-05-09 01:00:00+00:00
[2026-05-08T03:36:36.880+0000] {processor.py:183} INFO - Processing /opt/airflow/dags/smart_city_traffic_batch_dag.py took 1.351 seconds
[2026-05-08T03:37:07.482+0000] {processor.py:161} INFO - Started process (PID=430) to work on /opt/airflow/dags/smart_city_traffic_batch_dag.py
[2026-05-08T03:37:07.484+0000] {processor.py:830} INFO - Processing file /opt/airflow/dags/smart_city_traffic_batch_dag.py for tasks to queue
[2026-05-08T03:37:07.487+0000] {logging_mixin.py:188} INFO - [2026-05-08T03:37:07.487+0000] {dagbag.py:545} INFO - Filling up the DagBag from /opt/airflow/dags/smart_city_traffic_batch_dag.py
[2026-05-08T03:37:08.122+0000] {processor.py:840} INFO - DAG(s) 'smart_city_traffic_batch_dag' retrieved from /opt/airflow/dags/smart_city_traffic_batch_dag.py
[2026-05-08T03:37:08.471+0000] {logging_mixin.py:188} INFO - [2026-05-08T03:37:08.470+0000] {dag.py:3089} INFO - Sync 1 DAGs
[2026-05-08T03:37:08.509+0000] {logging_mixin.py:188} INFO - [2026-05-08T03:37:08.508+0000] {dag.py:3947} INFO - Setting next_dagrun for smart_city_traffic_batch_dag to 2026-05-08 01:00:00+00:00, run_after=2026-05-09 01:00:00+00:00
[2026-05-08T03:37:08.544+0000] {processor.py:183} INFO - Processing /opt/airflow/dags/smart_city_traffic_batch_dag.py took 1.072 seconds
[2026-05-08T03:37:38.767+0000] {processor.py:161} INFO - Started process (PID=436) to work on /opt/airflow/dags/smart_city_traffic_batch_dag.py
[2026-05-08T03:37:38.769+0000] {processor.py:830} INFO - Processing file /opt/airflow/dags/smart_city_traffic_batch_dag.py for tasks to queue
[2026-05-08T03:37:38.774+0000] {logging_mixin.py:188} INFO - [2026-05-08T03:37:38.773+0000] {dagbag.py:545} INFO - Filling up the DagBag from /opt/airflow/dags/smart_city_traffic_batch_dag.py
[2026-05-08T03:37:39.498+0000] {processor.py:840} INFO - DAG(s) 'smart_city_traffic_batch_dag' retrieved from /opt/airflow/dags/smart_city_traffic_batch_dag.py
[2026-05-08T03:37:39.560+0000] {logging_mixin.py:188} INFO - [2026-05-08T03:37:39.560+0000] {dag.py:3089} INFO - Sync 1 DAGs
[2026-05-08T03:37:39.610+0000] {logging_mixin.py:188} INFO - [2026-05-08T03:37:39.610+0000] {dag.py:3947} INFO - Setting next_dagrun for smart_city_traffic_batch_dag to 2026-05-08 01:00:00+00:00, run_after=2026-05-09 01:00:00+00:00
[2026-05-08T03:37:39.653+0000] {processor.py:183} INFO - Processing /opt/airflow/dags/smart_city_traffic_batch_dag.py took 0.901 seconds
[2026-05-08T03:38:10.000+0000] {processor.py:161} INFO - Started process (PID=442) to work on /opt/airflow/dags/smart_city_traffic_batch_dag.py
[2026-05-08T03:38:10.004+0000] {processor.py:830} INFO - Processing file /opt/airflow/dags/smart_city_traffic_batch_dag.py for tasks to queue
[2026-05-08T03:38:10.008+0000] {logging_mixin.py:188} INFO - [2026-05-08T03:38:10.007+0000] {dagbag.py:545} INFO - Filling up the DagBag from /opt/airflow/dags/smart_city_traffic_batch_dag.py
[2026-05-08T03:38:10.649+0000] {processor.py:840} INFO - DAG(s) 'smart_city_traffic_batch_dag' retrieved from /opt/airflow/dags/smart_city_traffic_batch_dag.py
[2026-05-08T03:38:10.712+0000] {logging_mixin.py:188} INFO - [2026-05-08T03:38:10.712+0000] {dag.py:3089} INFO - Sync 1 DAGs
[2026-05-08T03:38:11.073+0000] {logging_mixin.py:188} INFO - [2026-05-08T03:38:11.073+0000] {dag.py:3947} INFO - Setting next_dagrun for smart_city_traffic_batch_dag to 2026-05-08 01:00:00+00:00, run_after=2026-05-09 01:00:00+00:00
[2026-05-08T03:38:11.107+0000] {processor.py:183} INFO - Processing /opt/airflow/dags/smart_city_traffic_batch_dag.py took 1.122 seconds
[2026-05-08T03:38:41.511+0000] {processor.py:161} INFO - Started process (PID=448) to work on /opt/airflow/dags/smart_city_traffic_batch_dag.py
[2026-05-08T03:38:41.514+0000] {processor.py:830} INFO - Processing file /opt/airflow/dags/smart_city_traffic_batch_dag.py for tasks to queue
[2026-05-08T03:38:41.518+0000] {logging_mixin.py:188} INFO - [2026-05-08T03:38:41.517+0000] {dagbag.py:545} INFO - Filling up the DagBag from /opt/airflow/dags/smart_city_traffic_batch_dag.py
[2026-05-08T03:38:42.137+0000] {processor.py:840} INFO - DAG(s) 'smart_city_traffic_batch_dag' retrieved from /opt/airflow/dags/smart_city_traffic_batch_dag.py
[2026-05-08T03:38:42.206+0000] {logging_mixin.py:188} INFO - [2026-05-08T03:38:42.205+0000] {dag.py:3089} INFO - Sync 1 DAGs
[2026-05-08T03:38:42.527+0000] {logging_mixin.py:188} INFO - [2026-05-08T03:38:42.527+0000] {dag.py:3947} INFO - Setting next_dagrun for smart_city_traffic_batch_dag to 2026-05-08 01:00:00+00:00, run_after=2026-05-09 01:00:00+00:00
[2026-05-08T03:38:42.561+0000] {processor.py:183} INFO - Processing /opt/airflow/dags/smart_city_traffic_batch_dag.py took 1.061 seconds
[2026-05-08T03:39:12.790+0000] {processor.py:161} INFO - Started process (PID=454) to work on /opt/airflow/dags/smart_city_traffic_batch_dag.py
[2026-05-08T03:39:12.793+0000] {processor.py:830} INFO - Processing file /opt/airflow/dags/smart_city_traffic_batch_dag.py for tasks to queue
[2026-05-08T03:39:12.797+0000] {logging_mixin.py:188} INFO - [2026-05-08T03:39:12.796+0000] {dagbag.py:545} INFO - Filling up the DagBag from /opt/airflow/dags/smart_city_traffic_batch_dag.py
[2026-05-08T03:39:13.613+0000] {processor.py:840} INFO - DAG(s) 'smart_city_traffic_batch_dag' retrieved from /opt/airflow/dags/smart_city_traffic_batch_dag.py
[2026-05-08T03:39:14.136+0000] {logging_mixin.py:188} INFO - [2026-05-08T03:39:14.135+0000] {dag.py:3089} INFO - Sync 1 DAGs
[2026-05-08T03:39:14.186+0000] {logging_mixin.py:188} INFO - [2026-05-08T03:39:14.186+0000] {dag.py:3947} INFO - Setting next_dagrun for smart_city_traffic_batch_dag to 2026-05-08 01:00:00+00:00, run_after=2026-05-09 01:00:00+00:00
[2026-05-08T03:39:14.281+0000] {processor.py:183} INFO - Processing /opt/airflow/dags/smart_city_traffic_batch_dag.py took 1.503 seconds
[2026-05-08T03:39:44.683+0000] {processor.py:161} INFO - Started process (PID=460) to work on /opt/airflow/dags/smart_city_traffic_batch_dag.py
[2026-05-08T03:39:44.685+0000] {processor.py:830} INFO - Processing file /opt/airflow/dags/smart_city_traffic_batch_dag.py for tasks to queue
[2026-05-08T03:39:44.690+0000] {logging_mixin.py:188} INFO - [2026-05-08T03:39:44.689+0000] {dagbag.py:545} INFO - Filling up the DagBag from /opt/airflow/dags/smart_city_traffic_batch_dag.py
[2026-05-08T03:39:45.286+0000] {processor.py:840} INFO - DAG(s) 'smart_city_traffic_batch_dag' retrieved from /opt/airflow/dags/smart_city_traffic_batch_dag.py
[2026-05-08T03:39:45.342+0000] {logging_mixin.py:188} INFO - [2026-05-08T03:39:45.341+0000] {dag.py:3089} INFO - Sync 1 DAGs
[2026-05-08T03:39:45.382+0000] {logging_mixin.py:188} INFO - [2026-05-08T03:39:45.382+0000] {dag.py:3947} INFO - Setting next_dagrun for smart_city_traffic_batch_dag to 2026-05-08 01:00:00+00:00, run_after=2026-05-09 01:00:00+00:00
[2026-05-08T03:39:45.423+0000] {processor.py:183} INFO - Processing /opt/airflow/dags/smart_city_traffic_batch_dag.py took 0.754 seconds
[2026-05-08T03:40:15.785+0000] {processor.py:161} INFO - Started process (PID=466) to work on /opt/airflow/dags/smart_city_traffic_batch_dag.py
[2026-05-08T03:40:15.787+0000] {processor.py:830} INFO - Processing file /opt/airflow/dags/smart_city_traffic_batch_dag.py for tasks to queue
[2026-05-08T03:40:15.792+0000] {logging_mixin.py:188} INFO - [2026-05-08T03:40:15.791+0000] {dagbag.py:545} INFO - Filling up the DagBag from /opt/airflow/dags/smart_city_traffic_batch_dag.py
[2026-05-08T03:40:16.425+0000] {processor.py:840} INFO - DAG(s) 'smart_city_traffic_batch_dag' retrieved from /opt/airflow/dags/smart_city_traffic_batch_dag.py
[2026-05-08T03:40:16.493+0000] {logging_mixin.py:188} INFO - [2026-05-08T03:40:16.493+0000] {dag.py:3089} INFO - Sync 1 DAGs
[2026-05-08T03:40:16.848+0000] {logging_mixin.py:188} INFO - [2026-05-08T03:40:16.848+0000] {dag.py:3947} INFO - Setting next_dagrun for smart_city_traffic_batch_dag to 2026-05-08 01:00:00+00:00, run_after=2026-05-09 01:00:00+00:00
[2026-05-08T03:40:16.879+0000] {processor.py:183} INFO - Processing /opt/airflow/dags/smart_city_traffic_batch_dag.py took 1.107 seconds
[2026-05-08T03:40:47.033+0000] {processor.py:161} INFO - Started process (PID=472) to work on /opt/airflow/dags/smart_city_traffic_batch_dag.py
[2026-05-08T03:40:47.035+0000] {processor.py:830} INFO - Processing file /opt/airflow/dags/smart_city_traffic_batch_dag.py for tasks to queue
[2026-05-08T03:40:47.038+0000] {logging_mixin.py:188} INFO - [2026-05-08T03:40:47.038+0000] {dagbag.py:545} INFO - Filling up the DagBag from /opt/airflow/dags/smart_city_traffic_batch_dag.py
[2026-05-08T03:40:47.881+0000] {processor.py:840} INFO - DAG(s) 'smart_city_traffic_batch_dag' retrieved from /opt/airflow/dags/smart_city_traffic_batch_dag.py
[2026-05-08T03:40:47.950+0000] {logging_mixin.py:188} INFO - [2026-05-08T03:40:47.949+0000] {dag.py:3089} INFO - Sync 1 DAGs
[2026-05-08T03:40:48.325+0000] {logging_mixin.py:188} INFO - [2026-05-08T03:40:48.325+0000] {dag.py:3947} INFO - Setting next_dagrun for smart_city_traffic_batch_dag to 2026-05-08 01:00:00+00:00, run_after=2026-05-09 01:00:00+00:00
[2026-05-08T03:40:48.356+0000] {processor.py:183} INFO - Processing /opt/airflow/dags/smart_city_traffic_batch_dag.py took 1.335 seconds
[2026-05-08T03:41:18.781+0000] {processor.py:161} INFO - Started process (PID=478) to work on /opt/airflow/dags/smart_city_traffic_batch_dag.py
[2026-05-08T03:41:18.783+0000] {processor.py:830} INFO - Processing file /opt/airflow/dags/smart_city_traffic_batch_dag.py for tasks to queue
[2026-05-08T03:41:18.787+0000] {logging_mixin.py:188} INFO - [2026-05-08T03:41:18.786+0000] {dagbag.py:545} INFO - Filling up the DagBag from /opt/airflow/dags/smart_city_traffic_batch_dag.py
[2026-05-08T03:41:19.440+0000] {processor.py:840} INFO - DAG(s) 'smart_city_traffic_batch_dag' retrieved from /opt/airflow/dags/smart_city_traffic_batch_dag.py
[2026-05-08T03:41:19.778+0000] {logging_mixin.py:188} INFO - [2026-05-08T03:41:19.777+0000] {dag.py:3089} INFO - Sync 1 DAGs
[2026-05-08T03:41:19.812+0000] {logging_mixin.py:188} INFO - [2026-05-08T03:41:19.811+0000] {dag.py:3947} INFO - Setting next_dagrun for smart_city_traffic_batch_dag to 2026-05-08 01:00:00+00:00, run_after=2026-05-09 01:00:00+00:00
[2026-05-08T03:41:19.851+0000] {processor.py:183} INFO - Processing /opt/airflow/dags/smart_city_traffic_batch_dag.py took 1.089 seconds
[2026-05-08T03:41:50.044+0000] {processor.py:161} INFO - Started process (PID=484) to work on /opt/airflow/dags/smart_city_traffic_batch_dag.py
[2026-05-08T03:41:50.047+0000] {processor.py:830} INFO - Processing file /opt/airflow/dags/smart_city_traffic_batch_dag.py for tasks to queue
[2026-05-08T03:41:50.050+0000] {logging_mixin.py:188} INFO - [2026-05-08T03:41:50.050+0000] {dagbag.py:545} INFO - Filling up the DagBag from /opt/airflow/dags/smart_city_traffic_batch_dag.py
[2026-05-08T03:41:50.703+0000] {processor.py:840} INFO - DAG(s) 'smart_city_traffic_batch_dag' retrieved from /opt/airflow/dags/smart_city_traffic_batch_dag.py
[2026-05-08T03:41:50.775+0000] {logging_mixin.py:188} INFO - [2026-05-08T03:41:50.774+0000] {dag.py:3089} INFO - Sync 1 DAGs
[2026-05-08T03:41:50.829+0000] {logging_mixin.py:188} INFO - [2026-05-08T03:41:50.829+0000] {dag.py:3947} INFO - Setting next_dagrun for smart_city_traffic_batch_dag to 2026-05-08 01:00:00+00:00, run_after=2026-05-09 01:00:00+00:00
[2026-05-08T03:41:50.881+0000] {processor.py:183} INFO - Processing /opt/airflow/dags/smart_city_traffic_batch_dag.py took 0.848 seconds
[2026-05-08T03:42:21.243+0000] {processor.py:161} INFO - Started process (PID=490) to work on /opt/airflow/dags/smart_city_traffic_batch_dag.py
[2026-05-08T03:42:21.245+0000] {processor.py:830} INFO - Processing file /opt/airflow/dags/smart_city_traffic_batch_dag.py for tasks to queue
[2026-05-08T03:42:21.250+0000] {logging_mixin.py:188} INFO - [2026-05-08T03:42:21.249+0000] {dagbag.py:545} INFO - Filling up the DagBag from /opt/airflow/dags/smart_city_traffic_batch_dag.py
[2026-05-08T03:42:21.842+0000] {processor.py:840} INFO - DAG(s) 'smart_city_traffic_batch_dag' retrieved from /opt/airflow/dags/smart_city_traffic_batch_dag.py
[2026-05-08T03:42:21.901+0000] {logging_mixin.py:188} INFO - [2026-05-08T03:42:21.900+0000] {dag.py:3089} INFO - Sync 1 DAGs
[2026-05-08T03:42:22.235+0000] {logging_mixin.py:188} INFO - [2026-05-08T03:42:22.235+0000] {dag.py:3947} INFO - Setting next_dagrun for smart_city_traffic_batch_dag to 2026-05-08 01:00:00+00:00, run_after=2026-05-09 01:00:00+00:00
[2026-05-08T03:42:22.269+0000] {processor.py:183} INFO - Processing /opt/airflow/dags/smart_city_traffic_batch_dag.py took 1.037 seconds
[2026-05-08T03:42:52.553+0000] {processor.py:161} INFO - Started process (PID=496) to work on /opt/airflow/dags/smart_city_traffic_batch_dag.py
[2026-05-08T03:42:52.555+0000] {processor.py:830} INFO - Processing file /opt/airflow/dags/smart_city_traffic_batch_dag.py for tasks to queue
[2026-05-08T03:42:52.559+0000] {logging_mixin.py:188} INFO - [2026-05-08T03:42:52.559+0000] {dagbag.py:545} INFO - Filling up the DagBag from /opt/airflow/dags/smart_city_traffic_batch_dag.py
[2026-05-08T03:42:53.210+0000] {processor.py:840} INFO - DAG(s) 'smart_city_traffic_batch_dag' retrieved from /opt/airflow/dags/smart_city_traffic_batch_dag.py
[2026-05-08T03:42:53.276+0000] {logging_mixin.py:188} INFO - [2026-05-08T03:42:53.275+0000] {dag.py:3089} INFO - Sync 1 DAGs
[2026-05-08T03:42:53.747+0000] {logging_mixin.py:188} INFO - [2026-05-08T03:42:53.747+0000] {dag.py:3947} INFO - Setting next_dagrun for smart_city_traffic_batch_dag to 2026-05-08 01:00:00+00:00, run_after=2026-05-09 01:00:00+00:00
[2026-05-08T03:42:53.798+0000] {processor.py:183} INFO - Processing /opt/airflow/dags/smart_city_traffic_batch_dag.py took 1.256 seconds
[2026-05-08T03:43:24.208+0000] {processor.py:161} INFO - Started process (PID=502) to work on /opt/airflow/dags/smart_city_traffic_batch_dag.py
[2026-05-08T03:43:24.213+0000] {processor.py:830} INFO - Processing file /opt/airflow/dags/smart_city_traffic_batch_dag.py for tasks to queue
[2026-05-08T03:43:24.219+0000] {logging_mixin.py:188} INFO - [2026-05-08T03:43:24.219+0000] {dagbag.py:545} INFO - Filling up the DagBag from /opt/airflow/dags/smart_city_traffic_batch_dag.py
[2026-05-08T03:43:24.881+0000] {processor.py:840} INFO - DAG(s) 'smart_city_traffic_batch_dag' retrieved from /opt/airflow/dags/smart_city_traffic_batch_dag.py
[2026-05-08T03:43:25.314+0000] {logging_mixin.py:188} INFO - [2026-05-08T03:43:25.314+0000] {dag.py:3089} INFO - Sync 1 DAGs
[2026-05-08T03:43:25.352+0000] {logging_mixin.py:188} INFO - [2026-05-08T03:43:25.351+0000] {dag.py:3947} INFO - Setting next_dagrun for smart_city_traffic_batch_dag to 2026-05-08 01:00:00+00:00, run_after=2026-05-09 01:00:00+00:00
[2026-05-08T03:43:25.387+0000] {processor.py:183} INFO - Processing /opt/airflow/dags/smart_city_traffic_batch_dag.py took 1.202 seconds
[2026-05-08T03:43:55.677+0000] {processor.py:161} INFO - Started process (PID=508) to work on /opt/airflow/dags/smart_city_traffic_batch_dag.py
[2026-05-08T03:43:55.680+0000] {processor.py:830} INFO - Processing file /opt/airflow/dags/smart_city_traffic_batch_dag.py for tasks to queue
[2026-05-08T03:43:55.683+0000] {logging_mixin.py:188} INFO - [2026-05-08T03:43:55.683+0000] {dagbag.py:545} INFO - Filling up the DagBag from /opt/airflow/dags/smart_city_traffic_batch_dag.py
[2026-05-08T03:43:56.539+0000] {processor.py:840} INFO - DAG(s) 'smart_city_traffic_batch_dag' retrieved from /opt/airflow/dags/smart_city_traffic_batch_dag.py
[2026-05-08T03:43:56.590+0000] {logging_mixin.py:188} INFO - [2026-05-08T03:43:56.589+0000] {dag.py:3089} INFO - Sync 1 DAGs
[2026-05-08T03:43:56.621+0000] {logging_mixin.py:188} INFO - [2026-05-08T03:43:56.621+0000] {dag.py:3947} INFO - Setting next_dagrun for smart_city_traffic_batch_dag to 2026-05-08 01:00:00+00:00, run_after=2026-05-09 01:00:00+00:00
[2026-05-08T03:43:56.652+0000] {processor.py:183} INFO - Processing /opt/airflow/dags/smart_city_traffic_batch_dag.py took 0.990 seconds
[2026-05-08T03:44:27.036+0000] {processor.py:161} INFO - Started process (PID=514) to work on /opt/airflow/dags/smart_city_traffic_batch_dag.py
[2026-05-08T03:44:27.038+0000] {processor.py:830} INFO - Processing file /opt/airflow/dags/smart_city_traffic_batch_dag.py for tasks to queue
[2026-05-08T03:44:27.043+0000] {logging_mixin.py:188} INFO - [2026-05-08T03:44:27.043+0000] {dagbag.py:545} INFO - Filling up the DagBag from /opt/airflow/dags/smart_city_traffic_batch_dag.py
[2026-05-08T03:44:27.686+0000] {processor.py:840} INFO - DAG(s) 'smart_city_traffic_batch_dag' retrieved from /opt/airflow/dags/smart_city_traffic_batch_dag.py
[2026-05-08T03:44:27.750+0000] {logging_mixin.py:188} INFO - [2026-05-08T03:44:27.749+0000] {dag.py:3089} INFO - Sync 1 DAGs
[2026-05-08T03:44:28.088+0000] {logging_mixin.py:188} INFO - [2026-05-08T03:44:28.087+0000] {dag.py:3947} INFO - Setting next_dagrun for smart_city_traffic_batch_dag to 2026-05-08 01:00:00+00:00, run_after=2026-05-09 01:00:00+00:00
[2026-05-08T03:44:28.128+0000] {processor.py:183} INFO - Processing /opt/airflow/dags/smart_city_traffic_batch_dag.py took 1.106 seconds
[2026-05-08T03:44:58.338+0000] {processor.py:161} INFO - Started process (PID=520) to work on /opt/airflow/dags/smart_city_traffic_batch_dag.py
[2026-05-08T03:44:58.341+0000] {processor.py:830} INFO - Processing file /opt/airflow/dags/smart_city_traffic_batch_dag.py for tasks to queue
[2026-05-08T03:44:58.345+0000] {logging_mixin.py:188} INFO - [2026-05-08T03:44:58.344+0000] {dagbag.py:545} INFO - Filling up the DagBag from /opt/airflow/dags/smart_city_traffic_batch_dag.py
[2026-05-08T03:44:58.968+0000] {processor.py:840} INFO - DAG(s) 'smart_city_traffic_batch_dag' retrieved from /opt/airflow/dags/smart_city_traffic_batch_dag.py
[2026-05-08T03:44:59.036+0000] {logging_mixin.py:188} INFO - [2026-05-08T03:44:59.035+0000] {dag.py:3089} INFO - Sync 1 DAGs
[2026-05-08T03:44:59.372+0000] {logging_mixin.py:188} INFO - [2026-05-08T03:44:59.371+0000] {dag.py:3947} INFO - Setting next_dagrun for smart_city_traffic_batch_dag to 2026-05-08 01:00:00+00:00, run_after=2026-05-09 01:00:00+00:00
[2026-05-08T03:44:59.422+0000] {processor.py:183} INFO - Processing /opt/airflow/dags/smart_city_traffic_batch_dag.py took 1.101 seconds
[2026-05-08T03:45:29.869+0000] {processor.py:161} INFO - Started process (PID=526) to work on /opt/airflow/dags/smart_city_traffic_batch_dag.py
[2026-05-08T03:45:29.873+0000] {processor.py:830} INFO - Processing file /opt/airflow/dags/smart_city_traffic_batch_dag.py for tasks to queue
[2026-05-08T03:45:29.882+0000] {logging_mixin.py:188} INFO - [2026-05-08T03:45:29.880+0000] {dagbag.py:545} INFO - Filling up the DagBag from /opt/airflow/dags/smart_city_traffic_batch_dag.py
[2026-05-08T03:45:30.627+0000] {processor.py:840} INFO - DAG(s) 'smart_city_traffic_batch_dag' retrieved from /opt/airflow/dags/smart_city_traffic_batch_dag.py
[2026-05-08T03:45:30.966+0000] {logging_mixin.py:188} INFO - [2026-05-08T03:45:30.966+0000] {dag.py:3089} INFO - Sync 1 DAGs
[2026-05-08T03:45:31.000+0000] {logging_mixin.py:188} INFO - [2026-05-08T03:45:30.999+0000] {dag.py:3947} INFO - Setting next_dagrun for smart_city_traffic_batch_dag to 2026-05-08 01:00:00+00:00, run_after=2026-05-09 01:00:00+00:00
[2026-05-08T03:45:31.039+0000] {processor.py:183} INFO - Processing /opt/airflow/dags/smart_city_traffic_batch_dag.py took 1.195 seconds
[2026-05-08T03:46:01.394+0000] {processor.py:161} INFO - Started process (PID=532) to work on /opt/airflow/dags/smart_city_traffic_batch_dag.py
[2026-05-08T03:46:01.398+0000] {processor.py:830} INFO - Processing file /opt/airflow/dags/smart_city_traffic_batch_dag.py for tasks to queue
[2026-05-08T03:46:01.406+0000] {logging_mixin.py:188} INFO - [2026-05-08T03:46:01.405+0000] {dagbag.py:545} INFO - Filling up the DagBag from /opt/airflow/dags/smart_city_traffic_batch_dag.py
[2026-05-08T03:46:02.295+0000] {processor.py:840} INFO - DAG(s) 'smart_city_traffic_batch_dag' retrieved from /opt/airflow/dags/smart_city_traffic_batch_dag.py
[2026-05-08T03:46:02.358+0000] {logging_mixin.py:188} INFO - [2026-05-08T03:46:02.358+0000] {dag.py:3089} INFO - Sync 1 DAGs
[2026-05-08T03:46:02.394+0000] {logging_mixin.py:188} INFO - [2026-05-08T03:46:02.394+0000] {dag.py:3947} INFO - Setting next_dagrun for smart_city_traffic_batch_dag to 2026-05-08 01:00:00+00:00, run_after=2026-05-09 01:00:00+00:00
[2026-05-08T03:46:02.435+0000] {processor.py:183} INFO - Processing /opt/airflow/dags/smart_city_traffic_batch_dag.py took 1.055 seconds
[2026-05-08T03:46:32.836+0000] {processor.py:161} INFO - Started process (PID=538) to work on /opt/airflow/dags/smart_city_traffic_batch_dag.py
[2026-05-08T03:46:32.839+0000] {processor.py:830} INFO - Processing file /opt/airflow/dags/smart_city_traffic_batch_dag.py for tasks to queue
[2026-05-08T03:46:32.846+0000] {logging_mixin.py:188} INFO - [2026-05-08T03:46:32.844+0000] {dagbag.py:545} INFO - Filling up the DagBag from /opt/airflow/dags/smart_city_traffic_batch_dag.py
[2026-05-08T03:46:33.594+0000] {processor.py:840} INFO - DAG(s) 'smart_city_traffic_batch_dag' retrieved from /opt/airflow/dags/smart_city_traffic_batch_dag.py
[2026-05-08T03:46:33.682+0000] {logging_mixin.py:188} INFO - [2026-05-08T03:46:33.680+0000] {dag.py:3089} INFO - Sync 1 DAGs
[2026-05-08T03:46:34.007+0000] {logging_mixin.py:188} INFO - [2026-05-08T03:46:34.007+0000] {dag.py:3947} INFO - Setting next_dagrun for smart_city_traffic_batch_dag to 2026-05-08 01:00:00+00:00, run_after=2026-05-09 01:00:00+00:00
[2026-05-08T03:46:34.040+0000] {processor.py:183} INFO - Processing /opt/airflow/dags/smart_city_traffic_batch_dag.py took 1.220 seconds
[2026-05-08T03:47:04.410+0000] {processor.py:161} INFO - Started process (PID=544) to work on /opt/airflow/dags/smart_city_traffic_batch_dag.py
[2026-05-08T03:47:04.414+0000] {processor.py:830} INFO - Processing file /opt/airflow/dags/smart_city_traffic_batch_dag.py for tasks to queue
[2026-05-08T03:47:04.421+0000] {logging_mixin.py:188} INFO - [2026-05-08T03:47:04.419+0000] {dagbag.py:545} INFO - Filling up the DagBag from /opt/airflow/dags/smart_city_traffic_batch_dag.py
[2026-05-08T03:47:05.015+0000] {processor.py:840} INFO - DAG(s) 'smart_city_traffic_batch_dag' retrieved from /opt/airflow/dags/smart_city_traffic_batch_dag.py
[2026-05-08T03:47:05.079+0000] {logging_mixin.py:188} INFO - [2026-05-08T03:47:05.078+0000] {dag.py:3089} INFO - Sync 1 DAGs
[2026-05-08T03:47:05.406+0000] {logging_mixin.py:188} INFO - [2026-05-08T03:47:05.405+0000] {dag.py:3947} INFO - Setting next_dagrun for smart_city_traffic_batch_dag to 2026-05-08 01:00:00+00:00, run_after=2026-05-09 01:00:00+00:00
[2026-05-08T03:47:05.438+0000] {processor.py:183} INFO - Processing /opt/airflow/dags/smart_city_traffic_batch_dag.py took 1.045 seconds
[2026-05-08T03:47:35.676+0000] {processor.py:161} INFO - Started process (PID=550) to work on /opt/airflow/dags/smart_city_traffic_batch_dag.py
[2026-05-08T03:47:35.681+0000] {processor.py:830} INFO - Processing file /opt/airflow/dags/smart_city_traffic_batch_dag.py for tasks to queue
[2026-05-08T03:47:35.685+0000] {logging_mixin.py:188} INFO - [2026-05-08T03:47:35.684+0000] {dagbag.py:545} INFO - Filling up the DagBag from /opt/airflow/dags/smart_city_traffic_batch_dag.py
[2026-05-08T03:47:36.317+0000] {processor.py:840} INFO - DAG(s) 'smart_city_traffic_batch_dag' retrieved from /opt/airflow/dags/smart_city_traffic_batch_dag.py
[2026-05-08T03:47:36.689+0000] {logging_mixin.py:188} INFO - [2026-05-08T03:47:36.689+0000] {dag.py:3089} INFO - Sync 1 DAGs
[2026-05-08T03:47:36.725+0000] {logging_mixin.py:188} INFO - [2026-05-08T03:47:36.724+0000] {dag.py:3947} INFO - Setting next_dagrun for smart_city_traffic_batch_dag to 2026-05-08 01:00:00+00:00, run_after=2026-05-09 01:00:00+00:00
[2026-05-08T03:47:36.760+0000] {processor.py:183} INFO - Processing /opt/airflow/dags/smart_city_traffic_batch_dag.py took 1.096 seconds
[2026-05-08T03:48:07.013+0000] {processor.py:161} INFO - Started process (PID=556) to work on /opt/airflow/dags/smart_city_traffic_batch_dag.py
[2026-05-08T03:48:07.015+0000] {processor.py:830} INFO - Processing file /opt/airflow/dags/smart_city_traffic_batch_dag.py for tasks to queue
[2026-05-08T03:48:07.020+0000] {logging_mixin.py:188} INFO - [2026-05-08T03:48:07.019+0000] {dagbag.py:545} INFO - Filling up the DagBag from /opt/airflow/dags/smart_city_traffic_batch_dag.py
[2026-05-08T03:48:07.919+0000] {processor.py:840} INFO - DAG(s) 'smart_city_traffic_batch_dag' retrieved from /opt/airflow/dags/smart_city_traffic_batch_dag.py
[2026-05-08T03:48:07.988+0000] {logging_mixin.py:188} INFO - [2026-05-08T03:48:07.987+0000] {dag.py:3089} INFO - Sync 1 DAGs
[2026-05-08T03:48:08.028+0000] {logging_mixin.py:188} INFO - [2026-05-08T03:48:08.028+0000] {dag.py:3947} INFO - Setting next_dagrun for smart_city_traffic_batch_dag to 2026-05-08 01:00:00+00:00, run_after=2026-05-09 01:00:00+00:00
[2026-05-08T03:48:08.070+0000] {processor.py:183} INFO - Processing /opt/airflow/dags/smart_city_traffic_batch_dag.py took 1.070 seconds
[2026-05-08T03:48:38.393+0000] {processor.py:161} INFO - Started process (PID=562) to work on /opt/airflow/dags/smart_city_traffic_batch_dag.py
[2026-05-08T03:48:38.395+0000] {processor.py:830} INFO - Processing file /opt/airflow/dags/smart_city_traffic_batch_dag.py for tasks to queue
[2026-05-08T03:48:38.400+0000] {logging_mixin.py:188} INFO - [2026-05-08T03:48:38.400+0000] {dagbag.py:545} INFO - Filling up the DagBag from /opt/airflow/dags/smart_city_traffic_batch_dag.py
[2026-05-08T03:48:39.108+0000] {processor.py:840} INFO - DAG(s) 'smart_city_traffic_batch_dag' retrieved from /opt/airflow/dags/smart_city_traffic_batch_dag.py
[2026-05-08T03:48:39.217+0000] {logging_mixin.py:188} INFO - [2026-05-08T03:48:39.216+0000] {dag.py:3089} INFO - Sync 1 DAGs
[2026-05-08T03:48:39.582+0000] {logging_mixin.py:188} INFO - [2026-05-08T03:48:39.581+0000] {dag.py:3947} INFO - Setting next_dagrun for smart_city_traffic_batch_dag to 2026-05-08 01:00:00+00:00, run_after=2026-05-09 01:00:00+00:00
[2026-05-08T03:48:39.612+0000] {processor.py:183} INFO - Processing /opt/airflow/dags/smart_city_traffic_batch_dag.py took 1.229 seconds
[2026-05-08T03:49:10.019+0000] {processor.py:161} INFO - Started process (PID=568) to work on /opt/airflow/dags/smart_city_traffic_batch_dag.py
[2026-05-08T03:49:10.022+0000] {processor.py:830} INFO - Processing file /opt/airflow/dags/smart_city_traffic_batch_dag.py for tasks to queue
[2026-05-08T03:49:10.027+0000] {logging_mixin.py:188} INFO - [2026-05-08T03:49:10.026+0000] {dagbag.py:545} INFO - Filling up the DagBag from /opt/airflow/dags/smart_city_traffic_batch_dag.py
[2026-05-08T03:49:10.748+0000] {processor.py:840} INFO - DAG(s) 'smart_city_traffic_batch_dag' retrieved from /opt/airflow/dags/smart_city_traffic_batch_dag.py
[2026-05-08T03:49:10.814+0000] {logging_mixin.py:188} INFO - [2026-05-08T03:49:10.813+0000] {dag.py:3089} INFO - Sync 1 DAGs
[2026-05-08T03:49:11.229+0000] {logging_mixin.py:188} INFO - [2026-05-08T03:49:11.229+0000] {dag.py:3947} INFO - Setting next_dagrun for smart_city_traffic_batch_dag to 2026-05-08 01:00:00+00:00, run_after=2026-05-09 01:00:00+00:00
[2026-05-08T03:49:11.273+0000] {processor.py:183} INFO - Processing /opt/airflow/dags/smart_city_traffic_batch_dag.py took 1.268 seconds
[2026-05-08T03:49:41.652+0000] {processor.py:161} INFO - Started process (PID=574) to work on /opt/airflow/dags/smart_city_traffic_batch_dag.py
[2026-05-08T03:49:41.654+0000] {processor.py:830} INFO - Processing file /opt/airflow/dags/smart_city_traffic_batch_dag.py for tasks to queue
[2026-05-08T03:49:41.657+0000] {logging_mixin.py:188} INFO - [2026-05-08T03:49:41.656+0000] {dagbag.py:545} INFO - Filling up the DagBag from /opt/airflow/dags/smart_city_traffic_batch_dag.py
[2026-05-08T03:49:42.247+0000] {processor.py:840} INFO - DAG(s) 'smart_city_traffic_batch_dag' retrieved from /opt/airflow/dags/smart_city_traffic_batch_dag.py
[2026-05-08T03:49:42.579+0000] {logging_mixin.py:188} INFO - [2026-05-08T03:49:42.578+0000] {dag.py:3089} INFO - Sync 1 DAGs
[2026-05-08T03:49:42.615+0000] {logging_mixin.py:188} INFO - [2026-05-08T03:49:42.614+0000] {dag.py:3947} INFO - Setting next_dagrun for smart_city_traffic_batch_dag to 2026-05-08 01:00:00+00:00, run_after=2026-05-09 01:00:00+00:00
[2026-05-08T03:49:42.643+0000] {processor.py:183} INFO - Processing /opt/airflow/dags/smart_city_traffic_batch_dag.py took 1.002 seconds
[2026-05-08T03:50:12.915+0000] {processor.py:161} INFO - Started process (PID=580) to work on /opt/airflow/dags/smart_city_traffic_batch_dag.py
[2026-05-08T03:50:12.920+0000] {processor.py:830} INFO - Processing file /opt/airflow/dags/smart_city_traffic_batch_dag.py for tasks to queue
[2026-05-08T03:50:12.924+0000] {logging_mixin.py:188} INFO - [2026-05-08T03:50:12.923+0000] {dagbag.py:545} INFO - Filling up the DagBag from /opt/airflow/dags/smart_city_traffic_batch_dag.py
[2026-05-08T03:50:13.804+0000] {processor.py:840} INFO - DAG(s) 'smart_city_traffic_batch_dag' retrieved from /opt/airflow/dags/smart_city_traffic_batch_dag.py
[2026-05-08T03:50:13.853+0000] {logging_mixin.py:188} INFO - [2026-05-08T03:50:13.852+0000] {dag.py:3089} INFO - Sync 1 DAGs
[2026-05-08T03:50:13.887+0000] {logging_mixin.py:188} INFO - [2026-05-08T03:50:13.886+0000] {dag.py:3947} INFO - Setting next_dagrun for smart_city_traffic_batch_dag to 2026-05-08 01:00:00+00:00, run_after=2026-05-09 01:00:00+00:00
[2026-05-08T03:50:13.922+0000] {processor.py:183} INFO - Processing /opt/airflow/dags/smart_city_traffic_batch_dag.py took 1.017 seconds
[2026-05-08T03:50:44.223+0000] {processor.py:161} INFO - Started process (PID=586) to work on /opt/airflow/dags/smart_city_traffic_batch_dag.py
[2026-05-08T03:50:44.226+0000] {processor.py:830} INFO - Processing file /opt/airflow/dags/smart_city_traffic_batch_dag.py for tasks to queue
[2026-05-08T03:50:44.233+0000] {logging_mixin.py:188} INFO - [2026-05-08T03:50:44.232+0000] {dagbag.py:545} INFO - Filling up the DagBag from /opt/airflow/dags/smart_city_traffic_batch_dag.py
[2026-05-08T03:50:44.864+0000] {processor.py:840} INFO - DAG(s) 'smart_city_traffic_batch_dag' retrieved from /opt/airflow/dags/smart_city_traffic_batch_dag.py
[2026-05-08T03:50:44.927+0000] {logging_mixin.py:188} INFO - [2026-05-08T03:50:44.926+0000] {dag.py:3089} INFO - Sync 1 DAGs
[2026-05-08T03:50:45.246+0000] {logging_mixin.py:188} INFO - [2026-05-08T03:50:45.246+0000] {dag.py:3947} INFO - Setting next_dagrun for smart_city_traffic_batch_dag to 2026-05-08 01:00:00+00:00, run_after=2026-05-09 01:00:00+00:00
[2026-05-08T03:50:45.282+0000] {processor.py:183} INFO - Processing /opt/airflow/dags/smart_city_traffic_batch_dag.py took 1.070 seconds
[2026-05-08T03:51:15.526+0000] {processor.py:161} INFO - Started process (PID=592) to work on /opt/airflow/dags/smart_city_traffic_batch_dag.py
[2026-05-08T03:51:15.529+0000] {processor.py:830} INFO - Processing file /opt/airflow/dags/smart_city_traffic_batch_dag.py for tasks to queue
[2026-05-08T03:51:15.533+0000] {logging_mixin.py:188} INFO - [2026-05-08T03:51:15.532+0000] {dagbag.py:545} INFO - Filling up the DagBag from /opt/airflow/dags/smart_city_traffic_batch_dag.py
[2026-05-08T03:51:16.101+0000] {processor.py:840} INFO - DAG(s) 'smart_city_traffic_batch_dag' retrieved from /opt/airflow/dags/smart_city_traffic_batch_dag.py
[2026-05-08T03:51:16.162+0000] {logging_mixin.py:188} INFO - [2026-05-08T03:51:16.161+0000] {dag.py:3089} INFO - Sync 1 DAGs
[2026-05-08T03:51:16.500+0000] {logging_mixin.py:188} INFO - [2026-05-08T03:51:16.500+0000] {dag.py:3947} INFO - Setting next_dagrun for smart_city_traffic_batch_dag to 2026-05-08 01:00:00+00:00, run_after=2026-05-09 01:00:00+00:00
[2026-05-08T03:51:16.534+0000] {processor.py:183} INFO - Processing /opt/airflow/dags/smart_city_traffic_batch_dag.py took 1.018 seconds
[2026-05-08T03:51:46.898+0000] {processor.py:161} INFO - Started process (PID=598) to work on /opt/airflow/dags/smart_city_traffic_batch_dag.py
[2026-05-08T03:51:46.900+0000] {processor.py:830} INFO - Processing file /opt/airflow/dags/smart_city_traffic_batch_dag.py for tasks to queue
[2026-05-08T03:51:46.905+0000] {logging_mixin.py:188} INFO - [2026-05-08T03:51:46.904+0000] {dagbag.py:545} INFO - Filling up the DagBag from /opt/airflow/dags/smart_city_traffic_batch_dag.py
[2026-05-08T03:51:47.572+0000] {processor.py:840} INFO - DAG(s) 'smart_city_traffic_batch_dag' retrieved from /opt/airflow/dags/smart_city_traffic_batch_dag.py
[2026-05-08T03:51:47.934+0000] {logging_mixin.py:188} INFO - [2026-05-08T03:51:47.933+0000] {dag.py:3089} INFO - Sync 1 DAGs
[2026-05-08T03:51:47.967+0000] {logging_mixin.py:188} INFO - [2026-05-08T03:51:47.966+0000] {dag.py:3947} INFO - Setting next_dagrun for smart_city_traffic_batch_dag to 2026-05-08 01:00:00+00:00, run_after=2026-05-09 01:00:00+00:00
[2026-05-08T03:51:47.997+0000] {processor.py:183} INFO - Processing /opt/airflow/dags/smart_city_traffic_batch_dag.py took 1.111 seconds
[2026-05-08T03:52:18.186+0000] {processor.py:161} INFO - Started process (PID=604) to work on /opt/airflow/dags/smart_city_traffic_batch_dag.py
[2026-05-08T03:52:18.188+0000] {processor.py:830} INFO - Processing file /opt/airflow/dags/smart_city_traffic_batch_dag.py for tasks to queue
[2026-05-08T03:52:18.192+0000] {logging_mixin.py:188} INFO - [2026-05-08T03:52:18.191+0000] {dagbag.py:545} INFO - Filling up the DagBag from /opt/airflow/dags/smart_city_traffic_batch_dag.py
[2026-05-08T03:52:19.051+0000] {processor.py:840} INFO - DAG(s) 'smart_city_traffic_batch_dag' retrieved from /opt/airflow/dags/smart_city_traffic_batch_dag.py
[2026-05-08T03:52:19.104+0000] {logging_mixin.py:188} INFO - [2026-05-08T03:52:19.103+0000] {dag.py:3089} INFO - Sync 1 DAGs
[2026-05-08T03:52:19.139+0000] {logging_mixin.py:188} INFO - [2026-05-08T03:52:19.139+0000] {dag.py:3947} INFO - Setting next_dagrun for smart_city_traffic_batch_dag to 2026-05-08 01:00:00+00:00, run_after=2026-05-09 01:00:00+00:00
[2026-05-08T03:52:19.172+0000] {processor.py:183} INFO - Processing /opt/airflow/dags/smart_city_traffic_batch_dag.py took 1.004 seconds
[2026-05-08T03:52:49.445+0000] {processor.py:161} INFO - Started process (PID=610) to work on /opt/airflow/dags/smart_city_traffic_batch_dag.py
[2026-05-08T03:52:49.447+0000] {processor.py:830} INFO - Processing file /opt/airflow/dags/smart_city_traffic_batch_dag.py for tasks to queue
[2026-05-08T03:52:49.451+0000] {logging_mixin.py:188} INFO - [2026-05-08T03:52:49.450+0000] {dagbag.py:545} INFO - Filling up the DagBag from /opt/airflow/dags/smart_city_traffic_batch_dag.py
[2026-05-08T03:52:50.325+0000] {processor.py:840} INFO - DAG(s) 'smart_city_traffic_batch_dag' retrieved from /opt/airflow/dags/smart_city_traffic_batch_dag.py
[2026-05-08T03:52:50.407+0000] {logging_mixin.py:188} INFO - [2026-05-08T03:52:50.406+0000] {dag.py:3089} INFO - Sync 1 DAGs
[2026-05-08T03:52:50.854+0000] {logging_mixin.py:188} INFO - [2026-05-08T03:52:50.853+0000] {dag.py:3947} INFO - Setting next_dagrun for smart_city_traffic_batch_dag to 2026-05-08 01:00:00+00:00, run_after=2026-05-09 01:00:00+00:00
[2026-05-08T03:52:50.888+0000] {processor.py:183} INFO - Processing /opt/airflow/dags/smart_city_traffic_batch_dag.py took 1.453 seconds
[2026-05-08T03:53:21.234+0000] {processor.py:161} INFO - Started process (PID=616) to work on /opt/airflow/dags/smart_city_traffic_batch_dag.py
[2026-05-08T03:53:21.236+0000] {processor.py:830} INFO - Processing file /opt/airflow/dags/smart_city_traffic_batch_dag.py for tasks to queue
[2026-05-08T03:53:21.240+0000] {logging_mixin.py:188} INFO - [2026-05-08T03:53:21.240+0000] {dagbag.py:545} INFO - Filling up the DagBag from /opt/airflow/dags/smart_city_traffic_batch_dag.py
[2026-05-08T03:53:21.835+0000] {processor.py:840} INFO - DAG(s) 'smart_city_traffic_batch_dag' retrieved from /opt/airflow/dags/smart_city_traffic_batch_dag.py
[2026-05-08T03:53:21.897+0000] {logging_mixin.py:188} INFO - [2026-05-08T03:53:21.896+0000] {dag.py:3089} INFO - Sync 1 DAGs
[2026-05-08T03:53:22.222+0000] {logging_mixin.py:188} INFO - [2026-05-08T03:53:22.221+0000] {dag.py:3947} INFO - Setting next_dagrun for smart_city_traffic_batch_dag to 2026-05-08 01:00:00+00:00, run_after=2026-05-09 01:00:00+00:00
[2026-05-08T03:53:22.259+0000] {processor.py:183} INFO - Processing /opt/airflow/dags/smart_city_traffic_batch_dag.py took 1.037 seconds
[2026-05-08T03:53:52.570+0000] {processor.py:161} INFO - Started process (PID=622) to work on /opt/airflow/dags/smart_city_traffic_batch_dag.py
[2026-05-08T03:53:52.574+0000] {processor.py:830} INFO - Processing file /opt/airflow/dags/smart_city_traffic_batch_dag.py for tasks to queue
[2026-05-08T03:53:52.583+0000] {logging_mixin.py:188} INFO - [2026-05-08T03:53:52.582+0000] {dagbag.py:545} INFO - Filling up the DagBag from /opt/airflow/dags/smart_city_traffic_batch_dag.py
[2026-05-08T03:53:53.296+0000] {processor.py:840} INFO - DAG(s) 'smart_city_traffic_batch_dag' retrieved from /opt/airflow/dags/smart_city_traffic_batch_dag.py
[2026-05-08T03:53:53.666+0000] {logging_mixin.py:188} INFO - [2026-05-08T03:53:53.665+0000] {dag.py:3089} INFO - Sync 1 DAGs
[2026-05-08T03:53:53.700+0000] {logging_mixin.py:188} INFO - [2026-05-08T03:53:53.699+0000] {dag.py:3947} INFO - Setting next_dagrun for smart_city_traffic_batch_dag to 2026-05-08 01:00:00+00:00, run_after=2026-05-09 01:00:00+00:00
[2026-05-08T03:53:53.733+0000] {processor.py:183} INFO - Processing /opt/airflow/dags/smart_city_traffic_batch_dag.py took 1.183 seconds
[2026-05-08T03:54:24.109+0000] {processor.py:161} INFO - Started process (PID=628) to work on /opt/airflow/dags/smart_city_traffic_batch_dag.py
[2026-05-08T03:54:24.114+0000] {processor.py:830} INFO - Processing file /opt/airflow/dags/smart_city_traffic_batch_dag.py for tasks to queue
[2026-05-08T03:54:24.119+0000] {logging_mixin.py:188} INFO - [2026-05-08T03:54:24.118+0000] {dagbag.py:545} INFO - Filling up the DagBag from /opt/airflow/dags/smart_city_traffic_batch_dag.py
[2026-05-08T03:54:25.157+0000] {processor.py:840} INFO - DAG(s) 'smart_city_traffic_batch_dag' retrieved from /opt/airflow/dags/smart_city_traffic_batch_dag.py
[2026-05-08T03:54:25.220+0000] {logging_mixin.py:188} INFO - [2026-05-08T03:54:25.219+0000] {dag.py:3089} INFO - Sync 1 DAGs
[2026-05-08T03:54:25.262+0000] {logging_mixin.py:188} INFO - [2026-05-08T03:54:25.261+0000] {dag.py:3947} INFO - Setting next_dagrun for smart_city_traffic_batch_dag to 2026-05-08 01:00:00+00:00, run_after=2026-05-09 01:00:00+00:00
[2026-05-08T03:54:25.326+0000] {processor.py:183} INFO - Processing /opt/airflow/dags/smart_city_traffic_batch_dag.py took 1.230 seconds
[2026-05-08T03:54:55.667+0000] {processor.py:161} INFO - Started process (PID=634) to work on /opt/airflow/dags/smart_city_traffic_batch_dag.py
[2026-05-08T03:54:55.669+0000] {processor.py:830} INFO - Processing file /opt/airflow/dags/smart_city_traffic_batch_dag.py for tasks to queue
[2026-05-08T03:54:55.674+0000] {logging_mixin.py:188} INFO - [2026-05-08T03:54:55.673+0000] {dagbag.py:545} INFO - Filling up the DagBag from /opt/airflow/dags/smart_city_traffic_batch_dag.py
[2026-05-08T03:54:56.280+0000] {processor.py:840} INFO - DAG(s) 'smart_city_traffic_batch_dag' retrieved from /opt/airflow/dags/smart_city_traffic_batch_dag.py
[2026-05-08T03:54:56.341+0000] {logging_mixin.py:188} INFO - [2026-05-08T03:54:56.340+0000] {dag.py:3089} INFO - Sync 1 DAGs
[2026-05-08T03:54:56.679+0000] {logging_mixin.py:188} INFO - [2026-05-08T03:54:56.679+0000] {dag.py:3947} INFO - Setting next_dagrun for smart_city_traffic_batch_dag to 2026-05-08 01:00:00+00:00, run_after=2026-05-09 01:00:00+00:00
[2026-05-08T03:54:56.705+0000] {processor.py:183} INFO - Processing /opt/airflow/dags/smart_city_traffic_batch_dag.py took 1.050 seconds
[2026-05-08T03:55:27.007+0000] {processor.py:161} INFO - Started process (PID=640) to work on /opt/airflow/dags/smart_city_traffic_batch_dag.py
[2026-05-08T03:55:27.009+0000] {processor.py:830} INFO - Processing file /opt/airflow/dags/smart_city_traffic_batch_dag.py for tasks to queue
[2026-05-08T03:55:27.014+0000] {logging_mixin.py:188} INFO - [2026-05-08T03:55:27.013+0000] {dagbag.py:545} INFO - Filling up the DagBag from /opt/airflow/dags/smart_city_traffic_batch_dag.py
[2026-05-08T03:55:27.742+0000] {processor.py:840} INFO - DAG(s) 'smart_city_traffic_batch_dag' retrieved from /opt/airflow/dags/smart_city_traffic_batch_dag.py
[2026-05-08T03:55:27.809+0000] {logging_mixin.py:188} INFO - [2026-05-08T03:55:27.808+0000] {dag.py:3089} INFO - Sync 1 DAGs
[2026-05-08T03:55:28.131+0000] {logging_mixin.py:188} INFO - [2026-05-08T03:55:28.131+0000] {dag.py:3947} INFO - Setting next_dagrun for smart_city_traffic_batch_dag to 2026-05-08 01:00:00+00:00, run_after=2026-05-09 01:00:00+00:00
[2026-05-08T03:55:28.162+0000] {processor.py:183} INFO - Processing /opt/airflow/dags/smart_city_traffic_batch_dag.py took 1.167 seconds
[2026-05-08T03:55:58.525+0000] {processor.py:161} INFO - Started process (PID=646) to work on /opt/airflow/dags/smart_city_traffic_batch_dag.py
[2026-05-08T03:55:58.527+0000] {processor.py:830} INFO - Processing file /opt/airflow/dags/smart_city_traffic_batch_dag.py for tasks to queue
[2026-05-08T03:55:58.531+0000] {logging_mixin.py:188} INFO - [2026-05-08T03:55:58.530+0000] {dagbag.py:545} INFO - Filling up the DagBag from /opt/airflow/dags/smart_city_traffic_batch_dag.py
[2026-05-08T03:55:59.139+0000] {processor.py:840} INFO - DAG(s) 'smart_city_traffic_batch_dag' retrieved from /opt/airflow/dags/smart_city_traffic_batch_dag.py
[2026-05-08T03:55:59.467+0000] {logging_mixin.py:188} INFO - [2026-05-08T03:55:59.466+0000] {dag.py:3089} INFO - Sync 1 DAGs
[2026-05-08T03:55:59.497+0000] {logging_mixin.py:188} INFO - [2026-05-08T03:55:59.497+0000] {dag.py:3947} INFO - Setting next_dagrun for smart_city_traffic_batch_dag to 2026-05-08 01:00:00+00:00, run_after=2026-05-09 01:00:00+00:00
[2026-05-08T03:55:59.528+0000] {processor.py:183} INFO - Processing /opt/airflow/dags/smart_city_traffic_batch_dag.py took 1.019 seconds
[2026-05-08T03:56:29.849+0000] {processor.py:161} INFO - Started process (PID=652) to work on /opt/airflow/dags/smart_city_traffic_batch_dag.py
[2026-05-08T03:56:29.851+0000] {processor.py:830} INFO - Processing file /opt/airflow/dags/smart_city_traffic_batch_dag.py for tasks to queue
[2026-05-08T03:56:29.855+0000] {logging_mixin.py:188} INFO - [2026-05-08T03:56:29.855+0000] {dagbag.py:545} INFO - Filling up the DagBag from /opt/airflow/dags/smart_city_traffic_batch_dag.py
[2026-05-08T03:56:30.816+0000] {processor.py:840} INFO - DAG(s) 'smart_city_traffic_batch_dag' retrieved from /opt/airflow/dags/smart_city_traffic_batch_dag.py
[2026-05-08T03:56:30.870+0000] {logging_mixin.py:188} INFO - [2026-05-08T03:56:30.869+0000] {dag.py:3089} INFO - Sync 1 DAGs
[2026-05-08T03:56:30.908+0000] {logging_mixin.py:188} INFO - [2026-05-08T03:56:30.907+0000] {dag.py:3947} INFO - Setting next_dagrun for smart_city_traffic_batch_dag to 2026-05-08 01:00:00+00:00, run_after=2026-05-09 01:00:00+00:00
[2026-05-08T03:56:30.939+0000] {processor.py:183} INFO - Processing /opt/airflow/dags/smart_city_traffic_batch_dag.py took 1.104 seconds
[2026-05-08T03:57:01.110+0000] {processor.py:161} INFO - Started process (PID=658) to work on /opt/airflow/dags/smart_city_traffic_batch_dag.py
[2026-05-08T03:57:01.113+0000] {processor.py:830} INFO - Processing file /opt/airflow/dags/smart_city_traffic_batch_dag.py for tasks to queue
[2026-05-08T03:57:01.117+0000] {logging_mixin.py:188} INFO - [2026-05-08T03:57:01.116+0000] {dagbag.py:545} INFO - Filling up the DagBag from /opt/airflow/dags/smart_city_traffic_batch_dag.py
[2026-05-08T03:57:02.086+0000] {processor.py:840} INFO - DAG(s) 'smart_city_traffic_batch_dag' retrieved from /opt/airflow/dags/smart_city_traffic_batch_dag.py
[2026-05-08T03:57:02.200+0000] {logging_mixin.py:188} INFO - [2026-05-08T03:57:02.199+0000] {dag.py:3089} INFO - Sync 1 DAGs
[2026-05-08T03:57:02.281+0000] {logging_mixin.py:188} INFO - [2026-05-08T03:57:02.281+0000] {dag.py:3947} INFO - Setting next_dagrun for smart_city_traffic_batch_dag to 2026-05-08 01:00:00+00:00, run_after=2026-05-09 01:00:00+00:00
[2026-05-08T03:57:02.354+0000] {processor.py:183} INFO - Processing /opt/airflow/dags/smart_city_traffic_batch_dag.py took 1.255 seconds
[2026-05-08T03:57:32.719+0000] {processor.py:161} INFO - Started process (PID=664) to work on /opt/airflow/dags/smart_city_traffic_batch_dag.py
[2026-05-08T03:57:32.721+0000] {processor.py:830} INFO - Processing file /opt/airflow/dags/smart_city_traffic_batch_dag.py for tasks to queue
[2026-05-08T03:57:32.727+0000] {logging_mixin.py:188} INFO - [2026-05-08T03:57:32.726+0000] {dagbag.py:545} INFO - Filling up the DagBag from /opt/airflow/dags/smart_city_traffic_batch_dag.py
[2026-05-08T03:57:33.358+0000] {processor.py:840} INFO - DAG(s) 'smart_city_traffic_batch_dag' retrieved from /opt/airflow/dags/smart_city_traffic_batch_dag.py
[2026-05-08T03:57:33.464+0000] {logging_mixin.py:188} INFO - [2026-05-08T03:57:33.462+0000] {dag.py:3089} INFO - Sync 1 DAGs
[2026-05-08T03:57:33.891+0000] {logging_mixin.py:188} INFO - [2026-05-08T03:57:33.891+0000] {dag.py:3947} INFO - Setting next_dagrun for smart_city_traffic_batch_dag to 2026-05-08 01:00:00+00:00, run_after=2026-05-09 01:00:00+00:00
[2026-05-08T03:57:33.927+0000] {processor.py:183} INFO - Processing /opt/airflow/dags/smart_city_traffic_batch_dag.py took 1.227 seconds
[2026-05-08T03:58:04.265+0000] {processor.py:161} INFO - Started process (PID=670) to work on /opt/airflow/dags/smart_city_traffic_batch_dag.py
[2026-05-08T03:58:04.267+0000] {processor.py:830} INFO - Processing file /opt/airflow/dags/smart_city_traffic_batch_dag.py for tasks to queue
[2026-05-08T03:58:04.270+0000] {logging_mixin.py:188} INFO - [2026-05-08T03:58:04.270+0000] {dagbag.py:545} INFO - Filling up the DagBag from /opt/airflow/dags/smart_city_traffic_batch_dag.py
[2026-05-08T03:58:04.868+0000] {processor.py:840} INFO - DAG(s) 'smart_city_traffic_batch_dag' retrieved from /opt/airflow/dags/smart_city_traffic_batch_dag.py
[2026-05-08T03:58:05.202+0000] {logging_mixin.py:188} INFO - [2026-05-08T03:58:05.201+0000] {dag.py:3089} INFO - Sync 1 DAGs
[2026-05-08T03:58:05.242+0000] {logging_mixin.py:188} INFO - [2026-05-08T03:58:05.242+0000] {dag.py:3947} INFO - Setting next_dagrun for smart_city_traffic_batch_dag to 2026-05-08 01:00:00+00:00, run_after=2026-05-09 01:00:00+00:00
[2026-05-08T03:58:05.276+0000] {processor.py:183} INFO - Processing /opt/airflow/dags/smart_city_traffic_batch_dag.py took 1.023 seconds
[2026-05-08T03:58:35.572+0000] {processor.py:161} INFO - Started process (PID=676) to work on /opt/airflow/dags/smart_city_traffic_batch_dag.py
[2026-05-08T03:58:35.575+0000] {processor.py:830} INFO - Processing file /opt/airflow/dags/smart_city_traffic_batch_dag.py for tasks to queue
[2026-05-08T03:58:35.582+0000] {logging_mixin.py:188} INFO - [2026-05-08T03:58:35.581+0000] {dagbag.py:545} INFO - Filling up the DagBag from /opt/airflow/dags/smart_city_traffic_batch_dag.py
[2026-05-08T03:58:36.659+0000] {processor.py:840} INFO - DAG(s) 'smart_city_traffic_batch_dag' retrieved from /opt/airflow/dags/smart_city_traffic_batch_dag.py
[2026-05-08T03:58:36.743+0000] {logging_mixin.py:188} INFO - [2026-05-08T03:58:36.742+0000] {dag.py:3089} INFO - Sync 1 DAGs
[2026-05-08T03:58:36.801+0000] {logging_mixin.py:188} INFO - [2026-05-08T03:58:36.800+0000] {dag.py:3947} INFO - Setting next_dagrun for smart_city_traffic_batch_dag to 2026-05-08 01:00:00+00:00, run_after=2026-05-09 01:00:00+00:00
[2026-05-08T03:58:36.843+0000] {processor.py:183} INFO - Processing /opt/airflow/dags/smart_city_traffic_batch_dag.py took 1.295 seconds
[2026-05-08T03:59:07.049+0000] {processor.py:161} INFO - Started process (PID=682) to work on /opt/airflow/dags/smart_city_traffic_batch_dag.py
[2026-05-08T03:59:07.052+0000] {processor.py:830} INFO - Processing file /opt/airflow/dags/smart_city_traffic_batch_dag.py for tasks to queue
[2026-05-08T03:59:07.058+0000] {logging_mixin.py:188} INFO - [2026-05-08T03:59:07.057+0000] {dagbag.py:545} INFO - Filling up the DagBag from /opt/airflow/dags/smart_city_traffic_batch_dag.py
[2026-05-08T03:59:07.968+0000] {processor.py:840} INFO - DAG(s) 'smart_city_traffic_batch_dag' retrieved from /opt/airflow/dags/smart_city_traffic_batch_dag.py
[2026-05-08T03:59:08.025+0000] {logging_mixin.py:188} INFO - [2026-05-08T03:59:08.024+0000] {dag.py:3089} INFO - Sync 1 DAGs
[2026-05-08T03:59:08.066+0000] {logging_mixin.py:188} INFO - [2026-05-08T03:59:08.065+0000] {dag.py:3947} INFO - Setting next_dagrun for smart_city_traffic_batch_dag to 2026-05-08 01:00:00+00:00, run_after=2026-05-09 01:00:00+00:00
[2026-05-08T03:59:08.105+0000] {processor.py:183} INFO - Processing /opt/airflow/dags/smart_city_traffic_batch_dag.py took 1.069 seconds
[2026-05-08T03:59:38.530+0000] {processor.py:161} INFO - Started process (PID=688) to work on /opt/airflow/dags/smart_city_traffic_batch_dag.py
[2026-05-08T03:59:38.532+0000] {processor.py:830} INFO - Processing file /opt/airflow/dags/smart_city_traffic_batch_dag.py for tasks to queue
[2026-05-08T03:59:38.538+0000] {logging_mixin.py:188} INFO - [2026-05-08T03:59:38.537+0000] {dagbag.py:545} INFO - Filling up the DagBag from /opt/airflow/dags/smart_city_traffic_batch_dag.py
[2026-05-08T03:59:39.173+0000] {processor.py:840} INFO - DAG(s) 'smart_city_traffic_batch_dag' retrieved from /opt/airflow/dags/smart_city_traffic_batch_dag.py
[2026-05-08T03:59:39.238+0000] {logging_mixin.py:188} INFO - [2026-05-08T03:59:39.237+0000] {dag.py:3089} INFO - Sync 1 DAGs
[2026-05-08T03:59:39.555+0000] {logging_mixin.py:188} INFO - [2026-05-08T03:59:39.555+0000] {dag.py:3947} INFO - Setting next_dagrun for smart_city_traffic_batch_dag to 2026-05-08 01:00:00+00:00, run_after=2026-05-09 01:00:00+00:00
[2026-05-08T03:59:39.587+0000] {processor.py:183} INFO - Processing /opt/airflow/dags/smart_city_traffic_batch_dag.py took 1.072 seconds
[2026-05-08T04:00:09.825+0000] {processor.py:161} INFO - Started process (PID=694) to work on /opt/airflow/dags/smart_city_traffic_batch_dag.py
[2026-05-08T04:00:09.828+0000] {processor.py:830} INFO - Processing file /opt/airflow/dags/smart_city_traffic_batch_dag.py for tasks to queue
[2026-05-08T04:00:09.832+0000] {logging_mixin.py:188} INFO - [2026-05-08T04:00:09.831+0000] {dagbag.py:545} INFO - Filling up the DagBag from /opt/airflow/dags/smart_city_traffic_batch_dag.py
[2026-05-08T04:00:10.504+0000] {processor.py:840} INFO - DAG(s) 'smart_city_traffic_batch_dag' retrieved from /opt/airflow/dags/smart_city_traffic_batch_dag.py
[2026-05-08T04:00:10.885+0000] {logging_mixin.py:188} INFO - [2026-05-08T04:00:10.884+0000] {dag.py:3089} INFO - Sync 1 DAGs
[2026-05-08T04:00:10.918+0000] {logging_mixin.py:188} INFO - [2026-05-08T04:00:10.918+0000] {dag.py:3947} INFO - Setting next_dagrun for smart_city_traffic_batch_dag to 2026-05-08 01:00:00+00:00, run_after=2026-05-09 01:00:00+00:00
[2026-05-08T04:00:10.953+0000] {processor.py:183} INFO - Processing /opt/airflow/dags/smart_city_traffic_batch_dag.py took 1.144 seconds
[2026-05-08T04:00:41.169+0000] {processor.py:161} INFO - Started process (PID=700) to work on /opt/airflow/dags/smart_city_traffic_batch_dag.py
[2026-05-08T04:00:41.173+0000] {processor.py:830} INFO - Processing file /opt/airflow/dags/smart_city_traffic_batch_dag.py for tasks to queue
[2026-05-08T04:00:41.177+0000] {logging_mixin.py:188} INFO - [2026-05-08T04:00:41.177+0000] {dagbag.py:545} INFO - Filling up the DagBag from /opt/airflow/dags/smart_city_traffic_batch_dag.py
[2026-05-08T04:00:42.095+0000] {processor.py:840} INFO - DAG(s) 'smart_city_traffic_batch_dag' retrieved from /opt/airflow/dags/smart_city_traffic_batch_dag.py
[2026-05-08T04:00:42.160+0000] {logging_mixin.py:188} INFO - [2026-05-08T04:00:42.159+0000] {dag.py:3089} INFO - Sync 1 DAGs
[2026-05-08T04:00:42.199+0000] {logging_mixin.py:188} INFO - [2026-05-08T04:00:42.199+0000] {dag.py:3947} INFO - Setting next_dagrun for smart_city_traffic_batch_dag to 2026-05-08 01:00:00+00:00, run_after=2026-05-09 01:00:00+00:00
[2026-05-08T04:00:42.237+0000] {processor.py:183} INFO - Processing /opt/airflow/dags/smart_city_traffic_batch_dag.py took 1.080 seconds
[2026-05-08T04:01:12.546+0000] {processor.py:161} INFO - Started process (PID=706) to work on /opt/airflow/dags/smart_city_traffic_batch_dag.py
[2026-05-08T04:01:12.553+0000] {processor.py:830} INFO - Processing file /opt/airflow/dags/smart_city_traffic_batch_dag.py for tasks to queue
[2026-05-08T04:01:12.559+0000] {logging_mixin.py:188} INFO - [2026-05-08T04:01:12.558+0000] {dagbag.py:545} INFO - Filling up the DagBag from /opt/airflow/dags/smart_city_traffic_batch_dag.py
[2026-05-08T04:01:13.539+0000] {processor.py:840} INFO - DAG(s) 'smart_city_traffic_batch_dag' retrieved from /opt/airflow/dags/smart_city_traffic_batch_dag.py
[2026-05-08T04:01:13.587+0000] {logging_mixin.py:188} INFO - [2026-05-08T04:01:13.586+0000] {dag.py:3089} INFO - Sync 1 DAGs
[2026-05-08T04:01:13.623+0000] {logging_mixin.py:188} INFO - [2026-05-08T04:01:13.623+0000] {dag.py:3947} INFO - Setting next_dagrun for smart_city_traffic_batch_dag to 2026-05-08 01:00:00+00:00, run_after=2026-05-09 01:00:00+00:00
[2026-05-08T04:01:13.656+0000] {processor.py:183} INFO - Processing /opt/airflow/dags/smart_city_traffic_batch_dag.py took 1.126 seconds
[2026-05-08T04:01:43.908+0000] {processor.py:161} INFO - Started process (PID=712) to work on /opt/airflow/dags/smart_city_traffic_batch_dag.py
[2026-05-08T04:01:43.910+0000] {processor.py:830} INFO - Processing file /opt/airflow/dags/smart_city_traffic_batch_dag.py for tasks to queue
[2026-05-08T04:01:43.915+0000] {logging_mixin.py:188} INFO - [2026-05-08T04:01:43.914+0000] {dagbag.py:545} INFO - Filling up the DagBag from /opt/airflow/dags/smart_city_traffic_batch_dag.py
[2026-05-08T04:01:44.957+0000] {processor.py:840} INFO - DAG(s) 'smart_city_traffic_batch_dag' retrieved from /opt/airflow/dags/smart_city_traffic_batch_dag.py
[2026-05-08T04:01:45.035+0000] {logging_mixin.py:188} INFO - [2026-05-08T04:01:45.034+0000] {dag.py:3089} INFO - Sync 1 DAGs
[2026-05-08T04:01:45.455+0000] {logging_mixin.py:188} INFO - [2026-05-08T04:01:45.455+0000] {dag.py:3947} INFO - Setting next_dagrun for smart_city_traffic_batch_dag to 2026-05-08 01:00:00+00:00, run_after=2026-05-09 01:00:00+00:00
[2026-05-08T04:01:45.503+0000] {processor.py:183} INFO - Processing /opt/airflow/dags/smart_city_traffic_batch_dag.py took 1.609 seconds
[2026-05-08T04:02:15.873+0000] {processor.py:161} INFO - Started process (PID=718) to work on /opt/airflow/dags/smart_city_traffic_batch_dag.py
[2026-05-08T04:02:15.876+0000] {processor.py:830} INFO - Processing file /opt/airflow/dags/smart_city_traffic_batch_dag.py for tasks to queue
[2026-05-08T04:02:15.880+0000] {logging_mixin.py:188} INFO - [2026-05-08T04:02:15.879+0000] {dagbag.py:545} INFO - Filling up the DagBag from /opt/airflow/dags/smart_city_traffic_batch_dag.py
[2026-05-08T04:02:16.563+0000] {processor.py:840} INFO - DAG(s) 'smart_city_traffic_batch_dag' retrieved from /opt/airflow/dags/smart_city_traffic_batch_dag.py
[2026-05-08T04:02:16.942+0000] {logging_mixin.py:188} INFO - [2026-05-08T04:02:16.941+0000] {dag.py:3089} INFO - Sync 1 DAGs
[2026-05-08T04:02:16.979+0000] {logging_mixin.py:188} INFO - [2026-05-08T04:02:16.979+0000] {dag.py:3947} INFO - Setting next_dagrun for smart_city_traffic_batch_dag to 2026-05-08 01:00:00+00:00, run_after=2026-05-09 01:00:00+00:00
[2026-05-08T04:02:17.012+0000] {processor.py:183} INFO - Processing /opt/airflow/dags/smart_city_traffic_batch_dag.py took 1.152 seconds
[2026-05-08T04:02:47.166+0000] {processor.py:161} INFO - Started process (PID=724) to work on /opt/airflow/dags/smart_city_traffic_batch_dag.py
[2026-05-08T04:02:47.168+0000] {processor.py:830} INFO - Processing file /opt/airflow/dags/smart_city_traffic_batch_dag.py for tasks to queue
[2026-05-08T04:02:47.172+0000] {logging_mixin.py:188} INFO - [2026-05-08T04:02:47.171+0000] {dagbag.py:545} INFO - Filling up the DagBag from /opt/airflow/dags/smart_city_traffic_batch_dag.py
[2026-05-08T04:02:48.088+0000] {processor.py:840} INFO - DAG(s) 'smart_city_traffic_batch_dag' retrieved from /opt/airflow/dags/smart_city_traffic_batch_dag.py
[2026-05-08T04:02:48.140+0000] {logging_mixin.py:188} INFO - [2026-05-08T04:02:48.140+0000] {dag.py:3089} INFO - Sync 1 DAGs
[2026-05-08T04:02:48.171+0000] {logging_mixin.py:188} INFO - [2026-05-08T04:02:48.170+0000] {dag.py:3947} INFO - Setting next_dagrun for smart_city_traffic_batch_dag to 2026-05-08 01:00:00+00:00, run_after=2026-05-09 01:00:00+00:00
[2026-05-08T04:02:48.202+0000] {processor.py:183} INFO - Processing /opt/airflow/dags/smart_city_traffic_batch_dag.py took 1.048 seconds
[2026-05-08T04:03:18.438+0000] {processor.py:161} INFO - Started process (PID=730) to work on /opt/airflow/dags/smart_city_traffic_batch_dag.py
[2026-05-08T04:03:18.440+0000] {processor.py:830} INFO - Processing file /opt/airflow/dags/smart_city_traffic_batch_dag.py for tasks to queue
[2026-05-08T04:03:18.444+0000] {logging_mixin.py:188} INFO - [2026-05-08T04:03:18.443+0000] {dagbag.py:545} INFO - Filling up the DagBag from /opt/airflow/dags/smart_city_traffic_batch_dag.py
[2026-05-08T04:03:19.339+0000] {processor.py:840} INFO - DAG(s) 'smart_city_traffic_batch_dag' retrieved from /opt/airflow/dags/smart_city_traffic_batch_dag.py
[2026-05-08T04:03:19.391+0000] {logging_mixin.py:188} INFO - [2026-05-08T04:03:19.390+0000] {dag.py:3089} INFO - Sync 1 DAGs
[2026-05-08T04:03:19.425+0000] {logging_mixin.py:188} INFO - [2026-05-08T04:03:19.425+0000] {dag.py:3947} INFO - Setting next_dagrun for smart_city_traffic_batch_dag to 2026-05-08 01:00:00+00:00, run_after=2026-05-09 01:00:00+00:00
[2026-05-08T04:03:19.458+0000] {processor.py:183} INFO - Processing /opt/airflow/dags/smart_city_traffic_batch_dag.py took 1.038 seconds
[2026-05-08T04:03:49.972+0000] {processor.py:161} INFO - Started process (PID=736) to work on /opt/airflow/dags/smart_city_traffic_batch_dag.py
[2026-05-08T04:03:49.989+0000] {processor.py:830} INFO - Processing file /opt/airflow/dags/smart_city_traffic_batch_dag.py for tasks to queue
[2026-05-08T04:03:50.002+0000] {logging_mixin.py:188} INFO - [2026-05-08T04:03:49.998+0000] {dagbag.py:545} INFO - Filling up the DagBag from /opt/airflow/dags/smart_city_traffic_batch_dag.py
[2026-05-08T04:03:51.354+0000] {processor.py:840} INFO - DAG(s) 'smart_city_traffic_batch_dag' retrieved from /opt/airflow/dags/smart_city_traffic_batch_dag.py
[2026-05-08T04:03:51.556+0000] {logging_mixin.py:188} INFO - [2026-05-08T04:03:51.556+0000] {dag.py:3089} INFO - Sync 1 DAGs
[2026-05-08T04:03:52.567+0000] {logging_mixin.py:188} INFO - [2026-05-08T04:03:52.567+0000] {dag.py:3947} INFO - Setting next_dagrun for smart_city_traffic_batch_dag to 2026-05-08 01:00:00+00:00, run_after=2026-05-09 01:00:00+00:00
[2026-05-08T04:03:52.612+0000] {processor.py:183} INFO - Processing /opt/airflow/dags/smart_city_traffic_batch_dag.py took 2.672 seconds
[2026-05-08T04:04:23.006+0000] {processor.py:161} INFO - Started process (PID=742) to work on /opt/airflow/dags/smart_city_traffic_batch_dag.py
[2026-05-08T04:04:23.008+0000] {processor.py:830} INFO - Processing file /opt/airflow/dags/smart_city_traffic_batch_dag.py for tasks to queue
[2026-05-08T04:04:23.013+0000] {logging_mixin.py:188} INFO - [2026-05-08T04:04:23.012+0000] {dagbag.py:545} INFO - Filling up the DagBag from /opt/airflow/dags/smart_city_traffic_batch_dag.py
[2026-05-08T04:04:23.606+0000] {processor.py:840} INFO - DAG(s) 'smart_city_traffic_batch_dag' retrieved from /opt/airflow/dags/smart_city_traffic_batch_dag.py
[2026-05-08T04:04:24.018+0000] {logging_mixin.py:188} INFO - [2026-05-08T04:04:24.017+0000] {dag.py:3089} INFO - Sync 1 DAGs
[2026-05-08T04:04:24.051+0000] {logging_mixin.py:188} INFO - [2026-05-08T04:04:24.051+0000] {dag.py:3947} INFO - Setting next_dagrun for smart_city_traffic_batch_dag to 2026-05-08 01:00:00+00:00, run_after=2026-05-09 01:00:00+00:00
[2026-05-08T04:04:24.087+0000] {processor.py:183} INFO - Processing /opt/airflow/dags/smart_city_traffic_batch_dag.py took 1.096 seconds
[2026-05-08T04:04:54.553+0000] {processor.py:161} INFO - Started process (PID=748) to work on /opt/airflow/dags/smart_city_traffic_batch_dag.py
[2026-05-08T04:04:54.556+0000] {processor.py:830} INFO - Processing file /opt/airflow/dags/smart_city_traffic_batch_dag.py for tasks to queue
[2026-05-08T04:04:54.563+0000] {logging_mixin.py:188} INFO - [2026-05-08T04:04:54.562+0000] {dagbag.py:545} INFO - Filling up the DagBag from /opt/airflow/dags/smart_city_traffic_batch_dag.py
[2026-05-08T04:04:55.858+0000] {processor.py:840} INFO - DAG(s) 'smart_city_traffic_batch_dag' retrieved from /opt/airflow/dags/smart_city_traffic_batch_dag.py
[2026-05-08T04:04:55.912+0000] {logging_mixin.py:188} INFO - [2026-05-08T04:04:55.912+0000] {dag.py:3089} INFO - Sync 1 DAGs
[2026-05-08T04:04:55.943+0000] {logging_mixin.py:188} INFO - [2026-05-08T04:04:55.943+0000] {dag.py:3947} INFO - Setting next_dagrun for smart_city_traffic_batch_dag to 2026-05-08 01:00:00+00:00, run_after=2026-05-09 01:00:00+00:00
[2026-05-08T04:04:55.975+0000] {processor.py:183} INFO - Processing /opt/airflow/dags/smart_city_traffic_batch_dag.py took 1.442 seconds
[2026-05-08T04:05:26.502+0000] {processor.py:161} INFO - Started process (PID=754) to work on /opt/airflow/dags/smart_city_traffic_batch_dag.py
[2026-05-08T04:05:26.505+0000] {processor.py:830} INFO - Processing file /opt/airflow/dags/smart_city_traffic_batch_dag.py for tasks to queue
[2026-05-08T04:05:26.513+0000] {logging_mixin.py:188} INFO - [2026-05-08T04:05:26.510+0000] {dagbag.py:545} INFO - Filling up the DagBag from /opt/airflow/dags/smart_city_traffic_batch_dag.py
[2026-05-08T04:05:27.631+0000] {processor.py:840} INFO - DAG(s) 'smart_city_traffic_batch_dag' retrieved from /opt/airflow/dags/smart_city_traffic_batch_dag.py
[2026-05-08T04:05:27.697+0000] {logging_mixin.py:188} INFO - [2026-05-08T04:05:27.697+0000] {dag.py:3089} INFO - Sync 1 DAGs
[2026-05-08T04:05:27.740+0000] {logging_mixin.py:188} INFO - [2026-05-08T04:05:27.740+0000] {dag.py:3947} INFO - Setting next_dagrun for smart_city_traffic_batch_dag to 2026-05-08 01:00:00+00:00, run_after=2026-05-09 01:00:00+00:00
[2026-05-08T04:05:27.791+0000] {processor.py:183} INFO - Processing /opt/airflow/dags/smart_city_traffic_batch_dag.py took 1.310 seconds
[2026-05-08T04:05:58.051+0000] {processor.py:161} INFO - Started process (PID=760) to work on /opt/airflow/dags/smart_city_traffic_batch_dag.py
[2026-05-08T04:05:58.053+0000] {processor.py:830} INFO - Processing file /opt/airflow/dags/smart_city_traffic_batch_dag.py for tasks to queue
[2026-05-08T04:05:58.057+0000] {logging_mixin.py:188} INFO - [2026-05-08T04:05:58.056+0000] {dagbag.py:545} INFO - Filling up the DagBag from /opt/airflow/dags/smart_city_traffic_batch_dag.py
[2026-05-08T04:05:58.875+0000] {processor.py:840} INFO - DAG(s) 'smart_city_traffic_batch_dag' retrieved from /opt/airflow/dags/smart_city_traffic_batch_dag.py
[2026-05-08T04:05:58.951+0000] {logging_mixin.py:188} INFO - [2026-05-08T04:05:58.950+0000] {dag.py:3089} INFO - Sync 1 DAGs
[2026-05-08T04:05:59.354+0000] {logging_mixin.py:188} INFO - [2026-05-08T04:05:59.353+0000] {dag.py:3947} INFO - Setting next_dagrun for smart_city_traffic_batch_dag to 2026-05-08 01:00:00+00:00, run_after=2026-05-09 01:00:00+00:00
[2026-05-08T04:05:59.389+0000] {processor.py:183} INFO - Processing /opt/airflow/dags/smart_city_traffic_batch_dag.py took 1.348 seconds
[2026-05-08T04:06:29.852+0000] {processor.py:161} INFO - Started process (PID=766) to work on /opt/airflow/dags/smart_city_traffic_batch_dag.py
[2026-05-08T04:06:29.854+0000] {processor.py:830} INFO - Processing file /opt/airflow/dags/smart_city_traffic_batch_dag.py for tasks to queue
[2026-05-08T04:06:29.858+0000] {logging_mixin.py:188} INFO - [2026-05-08T04:06:29.858+0000] {dagbag.py:545} INFO - Filling up the DagBag from /opt/airflow/dags/smart_city_traffic_batch_dag.py
[2026-05-08T04:06:30.749+0000] {processor.py:840} INFO - DAG(s) 'smart_city_traffic_batch_dag' retrieved from /opt/airflow/dags/smart_city_traffic_batch_dag.py
[2026-05-08T04:06:31.375+0000] {logging_mixin.py:188} INFO - [2026-05-08T04:06:31.374+0000] {dag.py:3089} INFO - Sync 1 DAGs
[2026-05-08T04:06:31.414+0000] {logging_mixin.py:188} INFO - [2026-05-08T04:06:31.414+0000] {dag.py:3947} INFO - Setting next_dagrun for smart_city_traffic_batch_dag to 2026-05-08 01:00:00+00:00, run_after=2026-05-09 01:00:00+00:00
[2026-05-08T04:06:31.450+0000] {processor.py:183} INFO - Processing /opt/airflow/dags/smart_city_traffic_batch_dag.py took 1.614 seconds
[2026-05-08T04:07:01.750+0000] {processor.py:161} INFO - Started process (PID=772) to work on /opt/airflow/dags/smart_city_traffic_batch_dag.py
[2026-05-08T04:07:01.753+0000] {processor.py:830} INFO - Processing file /opt/airflow/dags/smart_city_traffic_batch_dag.py for tasks to queue
[2026-05-08T04:07:01.758+0000] {logging_mixin.py:188} INFO - [2026-05-08T04:07:01.757+0000] {dagbag.py:545} INFO - Filling up the DagBag from /opt/airflow/dags/smart_city_traffic_batch_dag.py
[2026-05-08T04:07:02.924+0000] {processor.py:840} INFO - DAG(s) 'smart_city_traffic_batch_dag' retrieved from /opt/airflow/dags/smart_city_traffic_batch_dag.py
[2026-05-08T04:07:02.981+0000] {logging_mixin.py:188} INFO - [2026-05-08T04:07:02.980+0000] {dag.py:3089} INFO - Sync 1 DAGs
[2026-05-08T04:07:03.013+0000] {logging_mixin.py:188} INFO - [2026-05-08T04:07:03.012+0000] {dag.py:3947} INFO - Setting next_dagrun for smart_city_traffic_batch_dag to 2026-05-08 01:00:00+00:00, run_after=2026-05-09 01:00:00+00:00
[2026-05-08T04:07:03.046+0000] {processor.py:183} INFO - Processing /opt/airflow/dags/smart_city_traffic_batch_dag.py took 1.312 seconds
[2026-05-08T04:07:33.393+0000] {processor.py:161} INFO - Started process (PID=778) to work on /opt/airflow/dags/smart_city_traffic_batch_dag.py
[2026-05-08T04:07:33.396+0000] {processor.py:830} INFO - Processing file /opt/airflow/dags/smart_city_traffic_batch_dag.py for tasks to queue
[2026-05-08T04:07:33.401+0000] {logging_mixin.py:188} INFO - [2026-05-08T04:07:33.400+0000] {dagbag.py:545} INFO - Filling up the DagBag from /opt/airflow/dags/smart_city_traffic_batch_dag.py
[2026-05-08T04:07:34.726+0000] {processor.py:840} INFO - DAG(s) 'smart_city_traffic_batch_dag' retrieved from /opt/airflow/dags/smart_city_traffic_batch_dag.py
[2026-05-08T04:07:34.808+0000] {logging_mixin.py:188} INFO - [2026-05-08T04:07:34.807+0000] {dag.py:3089} INFO - Sync 1 DAGs
[2026-05-08T04:07:34.845+0000] {logging_mixin.py:188} INFO - [2026-05-08T04:07:34.844+0000] {dag.py:3947} INFO - Setting next_dagrun for smart_city_traffic_batch_dag to 2026-05-08 01:00:00+00:00, run_after=2026-05-09 01:00:00+00:00
[2026-05-08T04:07:34.877+0000] {processor.py:183} INFO - Processing /opt/airflow/dags/smart_city_traffic_batch_dag.py took 1.498 seconds
[2026-05-08T04:08:05.242+0000] {processor.py:161} INFO - Started process (PID=784) to work on /opt/airflow/dags/smart_city_traffic_batch_dag.py
[2026-05-08T04:08:05.244+0000] {processor.py:830} INFO - Processing file /opt/airflow/dags/smart_city_traffic_batch_dag.py for tasks to queue
[2026-05-08T04:08:05.248+0000] {logging_mixin.py:188} INFO - [2026-05-08T04:08:05.247+0000] {dagbag.py:545} INFO - Filling up the DagBag from /opt/airflow/dags/smart_city_traffic_batch_dag.py
[2026-05-08T04:08:06.236+0000] {processor.py:840} INFO - DAG(s) 'smart_city_traffic_batch_dag' retrieved from /opt/airflow/dags/smart_city_traffic_batch_dag.py
[2026-05-08T04:08:06.285+0000] {logging_mixin.py:188} INFO - [2026-05-08T04:08:06.284+0000] {dag.py:3089} INFO - Sync 1 DAGs
[2026-05-08T04:08:06.317+0000] {logging_mixin.py:188} INFO - [2026-05-08T04:08:06.316+0000] {dag.py:3947} INFO - Setting next_dagrun for smart_city_traffic_batch_dag to 2026-05-08 01:00:00+00:00, run_after=2026-05-09 01:00:00+00:00
[2026-05-08T04:08:06.350+0000] {processor.py:183} INFO - Processing /opt/airflow/dags/smart_city_traffic_batch_dag.py took 1.119 seconds
[2026-05-08T04:08:36.495+0000] {processor.py:161} INFO - Started process (PID=790) to work on /opt/airflow/dags/smart_city_traffic_batch_dag.py
[2026-05-08T04:08:36.497+0000] {processor.py:830} INFO - Processing file /opt/airflow/dags/smart_city_traffic_batch_dag.py for tasks to queue
[2026-05-08T04:08:36.501+0000] {logging_mixin.py:188} INFO - [2026-05-08T04:08:36.500+0000] {dagbag.py:545} INFO - Filling up the DagBag from /opt/airflow/dags/smart_city_traffic_batch_dag.py
[2026-05-08T04:08:37.220+0000] {processor.py:840} INFO - DAG(s) 'smart_city_traffic_batch_dag' retrieved from /opt/airflow/dags/smart_city_traffic_batch_dag.py
[2026-05-08T04:08:37.583+0000] {logging_mixin.py:188} INFO - [2026-05-08T04:08:37.582+0000] {dag.py:3089} INFO - Sync 1 DAGs
[2026-05-08T04:08:37.616+0000] {logging_mixin.py:188} INFO - [2026-05-08T04:08:37.616+0000] {dag.py:3947} INFO - Setting next_dagrun for smart_city_traffic_batch_dag to 2026-05-08 01:00:00+00:00, run_after=2026-05-09 01:00:00+00:00
[2026-05-08T04:08:37.653+0000] {processor.py:183} INFO - Processing /opt/airflow/dags/smart_city_traffic_batch_dag.py took 1.171 seconds
[2026-05-08T04:09:07.951+0000] {processor.py:161} INFO - Started process (PID=796) to work on /opt/airflow/dags/smart_city_traffic_batch_dag.py
[2026-05-08T04:09:07.953+0000] {processor.py:830} INFO - Processing file /opt/airflow/dags/smart_city_traffic_batch_dag.py for tasks to queue
[2026-05-08T04:09:07.957+0000] {logging_mixin.py:188} INFO - [2026-05-08T04:09:07.956+0000] {dagbag.py:545} INFO - Filling up the DagBag from /opt/airflow/dags/smart_city_traffic_batch_dag.py
[2026-05-08T04:09:09.143+0000] {processor.py:840} INFO - DAG(s) 'smart_city_traffic_batch_dag' retrieved from /opt/airflow/dags/smart_city_traffic_batch_dag.py
[2026-05-08T04:09:09.230+0000] {logging_mixin.py:188} INFO - [2026-05-08T04:09:09.229+0000] {dag.py:3089} INFO - Sync 1 DAGs
[2026-05-08T04:09:09.329+0000] {logging_mixin.py:188} INFO - [2026-05-08T04:09:09.328+0000] {dag.py:3947} INFO - Setting next_dagrun for smart_city_traffic_batch_dag to 2026-05-08 01:00:00+00:00, run_after=2026-05-09 01:00:00+00:00
[2026-05-08T04:09:09.406+0000] {processor.py:183} INFO - Processing /opt/airflow/dags/smart_city_traffic_batch_dag.py took 1.466 seconds
[2026-05-08T04:09:39.833+0000] {processor.py:161} INFO - Started process (PID=802) to work on /opt/airflow/dags/smart_city_traffic_batch_dag.py
[2026-05-08T04:09:39.836+0000] {processor.py:830} INFO - Processing file /opt/airflow/dags/smart_city_traffic_batch_dag.py for tasks to queue
[2026-05-08T04:09:39.843+0000] {logging_mixin.py:188} INFO - [2026-05-08T04:09:39.841+0000] {dagbag.py:545} INFO - Filling up the DagBag from /opt/airflow/dags/smart_city_traffic_batch_dag.py
[2026-05-08T04:09:40.796+0000] {processor.py:840} INFO - DAG(s) 'smart_city_traffic_batch_dag' retrieved from /opt/airflow/dags/smart_city_traffic_batch_dag.py
[2026-05-08T04:09:40.853+0000] {logging_mixin.py:188} INFO - [2026-05-08T04:09:40.852+0000] {dag.py:3089} INFO - Sync 1 DAGs
[2026-05-08T04:09:40.888+0000] {logging_mixin.py:188} INFO - [2026-05-08T04:09:40.888+0000] {dag.py:3947} INFO - Setting next_dagrun for smart_city_traffic_batch_dag to 2026-05-08 01:00:00+00:00, run_after=2026-05-09 01:00:00+00:00
[2026-05-08T04:09:40.921+0000] {processor.py:183} INFO - Processing /opt/airflow/dags/smart_city_traffic_batch_dag.py took 1.115 seconds
[2026-05-08T04:10:11.085+0000] {processor.py:161} INFO - Started process (PID=808) to work on /opt/airflow/dags/smart_city_traffic_batch_dag.py
[2026-05-08T04:10:11.087+0000] {processor.py:830} INFO - Processing file /opt/airflow/dags/smart_city_traffic_batch_dag.py for tasks to queue
[2026-05-08T04:10:11.090+0000] {logging_mixin.py:188} INFO - [2026-05-08T04:10:11.090+0000] {dagbag.py:545} INFO - Filling up the DagBag from /opt/airflow/dags/smart_city_traffic_batch_dag.py
[2026-05-08T04:10:11.941+0000] {processor.py:840} INFO - DAG(s) 'smart_city_traffic_batch_dag' retrieved from /opt/airflow/dags/smart_city_traffic_batch_dag.py
[2026-05-08T04:10:11.990+0000] {logging_mixin.py:188} INFO - [2026-05-08T04:10:11.989+0000] {dag.py:3089} INFO - Sync 1 DAGs
[2026-05-08T04:10:12.024+0000] {logging_mixin.py:188} INFO - [2026-05-08T04:10:12.024+0000] {dag.py:3947} INFO - Setting next_dagrun for smart_city_traffic_batch_dag to 2026-05-08 01:00:00+00:00, run_after=2026-05-09 01:00:00+00:00
[2026-05-08T04:10:12.056+0000] {processor.py:183} INFO - Processing /opt/airflow/dags/smart_city_traffic_batch_dag.py took 0.981 seconds
[2026-05-08T04:10:42.363+0000] {processor.py:161} INFO - Started process (PID=814) to work on /opt/airflow/dags/smart_city_traffic_batch_dag.py
[2026-05-08T04:10:42.365+0000] {processor.py:830} INFO - Processing file /opt/airflow/dags/smart_city_traffic_batch_dag.py for tasks to queue
[2026-05-08T04:10:42.368+0000] {logging_mixin.py:188} INFO - [2026-05-08T04:10:42.368+0000] {dagbag.py:545} INFO - Filling up the DagBag from /opt/airflow/dags/smart_city_traffic_batch_dag.py
[2026-05-08T04:10:42.928+0000] {processor.py:840} INFO - DAG(s) 'smart_city_traffic_batch_dag' retrieved from /opt/airflow/dags/smart_city_traffic_batch_dag.py
[2026-05-08T04:10:43.247+0000] {logging_mixin.py:188} INFO - [2026-05-08T04:10:43.247+0000] {dag.py:3089} INFO - Sync 1 DAGs
[2026-05-08T04:10:43.278+0000] {logging_mixin.py:188} INFO - [2026-05-08T04:10:43.277+0000] {dag.py:3947} INFO - Setting next_dagrun for smart_city_traffic_batch_dag to 2026-05-08 01:00:00+00:00, run_after=2026-05-09 01:00:00+00:00
[2026-05-08T04:10:43.312+0000] {processor.py:183} INFO - Processing /opt/airflow/dags/smart_city_traffic_batch_dag.py took 0.961 seconds
[2026-05-08T04:11:13.621+0000] {processor.py:161} INFO - Started process (PID=820) to work on /opt/airflow/dags/smart_city_traffic_batch_dag.py
[2026-05-08T04:11:13.623+0000] {processor.py:830} INFO - Processing file /opt/airflow/dags/smart_city_traffic_batch_dag.py for tasks to queue
[2026-05-08T04:11:13.626+0000] {logging_mixin.py:188} INFO - [2026-05-08T04:11:13.626+0000] {dagbag.py:545} INFO - Filling up the DagBag from /opt/airflow/dags/smart_city_traffic_batch_dag.py
[2026-05-08T04:11:14.506+0000] {processor.py:840} INFO - DAG(s) 'smart_city_traffic_batch_dag' retrieved from /opt/airflow/dags/smart_city_traffic_batch_dag.py
[2026-05-08T04:11:14.563+0000] {logging_mixin.py:188} INFO - [2026-05-08T04:11:14.562+0000] {dag.py:3089} INFO - Sync 1 DAGs
[2026-05-08T04:11:14.604+0000] {logging_mixin.py:188} INFO - [2026-05-08T04:11:14.603+0000] {dag.py:3947} INFO - Setting next_dagrun for smart_city_traffic_batch_dag to 2026-05-08 01:00:00+00:00, run_after=2026-05-09 01:00:00+00:00
[2026-05-08T04:11:14.641+0000] {processor.py:183} INFO - Processing /opt/airflow/dags/smart_city_traffic_batch_dag.py took 1.030 seconds
[2026-05-08T04:11:45.048+0000] {processor.py:161} INFO - Started process (PID=826) to work on /opt/airflow/dags/smart_city_traffic_batch_dag.py
[2026-05-08T04:11:45.051+0000] {processor.py:830} INFO - Processing file /opt/airflow/dags/smart_city_traffic_batch_dag.py for tasks to queue
[2026-05-08T04:11:45.055+0000] {logging_mixin.py:188} INFO - [2026-05-08T04:11:45.054+0000] {dagbag.py:545} INFO - Filling up the DagBag from /opt/airflow/dags/smart_city_traffic_batch_dag.py
[2026-05-08T04:11:45.933+0000] {processor.py:840} INFO - DAG(s) 'smart_city_traffic_batch_dag' retrieved from /opt/airflow/dags/smart_city_traffic_batch_dag.py
[2026-05-08T04:11:45.980+0000] {logging_mixin.py:188} INFO - [2026-05-08T04:11:45.979+0000] {dag.py:3089} INFO - Sync 1 DAGs
[2026-05-08T04:11:46.017+0000] {logging_mixin.py:188} INFO - [2026-05-08T04:11:46.017+0000] {dag.py:3947} INFO - Setting next_dagrun for smart_city_traffic_batch_dag to 2026-05-08 01:00:00+00:00, run_after=2026-05-09 01:00:00+00:00
[2026-05-08T04:11:46.050+0000] {processor.py:183} INFO - Processing /opt/airflow/dags/smart_city_traffic_batch_dag.py took 1.015 seconds
[2026-05-08T04:12:16.319+0000] {processor.py:161} INFO - Started process (PID=832) to work on /opt/airflow/dags/smart_city_traffic_batch_dag.py
[2026-05-08T04:12:16.322+0000] {processor.py:830} INFO - Processing file /opt/airflow/dags/smart_city_traffic_batch_dag.py for tasks to queue
[2026-05-08T04:12:16.327+0000] {logging_mixin.py:188} INFO - [2026-05-08T04:12:16.326+0000] {dagbag.py:545} INFO - Filling up the DagBag from /opt/airflow/dags/smart_city_traffic_batch_dag.py
[2026-05-08T04:12:17.182+0000] {processor.py:840} INFO - DAG(s) 'smart_city_traffic_batch_dag' retrieved from /opt/airflow/dags/smart_city_traffic_batch_dag.py
[2026-05-08T04:12:17.233+0000] {logging_mixin.py:188} INFO - [2026-05-08T04:12:17.233+0000] {dag.py:3089} INFO - Sync 1 DAGs
[2026-05-08T04:12:17.272+0000] {logging_mixin.py:188} INFO - [2026-05-08T04:12:17.272+0000] {dag.py:3947} INFO - Setting next_dagrun for smart_city_traffic_batch_dag to 2026-05-08 01:00:00+00:00, run_after=2026-05-09 01:00:00+00:00
[2026-05-08T04:12:17.305+0000] {processor.py:183} INFO - Processing /opt/airflow/dags/smart_city_traffic_batch_dag.py took 0.998 seconds
[2026-05-08T04:12:47.627+0000] {processor.py:161} INFO - Started process (PID=838) to work on /opt/airflow/dags/smart_city_traffic_batch_dag.py
[2026-05-08T04:12:47.629+0000] {processor.py:830} INFO - Processing file /opt/airflow/dags/smart_city_traffic_batch_dag.py for tasks to queue
[2026-05-08T04:12:47.633+0000] {logging_mixin.py:188} INFO - [2026-05-08T04:12:47.632+0000] {dagbag.py:545} INFO - Filling up the DagBag from /opt/airflow/dags/smart_city_traffic_batch_dag.py
[2026-05-08T04:12:48.293+0000] {processor.py:840} INFO - DAG(s) 'smart_city_traffic_batch_dag' retrieved from /opt/airflow/dags/smart_city_traffic_batch_dag.py
[2026-05-08T04:12:48.628+0000] {logging_mixin.py:188} INFO - [2026-05-08T04:12:48.627+0000] {dag.py:3089} INFO - Sync 1 DAGs
[2026-05-08T04:12:48.697+0000] {logging_mixin.py:188} INFO - [2026-05-08T04:12:48.697+0000] {dag.py:3947} INFO - Setting next_dagrun for smart_city_traffic_batch_dag to 2026-05-08 01:00:00+00:00, run_after=2026-05-09 01:00:00+00:00
[2026-05-08T04:12:48.782+0000] {processor.py:183} INFO - Processing /opt/airflow/dags/smart_city_traffic_batch_dag.py took 1.166 seconds
[2026-05-08T04:13:19.192+0000] {processor.py:161} INFO - Started process (PID=844) to work on /opt/airflow/dags/smart_city_traffic_batch_dag.py
[2026-05-08T04:13:19.194+0000] {processor.py:830} INFO - Processing file /opt/airflow/dags/smart_city_traffic_batch_dag.py for tasks to queue
[2026-05-08T04:13:19.198+0000] {logging_mixin.py:188} INFO - [2026-05-08T04:13:19.198+0000] {dagbag.py:545} INFO - Filling up the DagBag from /opt/airflow/dags/smart_city_traffic_batch_dag.py
[2026-05-08T04:13:20.098+0000] {processor.py:840} INFO - DAG(s) 'smart_city_traffic_batch_dag' retrieved from /opt/airflow/dags/smart_city_traffic_batch_dag.py
[2026-05-08T04:13:20.149+0000] {logging_mixin.py:188} INFO - [2026-05-08T04:13:20.148+0000] {dag.py:3089} INFO - Sync 1 DAGs
[2026-05-08T04:13:20.182+0000] {logging_mixin.py:188} INFO - [2026-05-08T04:13:20.181+0000] {dag.py:3947} INFO - Setting next_dagrun for smart_city_traffic_batch_dag to 2026-05-08 01:00:00+00:00, run_after=2026-05-09 01:00:00+00:00
[2026-05-08T04:13:20.211+0000] {processor.py:183} INFO - Processing /opt/airflow/dags/smart_city_traffic_batch_dag.py took 1.029 seconds
[2026-05-08T04:13:50.440+0000] {processor.py:161} INFO - Started process (PID=850) to work on /opt/airflow/dags/smart_city_traffic_batch_dag.py
[2026-05-08T04:13:50.442+0000] {processor.py:830} INFO - Processing file /opt/airflow/dags/smart_city_traffic_batch_dag.py for tasks to queue
[2026-05-08T04:13:50.445+0000] {logging_mixin.py:188} INFO - [2026-05-08T04:13:50.445+0000] {dagbag.py:545} INFO - Filling up the DagBag from /opt/airflow/dags/smart_city_traffic_batch_dag.py
[2026-05-08T04:13:51.289+0000] {processor.py:840} INFO - DAG(s) 'smart_city_traffic_batch_dag' retrieved from /opt/airflow/dags/smart_city_traffic_batch_dag.py
[2026-05-08T04:13:51.341+0000] {logging_mixin.py:188} INFO - [2026-05-08T04:13:51.340+0000] {dag.py:3089} INFO - Sync 1 DAGs
[2026-05-08T04:13:51.382+0000] {logging_mixin.py:188} INFO - [2026-05-08T04:13:51.381+0000] {dag.py:3947} INFO - Setting next_dagrun for smart_city_traffic_batch_dag to 2026-05-08 01:00:00+00:00, run_after=2026-05-09 01:00:00+00:00
[2026-05-08T04:13:51.410+0000] {processor.py:183} INFO - Processing /opt/airflow/dags/smart_city_traffic_batch_dag.py took 0.982 seconds
[2026-05-08T04:14:21.705+0000] {processor.py:161} INFO - Started process (PID=856) to work on /opt/airflow/dags/smart_city_traffic_batch_dag.py
[2026-05-08T04:14:21.708+0000] {processor.py:830} INFO - Processing file /opt/airflow/dags/smart_city_traffic_batch_dag.py for tasks to queue
[2026-05-08T04:14:21.711+0000] {logging_mixin.py:188} INFO - [2026-05-08T04:14:21.711+0000] {dagbag.py:545} INFO - Filling up the DagBag from /opt/airflow/dags/smart_city_traffic_batch_dag.py
[2026-05-08T04:14:22.575+0000] {processor.py:840} INFO - DAG(s) 'smart_city_traffic_batch_dag' retrieved from /opt/airflow/dags/smart_city_traffic_batch_dag.py
[2026-05-08T04:14:22.622+0000] {logging_mixin.py:188} INFO - [2026-05-08T04:14:22.622+0000] {dag.py:3089} INFO - Sync 1 DAGs
[2026-05-08T04:14:22.656+0000] {logging_mixin.py:188} INFO - [2026-05-08T04:14:22.656+0000] {dag.py:3947} INFO - Setting next_dagrun for smart_city_traffic_batch_dag to 2026-05-08 01:00:00+00:00, run_after=2026-05-09 01:00:00+00:00
[2026-05-08T04:14:22.687+0000] {processor.py:183} INFO - Processing /opt/airflow/dags/smart_city_traffic_batch_dag.py took 0.996 seconds
[2026-05-08T04:14:53.025+0000] {processor.py:161} INFO - Started process (PID=862) to work on /opt/airflow/dags/smart_city_traffic_batch_dag.py
[2026-05-08T04:14:53.027+0000] {processor.py:830} INFO - Processing file /opt/airflow/dags/smart_city_traffic_batch_dag.py for tasks to queue
[2026-05-08T04:14:53.032+0000] {logging_mixin.py:188} INFO - [2026-05-08T04:14:53.031+0000] {dagbag.py:545} INFO - Filling up the DagBag from /opt/airflow/dags/smart_city_traffic_batch_dag.py
[2026-05-08T04:14:53.591+0000] {processor.py:840} INFO - DAG(s) 'smart_city_traffic_batch_dag' retrieved from /opt/airflow/dags/smart_city_traffic_batch_dag.py
[2026-05-08T04:14:53.961+0000] {logging_mixin.py:188} INFO - [2026-05-08T04:14:53.961+0000] {dag.py:3089} INFO - Sync 1 DAGs
[2026-05-08T04:14:53.993+0000] {logging_mixin.py:188} INFO - [2026-05-08T04:14:53.993+0000] {dag.py:3947} INFO - Setting next_dagrun for smart_city_traffic_batch_dag to 2026-05-08 01:00:00+00:00, run_after=2026-05-09 01:00:00+00:00
[2026-05-08T04:14:54.022+0000] {processor.py:183} INFO - Processing /opt/airflow/dags/smart_city_traffic_batch_dag.py took 1.008 seconds
[2026-05-08T04:15:24.316+0000] {processor.py:161} INFO - Started process (PID=868) to work on /opt/airflow/dags/smart_city_traffic_batch_dag.py
[2026-05-08T04:15:24.318+0000] {processor.py:830} INFO - Processing file /opt/airflow/dags/smart_city_traffic_batch_dag.py for tasks to queue
[2026-05-08T04:15:24.323+0000] {logging_mixin.py:188} INFO - [2026-05-08T04:15:24.322+0000] {dagbag.py:545} INFO - Filling up the DagBag from /opt/airflow/dags/smart_city_traffic_batch_dag.py
[2026-05-08T04:15:25.179+0000] {processor.py:840} INFO - DAG(s) 'smart_city_traffic_batch_dag' retrieved from /opt/airflow/dags/smart_city_traffic_batch_dag.py
[2026-05-08T04:15:25.227+0000] {logging_mixin.py:188} INFO - [2026-05-08T04:15:25.227+0000] {dag.py:3089} INFO - Sync 1 DAGs
[2026-05-08T04:15:25.259+0000] {logging_mixin.py:188} INFO - [2026-05-08T04:15:25.259+0000] {dag.py:3947} INFO - Setting next_dagrun for smart_city_traffic_batch_dag to 2026-05-08 01:00:00+00:00, run_after=2026-05-09 01:00:00+00:00
[2026-05-08T04:15:25.291+0000] {processor.py:183} INFO - Processing /opt/airflow/dags/smart_city_traffic_batch_dag.py took 0.985 seconds
[2026-05-08T04:15:55.567+0000] {processor.py:161} INFO - Started process (PID=874) to work on /opt/airflow/dags/smart_city_traffic_batch_dag.py
[2026-05-08T04:15:55.569+0000] {processor.py:830} INFO - Processing file /opt/airflow/dags/smart_city_traffic_batch_dag.py for tasks to queue
[2026-05-08T04:15:55.572+0000] {logging_mixin.py:188} INFO - [2026-05-08T04:15:55.572+0000] {dagbag.py:545} INFO - Filling up the DagBag from /opt/airflow/dags/smart_city_traffic_batch_dag.py
[2026-05-08T04:15:56.320+0000] {processor.py:840} INFO - DAG(s) 'smart_city_traffic_batch_dag' retrieved from /opt/airflow/dags/smart_city_traffic_batch_dag.py
[2026-05-08T04:15:56.370+0000] {logging_mixin.py:188} INFO - [2026-05-08T04:15:56.369+0000] {dag.py:3089} INFO - Sync 1 DAGs
[2026-05-08T04:15:56.403+0000] {logging_mixin.py:188} INFO - [2026-05-08T04:15:56.402+0000] {dag.py:3947} INFO - Setting next_dagrun for smart_city_traffic_batch_dag to 2026-05-08 01:00:00+00:00, run_after=2026-05-09 01:00:00+00:00
[2026-05-08T04:15:56.433+0000] {processor.py:183} INFO - Processing /opt/airflow/dags/smart_city_traffic_batch_dag.py took 0.874 seconds
[2026-05-08T04:16:26.865+0000] {processor.py:161} INFO - Started process (PID=880) to work on /opt/airflow/dags/smart_city_traffic_batch_dag.py
[2026-05-08T04:16:26.867+0000] {processor.py:830} INFO - Processing file /opt/airflow/dags/smart_city_traffic_batch_dag.py for tasks to queue
[2026-05-08T04:16:26.872+0000] {logging_mixin.py:188} INFO - [2026-05-08T04:16:26.871+0000] {dagbag.py:545} INFO - Filling up the DagBag from /opt/airflow/dags/smart_city_traffic_batch_dag.py
[2026-05-08T04:16:27.772+0000] {processor.py:840} INFO - DAG(s) 'smart_city_traffic_batch_dag' retrieved from /opt/airflow/dags/smart_city_traffic_batch_dag.py
[2026-05-08T04:16:27.828+0000] {logging_mixin.py:188} INFO - [2026-05-08T04:16:27.827+0000] {dag.py:3089} INFO - Sync 1 DAGs
[2026-05-08T04:16:27.864+0000] {logging_mixin.py:188} INFO - [2026-05-08T04:16:27.863+0000] {dag.py:3947} INFO - Setting next_dagrun for smart_city_traffic_batch_dag to 2026-05-08 01:00:00+00:00, run_after=2026-05-09 01:00:00+00:00
[2026-05-08T04:16:27.891+0000] {processor.py:183} INFO - Processing /opt/airflow/dags/smart_city_traffic_batch_dag.py took 1.036 seconds
[2026-05-08T04:16:58.157+0000] {processor.py:161} INFO - Started process (PID=886) to work on /opt/airflow/dags/smart_city_traffic_batch_dag.py
[2026-05-08T04:16:58.158+0000] {processor.py:830} INFO - Processing file /opt/airflow/dags/smart_city_traffic_batch_dag.py for tasks to queue
[2026-05-08T04:16:58.163+0000] {logging_mixin.py:188} INFO - [2026-05-08T04:16:58.163+0000] {dagbag.py:545} INFO - Filling up the DagBag from /opt/airflow/dags/smart_city_traffic_batch_dag.py
[2026-05-08T04:16:58.710+0000] {processor.py:840} INFO - DAG(s) 'smart_city_traffic_batch_dag' retrieved from /opt/airflow/dags/smart_city_traffic_batch_dag.py
[2026-05-08T04:16:59.322+0000] {logging_mixin.py:188} INFO - [2026-05-08T04:16:59.321+0000] {dag.py:3089} INFO - Sync 1 DAGs
[2026-05-08T04:16:59.411+0000] {logging_mixin.py:188} INFO - [2026-05-08T04:16:59.410+0000] {dag.py:3947} INFO - Setting next_dagrun for smart_city_traffic_batch_dag to 2026-05-08 01:00:00+00:00, run_after=2026-05-09 01:00:00+00:00
[2026-05-08T04:16:59.499+0000] {processor.py:183} INFO - Processing /opt/airflow/dags/smart_city_traffic_batch_dag.py took 1.354 seconds
[2026-05-08T04:17:29.863+0000] {processor.py:161} INFO - Started process (PID=892) to work on /opt/airflow/dags/smart_city_traffic_batch_dag.py
[2026-05-08T04:17:29.867+0000] {processor.py:830} INFO - Processing file /opt/airflow/dags/smart_city_traffic_batch_dag.py for tasks to queue
[2026-05-08T04:17:29.875+0000] {logging_mixin.py:188} INFO - [2026-05-08T04:17:29.874+0000] {dagbag.py:545} INFO - Filling up the DagBag from /opt/airflow/dags/smart_city_traffic_batch_dag.py
[2026-05-08T04:17:30.769+0000] {processor.py:840} INFO - DAG(s) 'smart_city_traffic_batch_dag' retrieved from /opt/airflow/dags/smart_city_traffic_batch_dag.py
[2026-05-08T04:17:30.823+0000] {logging_mixin.py:188} INFO - [2026-05-08T04:17:30.822+0000] {dag.py:3089} INFO - Sync 1 DAGs
[2026-05-08T04:17:30.861+0000] {logging_mixin.py:188} INFO - [2026-05-08T04:17:30.861+0000] {dag.py:3947} INFO - Setting next_dagrun for smart_city_traffic_batch_dag to 2026-05-08 01:00:00+00:00, run_after=2026-05-09 01:00:00+00:00
[2026-05-08T04:17:30.893+0000] {processor.py:183} INFO - Processing /opt/airflow/dags/smart_city_traffic_batch_dag.py took 1.051 seconds
[2026-05-08T04:18:01.219+0000] {processor.py:161} INFO - Started process (PID=898) to work on /opt/airflow/dags/smart_city_traffic_batch_dag.py
[2026-05-08T04:18:01.225+0000] {processor.py:830} INFO - Processing file /opt/airflow/dags/smart_city_traffic_batch_dag.py for tasks to queue
[2026-05-08T04:18:01.231+0000] {logging_mixin.py:188} INFO - [2026-05-08T04:18:01.230+0000] {dagbag.py:545} INFO - Filling up the DagBag from /opt/airflow/dags/smart_city_traffic_batch_dag.py
[2026-05-08T04:18:02.115+0000] {processor.py:840} INFO - DAG(s) 'smart_city_traffic_batch_dag' retrieved from /opt/airflow/dags/smart_city_traffic_batch_dag.py
[2026-05-08T04:18:02.162+0000] {logging_mixin.py:188} INFO - [2026-05-08T04:18:02.162+0000] {dag.py:3089} INFO - Sync 1 DAGs
[2026-05-08T04:18:02.197+0000] {logging_mixin.py:188} INFO - [2026-05-08T04:18:02.197+0000] {dag.py:3947} INFO - Setting next_dagrun for smart_city_traffic_batch_dag to 2026-05-08 01:00:00+00:00, run_after=2026-05-09 01:00:00+00:00
[2026-05-08T04:18:02.234+0000] {processor.py:183} INFO - Processing /opt/airflow/dags/smart_city_traffic_batch_dag.py took 1.036 seconds
[2026-05-08T04:18:32.827+0000] {processor.py:161} INFO - Started process (PID=904) to work on /opt/airflow/dags/smart_city_traffic_batch_dag.py
[2026-05-08T04:18:32.833+0000] {processor.py:830} INFO - Processing file /opt/airflow/dags/smart_city_traffic_batch_dag.py for tasks to queue
[2026-05-08T04:18:32.854+0000] {logging_mixin.py:188} INFO - [2026-05-08T04:18:32.853+0000] {dagbag.py:545} INFO - Filling up the DagBag from /opt/airflow/dags/smart_city_traffic_batch_dag.py
[2026-05-08T04:18:33.883+0000] {processor.py:840} INFO - DAG(s) 'smart_city_traffic_batch_dag' retrieved from /opt/airflow/dags/smart_city_traffic_batch_dag.py
[2026-05-08T04:18:33.936+0000] {logging_mixin.py:188} INFO - [2026-05-08T04:18:33.935+0000] {dag.py:3089} INFO - Sync 1 DAGs
[2026-05-08T04:18:33.972+0000] {logging_mixin.py:188} INFO - [2026-05-08T04:18:33.972+0000] {dag.py:3947} INFO - Setting next_dagrun for smart_city_traffic_batch_dag to 2026-05-08 01:00:00+00:00, run_after=2026-05-09 01:00:00+00:00
[2026-05-08T04:18:34.007+0000] {processor.py:183} INFO - Processing /opt/airflow/dags/smart_city_traffic_batch_dag.py took 1.197 seconds
[2026-05-08T04:24:10.276+0000] {processor.py:161} INFO - Started process (PID=910) to work on /opt/airflow/dags/smart_city_traffic_batch_dag.py
[2026-05-08T04:24:10.286+0000] {processor.py:830} INFO - Processing file /opt/airflow/dags/smart_city_traffic_batch_dag.py for tasks to queue
[2026-05-08T04:24:10.297+0000] {logging_mixin.py:188} INFO - [2026-05-08T04:24:10.296+0000] {dagbag.py:545} INFO - Filling up the DagBag from /opt/airflow/dags/smart_city_traffic_batch_dag.py
[2026-05-08T04:24:13.565+0000] {processor.py:840} INFO - DAG(s) 'smart_city_traffic_batch_dag' retrieved from /opt/airflow/dags/smart_city_traffic_batch_dag.py
[2026-05-08T04:24:13.690+0000] {logging_mixin.py:188} INFO - [2026-05-08T04:24:13.687+0000] {dag.py:3089} INFO - Sync 1 DAGs
[2026-05-08T04:24:13.797+0000] {logging_mixin.py:188} INFO - [2026-05-08T04:24:13.796+0000] {dag.py:3947} INFO - Setting next_dagrun for smart_city_traffic_batch_dag to 2026-05-08 01:00:00+00:00, run_after=2026-05-09 01:00:00+00:00
[2026-05-08T04:24:13.856+0000] {processor.py:183} INFO - Processing /opt/airflow/dags/smart_city_traffic_batch_dag.py took 3.604 seconds
[2026-05-08T04:24:44.363+0000] {processor.py:161} INFO - Started process (PID=916) to work on /opt/airflow/dags/smart_city_traffic_batch_dag.py
[2026-05-08T04:24:44.366+0000] {processor.py:830} INFO - Processing file /opt/airflow/dags/smart_city_traffic_batch_dag.py for tasks to queue
[2026-05-08T04:24:44.370+0000] {logging_mixin.py:188} INFO - [2026-05-08T04:24:44.369+0000] {dagbag.py:545} INFO - Filling up the DagBag from /opt/airflow/dags/smart_city_traffic_batch_dag.py
[2026-05-08T04:24:45.286+0000] {processor.py:840} INFO - DAG(s) 'smart_city_traffic_batch_dag' retrieved from /opt/airflow/dags/smart_city_traffic_batch_dag.py
[2026-05-08T04:24:45.339+0000] {logging_mixin.py:188} INFO - [2026-05-08T04:24:45.339+0000] {dag.py:3089} INFO - Sync 1 DAGs
[2026-05-08T04:24:45.376+0000] {logging_mixin.py:188} INFO - [2026-05-08T04:24:45.375+0000] {dag.py:3947} INFO - Setting next_dagrun for smart_city_traffic_batch_dag to 2026-05-08 01:00:00+00:00, run_after=2026-05-09 01:00:00+00:00
[2026-05-08T04:24:45.449+0000] {processor.py:183} INFO - Processing /opt/airflow/dags/smart_city_traffic_batch_dag.py took 1.104 seconds
[2026-05-08T04:25:16.196+0000] {processor.py:161} INFO - Started process (PID=922) to work on /opt/airflow/dags/smart_city_traffic_batch_dag.py
[2026-05-08T04:25:16.200+0000] {processor.py:830} INFO - Processing file /opt/airflow/dags/smart_city_traffic_batch_dag.py for tasks to queue
[2026-05-08T04:25:16.207+0000] {logging_mixin.py:188} INFO - [2026-05-08T04:25:16.206+0000] {dagbag.py:545} INFO - Filling up the DagBag from /opt/airflow/dags/smart_city_traffic_batch_dag.py
[2026-05-08T04:25:17.320+0000] {processor.py:840} INFO - DAG(s) 'smart_city_traffic_batch_dag' retrieved from /opt/airflow/dags/smart_city_traffic_batch_dag.py
[2026-05-08T04:25:17.383+0000] {logging_mixin.py:188} INFO - [2026-05-08T04:25:17.381+0000] {dag.py:3089} INFO - Sync 1 DAGs
[2026-05-08T04:25:17.433+0000] {logging_mixin.py:188} INFO - [2026-05-08T04:25:17.432+0000] {dag.py:3947} INFO - Setting next_dagrun for smart_city_traffic_batch_dag to 2026-05-08 01:00:00+00:00, run_after=2026-05-09 01:00:00+00:00
[2026-05-08T04:25:17.484+0000] {processor.py:183} INFO - Processing /opt/airflow/dags/smart_city_traffic_batch_dag.py took 1.305 seconds
[2026-05-08T04:25:47.969+0000] {processor.py:161} INFO - Started process (PID=928) to work on /opt/airflow/dags/smart_city_traffic_batch_dag.py
[2026-05-08T04:25:47.971+0000] {processor.py:830} INFO - Processing file /opt/airflow/dags/smart_city_traffic_batch_dag.py for tasks to queue
[2026-05-08T04:25:47.975+0000] {logging_mixin.py:188} INFO - [2026-05-08T04:25:47.975+0000] {dagbag.py:545} INFO - Filling up the DagBag from /opt/airflow/dags/smart_city_traffic_batch_dag.py
[2026-05-08T04:25:48.835+0000] {processor.py:840} INFO - DAG(s) 'smart_city_traffic_batch_dag' retrieved from /opt/airflow/dags/smart_city_traffic_batch_dag.py
[2026-05-08T04:25:48.890+0000] {logging_mixin.py:188} INFO - [2026-05-08T04:25:48.890+0000] {dag.py:3089} INFO - Sync 1 DAGs
[2026-05-08T04:25:48.929+0000] {logging_mixin.py:188} INFO - [2026-05-08T04:25:48.928+0000] {dag.py:3947} INFO - Setting next_dagrun for smart_city_traffic_batch_dag to 2026-05-08 01:00:00+00:00, run_after=2026-05-09 01:00:00+00:00
[2026-05-08T04:25:48.961+0000] {processor.py:183} INFO - Processing /opt/airflow/dags/smart_city_traffic_batch_dag.py took 1.003 seconds
[2026-05-08T04:26:19.439+0000] {processor.py:161} INFO - Started process (PID=934) to work on /opt/airflow/dags/smart_city_traffic_batch_dag.py
[2026-05-08T04:26:19.441+0000] {processor.py:830} INFO - Processing file /opt/airflow/dags/smart_city_traffic_batch_dag.py for tasks to queue
[2026-05-08T04:26:19.444+0000] {logging_mixin.py:188} INFO - [2026-05-08T04:26:19.443+0000] {dagbag.py:545} INFO - Filling up the DagBag from /opt/airflow/dags/smart_city_traffic_batch_dag.py
[2026-05-08T04:26:20.338+0000] {processor.py:840} INFO - DAG(s) 'smart_city_traffic_batch_dag' retrieved from /opt/airflow/dags/smart_city_traffic_batch_dag.py
[2026-05-08T04:26:20.396+0000] {logging_mixin.py:188} INFO - [2026-05-08T04:26:20.396+0000] {dag.py:3089} INFO - Sync 1 DAGs
[2026-05-08T04:26:20.427+0000] {logging_mixin.py:188} INFO - [2026-05-08T04:26:20.426+0000] {dag.py:3947} INFO - Setting next_dagrun for smart_city_traffic_batch_dag to 2026-05-08 01:00:00+00:00, run_after=2026-05-09 01:00:00+00:00
[2026-05-08T04:26:20.456+0000] {processor.py:183} INFO - Processing /opt/airflow/dags/smart_city_traffic_batch_dag.py took 1.027 seconds
[2026-05-08T04:26:50.781+0000] {processor.py:161} INFO - Started process (PID=940) to work on /opt/airflow/dags/smart_city_traffic_batch_dag.py
[2026-05-08T04:26:50.783+0000] {processor.py:830} INFO - Processing file /opt/airflow/dags/smart_city_traffic_batch_dag.py for tasks to queue
[2026-05-08T04:26:50.787+0000] {logging_mixin.py:188} INFO - [2026-05-08T04:26:50.787+0000] {dagbag.py:545} INFO - Filling up the DagBag from /opt/airflow/dags/smart_city_traffic_batch_dag.py
[2026-05-08T04:26:51.670+0000] {processor.py:840} INFO - DAG(s) 'smart_city_traffic_batch_dag' retrieved from /opt/airflow/dags/smart_city_traffic_batch_dag.py
[2026-05-08T04:26:51.728+0000] {logging_mixin.py:188} INFO - [2026-05-08T04:26:51.727+0000] {dag.py:3089} INFO - Sync 1 DAGs
[2026-05-08T04:26:51.764+0000] {logging_mixin.py:188} INFO - [2026-05-08T04:26:51.763+0000] {dag.py:3947} INFO - Setting next_dagrun for smart_city_traffic_batch_dag to 2026-05-08 01:00:00+00:00, run_after=2026-05-09 01:00:00+00:00
[2026-05-08T04:26:51.799+0000] {processor.py:183} INFO - Processing /opt/airflow/dags/smart_city_traffic_batch_dag.py took 1.035 seconds
[2026-05-08T04:27:22.134+0000] {processor.py:161} INFO - Started process (PID=946) to work on /opt/airflow/dags/smart_city_traffic_batch_dag.py
[2026-05-08T04:27:22.136+0000] {processor.py:830} INFO - Processing file /opt/airflow/dags/smart_city_traffic_batch_dag.py for tasks to queue
[2026-05-08T04:27:22.141+0000] {logging_mixin.py:188} INFO - [2026-05-08T04:27:22.141+0000] {dagbag.py:545} INFO - Filling up the DagBag from /opt/airflow/dags/smart_city_traffic_batch_dag.py
[2026-05-08T04:27:23.162+0000] {processor.py:840} INFO - DAG(s) 'smart_city_traffic_batch_dag' retrieved from /opt/airflow/dags/smart_city_traffic_batch_dag.py
[2026-05-08T04:27:23.211+0000] {logging_mixin.py:188} INFO - [2026-05-08T04:27:23.211+0000] {dag.py:3089} INFO - Sync 1 DAGs
[2026-05-08T04:27:23.244+0000] {logging_mixin.py:188} INFO - [2026-05-08T04:27:23.244+0000] {dag.py:3947} INFO - Setting next_dagrun for smart_city_traffic_batch_dag to 2026-05-08 01:00:00+00:00, run_after=2026-05-09 01:00:00+00:00
[2026-05-08T04:27:23.278+0000] {processor.py:183} INFO - Processing /opt/airflow/dags/smart_city_traffic_batch_dag.py took 1.157 seconds
[2026-05-08T04:27:53.601+0000] {processor.py:161} INFO - Started process (PID=952) to work on /opt/airflow/dags/smart_city_traffic_batch_dag.py
[2026-05-08T04:27:53.604+0000] {processor.py:830} INFO - Processing file /opt/airflow/dags/smart_city_traffic_batch_dag.py for tasks to queue
[2026-05-08T04:27:53.608+0000] {logging_mixin.py:188} INFO - [2026-05-08T04:27:53.608+0000] {dagbag.py:545} INFO - Filling up the DagBag from /opt/airflow/dags/smart_city_traffic_batch_dag.py
[2026-05-08T04:27:54.547+0000] {processor.py:840} INFO - DAG(s) 'smart_city_traffic_batch_dag' retrieved from /opt/airflow/dags/smart_city_traffic_batch_dag.py
[2026-05-08T04:27:54.594+0000] {logging_mixin.py:188} INFO - [2026-05-08T04:27:54.594+0000] {dag.py:3089} INFO - Sync 1 DAGs
[2026-05-08T04:27:54.626+0000] {logging_mixin.py:188} INFO - [2026-05-08T04:27:54.625+0000] {dag.py:3947} INFO - Setting next_dagrun for smart_city_traffic_batch_dag to 2026-05-08 01:00:00+00:00, run_after=2026-05-09 01:00:00+00:00
[2026-05-08T04:27:54.665+0000] {processor.py:183} INFO - Processing /opt/airflow/dags/smart_city_traffic_batch_dag.py took 1.076 seconds
[2026-05-08T04:28:24.885+0000] {processor.py:161} INFO - Started process (PID=958) to work on /opt/airflow/dags/smart_city_traffic_batch_dag.py
[2026-05-08T04:28:24.887+0000] {processor.py:830} INFO - Processing file /opt/airflow/dags/smart_city_traffic_batch_dag.py for tasks to queue
[2026-05-08T04:28:24.891+0000] {logging_mixin.py:188} INFO - [2026-05-08T04:28:24.891+0000] {dagbag.py:545} INFO - Filling up the DagBag from /opt/airflow/dags/smart_city_traffic_batch_dag.py
[2026-05-08T04:28:25.986+0000] {processor.py:840} INFO - DAG(s) 'smart_city_traffic_batch_dag' retrieved from /opt/airflow/dags/smart_city_traffic_batch_dag.py
[2026-05-08T04:28:26.046+0000] {logging_mixin.py:188} INFO - [2026-05-08T04:28:26.045+0000] {dag.py:3089} INFO - Sync 1 DAGs
[2026-05-08T04:28:26.084+0000] {logging_mixin.py:188} INFO - [2026-05-08T04:28:26.083+0000] {dag.py:3947} INFO - Setting next_dagrun for smart_city_traffic_batch_dag to 2026-05-08 01:00:00+00:00, run_after=2026-05-09 01:00:00+00:00
[2026-05-08T04:28:26.119+0000] {processor.py:183} INFO - Processing /opt/airflow/dags/smart_city_traffic_batch_dag.py took 1.246 seconds
[2026-05-08T04:28:56.335+0000] {processor.py:161} INFO - Started process (PID=964) to work on /opt/airflow/dags/smart_city_traffic_batch_dag.py
[2026-05-08T04:28:56.338+0000] {processor.py:830} INFO - Processing file /opt/airflow/dags/smart_city_traffic_batch_dag.py for tasks to queue
[2026-05-08T04:28:56.341+0000] {logging_mixin.py:188} INFO - [2026-05-08T04:28:56.341+0000] {dagbag.py:545} INFO - Filling up the DagBag from /opt/airflow/dags/smart_city_traffic_batch_dag.py
[2026-05-08T04:28:57.129+0000] {processor.py:840} INFO - DAG(s) 'smart_city_traffic_batch_dag' retrieved from /opt/airflow/dags/smart_city_traffic_batch_dag.py
[2026-05-08T04:28:57.180+0000] {logging_mixin.py:188} INFO - [2026-05-08T04:28:57.179+0000] {dag.py:3089} INFO - Sync 1 DAGs
[2026-05-08T04:28:57.212+0000] {logging_mixin.py:188} INFO - [2026-05-08T04:28:57.211+0000] {dag.py:3947} INFO - Setting next_dagrun for smart_city_traffic_batch_dag to 2026-05-08 01:00:00+00:00, run_after=2026-05-09 01:00:00+00:00
[2026-05-08T04:28:57.249+0000] {processor.py:183} INFO - Processing /opt/airflow/dags/smart_city_traffic_batch_dag.py took 0.926 seconds
[2026-05-08T04:29:27.701+0000] {processor.py:161} INFO - Started process (PID=970) to work on /opt/airflow/dags/smart_city_traffic_batch_dag.py
[2026-05-08T04:29:27.703+0000] {processor.py:830} INFO - Processing file /opt/airflow/dags/smart_city_traffic_batch_dag.py for tasks to queue
[2026-05-08T04:29:27.706+0000] {logging_mixin.py:188} INFO - [2026-05-08T04:29:27.705+0000] {dagbag.py:545} INFO - Filling up the DagBag from /opt/airflow/dags/smart_city_traffic_batch_dag.py
[2026-05-08T04:29:28.562+0000] {processor.py:840} INFO - DAG(s) 'smart_city_traffic_batch_dag' retrieved from /opt/airflow/dags/smart_city_traffic_batch_dag.py
[2026-05-08T04:29:28.608+0000] {logging_mixin.py:188} INFO - [2026-05-08T04:29:28.608+0000] {dag.py:3089} INFO - Sync 1 DAGs
[2026-05-08T04:29:28.637+0000] {logging_mixin.py:188} INFO - [2026-05-08T04:29:28.637+0000] {dag.py:3947} INFO - Setting next_dagrun for smart_city_traffic_batch_dag to 2026-05-08 01:00:00+00:00, run_after=2026-05-09 01:00:00+00:00
[2026-05-08T04:29:28.666+0000] {processor.py:183} INFO - Processing /opt/airflow/dags/smart_city_traffic_batch_dag.py took 0.974 seconds
[2026-05-08T04:29:59.018+0000] {processor.py:161} INFO - Started process (PID=976) to work on /opt/airflow/dags/smart_city_traffic_batch_dag.py
[2026-05-08T04:29:59.020+0000] {processor.py:830} INFO - Processing file /opt/airflow/dags/smart_city_traffic_batch_dag.py for tasks to queue
[2026-05-08T04:29:59.027+0000] {logging_mixin.py:188} INFO - [2026-05-08T04:29:59.026+0000] {dagbag.py:545} INFO - Filling up the DagBag from /opt/airflow/dags/smart_city_traffic_batch_dag.py
[2026-05-08T04:29:59.934+0000] {processor.py:840} INFO - DAG(s) 'smart_city_traffic_batch_dag' retrieved from /opt/airflow/dags/smart_city_traffic_batch_dag.py
[2026-05-08T04:29:59.982+0000] {logging_mixin.py:188} INFO - [2026-05-08T04:29:59.981+0000] {dag.py:3089} INFO - Sync 1 DAGs
[2026-05-08T04:30:00.021+0000] {logging_mixin.py:188} INFO - [2026-05-08T04:30:00.021+0000] {dag.py:3947} INFO - Setting next_dagrun for smart_city_traffic_batch_dag to 2026-05-08 01:00:00+00:00, run_after=2026-05-09 01:00:00+00:00
[2026-05-08T04:30:00.053+0000] {processor.py:183} INFO - Processing /opt/airflow/dags/smart_city_traffic_batch_dag.py took 1.051 seconds
[2026-05-08T04:30:30.322+0000] {processor.py:161} INFO - Started process (PID=982) to work on /opt/airflow/dags/smart_city_traffic_batch_dag.py
[2026-05-08T04:30:30.324+0000] {processor.py:830} INFO - Processing file /opt/airflow/dags/smart_city_traffic_batch_dag.py for tasks to queue
[2026-05-08T04:30:30.327+0000] {logging_mixin.py:188} INFO - [2026-05-08T04:30:30.327+0000] {dagbag.py:545} INFO - Filling up the DagBag from /opt/airflow/dags/smart_city_traffic_batch_dag.py
[2026-05-08T04:30:31.164+0000] {processor.py:840} INFO - DAG(s) 'smart_city_traffic_batch_dag' retrieved from /opt/airflow/dags/smart_city_traffic_batch_dag.py
[2026-05-08T04:30:31.211+0000] {logging_mixin.py:188} INFO - [2026-05-08T04:30:31.211+0000] {dag.py:3089} INFO - Sync 1 DAGs
[2026-05-08T04:30:31.241+0000] {logging_mixin.py:188} INFO - [2026-05-08T04:30:31.241+0000] {dag.py:3947} INFO - Setting next_dagrun for smart_city_traffic_batch_dag to 2026-05-08 01:00:00+00:00, run_after=2026-05-09 01:00:00+00:00
[2026-05-08T04:30:31.268+0000] {processor.py:183} INFO - Processing /opt/airflow/dags/smart_city_traffic_batch_dag.py took 0.956 seconds
[2026-05-08T04:31:01.611+0000] {processor.py:161} INFO - Started process (PID=988) to work on /opt/airflow/dags/smart_city_traffic_batch_dag.py
[2026-05-08T04:31:01.613+0000] {processor.py:830} INFO - Processing file /opt/airflow/dags/smart_city_traffic_batch_dag.py for tasks to queue
[2026-05-08T04:31:01.617+0000] {logging_mixin.py:188} INFO - [2026-05-08T04:31:01.617+0000] {dagbag.py:545} INFO - Filling up the DagBag from /opt/airflow/dags/smart_city_traffic_batch_dag.py
[2026-05-08T04:31:02.434+0000] {processor.py:840} INFO - DAG(s) 'smart_city_traffic_batch_dag' retrieved from /opt/airflow/dags/smart_city_traffic_batch_dag.py
[2026-05-08T04:31:02.479+0000] {logging_mixin.py:188} INFO - [2026-05-08T04:31:02.479+0000] {dag.py:3089} INFO - Sync 1 DAGs
[2026-05-08T04:31:02.508+0000] {logging_mixin.py:188} INFO - [2026-05-08T04:31:02.508+0000] {dag.py:3947} INFO - Setting next_dagrun for smart_city_traffic_batch_dag to 2026-05-08 01:00:00+00:00, run_after=2026-05-09 01:00:00+00:00
[2026-05-08T04:31:02.534+0000] {processor.py:183} INFO - Processing /opt/airflow/dags/smart_city_traffic_batch_dag.py took 0.935 seconds
[2026-05-08T04:31:32.994+0000] {processor.py:161} INFO - Started process (PID=994) to work on /opt/airflow/dags/smart_city_traffic_batch_dag.py
[2026-05-08T04:31:32.996+0000] {processor.py:830} INFO - Processing file /opt/airflow/dags/smart_city_traffic_batch_dag.py for tasks to queue
[2026-05-08T04:31:33.000+0000] {logging_mixin.py:188} INFO - [2026-05-08T04:31:32.999+0000] {dagbag.py:545} INFO - Filling up the DagBag from /opt/airflow/dags/smart_city_traffic_batch_dag.py
[2026-05-08T04:31:33.813+0000] {processor.py:840} INFO - DAG(s) 'smart_city_traffic_batch_dag' retrieved from /opt/airflow/dags/smart_city_traffic_batch_dag.py
[2026-05-08T04:31:33.859+0000] {logging_mixin.py:188} INFO - [2026-05-08T04:31:33.859+0000] {dag.py:3089} INFO - Sync 1 DAGs
[2026-05-08T04:31:33.892+0000] {logging_mixin.py:188} INFO - [2026-05-08T04:31:33.891+0000] {dag.py:3947} INFO - Setting next_dagrun for smart_city_traffic_batch_dag to 2026-05-08 01:00:00+00:00, run_after=2026-05-09 01:00:00+00:00
[2026-05-08T04:31:33.924+0000] {processor.py:183} INFO - Processing /opt/airflow/dags/smart_city_traffic_batch_dag.py took 0.944 seconds
[2026-05-08T04:32:04.508+0000] {processor.py:161} INFO - Started process (PID=1000) to work on /opt/airflow/dags/smart_city_traffic_batch_dag.py
[2026-05-08T04:32:04.510+0000] {processor.py:830} INFO - Processing file /opt/airflow/dags/smart_city_traffic_batch_dag.py for tasks to queue
[2026-05-08T04:32:04.515+0000] {logging_mixin.py:188} INFO - [2026-05-08T04:32:04.514+0000] {dagbag.py:545} INFO - Filling up the DagBag from /opt/airflow/dags/smart_city_traffic_batch_dag.py
[2026-05-08T04:32:05.440+0000] {processor.py:840} INFO - DAG(s) 'smart_city_traffic_batch_dag' retrieved from /opt/airflow/dags/smart_city_traffic_batch_dag.py
[2026-05-08T04:32:05.496+0000] {logging_mixin.py:188} INFO - [2026-05-08T04:32:05.495+0000] {dag.py:3089} INFO - Sync 1 DAGs
[2026-05-08T04:32:05.532+0000] {logging_mixin.py:188} INFO - [2026-05-08T04:32:05.532+0000] {dag.py:3947} INFO - Setting next_dagrun for smart_city_traffic_batch_dag to 2026-05-08 01:00:00+00:00, run_after=2026-05-09 01:00:00+00:00
[2026-05-08T04:32:05.560+0000] {processor.py:183} INFO - Processing /opt/airflow/dags/smart_city_traffic_batch_dag.py took 1.064 seconds
[2026-05-08T04:32:36.105+0000] {processor.py:161} INFO - Started process (PID=1006) to work on /opt/airflow/dags/smart_city_traffic_batch_dag.py
[2026-05-08T04:32:36.109+0000] {processor.py:830} INFO - Processing file /opt/airflow/dags/smart_city_traffic_batch_dag.py for tasks to queue
[2026-05-08T04:32:36.114+0000] {logging_mixin.py:188} INFO - [2026-05-08T04:32:36.113+0000] {dagbag.py:545} INFO - Filling up the DagBag from /opt/airflow/dags/smart_city_traffic_batch_dag.py
[2026-05-08T04:32:37.029+0000] {processor.py:840} INFO - DAG(s) 'smart_city_traffic_batch_dag' retrieved from /opt/airflow/dags/smart_city_traffic_batch_dag.py
[2026-05-08T04:32:37.085+0000] {logging_mixin.py:188} INFO - [2026-05-08T04:32:37.084+0000] {dag.py:3089} INFO - Sync 1 DAGs
[2026-05-08T04:32:37.117+0000] {logging_mixin.py:188} INFO - [2026-05-08T04:32:37.117+0000] {dag.py:3947} INFO - Setting next_dagrun for smart_city_traffic_batch_dag to 2026-05-08 01:00:00+00:00, run_after=2026-05-09 01:00:00+00:00
[2026-05-08T04:32:37.148+0000] {processor.py:183} INFO - Processing /opt/airflow/dags/smart_city_traffic_batch_dag.py took 1.062 seconds
[2026-05-08T04:33:07.444+0000] {processor.py:161} INFO - Started process (PID=1012) to work on /opt/airflow/dags/smart_city_traffic_batch_dag.py
[2026-05-08T04:33:07.446+0000] {processor.py:830} INFO - Processing file /opt/airflow/dags/smart_city_traffic_batch_dag.py for tasks to queue
[2026-05-08T04:33:07.450+0000] {logging_mixin.py:188} INFO - [2026-05-08T04:33:07.450+0000] {dagbag.py:545} INFO - Filling up the DagBag from /opt/airflow/dags/smart_city_traffic_batch_dag.py
[2026-05-08T04:33:08.325+0000] {processor.py:840} INFO - DAG(s) 'smart_city_traffic_batch_dag' retrieved from /opt/airflow/dags/smart_city_traffic_batch_dag.py
[2026-05-08T04:33:08.373+0000] {logging_mixin.py:188} INFO - [2026-05-08T04:33:08.372+0000] {dag.py:3089} INFO - Sync 1 DAGs
[2026-05-08T04:33:08.404+0000] {logging_mixin.py:188} INFO - [2026-05-08T04:33:08.404+0000] {dag.py:3947} INFO - Setting next_dagrun for smart_city_traffic_batch_dag to 2026-05-08 01:00:00+00:00, run_after=2026-05-09 01:00:00+00:00
[2026-05-08T04:33:08.432+0000] {processor.py:183} INFO - Processing /opt/airflow/dags/smart_city_traffic_batch_dag.py took 1.000 seconds
[2026-05-08T04:33:38.714+0000] {processor.py:161} INFO - Started process (PID=1018) to work on /opt/airflow/dags/smart_city_traffic_batch_dag.py
[2026-05-08T04:33:38.716+0000] {processor.py:830} INFO - Processing file /opt/airflow/dags/smart_city_traffic_batch_dag.py for tasks to queue
[2026-05-08T04:33:38.720+0000] {logging_mixin.py:188} INFO - [2026-05-08T04:33:38.719+0000] {dagbag.py:545} INFO - Filling up the DagBag from /opt/airflow/dags/smart_city_traffic_batch_dag.py
[2026-05-08T04:33:39.537+0000] {processor.py:840} INFO - DAG(s) 'smart_city_traffic_batch_dag' retrieved from /opt/airflow/dags/smart_city_traffic_batch_dag.py
[2026-05-08T04:33:39.579+0000] {logging_mixin.py:188} INFO - [2026-05-08T04:33:39.578+0000] {dag.py:3089} INFO - Sync 1 DAGs
[2026-05-08T04:33:39.609+0000] {logging_mixin.py:188} INFO - [2026-05-08T04:33:39.609+0000] {dag.py:3947} INFO - Setting next_dagrun for smart_city_traffic_batch_dag to 2026-05-08 01:00:00+00:00, run_after=2026-05-09 01:00:00+00:00
[2026-05-08T04:33:39.636+0000] {processor.py:183} INFO - Processing /opt/airflow/dags/smart_city_traffic_batch_dag.py took 0.930 seconds
[2026-05-08T04:34:10.038+0000] {processor.py:161} INFO - Started process (PID=1024) to work on /opt/airflow/dags/smart_city_traffic_batch_dag.py
[2026-05-08T04:34:10.040+0000] {processor.py:830} INFO - Processing file /opt/airflow/dags/smart_city_traffic_batch_dag.py for tasks to queue
[2026-05-08T04:34:10.043+0000] {logging_mixin.py:188} INFO - [2026-05-08T04:34:10.043+0000] {dagbag.py:545} INFO - Filling up the DagBag from /opt/airflow/dags/smart_city_traffic_batch_dag.py
[2026-05-08T04:34:10.843+0000] {processor.py:840} INFO - DAG(s) 'smart_city_traffic_batch_dag' retrieved from /opt/airflow/dags/smart_city_traffic_batch_dag.py
[2026-05-08T04:34:10.889+0000] {logging_mixin.py:188} INFO - [2026-05-08T04:34:10.888+0000] {dag.py:3089} INFO - Sync 1 DAGs
[2026-05-08T04:34:10.922+0000] {logging_mixin.py:188} INFO - [2026-05-08T04:34:10.921+0000] {dag.py:3947} INFO - Setting next_dagrun for smart_city_traffic_batch_dag to 2026-05-08 01:00:00+00:00, run_after=2026-05-09 01:00:00+00:00
[2026-05-08T04:34:10.950+0000] {processor.py:183} INFO - Processing /opt/airflow/dags/smart_city_traffic_batch_dag.py took 0.920 seconds
[2026-05-08T04:34:41.311+0000] {processor.py:161} INFO - Started process (PID=1030) to work on /opt/airflow/dags/smart_city_traffic_batch_dag.py
[2026-05-08T04:34:41.313+0000] {processor.py:830} INFO - Processing file /opt/airflow/dags/smart_city_traffic_batch_dag.py for tasks to queue
[2026-05-08T04:34:41.316+0000] {logging_mixin.py:188} INFO - [2026-05-08T04:34:41.315+0000] {dagbag.py:545} INFO - Filling up the DagBag from /opt/airflow/dags/smart_city_traffic_batch_dag.py
[2026-05-08T04:34:42.041+0000] {processor.py:840} INFO - DAG(s) 'smart_city_traffic_batch_dag' retrieved from /opt/airflow/dags/smart_city_traffic_batch_dag.py
[2026-05-08T04:34:42.085+0000] {logging_mixin.py:188} INFO - [2026-05-08T04:34:42.084+0000] {dag.py:3089} INFO - Sync 1 DAGs
[2026-05-08T04:34:42.118+0000] {logging_mixin.py:188} INFO - [2026-05-08T04:34:42.118+0000] {dag.py:3947} INFO - Setting next_dagrun for smart_city_traffic_batch_dag to 2026-05-08 01:00:00+00:00, run_after=2026-05-09 01:00:00+00:00
[2026-05-08T04:34:42.145+0000] {processor.py:183} INFO - Processing /opt/airflow/dags/smart_city_traffic_batch_dag.py took 0.844 seconds
[2026-05-08T04:35:12.505+0000] {processor.py:161} INFO - Started process (PID=1036) to work on /opt/airflow/dags/smart_city_traffic_batch_dag.py
[2026-05-08T04:35:12.507+0000] {processor.py:830} INFO - Processing file /opt/airflow/dags/smart_city_traffic_batch_dag.py for tasks to queue
[2026-05-08T04:35:12.510+0000] {logging_mixin.py:188} INFO - [2026-05-08T04:35:12.510+0000] {dagbag.py:545} INFO - Filling up the DagBag from /opt/airflow/dags/smart_city_traffic_batch_dag.py
[2026-05-08T04:35:13.392+0000] {processor.py:840} INFO - DAG(s) 'smart_city_traffic_batch_dag' retrieved from /opt/airflow/dags/smart_city_traffic_batch_dag.py
[2026-05-08T04:35:13.442+0000] {logging_mixin.py:188} INFO - [2026-05-08T04:35:13.441+0000] {dag.py:3089} INFO - Sync 1 DAGs
[2026-05-08T04:35:13.476+0000] {logging_mixin.py:188} INFO - [2026-05-08T04:35:13.475+0000] {dag.py:3947} INFO - Setting next_dagrun for smart_city_traffic_batch_dag to 2026-05-08 01:00:00+00:00, run_after=2026-05-09 01:00:00+00:00
[2026-05-08T04:35:13.508+0000] {processor.py:183} INFO - Processing /opt/airflow/dags/smart_city_traffic_batch_dag.py took 1.011 seconds
[2026-05-08T04:35:43.815+0000] {processor.py:161} INFO - Started process (PID=1042) to work on /opt/airflow/dags/smart_city_traffic_batch_dag.py
[2026-05-08T04:35:43.816+0000] {processor.py:830} INFO - Processing file /opt/airflow/dags/smart_city_traffic_batch_dag.py for tasks to queue
[2026-05-08T04:35:43.823+0000] {logging_mixin.py:188} INFO - [2026-05-08T04:35:43.822+0000] {dagbag.py:545} INFO - Filling up the DagBag from /opt/airflow/dags/smart_city_traffic_batch_dag.py
[2026-05-08T04:35:44.684+0000] {processor.py:840} INFO - DAG(s) 'smart_city_traffic_batch_dag' retrieved from /opt/airflow/dags/smart_city_traffic_batch_dag.py
[2026-05-08T04:35:44.731+0000] {logging_mixin.py:188} INFO - [2026-05-08T04:35:44.730+0000] {dag.py:3089} INFO - Sync 1 DAGs
[2026-05-08T04:35:44.758+0000] {logging_mixin.py:188} INFO - [2026-05-08T04:35:44.757+0000] {dag.py:3947} INFO - Setting next_dagrun for smart_city_traffic_batch_dag to 2026-05-08 01:00:00+00:00, run_after=2026-05-09 01:00:00+00:00
[2026-05-08T04:35:44.786+0000] {processor.py:183} INFO - Processing /opt/airflow/dags/smart_city_traffic_batch_dag.py took 0.981 seconds
[2026-05-08T04:36:15.066+0000] {processor.py:161} INFO - Started process (PID=1048) to work on /opt/airflow/dags/smart_city_traffic_batch_dag.py
[2026-05-08T04:36:15.068+0000] {processor.py:830} INFO - Processing file /opt/airflow/dags/smart_city_traffic_batch_dag.py for tasks to queue
[2026-05-08T04:36:15.073+0000] {logging_mixin.py:188} INFO - [2026-05-08T04:36:15.072+0000] {dagbag.py:545} INFO - Filling up the DagBag from /opt/airflow/dags/smart_city_traffic_batch_dag.py
[2026-05-08T04:36:15.901+0000] {processor.py:840} INFO - DAG(s) 'smart_city_traffic_batch_dag' retrieved from /opt/airflow/dags/smart_city_traffic_batch_dag.py
[2026-05-08T04:36:15.951+0000] {logging_mixin.py:188} INFO - [2026-05-08T04:36:15.951+0000] {dag.py:3089} INFO - Sync 1 DAGs
[2026-05-08T04:36:15.989+0000] {logging_mixin.py:188} INFO - [2026-05-08T04:36:15.988+0000] {dag.py:3947} INFO - Setting next_dagrun for smart_city_traffic_batch_dag to 2026-05-08 01:00:00+00:00, run_after=2026-05-09 01:00:00+00:00
[2026-05-08T04:36:16.024+0000] {processor.py:183} INFO - Processing /opt/airflow/dags/smart_city_traffic_batch_dag.py took 0.970 seconds
[2026-05-08T04:36:46.405+0000] {processor.py:161} INFO - Started process (PID=1054) to work on /opt/airflow/dags/smart_city_traffic_batch_dag.py
[2026-05-08T04:36:46.407+0000] {processor.py:830} INFO - Processing file /opt/airflow/dags/smart_city_traffic_batch_dag.py for tasks to queue
[2026-05-08T04:36:46.410+0000] {logging_mixin.py:188} INFO - [2026-05-08T04:36:46.409+0000] {dagbag.py:545} INFO - Filling up the DagBag from /opt/airflow/dags/smart_city_traffic_batch_dag.py
[2026-05-08T04:36:47.432+0000] {processor.py:840} INFO - DAG(s) 'smart_city_traffic_batch_dag' retrieved from /opt/airflow/dags/smart_city_traffic_batch_dag.py
[2026-05-08T04:36:47.479+0000] {logging_mixin.py:188} INFO - [2026-05-08T04:36:47.478+0000] {dag.py:3089} INFO - Sync 1 DAGs
[2026-05-08T04:36:47.510+0000] {logging_mixin.py:188} INFO - [2026-05-08T04:36:47.510+0000] {dag.py:3947} INFO - Setting next_dagrun for smart_city_traffic_batch_dag to 2026-05-08 01:00:00+00:00, run_after=2026-05-09 01:00:00+00:00
[2026-05-08T04:36:47.544+0000] {processor.py:183} INFO - Processing /opt/airflow/dags/smart_city_traffic_batch_dag.py took 1.149 seconds
[2026-05-08T04:37:17.885+0000] {processor.py:161} INFO - Started process (PID=1060) to work on /opt/airflow/dags/smart_city_traffic_batch_dag.py
[2026-05-08T04:37:17.887+0000] {processor.py:830} INFO - Processing file /opt/airflow/dags/smart_city_traffic_batch_dag.py for tasks to queue
[2026-05-08T04:37:17.891+0000] {logging_mixin.py:188} INFO - [2026-05-08T04:37:17.890+0000] {dagbag.py:545} INFO - Filling up the DagBag from /opt/airflow/dags/smart_city_traffic_batch_dag.py
[2026-05-08T04:37:18.766+0000] {processor.py:840} INFO - DAG(s) 'smart_city_traffic_batch_dag' retrieved from /opt/airflow/dags/smart_city_traffic_batch_dag.py
[2026-05-08T04:37:18.815+0000] {logging_mixin.py:188} INFO - [2026-05-08T04:37:18.813+0000] {dag.py:3089} INFO - Sync 1 DAGs
[2026-05-08T04:37:18.850+0000] {logging_mixin.py:188} INFO - [2026-05-08T04:37:18.849+0000] {dag.py:3947} INFO - Setting next_dagrun for smart_city_traffic_batch_dag to 2026-05-08 01:00:00+00:00, run_after=2026-05-09 01:00:00+00:00
[2026-05-08T04:37:18.882+0000] {processor.py:183} INFO - Processing /opt/airflow/dags/smart_city_traffic_batch_dag.py took 1.008 seconds
[2026-05-08T04:37:49.216+0000] {processor.py:161} INFO - Started process (PID=1066) to work on /opt/airflow/dags/smart_city_traffic_batch_dag.py
[2026-05-08T04:37:49.218+0000] {processor.py:830} INFO - Processing file /opt/airflow/dags/smart_city_traffic_batch_dag.py for tasks to queue
[2026-05-08T04:37:49.221+0000] {logging_mixin.py:188} INFO - [2026-05-08T04:37:49.221+0000] {dagbag.py:545} INFO - Filling up the DagBag from /opt/airflow/dags/smart_city_traffic_batch_dag.py
[2026-05-08T04:37:50.149+0000] {processor.py:840} INFO - DAG(s) 'smart_city_traffic_batch_dag' retrieved from /opt/airflow/dags/smart_city_traffic_batch_dag.py
[2026-05-08T04:37:50.191+0000] {logging_mixin.py:188} INFO - [2026-05-08T04:37:50.190+0000] {dag.py:3089} INFO - Sync 1 DAGs
[2026-05-08T04:37:50.226+0000] {logging_mixin.py:188} INFO - [2026-05-08T04:37:50.225+0000] {dag.py:3947} INFO - Setting next_dagrun for smart_city_traffic_batch_dag to 2026-05-08 01:00:00+00:00, run_after=2026-05-09 01:00:00+00:00
[2026-05-08T04:37:50.252+0000] {processor.py:183} INFO - Processing /opt/airflow/dags/smart_city_traffic_batch_dag.py took 1.045 seconds
[2026-05-08T04:38:20.548+0000] {processor.py:161} INFO - Started process (PID=1072) to work on /opt/airflow/dags/smart_city_traffic_batch_dag.py
[2026-05-08T04:38:20.550+0000] {processor.py:830} INFO - Processing file /opt/airflow/dags/smart_city_traffic_batch_dag.py for tasks to queue
[2026-05-08T04:38:20.553+0000] {logging_mixin.py:188} INFO - [2026-05-08T04:38:20.553+0000] {dagbag.py:545} INFO - Filling up the DagBag from /opt/airflow/dags/smart_city_traffic_batch_dag.py
[2026-05-08T04:38:21.417+0000] {processor.py:840} INFO - DAG(s) 'smart_city_traffic_batch_dag' retrieved from /opt/airflow/dags/smart_city_traffic_batch_dag.py
[2026-05-08T04:38:21.461+0000] {logging_mixin.py:188} INFO - [2026-05-08T04:38:21.460+0000] {dag.py:3089} INFO - Sync 1 DAGs
[2026-05-08T04:38:21.494+0000] {logging_mixin.py:188} INFO - [2026-05-08T04:38:21.493+0000] {dag.py:3947} INFO - Setting next_dagrun for smart_city_traffic_batch_dag to 2026-05-08 01:00:00+00:00, run_after=2026-05-09 01:00:00+00:00
[2026-05-08T04:38:21.541+0000] {processor.py:183} INFO - Processing /opt/airflow/dags/smart_city_traffic_batch_dag.py took 1.003 seconds
[2026-05-08T04:38:52.100+0000] {processor.py:161} INFO - Started process (PID=1078) to work on /opt/airflow/dags/smart_city_traffic_batch_dag.py
[2026-05-08T04:38:52.102+0000] {processor.py:830} INFO - Processing file /opt/airflow/dags/smart_city_traffic_batch_dag.py for tasks to queue
[2026-05-08T04:38:52.105+0000] {logging_mixin.py:188} INFO - [2026-05-08T04:38:52.105+0000] {dagbag.py:545} INFO - Filling up the DagBag from /opt/airflow/dags/smart_city_traffic_batch_dag.py
[2026-05-08T04:38:52.981+0000] {processor.py:840} INFO - DAG(s) 'smart_city_traffic_batch_dag' retrieved from /opt/airflow/dags/smart_city_traffic_batch_dag.py
[2026-05-08T04:38:53.025+0000] {logging_mixin.py:188} INFO - [2026-05-08T04:38:53.024+0000] {dag.py:3089} INFO - Sync 1 DAGs
[2026-05-08T04:38:53.058+0000] {logging_mixin.py:188} INFO - [2026-05-08T04:38:53.058+0000] {dag.py:3947} INFO - Setting next_dagrun for smart_city_traffic_batch_dag to 2026-05-08 01:00:00+00:00, run_after=2026-05-09 01:00:00+00:00
[2026-05-08T04:38:53.088+0000] {processor.py:183} INFO - Processing /opt/airflow/dags/smart_city_traffic_batch_dag.py took 0.999 seconds
[2026-05-08T04:39:23.498+0000] {processor.py:161} INFO - Started process (PID=1084) to work on /opt/airflow/dags/smart_city_traffic_batch_dag.py
[2026-05-08T04:39:23.501+0000] {processor.py:830} INFO - Processing file /opt/airflow/dags/smart_city_traffic_batch_dag.py for tasks to queue
[2026-05-08T04:39:23.505+0000] {logging_mixin.py:188} INFO - [2026-05-08T04:39:23.504+0000] {dagbag.py:545} INFO - Filling up the DagBag from /opt/airflow/dags/smart_city_traffic_batch_dag.py
[2026-05-08T04:39:24.380+0000] {processor.py:840} INFO - DAG(s) 'smart_city_traffic_batch_dag' retrieved from /opt/airflow/dags/smart_city_traffic_batch_dag.py
[2026-05-08T04:39:24.434+0000] {logging_mixin.py:188} INFO - [2026-05-08T04:39:24.433+0000] {dag.py:3089} INFO - Sync 1 DAGs
[2026-05-08T04:39:24.469+0000] {logging_mixin.py:188} INFO - [2026-05-08T04:39:24.469+0000] {dag.py:3947} INFO - Setting next_dagrun for smart_city_traffic_batch_dag to 2026-05-08 01:00:00+00:00, run_after=2026-05-09 01:00:00+00:00
[2026-05-08T04:39:24.497+0000] {processor.py:183} INFO - Processing /opt/airflow/dags/smart_city_traffic_batch_dag.py took 1.010 seconds
[2026-05-08T04:39:54.771+0000] {processor.py:161} INFO - Started process (PID=1090) to work on /opt/airflow/dags/smart_city_traffic_batch_dag.py
[2026-05-08T04:39:54.773+0000] {processor.py:830} INFO - Processing file /opt/airflow/dags/smart_city_traffic_batch_dag.py for tasks to queue
[2026-05-08T04:39:54.777+0000] {logging_mixin.py:188} INFO - [2026-05-08T04:39:54.777+0000] {dagbag.py:545} INFO - Filling up the DagBag from /opt/airflow/dags/smart_city_traffic_batch_dag.py
[2026-05-08T04:39:55.661+0000] {processor.py:840} INFO - DAG(s) 'smart_city_traffic_batch_dag' retrieved from /opt/airflow/dags/smart_city_traffic_batch_dag.py
[2026-05-08T04:39:55.705+0000] {logging_mixin.py:188} INFO - [2026-05-08T04:39:55.704+0000] {dag.py:3089} INFO - Sync 1 DAGs
[2026-05-08T04:39:55.735+0000] {logging_mixin.py:188} INFO - [2026-05-08T04:39:55.735+0000] {dag.py:3947} INFO - Setting next_dagrun for smart_city_traffic_batch_dag to 2026-05-08 01:00:00+00:00, run_after=2026-05-09 01:00:00+00:00
[2026-05-08T04:39:55.764+0000] {processor.py:183} INFO - Processing /opt/airflow/dags/smart_city_traffic_batch_dag.py took 1.002 seconds
[2026-05-08T04:40:26.158+0000] {processor.py:161} INFO - Started process (PID=1096) to work on /opt/airflow/dags/smart_city_traffic_batch_dag.py
[2026-05-08T04:40:26.160+0000] {processor.py:830} INFO - Processing file /opt/airflow/dags/smart_city_traffic_batch_dag.py for tasks to queue
[2026-05-08T04:40:26.163+0000] {logging_mixin.py:188} INFO - [2026-05-08T04:40:26.163+0000] {dagbag.py:545} INFO - Filling up the DagBag from /opt/airflow/dags/smart_city_traffic_batch_dag.py
[2026-05-08T04:40:27.172+0000] {processor.py:840} INFO - DAG(s) 'smart_city_traffic_batch_dag' retrieved from /opt/airflow/dags/smart_city_traffic_batch_dag.py
[2026-05-08T04:40:27.215+0000] {logging_mixin.py:188} INFO - [2026-05-08T04:40:27.214+0000] {dag.py:3089} INFO - Sync 1 DAGs
[2026-05-08T04:40:27.243+0000] {logging_mixin.py:188} INFO - [2026-05-08T04:40:27.243+0000] {dag.py:3947} INFO - Setting next_dagrun for smart_city_traffic_batch_dag to 2026-05-08 01:00:00+00:00, run_after=2026-05-09 01:00:00+00:00
[2026-05-08T04:40:27.270+0000] {processor.py:183} INFO - Processing /opt/airflow/dags/smart_city_traffic_batch_dag.py took 1.123 seconds
[2026-05-08T04:40:57.551+0000] {processor.py:161} INFO - Started process (PID=1102) to work on /opt/airflow/dags/smart_city_traffic_batch_dag.py
[2026-05-08T04:40:57.553+0000] {processor.py:830} INFO - Processing file /opt/airflow/dags/smart_city_traffic_batch_dag.py for tasks to queue
[2026-05-08T04:40:57.557+0000] {logging_mixin.py:188} INFO - [2026-05-08T04:40:57.556+0000] {dagbag.py:545} INFO - Filling up the DagBag from /opt/airflow/dags/smart_city_traffic_batch_dag.py
[2026-05-08T04:40:58.404+0000] {processor.py:840} INFO - DAG(s) 'smart_city_traffic_batch_dag' retrieved from /opt/airflow/dags/smart_city_traffic_batch_dag.py
[2026-05-08T04:40:58.460+0000] {logging_mixin.py:188} INFO - [2026-05-08T04:40:58.458+0000] {dag.py:3089} INFO - Sync 1 DAGs
[2026-05-08T04:40:58.501+0000] {logging_mixin.py:188} INFO - [2026-05-08T04:40:58.501+0000] {dag.py:3947} INFO - Setting next_dagrun for smart_city_traffic_batch_dag to 2026-05-08 01:00:00+00:00, run_after=2026-05-09 01:00:00+00:00
[2026-05-08T04:40:58.537+0000] {processor.py:183} INFO - Processing /opt/airflow/dags/smart_city_traffic_batch_dag.py took 0.994 seconds
[2026-05-08T04:41:28.944+0000] {processor.py:161} INFO - Started process (PID=1108) to work on /opt/airflow/dags/smart_city_traffic_batch_dag.py
[2026-05-08T04:41:28.946+0000] {processor.py:830} INFO - Processing file /opt/airflow/dags/smart_city_traffic_batch_dag.py for tasks to queue
[2026-05-08T04:41:28.950+0000] {logging_mixin.py:188} INFO - [2026-05-08T04:41:28.949+0000] {dagbag.py:545} INFO - Filling up the DagBag from /opt/airflow/dags/smart_city_traffic_batch_dag.py
[2026-05-08T04:41:29.803+0000] {processor.py:840} INFO - DAG(s) 'smart_city_traffic_batch_dag' retrieved from /opt/airflow/dags/smart_city_traffic_batch_dag.py
[2026-05-08T04:41:29.852+0000] {logging_mixin.py:188} INFO - [2026-05-08T04:41:29.851+0000] {dag.py:3089} INFO - Sync 1 DAGs
[2026-05-08T04:41:29.880+0000] {logging_mixin.py:188} INFO - [2026-05-08T04:41:29.880+0000] {dag.py:3947} INFO - Setting next_dagrun for smart_city_traffic_batch_dag to 2026-05-08 01:00:00+00:00, run_after=2026-05-09 01:00:00+00:00
[2026-05-08T04:41:29.907+0000] {processor.py:183} INFO - Processing /opt/airflow/dags/smart_city_traffic_batch_dag.py took 0.975 seconds
[2026-05-08T04:42:00.176+0000] {processor.py:161} INFO - Started process (PID=1114) to work on /opt/airflow/dags/smart_city_traffic_batch_dag.py
[2026-05-08T04:42:00.178+0000] {processor.py:830} INFO - Processing file /opt/airflow/dags/smart_city_traffic_batch_dag.py for tasks to queue
[2026-05-08T04:42:00.182+0000] {logging_mixin.py:188} INFO - [2026-05-08T04:42:00.181+0000] {dagbag.py:545} INFO - Filling up the DagBag from /opt/airflow/dags/smart_city_traffic_batch_dag.py
[2026-05-08T04:42:00.949+0000] {processor.py:840} INFO - DAG(s) 'smart_city_traffic_batch_dag' retrieved from /opt/airflow/dags/smart_city_traffic_batch_dag.py
[2026-05-08T04:42:00.992+0000] {logging_mixin.py:188} INFO - [2026-05-08T04:42:00.991+0000] {dag.py:3089} INFO - Sync 1 DAGs
[2026-05-08T04:42:01.020+0000] {logging_mixin.py:188} INFO - [2026-05-08T04:42:01.020+0000] {dag.py:3947} INFO - Setting next_dagrun for smart_city_traffic_batch_dag to 2026-05-08 01:00:00+00:00, run_after=2026-05-09 01:00:00+00:00
[2026-05-08T04:42:01.048+0000] {processor.py:183} INFO - Processing /opt/airflow/dags/smart_city_traffic_batch_dag.py took 0.885 seconds
[2026-05-08T04:42:31.398+0000] {processor.py:161} INFO - Started process (PID=1120) to work on /opt/airflow/dags/smart_city_traffic_batch_dag.py
[2026-05-08T04:42:31.400+0000] {processor.py:830} INFO - Processing file /opt/airflow/dags/smart_city_traffic_batch_dag.py for tasks to queue
[2026-05-08T04:42:31.404+0000] {logging_mixin.py:188} INFO - [2026-05-08T04:42:31.403+0000] {dagbag.py:545} INFO - Filling up the DagBag from /opt/airflow/dags/smart_city_traffic_batch_dag.py
[2026-05-08T04:42:32.207+0000] {processor.py:840} INFO - DAG(s) 'smart_city_traffic_batch_dag' retrieved from /opt/airflow/dags/smart_city_traffic_batch_dag.py
[2026-05-08T04:42:32.255+0000] {logging_mixin.py:188} INFO - [2026-05-08T04:42:32.254+0000] {dag.py:3089} INFO - Sync 1 DAGs
[2026-05-08T04:42:32.285+0000] {logging_mixin.py:188} INFO - [2026-05-08T04:42:32.285+0000] {dag.py:3947} INFO - Setting next_dagrun for smart_city_traffic_batch_dag to 2026-05-08 01:00:00+00:00, run_after=2026-05-09 01:00:00+00:00
[2026-05-08T04:42:32.314+0000] {processor.py:183} INFO - Processing /opt/airflow/dags/smart_city_traffic_batch_dag.py took 0.927 seconds
[2026-05-08T04:43:02.671+0000] {processor.py:161} INFO - Started process (PID=1126) to work on /opt/airflow/dags/smart_city_traffic_batch_dag.py
[2026-05-08T04:43:02.673+0000] {processor.py:830} INFO - Processing file /opt/airflow/dags/smart_city_traffic_batch_dag.py for tasks to queue
[2026-05-08T04:43:02.676+0000] {logging_mixin.py:188} INFO - [2026-05-08T04:43:02.676+0000] {dagbag.py:545} INFO - Filling up the DagBag from /opt/airflow/dags/smart_city_traffic_batch_dag.py
[2026-05-08T04:43:03.618+0000] {processor.py:840} INFO - DAG(s) 'smart_city_traffic_batch_dag' retrieved from /opt/airflow/dags/smart_city_traffic_batch_dag.py
[2026-05-08T04:43:03.665+0000] {logging_mixin.py:188} INFO - [2026-05-08T04:43:03.664+0000] {dag.py:3089} INFO - Sync 1 DAGs
[2026-05-08T04:43:03.698+0000] {logging_mixin.py:188} INFO - [2026-05-08T04:43:03.698+0000] {dag.py:3947} INFO - Setting next_dagrun for smart_city_traffic_batch_dag to 2026-05-08 01:00:00+00:00, run_after=2026-05-09 01:00:00+00:00
[2026-05-08T04:43:03.729+0000] {processor.py:183} INFO - Processing /opt/airflow/dags/smart_city_traffic_batch_dag.py took 1.066 seconds
[2026-05-08T04:43:34.028+0000] {processor.py:161} INFO - Started process (PID=1132) to work on /opt/airflow/dags/smart_city_traffic_batch_dag.py
[2026-05-08T04:43:34.031+0000] {processor.py:830} INFO - Processing file /opt/airflow/dags/smart_city_traffic_batch_dag.py for tasks to queue
[2026-05-08T04:43:34.036+0000] {logging_mixin.py:188} INFO - [2026-05-08T04:43:34.035+0000] {dagbag.py:545} INFO - Filling up the DagBag from /opt/airflow/dags/smart_city_traffic_batch_dag.py
[2026-05-08T04:43:34.939+0000] {processor.py:840} INFO - DAG(s) 'smart_city_traffic_batch_dag' retrieved from /opt/airflow/dags/smart_city_traffic_batch_dag.py
[2026-05-08T04:43:34.990+0000] {logging_mixin.py:188} INFO - [2026-05-08T04:43:34.989+0000] {dag.py:3089} INFO - Sync 1 DAGs
[2026-05-08T04:43:35.023+0000] {logging_mixin.py:188} INFO - [2026-05-08T04:43:35.023+0000] {dag.py:3947} INFO - Setting next_dagrun for smart_city_traffic_batch_dag to 2026-05-08 01:00:00+00:00, run_after=2026-05-09 01:00:00+00:00
[2026-05-08T04:43:35.051+0000] {processor.py:183} INFO - Processing /opt/airflow/dags/smart_city_traffic_batch_dag.py took 1.038 seconds
[2026-05-08T04:44:05.303+0000] {processor.py:161} INFO - Started process (PID=1138) to work on /opt/airflow/dags/smart_city_traffic_batch_dag.py
[2026-05-08T04:44:05.306+0000] {processor.py:830} INFO - Processing file /opt/airflow/dags/smart_city_traffic_batch_dag.py for tasks to queue
[2026-05-08T04:44:05.311+0000] {logging_mixin.py:188} INFO - [2026-05-08T04:44:05.310+0000] {dagbag.py:545} INFO - Filling up the DagBag from /opt/airflow/dags/smart_city_traffic_batch_dag.py
[2026-05-08T04:44:06.147+0000] {processor.py:840} INFO - DAG(s) 'smart_city_traffic_batch_dag' retrieved from /opt/airflow/dags/smart_city_traffic_batch_dag.py
[2026-05-08T04:44:06.203+0000] {logging_mixin.py:188} INFO - [2026-05-08T04:44:06.202+0000] {dag.py:3089} INFO - Sync 1 DAGs
[2026-05-08T04:44:06.235+0000] {logging_mixin.py:188} INFO - [2026-05-08T04:44:06.234+0000] {dag.py:3947} INFO - Setting next_dagrun for smart_city_traffic_batch_dag to 2026-05-08 01:00:00+00:00, run_after=2026-05-09 01:00:00+00:00
[2026-05-08T04:44:06.264+0000] {processor.py:183} INFO - Processing /opt/airflow/dags/smart_city_traffic_batch_dag.py took 0.976 seconds
[2026-05-08T04:44:36.763+0000] {processor.py:161} INFO - Started process (PID=1144) to work on /opt/airflow/dags/smart_city_traffic_batch_dag.py
[2026-05-08T04:44:36.766+0000] {processor.py:830} INFO - Processing file /opt/airflow/dags/smart_city_traffic_batch_dag.py for tasks to queue
[2026-05-08T04:44:36.770+0000] {logging_mixin.py:188} INFO - [2026-05-08T04:44:36.769+0000] {dagbag.py:545} INFO - Filling up the DagBag from /opt/airflow/dags/smart_city_traffic_batch_dag.py
[2026-05-08T04:44:37.579+0000] {processor.py:840} INFO - DAG(s) 'smart_city_traffic_batch_dag' retrieved from /opt/airflow/dags/smart_city_traffic_batch_dag.py
[2026-05-08T04:44:37.619+0000] {logging_mixin.py:188} INFO - [2026-05-08T04:44:37.619+0000] {dag.py:3089} INFO - Sync 1 DAGs
[2026-05-08T04:44:37.649+0000] {logging_mixin.py:188} INFO - [2026-05-08T04:44:37.649+0000] {dag.py:3947} INFO - Setting next_dagrun for smart_city_traffic_batch_dag to 2026-05-08 01:00:00+00:00, run_after=2026-05-09 01:00:00+00:00
[2026-05-08T04:44:37.675+0000] {processor.py:183} INFO - Processing /opt/airflow/dags/smart_city_traffic_batch_dag.py took 0.924 seconds
[2026-05-08T04:45:08.048+0000] {processor.py:161} INFO - Started process (PID=1150) to work on /opt/airflow/dags/smart_city_traffic_batch_dag.py
[2026-05-08T04:45:08.050+0000] {processor.py:830} INFO - Processing file /opt/airflow/dags/smart_city_traffic_batch_dag.py for tasks to queue
[2026-05-08T04:45:08.053+0000] {logging_mixin.py:188} INFO - [2026-05-08T04:45:08.053+0000] {dagbag.py:545} INFO - Filling up the DagBag from /opt/airflow/dags/smart_city_traffic_batch_dag.py
[2026-05-08T04:45:08.811+0000] {processor.py:840} INFO - DAG(s) 'smart_city_traffic_batch_dag' retrieved from /opt/airflow/dags/smart_city_traffic_batch_dag.py
[2026-05-08T04:45:08.859+0000] {logging_mixin.py:188} INFO - [2026-05-08T04:45:08.858+0000] {dag.py:3089} INFO - Sync 1 DAGs
[2026-05-08T04:45:08.889+0000] {logging_mixin.py:188} INFO - [2026-05-08T04:45:08.889+0000] {dag.py:3947} INFO - Setting next_dagrun for smart_city_traffic_batch_dag to 2026-05-08 01:00:00+00:00, run_after=2026-05-09 01:00:00+00:00
[2026-05-08T04:45:08.918+0000] {processor.py:183} INFO - Processing /opt/airflow/dags/smart_city_traffic_batch_dag.py took 0.878 seconds
[2026-05-08T04:45:39.288+0000] {processor.py:161} INFO - Started process (PID=1156) to work on /opt/airflow/dags/smart_city_traffic_batch_dag.py
[2026-05-08T04:45:39.291+0000] {processor.py:830} INFO - Processing file /opt/airflow/dags/smart_city_traffic_batch_dag.py for tasks to queue
[2026-05-08T04:45:39.295+0000] {logging_mixin.py:188} INFO - [2026-05-08T04:45:39.294+0000] {dagbag.py:545} INFO - Filling up the DagBag from /opt/airflow/dags/smart_city_traffic_batch_dag.py
[2026-05-08T04:45:40.085+0000] {processor.py:840} INFO - DAG(s) 'smart_city_traffic_batch_dag' retrieved from /opt/airflow/dags/smart_city_traffic_batch_dag.py
[2026-05-08T04:45:40.132+0000] {logging_mixin.py:188} INFO - [2026-05-08T04:45:40.132+0000] {dag.py:3089} INFO - Sync 1 DAGs
[2026-05-08T04:45:40.167+0000] {logging_mixin.py:188} INFO - [2026-05-08T04:45:40.167+0000] {dag.py:3947} INFO - Setting next_dagrun for smart_city_traffic_batch_dag to 2026-05-08 01:00:00+00:00, run_after=2026-05-09 01:00:00+00:00
[2026-05-08T04:45:40.199+0000] {processor.py:183} INFO - Processing /opt/airflow/dags/smart_city_traffic_batch_dag.py took 0.938 seconds
[2026-05-08T04:46:10.535+0000] {processor.py:161} INFO - Started process (PID=1162) to work on /opt/airflow/dags/smart_city_traffic_batch_dag.py
[2026-05-08T04:46:10.537+0000] {processor.py:830} INFO - Processing file /opt/airflow/dags/smart_city_traffic_batch_dag.py for tasks to queue
[2026-05-08T04:46:10.541+0000] {logging_mixin.py:188} INFO - [2026-05-08T04:46:10.540+0000] {dagbag.py:545} INFO - Filling up the DagBag from /opt/airflow/dags/smart_city_traffic_batch_dag.py
[2026-05-08T04:46:11.460+0000] {processor.py:840} INFO - DAG(s) 'smart_city_traffic_batch_dag' retrieved from /opt/airflow/dags/smart_city_traffic_batch_dag.py
[2026-05-08T04:46:11.502+0000] {logging_mixin.py:188} INFO - [2026-05-08T04:46:11.502+0000] {dag.py:3089} INFO - Sync 1 DAGs
[2026-05-08T04:46:11.532+0000] {logging_mixin.py:188} INFO - [2026-05-08T04:46:11.531+0000] {dag.py:3947} INFO - Setting next_dagrun for smart_city_traffic_batch_dag to 2026-05-08 01:00:00+00:00, run_after=2026-05-09 01:00:00+00:00
[2026-05-08T04:46:11.560+0000] {processor.py:183} INFO - Processing /opt/airflow/dags/smart_city_traffic_batch_dag.py took 1.038 seconds
[2026-05-08T04:46:41.933+0000] {processor.py:161} INFO - Started process (PID=1168) to work on /opt/airflow/dags/smart_city_traffic_batch_dag.py
[2026-05-08T04:46:41.935+0000] {processor.py:830} INFO - Processing file /opt/airflow/dags/smart_city_traffic_batch_dag.py for tasks to queue
[2026-05-08T04:46:41.938+0000] {logging_mixin.py:188} INFO - [2026-05-08T04:46:41.937+0000] {dagbag.py:545} INFO - Filling up the DagBag from /opt/airflow/dags/smart_city_traffic_batch_dag.py
[2026-05-08T04:46:42.757+0000] {processor.py:840} INFO - DAG(s) 'smart_city_traffic_batch_dag' retrieved from /opt/airflow/dags/smart_city_traffic_batch_dag.py
[2026-05-08T04:46:42.803+0000] {logging_mixin.py:188} INFO - [2026-05-08T04:46:42.802+0000] {dag.py:3089} INFO - Sync 1 DAGs
[2026-05-08T04:46:42.837+0000] {logging_mixin.py:188} INFO - [2026-05-08T04:46:42.837+0000] {dag.py:3947} INFO - Setting next_dagrun for smart_city_traffic_batch_dag to 2026-05-08 01:00:00+00:00, run_after=2026-05-09 01:00:00+00:00
[2026-05-08T04:46:42.867+0000] {processor.py:183} INFO - Processing /opt/airflow/dags/smart_city_traffic_batch_dag.py took 0.951 seconds
[2026-05-08T04:47:13.306+0000] {processor.py:161} INFO - Started process (PID=1174) to work on /opt/airflow/dags/smart_city_traffic_batch_dag.py
[2026-05-08T04:47:13.309+0000] {processor.py:830} INFO - Processing file /opt/airflow/dags/smart_city_traffic_batch_dag.py for tasks to queue
[2026-05-08T04:47:13.312+0000] {logging_mixin.py:188} INFO - [2026-05-08T04:47:13.312+0000] {dagbag.py:545} INFO - Filling up the DagBag from /opt/airflow/dags/smart_city_traffic_batch_dag.py
[2026-05-08T04:47:14.183+0000] {processor.py:840} INFO - DAG(s) 'smart_city_traffic_batch_dag' retrieved from /opt/airflow/dags/smart_city_traffic_batch_dag.py
[2026-05-08T04:47:14.237+0000] {logging_mixin.py:188} INFO - [2026-05-08T04:47:14.236+0000] {dag.py:3089} INFO - Sync 1 DAGs
[2026-05-08T04:47:14.273+0000] {logging_mixin.py:188} INFO - [2026-05-08T04:47:14.273+0000] {dag.py:3947} INFO - Setting next_dagrun for smart_city_traffic_batch_dag to 2026-05-08 01:00:00+00:00, run_after=2026-05-09 01:00:00+00:00
[2026-05-08T04:47:14.305+0000] {processor.py:183} INFO - Processing /opt/airflow/dags/smart_city_traffic_batch_dag.py took 1.010 seconds
[2026-05-08T04:47:44.666+0000] {processor.py:161} INFO - Started process (PID=1180) to work on /opt/airflow/dags/smart_city_traffic_batch_dag.py
[2026-05-08T04:47:44.668+0000] {processor.py:830} INFO - Processing file /opt/airflow/dags/smart_city_traffic_batch_dag.py for tasks to queue
[2026-05-08T04:47:44.671+0000] {logging_mixin.py:188} INFO - [2026-05-08T04:47:44.670+0000] {dagbag.py:545} INFO - Filling up the DagBag from /opt/airflow/dags/smart_city_traffic_batch_dag.py
[2026-05-08T04:47:45.434+0000] {processor.py:840} INFO - DAG(s) 'smart_city_traffic_batch_dag' retrieved from /opt/airflow/dags/smart_city_traffic_batch_dag.py
[2026-05-08T04:47:45.484+0000] {logging_mixin.py:188} INFO - [2026-05-08T04:47:45.484+0000] {dag.py:3089} INFO - Sync 1 DAGs
[2026-05-08T04:47:45.511+0000] {logging_mixin.py:188} INFO - [2026-05-08T04:47:45.511+0000] {dag.py:3947} INFO - Setting next_dagrun for smart_city_traffic_batch_dag to 2026-05-08 01:00:00+00:00, run_after=2026-05-09 01:00:00+00:00
[2026-05-08T04:47:45.537+0000] {processor.py:183} INFO - Processing /opt/airflow/dags/smart_city_traffic_batch_dag.py took 0.881 seconds
[2026-05-08T04:48:15.961+0000] {processor.py:161} INFO - Started process (PID=1186) to work on /opt/airflow/dags/smart_city_traffic_batch_dag.py
[2026-05-08T04:48:15.965+0000] {processor.py:830} INFO - Processing file /opt/airflow/dags/smart_city_traffic_batch_dag.py for tasks to queue
[2026-05-08T04:48:15.969+0000] {logging_mixin.py:188} INFO - [2026-05-08T04:48:15.969+0000] {dagbag.py:545} INFO - Filling up the DagBag from /opt/airflow/dags/smart_city_traffic_batch_dag.py
[2026-05-08T04:48:17.518+0000] {processor.py:840} INFO - DAG(s) 'smart_city_traffic_batch_dag' retrieved from /opt/airflow/dags/smart_city_traffic_batch_dag.py
[2026-05-08T04:48:17.606+0000] {logging_mixin.py:188} INFO - [2026-05-08T04:48:17.605+0000] {dag.py:3089} INFO - Sync 1 DAGs
[2026-05-08T04:48:17.669+0000] {logging_mixin.py:188} INFO - [2026-05-08T04:48:17.669+0000] {dag.py:3947} INFO - Setting next_dagrun for smart_city_traffic_batch_dag to 2026-05-08 01:00:00+00:00, run_after=2026-05-09 01:00:00+00:00
[2026-05-08T04:48:17.730+0000] {processor.py:183} INFO - Processing /opt/airflow/dags/smart_city_traffic_batch_dag.py took 1.783 seconds
[2026-05-08T04:48:48.159+0000] {processor.py:161} INFO - Started process (PID=1192) to work on /opt/airflow/dags/smart_city_traffic_batch_dag.py
[2026-05-08T04:48:48.162+0000] {processor.py:830} INFO - Processing file /opt/airflow/dags/smart_city_traffic_batch_dag.py for tasks to queue
[2026-05-08T04:48:48.170+0000] {logging_mixin.py:188} INFO - [2026-05-08T04:48:48.167+0000] {dagbag.py:545} INFO - Filling up the DagBag from /opt/airflow/dags/smart_city_traffic_batch_dag.py
[2026-05-08T04:48:49.263+0000] {processor.py:840} INFO - DAG(s) 'smart_city_traffic_batch_dag' retrieved from /opt/airflow/dags/smart_city_traffic_batch_dag.py
[2026-05-08T04:48:49.315+0000] {logging_mixin.py:188} INFO - [2026-05-08T04:48:49.314+0000] {dag.py:3089} INFO - Sync 1 DAGs
[2026-05-08T04:48:49.352+0000] {logging_mixin.py:188} INFO - [2026-05-08T04:48:49.352+0000] {dag.py:3947} INFO - Setting next_dagrun for smart_city_traffic_batch_dag to 2026-05-08 01:00:00+00:00, run_after=2026-05-09 01:00:00+00:00
[2026-05-08T04:48:49.388+0000] {processor.py:183} INFO - Processing /opt/airflow/dags/smart_city_traffic_batch_dag.py took 1.244 seconds
[2026-05-08T04:49:19.761+0000] {processor.py:161} INFO - Started process (PID=1198) to work on /opt/airflow/dags/smart_city_traffic_batch_dag.py
[2026-05-08T04:49:19.763+0000] {processor.py:830} INFO - Processing file /opt/airflow/dags/smart_city_traffic_batch_dag.py for tasks to queue
[2026-05-08T04:49:19.767+0000] {logging_mixin.py:188} INFO - [2026-05-08T04:49:19.767+0000] {dagbag.py:545} INFO - Filling up the DagBag from /opt/airflow/dags/smart_city_traffic_batch_dag.py
[2026-05-08T04:49:20.788+0000] {processor.py:840} INFO - DAG(s) 'smart_city_traffic_batch_dag' retrieved from /opt/airflow/dags/smart_city_traffic_batch_dag.py
[2026-05-08T04:49:20.848+0000] {logging_mixin.py:188} INFO - [2026-05-08T04:49:20.847+0000] {dag.py:3089} INFO - Sync 1 DAGs
[2026-05-08T04:49:20.887+0000] {logging_mixin.py:188} INFO - [2026-05-08T04:49:20.886+0000] {dag.py:3947} INFO - Setting next_dagrun for smart_city_traffic_batch_dag to 2026-05-08 01:00:00+00:00, run_after=2026-05-09 01:00:00+00:00
[2026-05-08T04:49:20.918+0000] {processor.py:183} INFO - Processing /opt/airflow/dags/smart_city_traffic_batch_dag.py took 1.171 seconds
[2026-05-08T04:49:51.068+0000] {processor.py:161} INFO - Started process (PID=1204) to work on /opt/airflow/dags/smart_city_traffic_batch_dag.py
[2026-05-08T04:49:51.070+0000] {processor.py:830} INFO - Processing file /opt/airflow/dags/smart_city_traffic_batch_dag.py for tasks to queue
[2026-05-08T04:49:51.075+0000] {logging_mixin.py:188} INFO - [2026-05-08T04:49:51.074+0000] {dagbag.py:545} INFO - Filling up the DagBag from /opt/airflow/dags/smart_city_traffic_batch_dag.py
[2026-05-08T04:49:52.119+0000] {processor.py:840} INFO - DAG(s) 'smart_city_traffic_batch_dag' retrieved from /opt/airflow/dags/smart_city_traffic_batch_dag.py
[2026-05-08T04:49:52.177+0000] {logging_mixin.py:188} INFO - [2026-05-08T04:49:52.176+0000] {dag.py:3089} INFO - Sync 1 DAGs
[2026-05-08T04:49:52.219+0000] {logging_mixin.py:188} INFO - [2026-05-08T04:49:52.218+0000] {dag.py:3947} INFO - Setting next_dagrun for smart_city_traffic_batch_dag to 2026-05-08 01:00:00+00:00, run_after=2026-05-09 01:00:00+00:00
[2026-05-08T04:49:52.256+0000] {processor.py:183} INFO - Processing /opt/airflow/dags/smart_city_traffic_batch_dag.py took 1.204 seconds
[2026-05-08T04:50:22.584+0000] {processor.py:161} INFO - Started process (PID=1210) to work on /opt/airflow/dags/smart_city_traffic_batch_dag.py
[2026-05-08T04:50:22.586+0000] {processor.py:830} INFO - Processing file /opt/airflow/dags/smart_city_traffic_batch_dag.py for tasks to queue
[2026-05-08T04:50:22.590+0000] {logging_mixin.py:188} INFO - [2026-05-08T04:50:22.590+0000] {dagbag.py:545} INFO - Filling up the DagBag from /opt/airflow/dags/smart_city_traffic_batch_dag.py
[2026-05-08T04:50:23.616+0000] {processor.py:840} INFO - DAG(s) 'smart_city_traffic_batch_dag' retrieved from /opt/airflow/dags/smart_city_traffic_batch_dag.py
[2026-05-08T04:50:23.667+0000] {logging_mixin.py:188} INFO - [2026-05-08T04:50:23.666+0000] {dag.py:3089} INFO - Sync 1 DAGs
[2026-05-08T04:50:23.717+0000] {logging_mixin.py:188} INFO - [2026-05-08T04:50:23.716+0000] {dag.py:3947} INFO - Setting next_dagrun for smart_city_traffic_batch_dag to 2026-05-08 01:00:00+00:00, run_after=2026-05-09 01:00:00+00:00
[2026-05-08T04:50:23.754+0000] {processor.py:183} INFO - Processing /opt/airflow/dags/smart_city_traffic_batch_dag.py took 1.182 seconds
[2026-05-08T04:50:54.140+0000] {processor.py:161} INFO - Started process (PID=1216) to work on /opt/airflow/dags/smart_city_traffic_batch_dag.py
[2026-05-08T04:50:54.142+0000] {processor.py:830} INFO - Processing file /opt/airflow/dags/smart_city_traffic_batch_dag.py for tasks to queue
[2026-05-08T04:50:54.151+0000] {logging_mixin.py:188} INFO - [2026-05-08T04:50:54.150+0000] {dagbag.py:545} INFO - Filling up the DagBag from /opt/airflow/dags/smart_city_traffic_batch_dag.py
[2026-05-08T04:50:55.302+0000] {processor.py:840} INFO - DAG(s) 'smart_city_traffic_batch_dag' retrieved from /opt/airflow/dags/smart_city_traffic_batch_dag.py
[2026-05-08T04:50:55.356+0000] {logging_mixin.py:188} INFO - [2026-05-08T04:50:55.355+0000] {dag.py:3089} INFO - Sync 1 DAGs
[2026-05-08T04:50:55.388+0000] {logging_mixin.py:188} INFO - [2026-05-08T04:50:55.388+0000] {dag.py:3947} INFO - Setting next_dagrun for smart_city_traffic_batch_dag to 2026-05-08 01:00:00+00:00, run_after=2026-05-09 01:00:00+00:00
[2026-05-08T04:50:55.422+0000] {processor.py:183} INFO - Processing /opt/airflow/dags/smart_city_traffic_batch_dag.py took 1.292 seconds
[2026-05-08T04:51:25.803+0000] {processor.py:161} INFO - Started process (PID=1222) to work on /opt/airflow/dags/smart_city_traffic_batch_dag.py
[2026-05-08T04:51:25.805+0000] {processor.py:830} INFO - Processing file /opt/airflow/dags/smart_city_traffic_batch_dag.py for tasks to queue
[2026-05-08T04:51:25.810+0000] {logging_mixin.py:188} INFO - [2026-05-08T04:51:25.809+0000] {dagbag.py:545} INFO - Filling up the DagBag from /opt/airflow/dags/smart_city_traffic_batch_dag.py
[2026-05-08T04:51:26.797+0000] {processor.py:840} INFO - DAG(s) 'smart_city_traffic_batch_dag' retrieved from /opt/airflow/dags/smart_city_traffic_batch_dag.py
[2026-05-08T04:51:26.853+0000] {logging_mixin.py:188} INFO - [2026-05-08T04:51:26.852+0000] {dag.py:3089} INFO - Sync 1 DAGs
[2026-05-08T04:51:26.892+0000] {logging_mixin.py:188} INFO - [2026-05-08T04:51:26.892+0000] {dag.py:3947} INFO - Setting next_dagrun for smart_city_traffic_batch_dag to 2026-05-08 01:00:00+00:00, run_after=2026-05-09 01:00:00+00:00
[2026-05-08T04:51:26.949+0000] {processor.py:183} INFO - Processing /opt/airflow/dags/smart_city_traffic_batch_dag.py took 1.169 seconds
[2026-05-08T04:51:57.349+0000] {processor.py:161} INFO - Started process (PID=1228) to work on /opt/airflow/dags/smart_city_traffic_batch_dag.py
[2026-05-08T04:51:57.352+0000] {processor.py:830} INFO - Processing file /opt/airflow/dags/smart_city_traffic_batch_dag.py for tasks to queue
[2026-05-08T04:51:57.356+0000] {logging_mixin.py:188} INFO - [2026-05-08T04:51:57.356+0000] {dagbag.py:545} INFO - Filling up the DagBag from /opt/airflow/dags/smart_city_traffic_batch_dag.py
[2026-05-08T04:51:58.397+0000] {processor.py:840} INFO - DAG(s) 'smart_city_traffic_batch_dag' retrieved from /opt/airflow/dags/smart_city_traffic_batch_dag.py
[2026-05-08T04:51:58.460+0000] {logging_mixin.py:188} INFO - [2026-05-08T04:51:58.459+0000] {dag.py:3089} INFO - Sync 1 DAGs
[2026-05-08T04:51:58.503+0000] {logging_mixin.py:188} INFO - [2026-05-08T04:51:58.502+0000] {dag.py:3947} INFO - Setting next_dagrun for smart_city_traffic_batch_dag to 2026-05-08 01:00:00+00:00, run_after=2026-05-09 01:00:00+00:00
[2026-05-08T04:51:58.541+0000] {processor.py:183} INFO - Processing /opt/airflow/dags/smart_city_traffic_batch_dag.py took 1.214 seconds
[2026-05-08T04:52:28.809+0000] {processor.py:161} INFO - Started process (PID=1234) to work on /opt/airflow/dags/smart_city_traffic_batch_dag.py
[2026-05-08T04:52:28.812+0000] {processor.py:830} INFO - Processing file /opt/airflow/dags/smart_city_traffic_batch_dag.py for tasks to queue
[2026-05-08T04:52:28.817+0000] {logging_mixin.py:188} INFO - [2026-05-08T04:52:28.816+0000] {dagbag.py:545} INFO - Filling up the DagBag from /opt/airflow/dags/smart_city_traffic_batch_dag.py
[2026-05-08T04:52:29.958+0000] {processor.py:840} INFO - DAG(s) 'smart_city_traffic_batch_dag' retrieved from /opt/airflow/dags/smart_city_traffic_batch_dag.py
[2026-05-08T04:52:30.014+0000] {logging_mixin.py:188} INFO - [2026-05-08T04:52:30.013+0000] {dag.py:3089} INFO - Sync 1 DAGs
[2026-05-08T04:52:30.049+0000] {logging_mixin.py:188} INFO - [2026-05-08T04:52:30.048+0000] {dag.py:3947} INFO - Setting next_dagrun for smart_city_traffic_batch_dag to 2026-05-08 01:00:00+00:00, run_after=2026-05-09 01:00:00+00:00
[2026-05-08T04:52:30.086+0000] {processor.py:183} INFO - Processing /opt/airflow/dags/smart_city_traffic_batch_dag.py took 1.288 seconds
[2026-05-08T04:53:00.511+0000] {processor.py:161} INFO - Started process (PID=1240) to work on /opt/airflow/dags/smart_city_traffic_batch_dag.py
[2026-05-08T04:53:00.514+0000] {processor.py:830} INFO - Processing file /opt/airflow/dags/smart_city_traffic_batch_dag.py for tasks to queue
[2026-05-08T04:53:00.519+0000] {logging_mixin.py:188} INFO - [2026-05-08T04:53:00.518+0000] {dagbag.py:545} INFO - Filling up the DagBag from /opt/airflow/dags/smart_city_traffic_batch_dag.py
[2026-05-08T04:53:01.725+0000] {processor.py:840} INFO - DAG(s) 'smart_city_traffic_batch_dag' retrieved from /opt/airflow/dags/smart_city_traffic_batch_dag.py
[2026-05-08T04:53:01.786+0000] {logging_mixin.py:188} INFO - [2026-05-08T04:53:01.785+0000] {dag.py:3089} INFO - Sync 1 DAGs
[2026-05-08T04:53:01.833+0000] {logging_mixin.py:188} INFO - [2026-05-08T04:53:01.832+0000] {dag.py:3947} INFO - Setting next_dagrun for smart_city_traffic_batch_dag to 2026-05-08 01:00:00+00:00, run_after=2026-05-09 01:00:00+00:00
[2026-05-08T04:53:01.868+0000] {processor.py:183} INFO - Processing /opt/airflow/dags/smart_city_traffic_batch_dag.py took 1.371 seconds
[2026-05-08T04:53:32.443+0000] {processor.py:161} INFO - Started process (PID=1246) to work on /opt/airflow/dags/smart_city_traffic_batch_dag.py
[2026-05-08T04:53:32.458+0000] {processor.py:830} INFO - Processing file /opt/airflow/dags/smart_city_traffic_batch_dag.py for tasks to queue
[2026-05-08T04:53:32.466+0000] {logging_mixin.py:188} INFO - [2026-05-08T04:53:32.464+0000] {dagbag.py:545} INFO - Filling up the DagBag from /opt/airflow/dags/smart_city_traffic_batch_dag.py
[2026-05-08T04:53:34.076+0000] {processor.py:840} INFO - DAG(s) 'smart_city_traffic_batch_dag' retrieved from /opt/airflow/dags/smart_city_traffic_batch_dag.py
[2026-05-08T04:53:34.158+0000] {logging_mixin.py:188} INFO - [2026-05-08T04:53:34.157+0000] {dag.py:3089} INFO - Sync 1 DAGs
[2026-05-08T04:53:34.207+0000] {logging_mixin.py:188} INFO - [2026-05-08T04:53:34.207+0000] {dag.py:3947} INFO - Setting next_dagrun for smart_city_traffic_batch_dag to 2026-05-08 01:00:00+00:00, run_after=2026-05-09 01:00:00+00:00
[2026-05-08T04:53:34.249+0000] {processor.py:183} INFO - Processing /opt/airflow/dags/smart_city_traffic_batch_dag.py took 1.833 seconds
[2026-05-08T04:54:08.644+0000] {processor.py:161} INFO - Started process (PID=1258) to work on /opt/airflow/dags/smart_city_traffic_batch_dag.py
[2026-05-08T04:54:08.649+0000] {processor.py:830} INFO - Processing file /opt/airflow/dags/smart_city_traffic_batch_dag.py for tasks to queue
[2026-05-08T04:54:08.658+0000] {logging_mixin.py:188} INFO - [2026-05-08T04:54:08.657+0000] {dagbag.py:545} INFO - Filling up the DagBag from /opt/airflow/dags/smart_city_traffic_batch_dag.py
[2026-05-08T04:54:10.526+0000] {processor.py:840} INFO - DAG(s) 'smart_city_traffic_batch_dag' retrieved from /opt/airflow/dags/smart_city_traffic_batch_dag.py
[2026-05-08T04:54:10.578+0000] {logging_mixin.py:188} INFO - [2026-05-08T04:54:10.577+0000] {dag.py:3089} INFO - Sync 1 DAGs
[2026-05-08T04:54:10.629+0000] {logging_mixin.py:188} INFO - [2026-05-08T04:54:10.628+0000] {dag.py:3947} INFO - Setting next_dagrun for smart_city_traffic_batch_dag to 2026-05-08 01:00:00+00:00, run_after=2026-05-09 01:00:00+00:00
[2026-05-08T04:54:10.673+0000] {processor.py:183} INFO - Processing /opt/airflow/dags/smart_city_traffic_batch_dag.py took 2.083 seconds
[2026-05-08T04:54:41.016+0000] {processor.py:161} INFO - Started process (PID=1264) to work on /opt/airflow/dags/smart_city_traffic_batch_dag.py
[2026-05-08T04:54:41.020+0000] {processor.py:830} INFO - Processing file /opt/airflow/dags/smart_city_traffic_batch_dag.py for tasks to queue
[2026-05-08T04:54:41.031+0000] {logging_mixin.py:188} INFO - [2026-05-08T04:54:41.029+0000] {dagbag.py:545} INFO - Filling up the DagBag from /opt/airflow/dags/smart_city_traffic_batch_dag.py
[2026-05-08T04:54:42.489+0000] {processor.py:840} INFO - DAG(s) 'smart_city_traffic_batch_dag' retrieved from /opt/airflow/dags/smart_city_traffic_batch_dag.py
[2026-05-08T04:54:42.559+0000] {logging_mixin.py:188} INFO - [2026-05-08T04:54:42.557+0000] {dag.py:3089} INFO - Sync 1 DAGs
[2026-05-08T04:54:42.607+0000] {logging_mixin.py:188} INFO - [2026-05-08T04:54:42.606+0000] {dag.py:3947} INFO - Setting next_dagrun for smart_city_traffic_batch_dag to 2026-05-08 01:00:00+00:00, run_after=2026-05-09 01:00:00+00:00
[2026-05-08T04:54:42.652+0000] {processor.py:183} INFO - Processing /opt/airflow/dags/smart_city_traffic_batch_dag.py took 1.660 seconds
[2026-05-08T04:55:13.071+0000] {processor.py:161} INFO - Started process (PID=1270) to work on /opt/airflow/dags/smart_city_traffic_batch_dag.py
[2026-05-08T04:55:13.075+0000] {processor.py:830} INFO - Processing file /opt/airflow/dags/smart_city_traffic_batch_dag.py for tasks to queue
[2026-05-08T04:55:13.080+0000] {logging_mixin.py:188} INFO - [2026-05-08T04:55:13.080+0000] {dagbag.py:545} INFO - Filling up the DagBag from /opt/airflow/dags/smart_city_traffic_batch_dag.py
[2026-05-08T04:55:14.179+0000] {processor.py:840} INFO - DAG(s) 'smart_city_traffic_batch_dag' retrieved from /opt/airflow/dags/smart_city_traffic_batch_dag.py
[2026-05-08T04:55:14.235+0000] {logging_mixin.py:188} INFO - [2026-05-08T04:55:14.234+0000] {dag.py:3089} INFO - Sync 1 DAGs
[2026-05-08T04:55:14.272+0000] {logging_mixin.py:188} INFO - [2026-05-08T04:55:14.272+0000] {dag.py:3947} INFO - Setting next_dagrun for smart_city_traffic_batch_dag to 2026-05-08 01:00:00+00:00, run_after=2026-05-09 01:00:00+00:00
[2026-05-08T04:55:14.309+0000] {processor.py:183} INFO - Processing /opt/airflow/dags/smart_city_traffic_batch_dag.py took 1.254 seconds
[2026-05-08T04:55:44.611+0000] {processor.py:161} INFO - Started process (PID=1276) to work on /opt/airflow/dags/smart_city_traffic_batch_dag.py
[2026-05-08T04:55:44.614+0000] {processor.py:830} INFO - Processing file /opt/airflow/dags/smart_city_traffic_batch_dag.py for tasks to queue
[2026-05-08T04:55:44.619+0000] {logging_mixin.py:188} INFO - [2026-05-08T04:55:44.618+0000] {dagbag.py:545} INFO - Filling up the DagBag from /opt/airflow/dags/smart_city_traffic_batch_dag.py
[2026-05-08T04:55:45.669+0000] {processor.py:840} INFO - DAG(s) 'smart_city_traffic_batch_dag' retrieved from /opt/airflow/dags/smart_city_traffic_batch_dag.py
[2026-05-08T04:55:45.725+0000] {logging_mixin.py:188} INFO - [2026-05-08T04:55:45.724+0000] {dag.py:3089} INFO - Sync 1 DAGs
[2026-05-08T04:55:45.768+0000] {logging_mixin.py:188} INFO - [2026-05-08T04:55:45.768+0000] {dag.py:3947} INFO - Setting next_dagrun for smart_city_traffic_batch_dag to 2026-05-08 01:00:00+00:00, run_after=2026-05-09 01:00:00+00:00
[2026-05-08T04:55:45.809+0000] {processor.py:183} INFO - Processing /opt/airflow/dags/smart_city_traffic_batch_dag.py took 1.209 seconds
[2026-05-08T04:56:15.974+0000] {processor.py:161} INFO - Started process (PID=1282) to work on /opt/airflow/dags/smart_city_traffic_batch_dag.py
[2026-05-08T04:56:15.977+0000] {processor.py:830} INFO - Processing file /opt/airflow/dags/smart_city_traffic_batch_dag.py for tasks to queue
[2026-05-08T04:56:15.982+0000] {logging_mixin.py:188} INFO - [2026-05-08T04:56:15.982+0000] {dagbag.py:545} INFO - Filling up the DagBag from /opt/airflow/dags/smart_city_traffic_batch_dag.py
[2026-05-08T04:56:17.265+0000] {processor.py:840} INFO - DAG(s) 'smart_city_traffic_batch_dag' retrieved from /opt/airflow/dags/smart_city_traffic_batch_dag.py
[2026-05-08T04:56:17.334+0000] {logging_mixin.py:188} INFO - [2026-05-08T04:56:17.333+0000] {dag.py:3089} INFO - Sync 1 DAGs
[2026-05-08T04:56:17.376+0000] {logging_mixin.py:188} INFO - [2026-05-08T04:56:17.376+0000] {dag.py:3947} INFO - Setting next_dagrun for smart_city_traffic_batch_dag to 2026-05-08 01:00:00+00:00, run_after=2026-05-09 01:00:00+00:00
[2026-05-08T04:56:17.413+0000] {processor.py:183} INFO - Processing /opt/airflow/dags/smart_city_traffic_batch_dag.py took 1.455 seconds
[2026-05-08T04:56:48.386+0000] {processor.py:161} INFO - Started process (PID=1288) to work on /opt/airflow/dags/smart_city_traffic_batch_dag.py
[2026-05-08T04:56:48.389+0000] {processor.py:830} INFO - Processing file /opt/airflow/dags/smart_city_traffic_batch_dag.py for tasks to queue
[2026-05-08T04:56:48.394+0000] {logging_mixin.py:188} INFO - [2026-05-08T04:56:48.393+0000] {dagbag.py:545} INFO - Filling up the DagBag from /opt/airflow/dags/smart_city_traffic_batch_dag.py
[2026-05-08T04:56:49.540+0000] {processor.py:840} INFO - DAG(s) 'smart_city_traffic_batch_dag' retrieved from /opt/airflow/dags/smart_city_traffic_batch_dag.py
[2026-05-08T04:56:49.599+0000] {logging_mixin.py:188} INFO - [2026-05-08T04:56:49.598+0000] {dag.py:3089} INFO - Sync 1 DAGs
[2026-05-08T04:56:49.634+0000] {logging_mixin.py:188} INFO - [2026-05-08T04:56:49.634+0000] {dag.py:3947} INFO - Setting next_dagrun for smart_city_traffic_batch_dag to 2026-05-08 01:00:00+00:00, run_after=2026-05-09 01:00:00+00:00
[2026-05-08T04:56:49.673+0000] {processor.py:183} INFO - Processing /opt/airflow/dags/smart_city_traffic_batch_dag.py took 1.314 seconds
[2026-05-08T04:57:20.039+0000] {processor.py:161} INFO - Started process (PID=1294) to work on /opt/airflow/dags/smart_city_traffic_batch_dag.py
[2026-05-08T04:57:20.042+0000] {processor.py:830} INFO - Processing file /opt/airflow/dags/smart_city_traffic_batch_dag.py for tasks to queue
[2026-05-08T04:57:20.045+0000] {logging_mixin.py:188} INFO - [2026-05-08T04:57:20.045+0000] {dagbag.py:545} INFO - Filling up the DagBag from /opt/airflow/dags/smart_city_traffic_batch_dag.py
[2026-05-08T04:57:21.185+0000] {processor.py:840} INFO - DAG(s) 'smart_city_traffic_batch_dag' retrieved from /opt/airflow/dags/smart_city_traffic_batch_dag.py
[2026-05-08T04:57:21.240+0000] {logging_mixin.py:188} INFO - [2026-05-08T04:57:21.239+0000] {dag.py:3089} INFO - Sync 1 DAGs
[2026-05-08T04:57:21.276+0000] {logging_mixin.py:188} INFO - [2026-05-08T04:57:21.275+0000] {dag.py:3947} INFO - Setting next_dagrun for smart_city_traffic_batch_dag to 2026-05-08 01:00:00+00:00, run_after=2026-05-09 01:00:00+00:00
[2026-05-08T04:57:21.309+0000] {processor.py:183} INFO - Processing /opt/airflow/dags/smart_city_traffic_batch_dag.py took 1.282 seconds
[2026-05-08T04:57:51.857+0000] {processor.py:161} INFO - Started process (PID=1300) to work on /opt/airflow/dags/smart_city_traffic_batch_dag.py
[2026-05-08T04:57:51.867+0000] {processor.py:830} INFO - Processing file /opt/airflow/dags/smart_city_traffic_batch_dag.py for tasks to queue
[2026-05-08T04:57:51.892+0000] {logging_mixin.py:188} INFO - [2026-05-08T04:57:51.889+0000] {dagbag.py:545} INFO - Filling up the DagBag from /opt/airflow/dags/smart_city_traffic_batch_dag.py
[2026-05-08T04:57:53.730+0000] {processor.py:840} INFO - DAG(s) 'smart_city_traffic_batch_dag' retrieved from /opt/airflow/dags/smart_city_traffic_batch_dag.py
[2026-05-08T04:57:53.837+0000] {logging_mixin.py:188} INFO - [2026-05-08T04:57:53.836+0000] {dag.py:3089} INFO - Sync 1 DAGs
[2026-05-08T04:57:53.911+0000] {logging_mixin.py:188} INFO - [2026-05-08T04:57:53.910+0000] {dag.py:3947} INFO - Setting next_dagrun for smart_city_traffic_batch_dag to 2026-05-08 01:00:00+00:00, run_after=2026-05-09 01:00:00+00:00
[2026-05-08T04:57:53.953+0000] {processor.py:183} INFO - Processing /opt/airflow/dags/smart_city_traffic_batch_dag.py took 2.163 seconds
[2026-05-08T04:58:24.440+0000] {processor.py:161} INFO - Started process (PID=1306) to work on /opt/airflow/dags/smart_city_traffic_batch_dag.py
[2026-05-08T04:58:24.443+0000] {processor.py:830} INFO - Processing file /opt/airflow/dags/smart_city_traffic_batch_dag.py for tasks to queue
[2026-05-08T04:58:24.457+0000] {logging_mixin.py:188} INFO - [2026-05-08T04:58:24.456+0000] {dagbag.py:545} INFO - Filling up the DagBag from /opt/airflow/dags/smart_city_traffic_batch_dag.py
[2026-05-08T04:58:25.797+0000] {processor.py:840} INFO - DAG(s) 'smart_city_traffic_batch_dag' retrieved from /opt/airflow/dags/smart_city_traffic_batch_dag.py
[2026-05-08T04:58:25.859+0000] {logging_mixin.py:188} INFO - [2026-05-08T04:58:25.858+0000] {dag.py:3089} INFO - Sync 1 DAGs
[2026-05-08T04:58:25.904+0000] {logging_mixin.py:188} INFO - [2026-05-08T04:58:25.904+0000] {dag.py:3947} INFO - Setting next_dagrun for smart_city_traffic_batch_dag to 2026-05-08 01:00:00+00:00, run_after=2026-05-09 01:00:00+00:00
[2026-05-08T04:58:25.967+0000] {processor.py:183} INFO - Processing /opt/airflow/dags/smart_city_traffic_batch_dag.py took 1.559 seconds
[2026-05-08T04:58:57.143+0000] {processor.py:161} INFO - Started process (PID=1313) to work on /opt/airflow/dags/smart_city_traffic_batch_dag.py
[2026-05-08T04:58:57.150+0000] {processor.py:830} INFO - Processing file /opt/airflow/dags/smart_city_traffic_batch_dag.py for tasks to queue
[2026-05-08T04:58:57.165+0000] {logging_mixin.py:188} INFO - [2026-05-08T04:58:57.163+0000] {dagbag.py:545} INFO - Filling up the DagBag from /opt/airflow/dags/smart_city_traffic_batch_dag.py
[2026-05-08T04:59:00.631+0000] {processor.py:840} INFO - DAG(s) 'smart_city_traffic_batch_dag' retrieved from /opt/airflow/dags/smart_city_traffic_batch_dag.py
[2026-05-08T04:59:00.762+0000] {logging_mixin.py:188} INFO - [2026-05-08T04:59:00.759+0000] {dag.py:3089} INFO - Sync 1 DAGs
[2026-05-08T04:59:00.828+0000] {logging_mixin.py:188} INFO - [2026-05-08T04:59:00.827+0000] {dag.py:3947} INFO - Setting next_dagrun for smart_city_traffic_batch_dag to 2026-05-08 01:00:00+00:00, run_after=2026-05-09 01:00:00+00:00
[2026-05-08T04:59:00.891+0000] {processor.py:183} INFO - Processing /opt/airflow/dags/smart_city_traffic_batch_dag.py took 3.827 seconds
[2026-05-08T04:59:31.531+0000] {processor.py:161} INFO - Started process (PID=1321) to work on /opt/airflow/dags/smart_city_traffic_batch_dag.py
[2026-05-08T04:59:31.534+0000] {processor.py:830} INFO - Processing file /opt/airflow/dags/smart_city_traffic_batch_dag.py for tasks to queue
[2026-05-08T04:59:31.541+0000] {logging_mixin.py:188} INFO - [2026-05-08T04:59:31.540+0000] {dagbag.py:545} INFO - Filling up the DagBag from /opt/airflow/dags/smart_city_traffic_batch_dag.py
[2026-05-08T04:59:32.873+0000] {processor.py:840} INFO - DAG(s) 'smart_city_traffic_batch_dag' retrieved from /opt/airflow/dags/smart_city_traffic_batch_dag.py
[2026-05-08T04:59:32.947+0000] {logging_mixin.py:188} INFO - [2026-05-08T04:59:32.946+0000] {dag.py:3089} INFO - Sync 1 DAGs
[2026-05-08T04:59:32.986+0000] {logging_mixin.py:188} INFO - [2026-05-08T04:59:32.986+0000] {dag.py:3947} INFO - Setting next_dagrun for smart_city_traffic_batch_dag to 2026-05-08 01:00:00+00:00, run_after=2026-05-09 01:00:00+00:00
[2026-05-08T04:59:33.034+0000] {processor.py:183} INFO - Processing /opt/airflow/dags/smart_city_traffic_batch_dag.py took 1.518 seconds
[2026-05-08T05:00:03.839+0000] {processor.py:161} INFO - Started process (PID=1327) to work on /opt/airflow/dags/smart_city_traffic_batch_dag.py
[2026-05-08T05:00:03.847+0000] {processor.py:830} INFO - Processing file /opt/airflow/dags/smart_city_traffic_batch_dag.py for tasks to queue
[2026-05-08T05:00:03.875+0000] {logging_mixin.py:188} INFO - [2026-05-08T05:00:03.871+0000] {dagbag.py:545} INFO - Filling up the DagBag from /opt/airflow/dags/smart_city_traffic_batch_dag.py
[2026-05-08T05:00:06.629+0000] {processor.py:840} INFO - DAG(s) 'smart_city_traffic_batch_dag' retrieved from /opt/airflow/dags/smart_city_traffic_batch_dag.py
[2026-05-08T05:00:06.772+0000] {logging_mixin.py:188} INFO - [2026-05-08T05:00:06.770+0000] {dag.py:3089} INFO - Sync 1 DAGs
[2026-05-08T05:00:06.853+0000] {logging_mixin.py:188} INFO - [2026-05-08T05:00:06.853+0000] {dag.py:3947} INFO - Setting next_dagrun for smart_city_traffic_batch_dag to 2026-05-08 01:00:00+00:00, run_after=2026-05-09 01:00:00+00:00
[2026-05-08T05:00:06.927+0000] {processor.py:183} INFO - Processing /opt/airflow/dags/smart_city_traffic_batch_dag.py took 3.158 seconds
[2026-05-08T05:00:37.402+0000] {processor.py:161} INFO - Started process (PID=1333) to work on /opt/airflow/dags/smart_city_traffic_batch_dag.py
[2026-05-08T05:00:37.404+0000] {processor.py:830} INFO - Processing file /opt/airflow/dags/smart_city_traffic_batch_dag.py for tasks to queue
[2026-05-08T05:00:37.410+0000] {logging_mixin.py:188} INFO - [2026-05-08T05:00:37.409+0000] {dagbag.py:545} INFO - Filling up the DagBag from /opt/airflow/dags/smart_city_traffic_batch_dag.py
[2026-05-08T05:00:38.835+0000] {processor.py:840} INFO - DAG(s) 'smart_city_traffic_batch_dag' retrieved from /opt/airflow/dags/smart_city_traffic_batch_dag.py
[2026-05-08T05:00:38.925+0000] {logging_mixin.py:188} INFO - [2026-05-08T05:00:38.924+0000] {dag.py:3089} INFO - Sync 1 DAGs
[2026-05-08T05:00:38.971+0000] {logging_mixin.py:188} INFO - [2026-05-08T05:00:38.970+0000] {dag.py:3947} INFO - Setting next_dagrun for smart_city_traffic_batch_dag to 2026-05-08 01:00:00+00:00, run_after=2026-05-09 01:00:00+00:00
[2026-05-08T05:00:39.011+0000] {processor.py:183} INFO - Processing /opt/airflow/dags/smart_city_traffic_batch_dag.py took 1.625 seconds
[2026-05-08T05:01:09.516+0000] {processor.py:161} INFO - Started process (PID=1339) to work on /opt/airflow/dags/smart_city_traffic_batch_dag.py
[2026-05-08T05:01:09.518+0000] {processor.py:830} INFO - Processing file /opt/airflow/dags/smart_city_traffic_batch_dag.py for tasks to queue
[2026-05-08T05:01:09.523+0000] {logging_mixin.py:188} INFO - [2026-05-08T05:01:09.522+0000] {dagbag.py:545} INFO - Filling up the DagBag from /opt/airflow/dags/smart_city_traffic_batch_dag.py
[2026-05-08T05:01:10.541+0000] {processor.py:840} INFO - DAG(s) 'smart_city_traffic_batch_dag' retrieved from /opt/airflow/dags/smart_city_traffic_batch_dag.py
[2026-05-08T05:01:10.605+0000] {logging_mixin.py:188} INFO - [2026-05-08T05:01:10.604+0000] {dag.py:3089} INFO - Sync 1 DAGs
[2026-05-08T05:01:10.641+0000] {logging_mixin.py:188} INFO - [2026-05-08T05:01:10.641+0000] {dag.py:3947} INFO - Setting next_dagrun for smart_city_traffic_batch_dag to 2026-05-08 01:00:00+00:00, run_after=2026-05-09 01:00:00+00:00
[2026-05-08T05:01:10.694+0000] {processor.py:183} INFO - Processing /opt/airflow/dags/smart_city_traffic_batch_dag.py took 1.190 seconds
[2026-05-08T05:01:41.402+0000] {processor.py:161} INFO - Started process (PID=1345) to work on /opt/airflow/dags/smart_city_traffic_batch_dag.py
[2026-05-08T05:01:41.416+0000] {processor.py:830} INFO - Processing file /opt/airflow/dags/smart_city_traffic_batch_dag.py for tasks to queue
[2026-05-08T05:01:41.440+0000] {logging_mixin.py:188} INFO - [2026-05-08T05:01:41.438+0000] {dagbag.py:545} INFO - Filling up the DagBag from /opt/airflow/dags/smart_city_traffic_batch_dag.py
[2026-05-08T05:01:44.100+0000] {processor.py:840} INFO - DAG(s) 'smart_city_traffic_batch_dag' retrieved from /opt/airflow/dags/smart_city_traffic_batch_dag.py
[2026-05-08T05:01:44.172+0000] {logging_mixin.py:188} INFO - [2026-05-08T05:01:44.171+0000] {dag.py:3089} INFO - Sync 1 DAGs
[2026-05-08T05:01:44.211+0000] {logging_mixin.py:188} INFO - [2026-05-08T05:01:44.210+0000] {dag.py:3947} INFO - Setting next_dagrun for smart_city_traffic_batch_dag to 2026-05-08 01:00:00+00:00, run_after=2026-05-09 01:00:00+00:00
[2026-05-08T05:01:44.260+0000] {processor.py:183} INFO - Processing /opt/airflow/dags/smart_city_traffic_batch_dag.py took 2.952 seconds
[2026-05-08T05:02:14.771+0000] {processor.py:161} INFO - Started process (PID=1351) to work on /opt/airflow/dags/smart_city_traffic_batch_dag.py
[2026-05-08T05:02:14.774+0000] {processor.py:830} INFO - Processing file /opt/airflow/dags/smart_city_traffic_batch_dag.py for tasks to queue
[2026-05-08T05:02:14.780+0000] {logging_mixin.py:188} INFO - [2026-05-08T05:02:14.779+0000] {dagbag.py:545} INFO - Filling up the DagBag from /opt/airflow/dags/smart_city_traffic_batch_dag.py
[2026-05-08T05:02:15.962+0000] {processor.py:840} INFO - DAG(s) 'smart_city_traffic_batch_dag' retrieved from /opt/airflow/dags/smart_city_traffic_batch_dag.py
[2026-05-08T05:02:16.057+0000] {logging_mixin.py:188} INFO - [2026-05-08T05:02:16.055+0000] {dag.py:3089} INFO - Sync 1 DAGs
[2026-05-08T05:02:16.127+0000] {logging_mixin.py:188} INFO - [2026-05-08T05:02:16.127+0000] {dag.py:3947} INFO - Setting next_dagrun for smart_city_traffic_batch_dag to 2026-05-08 01:00:00+00:00, run_after=2026-05-09 01:00:00+00:00
[2026-05-08T05:02:16.193+0000] {processor.py:183} INFO - Processing /opt/airflow/dags/smart_city_traffic_batch_dag.py took 1.435 seconds
[2026-05-08T05:02:46.797+0000] {processor.py:161} INFO - Started process (PID=1357) to work on /opt/airflow/dags/smart_city_traffic_batch_dag.py
[2026-05-08T05:02:46.802+0000] {processor.py:830} INFO - Processing file /opt/airflow/dags/smart_city_traffic_batch_dag.py for tasks to queue
[2026-05-08T05:02:46.813+0000] {logging_mixin.py:188} INFO - [2026-05-08T05:02:46.813+0000] {dagbag.py:545} INFO - Filling up the DagBag from /opt/airflow/dags/smart_city_traffic_batch_dag.py
[2026-05-08T05:02:48.106+0000] {processor.py:840} INFO - DAG(s) 'smart_city_traffic_batch_dag' retrieved from /opt/airflow/dags/smart_city_traffic_batch_dag.py
[2026-05-08T05:02:48.197+0000] {logging_mixin.py:188} INFO - [2026-05-08T05:02:48.195+0000] {dag.py:3089} INFO - Sync 1 DAGs
[2026-05-08T05:02:48.262+0000] {logging_mixin.py:188} INFO - [2026-05-08T05:02:48.261+0000] {dag.py:3947} INFO - Setting next_dagrun for smart_city_traffic_batch_dag to 2026-05-08 01:00:00+00:00, run_after=2026-05-09 01:00:00+00:00
[2026-05-08T05:02:48.311+0000] {processor.py:183} INFO - Processing /opt/airflow/dags/smart_city_traffic_batch_dag.py took 1.536 seconds
[2026-05-08T05:03:18.666+0000] {processor.py:161} INFO - Started process (PID=1363) to work on /opt/airflow/dags/smart_city_traffic_batch_dag.py
[2026-05-08T05:03:18.671+0000] {processor.py:830} INFO - Processing file /opt/airflow/dags/smart_city_traffic_batch_dag.py for tasks to queue
[2026-05-08T05:03:18.688+0000] {logging_mixin.py:188} INFO - [2026-05-08T05:03:18.685+0000] {dagbag.py:545} INFO - Filling up the DagBag from /opt/airflow/dags/smart_city_traffic_batch_dag.py
[2026-05-08T05:03:21.101+0000] {processor.py:840} INFO - DAG(s) 'smart_city_traffic_batch_dag' retrieved from /opt/airflow/dags/smart_city_traffic_batch_dag.py
[2026-05-08T05:03:21.210+0000] {logging_mixin.py:188} INFO - [2026-05-08T05:03:21.209+0000] {dag.py:3089} INFO - Sync 1 DAGs
[2026-05-08T05:03:21.293+0000] {logging_mixin.py:188} INFO - [2026-05-08T05:03:21.293+0000] {dag.py:3947} INFO - Setting next_dagrun for smart_city_traffic_batch_dag to 2026-05-08 01:00:00+00:00, run_after=2026-05-09 01:00:00+00:00
[2026-05-08T05:03:21.367+0000] {processor.py:183} INFO - Processing /opt/airflow/dags/smart_city_traffic_batch_dag.py took 2.742 seconds
[2026-05-08T05:03:51.895+0000] {processor.py:161} INFO - Started process (PID=1369) to work on /opt/airflow/dags/smart_city_traffic_batch_dag.py
[2026-05-08T05:03:51.897+0000] {processor.py:830} INFO - Processing file /opt/airflow/dags/smart_city_traffic_batch_dag.py for tasks to queue
[2026-05-08T05:03:51.902+0000] {logging_mixin.py:188} INFO - [2026-05-08T05:03:51.901+0000] {dagbag.py:545} INFO - Filling up the DagBag from /opt/airflow/dags/smart_city_traffic_batch_dag.py
[2026-05-08T05:03:53.102+0000] {processor.py:840} INFO - DAG(s) 'smart_city_traffic_batch_dag' retrieved from /opt/airflow/dags/smart_city_traffic_batch_dag.py
[2026-05-08T05:03:53.197+0000] {logging_mixin.py:188} INFO - [2026-05-08T05:03:53.196+0000] {dag.py:3089} INFO - Sync 1 DAGs
[2026-05-08T05:03:53.256+0000] {logging_mixin.py:188} INFO - [2026-05-08T05:03:53.255+0000] {dag.py:3947} INFO - Setting next_dagrun for smart_city_traffic_batch_dag to 2026-05-08 01:00:00+00:00, run_after=2026-05-09 01:00:00+00:00
[2026-05-08T05:03:53.306+0000] {processor.py:183} INFO - Processing /opt/airflow/dags/smart_city_traffic_batch_dag.py took 1.429 seconds
[2026-05-08T05:04:24.048+0000] {processor.py:161} INFO - Started process (PID=1375) to work on /opt/airflow/dags/smart_city_traffic_batch_dag.py
[2026-05-08T05:04:24.050+0000] {processor.py:830} INFO - Processing file /opt/airflow/dags/smart_city_traffic_batch_dag.py for tasks to queue
[2026-05-08T05:04:24.062+0000] {logging_mixin.py:188} INFO - [2026-05-08T05:04:24.061+0000] {dagbag.py:545} INFO - Filling up the DagBag from /opt/airflow/dags/smart_city_traffic_batch_dag.py
[2026-05-08T05:04:25.606+0000] {processor.py:840} INFO - DAG(s) 'smart_city_traffic_batch_dag' retrieved from /opt/airflow/dags/smart_city_traffic_batch_dag.py
[2026-05-08T05:04:25.681+0000] {logging_mixin.py:188} INFO - [2026-05-08T05:04:25.681+0000] {dag.py:3089} INFO - Sync 1 DAGs
[2026-05-08T05:04:25.725+0000] {logging_mixin.py:188} INFO - [2026-05-08T05:04:25.724+0000] {dag.py:3947} INFO - Setting next_dagrun for smart_city_traffic_batch_dag to 2026-05-08 01:00:00+00:00, run_after=2026-05-09 01:00:00+00:00
[2026-05-08T05:04:25.762+0000] {processor.py:183} INFO - Processing /opt/airflow/dags/smart_city_traffic_batch_dag.py took 1.739 seconds
[2026-05-08T05:04:56.145+0000] {processor.py:161} INFO - Started process (PID=1381) to work on /opt/airflow/dags/smart_city_traffic_batch_dag.py
[2026-05-08T05:04:56.148+0000] {processor.py:830} INFO - Processing file /opt/airflow/dags/smart_city_traffic_batch_dag.py for tasks to queue
[2026-05-08T05:04:56.158+0000] {logging_mixin.py:188} INFO - [2026-05-08T05:04:56.155+0000] {dagbag.py:545} INFO - Filling up the DagBag from /opt/airflow/dags/smart_city_traffic_batch_dag.py
[2026-05-08T05:04:57.541+0000] {processor.py:840} INFO - DAG(s) 'smart_city_traffic_batch_dag' retrieved from /opt/airflow/dags/smart_city_traffic_batch_dag.py
[2026-05-08T05:04:57.599+0000] {logging_mixin.py:188} INFO - [2026-05-08T05:04:57.598+0000] {dag.py:3089} INFO - Sync 1 DAGs
[2026-05-08T05:04:57.639+0000] {logging_mixin.py:188} INFO - [2026-05-08T05:04:57.638+0000] {dag.py:3947} INFO - Setting next_dagrun for smart_city_traffic_batch_dag to 2026-05-08 01:00:00+00:00, run_after=2026-05-09 01:00:00+00:00
[2026-05-08T05:04:57.675+0000] {processor.py:183} INFO - Processing /opt/airflow/dags/smart_city_traffic_batch_dag.py took 1.548 seconds
[2026-05-08T05:05:27.901+0000] {processor.py:161} INFO - Started process (PID=1387) to work on /opt/airflow/dags/smart_city_traffic_batch_dag.py
[2026-05-08T05:05:27.903+0000] {processor.py:830} INFO - Processing file /opt/airflow/dags/smart_city_traffic_batch_dag.py for tasks to queue
[2026-05-08T05:05:27.908+0000] {logging_mixin.py:188} INFO - [2026-05-08T05:05:27.907+0000] {dagbag.py:545} INFO - Filling up the DagBag from /opt/airflow/dags/smart_city_traffic_batch_dag.py
[2026-05-08T05:05:29.082+0000] {processor.py:840} INFO - DAG(s) 'smart_city_traffic_batch_dag' retrieved from /opt/airflow/dags/smart_city_traffic_batch_dag.py
[2026-05-08T05:05:29.143+0000] {logging_mixin.py:188} INFO - [2026-05-08T05:05:29.142+0000] {dag.py:3089} INFO - Sync 1 DAGs
[2026-05-08T05:05:29.182+0000] {logging_mixin.py:188} INFO - [2026-05-08T05:05:29.182+0000] {dag.py:3947} INFO - Setting next_dagrun for smart_city_traffic_batch_dag to 2026-05-08 01:00:00+00:00, run_after=2026-05-09 01:00:00+00:00
[2026-05-08T05:05:29.218+0000] {processor.py:183} INFO - Processing /opt/airflow/dags/smart_city_traffic_batch_dag.py took 1.328 seconds
[2026-05-08T05:05:59.486+0000] {processor.py:161} INFO - Started process (PID=1393) to work on /opt/airflow/dags/smart_city_traffic_batch_dag.py
[2026-05-08T05:05:59.488+0000] {processor.py:830} INFO - Processing file /opt/airflow/dags/smart_city_traffic_batch_dag.py for tasks to queue
[2026-05-08T05:05:59.492+0000] {logging_mixin.py:188} INFO - [2026-05-08T05:05:59.492+0000] {dagbag.py:545} INFO - Filling up the DagBag from /opt/airflow/dags/smart_city_traffic_batch_dag.py
[2026-05-08T05:06:01.070+0000] {processor.py:840} INFO - DAG(s) 'smart_city_traffic_batch_dag' retrieved from /opt/airflow/dags/smart_city_traffic_batch_dag.py
[2026-05-08T05:06:01.161+0000] {logging_mixin.py:188} INFO - [2026-05-08T05:06:01.159+0000] {dag.py:3089} INFO - Sync 1 DAGs
[2026-05-08T05:06:01.205+0000] {logging_mixin.py:188} INFO - [2026-05-08T05:06:01.203+0000] {dag.py:3947} INFO - Setting next_dagrun for smart_city_traffic_batch_dag to 2026-05-08 01:00:00+00:00, run_after=2026-05-09 01:00:00+00:00
[2026-05-08T05:06:01.259+0000] {processor.py:183} INFO - Processing /opt/airflow/dags/smart_city_traffic_batch_dag.py took 1.788 seconds
[2026-05-08T05:06:31.712+0000] {processor.py:161} INFO - Started process (PID=1399) to work on /opt/airflow/dags/smart_city_traffic_batch_dag.py
[2026-05-08T05:06:31.715+0000] {processor.py:830} INFO - Processing file /opt/airflow/dags/smart_city_traffic_batch_dag.py for tasks to queue
[2026-05-08T05:06:31.720+0000] {logging_mixin.py:188} INFO - [2026-05-08T05:06:31.720+0000] {dagbag.py:545} INFO - Filling up the DagBag from /opt/airflow/dags/smart_city_traffic_batch_dag.py
[2026-05-08T05:06:32.749+0000] {processor.py:840} INFO - DAG(s) 'smart_city_traffic_batch_dag' retrieved from /opt/airflow/dags/smart_city_traffic_batch_dag.py
[2026-05-08T05:06:32.816+0000] {logging_mixin.py:188} INFO - [2026-05-08T05:06:32.815+0000] {dag.py:3089} INFO - Sync 1 DAGs
[2026-05-08T05:06:32.858+0000] {logging_mixin.py:188} INFO - [2026-05-08T05:06:32.857+0000] {dag.py:3947} INFO - Setting next_dagrun for smart_city_traffic_batch_dag to 2026-05-08 01:00:00+00:00, run_after=2026-05-09 01:00:00+00:00
[2026-05-08T05:06:32.895+0000] {processor.py:183} INFO - Processing /opt/airflow/dags/smart_city_traffic_batch_dag.py took 1.194 seconds
[2026-05-08T05:07:03.299+0000] {processor.py:161} INFO - Started process (PID=1405) to work on /opt/airflow/dags/smart_city_traffic_batch_dag.py
[2026-05-08T05:07:03.301+0000] {processor.py:830} INFO - Processing file /opt/airflow/dags/smart_city_traffic_batch_dag.py for tasks to queue
[2026-05-08T05:07:03.304+0000] {logging_mixin.py:188} INFO - [2026-05-08T05:07:03.304+0000] {dagbag.py:545} INFO - Filling up the DagBag from /opt/airflow/dags/smart_city_traffic_batch_dag.py
[2026-05-08T05:07:04.455+0000] {processor.py:840} INFO - DAG(s) 'smart_city_traffic_batch_dag' retrieved from /opt/airflow/dags/smart_city_traffic_batch_dag.py
[2026-05-08T05:07:04.522+0000] {logging_mixin.py:188} INFO - [2026-05-08T05:07:04.520+0000] {dag.py:3089} INFO - Sync 1 DAGs
[2026-05-08T05:07:04.580+0000] {logging_mixin.py:188} INFO - [2026-05-08T05:07:04.579+0000] {dag.py:3947} INFO - Setting next_dagrun for smart_city_traffic_batch_dag to 2026-05-08 01:00:00+00:00, run_after=2026-05-09 01:00:00+00:00
[2026-05-08T05:07:04.613+0000] {processor.py:183} INFO - Processing /opt/airflow/dags/smart_city_traffic_batch_dag.py took 1.322 seconds
[2026-05-08T05:07:34.964+0000] {processor.py:161} INFO - Started process (PID=1411) to work on /opt/airflow/dags/smart_city_traffic_batch_dag.py
[2026-05-08T05:07:34.968+0000] {processor.py:830} INFO - Processing file /opt/airflow/dags/smart_city_traffic_batch_dag.py for tasks to queue
[2026-05-08T05:07:34.973+0000] {logging_mixin.py:188} INFO - [2026-05-08T05:07:34.972+0000] {dagbag.py:545} INFO - Filling up the DagBag from /opt/airflow/dags/smart_city_traffic_batch_dag.py
[2026-05-08T05:07:35.913+0000] {processor.py:840} INFO - DAG(s) 'smart_city_traffic_batch_dag' retrieved from /opt/airflow/dags/smart_city_traffic_batch_dag.py
[2026-05-08T05:07:35.967+0000] {logging_mixin.py:188} INFO - [2026-05-08T05:07:35.966+0000] {dag.py:3089} INFO - Sync 1 DAGs
[2026-05-08T05:07:36.017+0000] {logging_mixin.py:188} INFO - [2026-05-08T05:07:36.017+0000] {dag.py:3947} INFO - Setting next_dagrun for smart_city_traffic_batch_dag to 2026-05-08 01:00:00+00:00, run_after=2026-05-09 01:00:00+00:00
[2026-05-08T05:07:36.080+0000] {processor.py:183} INFO - Processing /opt/airflow/dags/smart_city_traffic_batch_dag.py took 1.135 seconds
[2026-05-08T05:08:06.541+0000] {processor.py:161} INFO - Started process (PID=1417) to work on /opt/airflow/dags/smart_city_traffic_batch_dag.py
[2026-05-08T05:08:06.550+0000] {processor.py:830} INFO - Processing file /opt/airflow/dags/smart_city_traffic_batch_dag.py for tasks to queue
[2026-05-08T05:08:06.557+0000] {logging_mixin.py:188} INFO - [2026-05-08T05:08:06.556+0000] {dagbag.py:545} INFO - Filling up the DagBag from /opt/airflow/dags/smart_city_traffic_batch_dag.py
[2026-05-08T05:08:07.612+0000] {processor.py:840} INFO - DAG(s) 'smart_city_traffic_batch_dag' retrieved from /opt/airflow/dags/smart_city_traffic_batch_dag.py
[2026-05-08T05:08:07.676+0000] {logging_mixin.py:188} INFO - [2026-05-08T05:08:07.676+0000] {dag.py:3089} INFO - Sync 1 DAGs
[2026-05-08T05:08:07.716+0000] {logging_mixin.py:188} INFO - [2026-05-08T05:08:07.715+0000] {dag.py:3947} INFO - Setting next_dagrun for smart_city_traffic_batch_dag to 2026-05-08 01:00:00+00:00, run_after=2026-05-09 01:00:00+00:00
[2026-05-08T05:08:07.750+0000] {processor.py:183} INFO - Processing /opt/airflow/dags/smart_city_traffic_batch_dag.py took 1.225 seconds
[2026-05-08T05:08:38.137+0000] {processor.py:161} INFO - Started process (PID=1423) to work on /opt/airflow/dags/smart_city_traffic_batch_dag.py
[2026-05-08T05:08:38.140+0000] {processor.py:830} INFO - Processing file /opt/airflow/dags/smart_city_traffic_batch_dag.py for tasks to queue
[2026-05-08T05:08:38.145+0000] {logging_mixin.py:188} INFO - [2026-05-08T05:08:38.145+0000] {dagbag.py:545} INFO - Filling up the DagBag from /opt/airflow/dags/smart_city_traffic_batch_dag.py
[2026-05-08T05:08:39.454+0000] {processor.py:840} INFO - DAG(s) 'smart_city_traffic_batch_dag' retrieved from /opt/airflow/dags/smart_city_traffic_batch_dag.py
[2026-05-08T05:08:39.521+0000] {logging_mixin.py:188} INFO - [2026-05-08T05:08:39.520+0000] {dag.py:3089} INFO - Sync 1 DAGs
[2026-05-08T05:08:39.556+0000] {logging_mixin.py:188} INFO - [2026-05-08T05:08:39.556+0000] {dag.py:3947} INFO - Setting next_dagrun for smart_city_traffic_batch_dag to 2026-05-08 01:00:00+00:00, run_after=2026-05-09 01:00:00+00:00
[2026-05-08T05:08:39.590+0000] {processor.py:183} INFO - Processing /opt/airflow/dags/smart_city_traffic_batch_dag.py took 1.472 seconds
[2026-05-08T05:09:09.972+0000] {processor.py:161} INFO - Started process (PID=1429) to work on /opt/airflow/dags/smart_city_traffic_batch_dag.py
[2026-05-08T05:09:09.974+0000] {processor.py:830} INFO - Processing file /opt/airflow/dags/smart_city_traffic_batch_dag.py for tasks to queue
[2026-05-08T05:09:09.977+0000] {logging_mixin.py:188} INFO - [2026-05-08T05:09:09.977+0000] {dagbag.py:545} INFO - Filling up the DagBag from /opt/airflow/dags/smart_city_traffic_batch_dag.py
[2026-05-08T05:09:11.013+0000] {processor.py:840} INFO - DAG(s) 'smart_city_traffic_batch_dag' retrieved from /opt/airflow/dags/smart_city_traffic_batch_dag.py
[2026-05-08T05:09:11.074+0000] {logging_mixin.py:188} INFO - [2026-05-08T05:09:11.074+0000] {dag.py:3089} INFO - Sync 1 DAGs
[2026-05-08T05:09:11.126+0000] {logging_mixin.py:188} INFO - [2026-05-08T05:09:11.126+0000] {dag.py:3947} INFO - Setting next_dagrun for smart_city_traffic_batch_dag to 2026-05-08 01:00:00+00:00, run_after=2026-05-09 01:00:00+00:00
[2026-05-08T05:09:11.163+0000] {processor.py:183} INFO - Processing /opt/airflow/dags/smart_city_traffic_batch_dag.py took 1.205 seconds
[2026-05-08T05:09:41.313+0000] {processor.py:161} INFO - Started process (PID=1435) to work on /opt/airflow/dags/smart_city_traffic_batch_dag.py
[2026-05-08T05:09:41.315+0000] {processor.py:830} INFO - Processing file /opt/airflow/dags/smart_city_traffic_batch_dag.py for tasks to queue
[2026-05-08T05:09:41.319+0000] {logging_mixin.py:188} INFO - [2026-05-08T05:09:41.318+0000] {dagbag.py:545} INFO - Filling up the DagBag from /opt/airflow/dags/smart_city_traffic_batch_dag.py
[2026-05-08T05:09:42.223+0000] {processor.py:840} INFO - DAG(s) 'smart_city_traffic_batch_dag' retrieved from /opt/airflow/dags/smart_city_traffic_batch_dag.py
[2026-05-08T05:09:42.289+0000] {logging_mixin.py:188} INFO - [2026-05-08T05:09:42.288+0000] {dag.py:3089} INFO - Sync 1 DAGs
[2026-05-08T05:09:42.350+0000] {logging_mixin.py:188} INFO - [2026-05-08T05:09:42.349+0000] {dag.py:3947} INFO - Setting next_dagrun for smart_city_traffic_batch_dag to 2026-05-08 01:00:00+00:00, run_after=2026-05-09 01:00:00+00:00
[2026-05-08T05:09:42.400+0000] {processor.py:183} INFO - Processing /opt/airflow/dags/smart_city_traffic_batch_dag.py took 1.101 seconds
[2026-05-08T05:10:12.592+0000] {processor.py:161} INFO - Started process (PID=1441) to work on /opt/airflow/dags/smart_city_traffic_batch_dag.py
[2026-05-08T05:10:12.594+0000] {processor.py:830} INFO - Processing file /opt/airflow/dags/smart_city_traffic_batch_dag.py for tasks to queue
[2026-05-08T05:10:12.598+0000] {logging_mixin.py:188} INFO - [2026-05-08T05:10:12.598+0000] {dagbag.py:545} INFO - Filling up the DagBag from /opt/airflow/dags/smart_city_traffic_batch_dag.py
[2026-05-08T05:10:13.581+0000] {processor.py:840} INFO - DAG(s) 'smart_city_traffic_batch_dag' retrieved from /opt/airflow/dags/smart_city_traffic_batch_dag.py
[2026-05-08T05:10:13.639+0000] {logging_mixin.py:188} INFO - [2026-05-08T05:10:13.639+0000] {dag.py:3089} INFO - Sync 1 DAGs
[2026-05-08T05:10:13.675+0000] {logging_mixin.py:188} INFO - [2026-05-08T05:10:13.675+0000] {dag.py:3947} INFO - Setting next_dagrun for smart_city_traffic_batch_dag to 2026-05-08 01:00:00+00:00, run_after=2026-05-09 01:00:00+00:00
[2026-05-08T05:10:13.719+0000] {processor.py:183} INFO - Processing /opt/airflow/dags/smart_city_traffic_batch_dag.py took 1.139 seconds
[2026-05-08T05:10:43.906+0000] {processor.py:161} INFO - Started process (PID=1447) to work on /opt/airflow/dags/smart_city_traffic_batch_dag.py
[2026-05-08T05:10:43.908+0000] {processor.py:830} INFO - Processing file /opt/airflow/dags/smart_city_traffic_batch_dag.py for tasks to queue
[2026-05-08T05:10:43.911+0000] {logging_mixin.py:188} INFO - [2026-05-08T05:10:43.911+0000] {dagbag.py:545} INFO - Filling up the DagBag from /opt/airflow/dags/smart_city_traffic_batch_dag.py
[2026-05-08T05:10:44.826+0000] {processor.py:840} INFO - DAG(s) 'smart_city_traffic_batch_dag' retrieved from /opt/airflow/dags/smart_city_traffic_batch_dag.py
[2026-05-08T05:10:44.876+0000] {logging_mixin.py:188} INFO - [2026-05-08T05:10:44.876+0000] {dag.py:3089} INFO - Sync 1 DAGs
[2026-05-08T05:10:44.909+0000] {logging_mixin.py:188} INFO - [2026-05-08T05:10:44.909+0000] {dag.py:3947} INFO - Setting next_dagrun for smart_city_traffic_batch_dag to 2026-05-08 01:00:00+00:00, run_after=2026-05-09 01:00:00+00:00
[2026-05-08T05:10:44.944+0000] {processor.py:183} INFO - Processing /opt/airflow/dags/smart_city_traffic_batch_dag.py took 1.054 seconds
[2026-05-08T05:11:15.159+0000] {processor.py:161} INFO - Started process (PID=1453) to work on /opt/airflow/dags/smart_city_traffic_batch_dag.py
[2026-05-08T05:11:15.161+0000] {processor.py:830} INFO - Processing file /opt/airflow/dags/smart_city_traffic_batch_dag.py for tasks to queue
[2026-05-08T05:11:15.165+0000] {logging_mixin.py:188} INFO - [2026-05-08T05:11:15.164+0000] {dagbag.py:545} INFO - Filling up the DagBag from /opt/airflow/dags/smart_city_traffic_batch_dag.py
[2026-05-08T05:11:16.240+0000] {processor.py:840} INFO - DAG(s) 'smart_city_traffic_batch_dag' retrieved from /opt/airflow/dags/smart_city_traffic_batch_dag.py
[2026-05-08T05:11:16.302+0000] {logging_mixin.py:188} INFO - [2026-05-08T05:11:16.301+0000] {dag.py:3089} INFO - Sync 1 DAGs
[2026-05-08T05:11:16.341+0000] {logging_mixin.py:188} INFO - [2026-05-08T05:11:16.340+0000] {dag.py:3947} INFO - Setting next_dagrun for smart_city_traffic_batch_dag to 2026-05-08 01:00:00+00:00, run_after=2026-05-09 01:00:00+00:00
[2026-05-08T05:11:16.372+0000] {processor.py:183} INFO - Processing /opt/airflow/dags/smart_city_traffic_batch_dag.py took 1.226 seconds
[2026-05-08T05:11:46.574+0000] {processor.py:161} INFO - Started process (PID=1459) to work on /opt/airflow/dags/smart_city_traffic_batch_dag.py
[2026-05-08T05:11:46.577+0000] {processor.py:830} INFO - Processing file /opt/airflow/dags/smart_city_traffic_batch_dag.py for tasks to queue
[2026-05-08T05:11:46.581+0000] {logging_mixin.py:188} INFO - [2026-05-08T05:11:46.580+0000] {dagbag.py:545} INFO - Filling up the DagBag from /opt/airflow/dags/smart_city_traffic_batch_dag.py
[2026-05-08T05:11:47.704+0000] {processor.py:840} INFO - DAG(s) 'smart_city_traffic_batch_dag' retrieved from /opt/airflow/dags/smart_city_traffic_batch_dag.py
[2026-05-08T05:11:47.754+0000] {logging_mixin.py:188} INFO - [2026-05-08T05:11:47.754+0000] {dag.py:3089} INFO - Sync 1 DAGs
[2026-05-08T05:11:47.795+0000] {logging_mixin.py:188} INFO - [2026-05-08T05:11:47.794+0000] {dag.py:3947} INFO - Setting next_dagrun for smart_city_traffic_batch_dag to 2026-05-08 01:00:00+00:00, run_after=2026-05-09 01:00:00+00:00
[2026-05-08T05:11:47.830+0000] {processor.py:183} INFO - Processing /opt/airflow/dags/smart_city_traffic_batch_dag.py took 1.270 seconds
[2026-05-08T05:12:17.972+0000] {processor.py:161} INFO - Started process (PID=1465) to work on /opt/airflow/dags/smart_city_traffic_batch_dag.py
[2026-05-08T05:12:17.973+0000] {processor.py:830} INFO - Processing file /opt/airflow/dags/smart_city_traffic_batch_dag.py for tasks to queue
[2026-05-08T05:12:17.977+0000] {logging_mixin.py:188} INFO - [2026-05-08T05:12:17.976+0000] {dagbag.py:545} INFO - Filling up the DagBag from /opt/airflow/dags/smart_city_traffic_batch_dag.py
[2026-05-08T05:12:18.845+0000] {processor.py:840} INFO - DAG(s) 'smart_city_traffic_batch_dag' retrieved from /opt/airflow/dags/smart_city_traffic_batch_dag.py
[2026-05-08T05:12:18.891+0000] {logging_mixin.py:188} INFO - [2026-05-08T05:12:18.890+0000] {dag.py:3089} INFO - Sync 1 DAGs
[2026-05-08T05:12:18.922+0000] {logging_mixin.py:188} INFO - [2026-05-08T05:12:18.922+0000] {dag.py:3947} INFO - Setting next_dagrun for smart_city_traffic_batch_dag to 2026-05-08 01:00:00+00:00, run_after=2026-05-09 01:00:00+00:00
[2026-05-08T05:12:18.954+0000] {processor.py:183} INFO - Processing /opt/airflow/dags/smart_city_traffic_batch_dag.py took 0.994 seconds
[2026-05-08T05:12:49.236+0000] {processor.py:161} INFO - Started process (PID=1471) to work on /opt/airflow/dags/smart_city_traffic_batch_dag.py
[2026-05-08T05:12:49.238+0000] {processor.py:830} INFO - Processing file /opt/airflow/dags/smart_city_traffic_batch_dag.py for tasks to queue
[2026-05-08T05:12:49.242+0000] {logging_mixin.py:188} INFO - [2026-05-08T05:12:49.241+0000] {dagbag.py:545} INFO - Filling up the DagBag from /opt/airflow/dags/smart_city_traffic_batch_dag.py
[2026-05-08T05:12:50.262+0000] {processor.py:840} INFO - DAG(s) 'smart_city_traffic_batch_dag' retrieved from /opt/airflow/dags/smart_city_traffic_batch_dag.py
[2026-05-08T05:12:50.309+0000] {logging_mixin.py:188} INFO - [2026-05-08T05:12:50.309+0000] {dag.py:3089} INFO - Sync 1 DAGs
[2026-05-08T05:12:50.342+0000] {logging_mixin.py:188} INFO - [2026-05-08T05:12:50.341+0000] {dag.py:3947} INFO - Setting next_dagrun for smart_city_traffic_batch_dag to 2026-05-08 01:00:00+00:00, run_after=2026-05-09 01:00:00+00:00
[2026-05-08T05:12:50.376+0000] {processor.py:183} INFO - Processing /opt/airflow/dags/smart_city_traffic_batch_dag.py took 1.151 seconds
[2026-05-08T05:13:20.559+0000] {processor.py:161} INFO - Started process (PID=1477) to work on /opt/airflow/dags/smart_city_traffic_batch_dag.py
[2026-05-08T05:13:20.561+0000] {processor.py:830} INFO - Processing file /opt/airflow/dags/smart_city_traffic_batch_dag.py for tasks to queue
[2026-05-08T05:13:20.565+0000] {logging_mixin.py:188} INFO - [2026-05-08T05:13:20.564+0000] {dagbag.py:545} INFO - Filling up the DagBag from /opt/airflow/dags/smart_city_traffic_batch_dag.py
[2026-05-08T05:13:21.572+0000] {processor.py:840} INFO - DAG(s) 'smart_city_traffic_batch_dag' retrieved from /opt/airflow/dags/smart_city_traffic_batch_dag.py
[2026-05-08T05:13:21.623+0000] {logging_mixin.py:188} INFO - [2026-05-08T05:13:21.622+0000] {dag.py:3089} INFO - Sync 1 DAGs
[2026-05-08T05:13:21.655+0000] {logging_mixin.py:188} INFO - [2026-05-08T05:13:21.655+0000] {dag.py:3947} INFO - Setting next_dagrun for smart_city_traffic_batch_dag to 2026-05-08 01:00:00+00:00, run_after=2026-05-09 01:00:00+00:00
[2026-05-08T05:13:21.686+0000] {processor.py:183} INFO - Processing /opt/airflow/dags/smart_city_traffic_batch_dag.py took 1.139 seconds
[2026-05-08T05:13:52.370+0000] {processor.py:161} INFO - Started process (PID=1483) to work on /opt/airflow/dags/smart_city_traffic_batch_dag.py
[2026-05-08T05:13:52.374+0000] {processor.py:830} INFO - Processing file /opt/airflow/dags/smart_city_traffic_batch_dag.py for tasks to queue
[2026-05-08T05:13:52.378+0000] {logging_mixin.py:188} INFO - [2026-05-08T05:13:52.378+0000] {dagbag.py:545} INFO - Filling up the DagBag from /opt/airflow/dags/smart_city_traffic_batch_dag.py
[2026-05-08T05:13:53.460+0000] {processor.py:840} INFO - DAG(s) 'smart_city_traffic_batch_dag' retrieved from /opt/airflow/dags/smart_city_traffic_batch_dag.py
[2026-05-08T05:13:53.518+0000] {logging_mixin.py:188} INFO - [2026-05-08T05:13:53.517+0000] {dag.py:3089} INFO - Sync 1 DAGs
[2026-05-08T05:13:53.554+0000] {logging_mixin.py:188} INFO - [2026-05-08T05:13:53.553+0000] {dag.py:3947} INFO - Setting next_dagrun for smart_city_traffic_batch_dag to 2026-05-08 01:00:00+00:00, run_after=2026-05-09 01:00:00+00:00
[2026-05-08T05:13:53.582+0000] {processor.py:183} INFO - Processing /opt/airflow/dags/smart_city_traffic_batch_dag.py took 1.235 seconds
[2026-05-08T05:14:23.764+0000] {processor.py:161} INFO - Started process (PID=1489) to work on /opt/airflow/dags/smart_city_traffic_batch_dag.py
[2026-05-08T05:14:23.766+0000] {processor.py:830} INFO - Processing file /opt/airflow/dags/smart_city_traffic_batch_dag.py for tasks to queue
[2026-05-08T05:14:23.770+0000] {logging_mixin.py:188} INFO - [2026-05-08T05:14:23.770+0000] {dagbag.py:545} INFO - Filling up the DagBag from /opt/airflow/dags/smart_city_traffic_batch_dag.py
[2026-05-08T05:14:24.748+0000] {processor.py:840} INFO - DAG(s) 'smart_city_traffic_batch_dag' retrieved from /opt/airflow/dags/smart_city_traffic_batch_dag.py
[2026-05-08T05:14:24.809+0000] {logging_mixin.py:188} INFO - [2026-05-08T05:14:24.807+0000] {dag.py:3089} INFO - Sync 1 DAGs
[2026-05-08T05:14:24.847+0000] {logging_mixin.py:188} INFO - [2026-05-08T05:14:24.847+0000] {dag.py:3947} INFO - Setting next_dagrun for smart_city_traffic_batch_dag to 2026-05-08 01:00:00+00:00, run_after=2026-05-09 01:00:00+00:00
[2026-05-08T05:14:24.884+0000] {processor.py:183} INFO - Processing /opt/airflow/dags/smart_city_traffic_batch_dag.py took 1.131 seconds
[2026-05-08T05:14:55.416+0000] {processor.py:161} INFO - Started process (PID=1495) to work on /opt/airflow/dags/smart_city_traffic_batch_dag.py
[2026-05-08T05:14:55.418+0000] {processor.py:830} INFO - Processing file /opt/airflow/dags/smart_city_traffic_batch_dag.py for tasks to queue
[2026-05-08T05:14:55.422+0000] {logging_mixin.py:188} INFO - [2026-05-08T05:14:55.421+0000] {dagbag.py:545} INFO - Filling up the DagBag from /opt/airflow/dags/smart_city_traffic_batch_dag.py
[2026-05-08T05:14:56.338+0000] {processor.py:840} INFO - DAG(s) 'smart_city_traffic_batch_dag' retrieved from /opt/airflow/dags/smart_city_traffic_batch_dag.py
[2026-05-08T05:14:56.400+0000] {logging_mixin.py:188} INFO - [2026-05-08T05:14:56.399+0000] {dag.py:3089} INFO - Sync 1 DAGs
[2026-05-08T05:14:56.476+0000] {logging_mixin.py:188} INFO - [2026-05-08T05:14:56.475+0000] {dag.py:3947} INFO - Setting next_dagrun for smart_city_traffic_batch_dag to 2026-05-08 01:00:00+00:00, run_after=2026-05-09 01:00:00+00:00
[2026-05-08T05:14:56.527+0000] {processor.py:183} INFO - Processing /opt/airflow/dags/smart_city_traffic_batch_dag.py took 1.124 seconds
[2026-05-08T05:15:27.164+0000] {processor.py:161} INFO - Started process (PID=1501) to work on /opt/airflow/dags/smart_city_traffic_batch_dag.py
[2026-05-08T05:15:27.168+0000] {processor.py:830} INFO - Processing file /opt/airflow/dags/smart_city_traffic_batch_dag.py for tasks to queue
[2026-05-08T05:15:27.176+0000] {logging_mixin.py:188} INFO - [2026-05-08T05:15:27.173+0000] {dagbag.py:545} INFO - Filling up the DagBag from /opt/airflow/dags/smart_city_traffic_batch_dag.py
[2026-05-08T05:15:28.116+0000] {processor.py:840} INFO - DAG(s) 'smart_city_traffic_batch_dag' retrieved from /opt/airflow/dags/smart_city_traffic_batch_dag.py
[2026-05-08T05:15:28.168+0000] {logging_mixin.py:188} INFO - [2026-05-08T05:15:28.168+0000] {dag.py:3089} INFO - Sync 1 DAGs
[2026-05-08T05:15:28.197+0000] {logging_mixin.py:188} INFO - [2026-05-08T05:15:28.197+0000] {dag.py:3947} INFO - Setting next_dagrun for smart_city_traffic_batch_dag to 2026-05-08 01:00:00+00:00, run_after=2026-05-09 01:00:00+00:00
[2026-05-08T05:15:28.227+0000] {processor.py:183} INFO - Processing /opt/airflow/dags/smart_city_traffic_batch_dag.py took 1.088 seconds
[2026-05-08T05:15:58.476+0000] {processor.py:161} INFO - Started process (PID=1507) to work on /opt/airflow/dags/smart_city_traffic_batch_dag.py
[2026-05-08T05:15:58.479+0000] {processor.py:830} INFO - Processing file /opt/airflow/dags/smart_city_traffic_batch_dag.py for tasks to queue
[2026-05-08T05:15:58.483+0000] {logging_mixin.py:188} INFO - [2026-05-08T05:15:58.482+0000] {dagbag.py:545} INFO - Filling up the DagBag from /opt/airflow/dags/smart_city_traffic_batch_dag.py
[2026-05-08T05:15:59.678+0000] {processor.py:840} INFO - DAG(s) 'smart_city_traffic_batch_dag' retrieved from /opt/airflow/dags/smart_city_traffic_batch_dag.py
[2026-05-08T05:15:59.757+0000] {logging_mixin.py:188} INFO - [2026-05-08T05:15:59.757+0000] {dag.py:3089} INFO - Sync 1 DAGs
[2026-05-08T05:15:59.802+0000] {logging_mixin.py:188} INFO - [2026-05-08T05:15:59.802+0000] {dag.py:3947} INFO - Setting next_dagrun for smart_city_traffic_batch_dag to 2026-05-08 01:00:00+00:00, run_after=2026-05-09 01:00:00+00:00
[2026-05-08T05:15:59.857+0000] {processor.py:183} INFO - Processing /opt/airflow/dags/smart_city_traffic_batch_dag.py took 1.399 seconds
[2026-05-08T05:16:30.400+0000] {processor.py:161} INFO - Started process (PID=1513) to work on /opt/airflow/dags/smart_city_traffic_batch_dag.py
[2026-05-08T05:16:30.402+0000] {processor.py:830} INFO - Processing file /opt/airflow/dags/smart_city_traffic_batch_dag.py for tasks to queue
[2026-05-08T05:16:30.409+0000] {logging_mixin.py:188} INFO - [2026-05-08T05:16:30.408+0000] {dagbag.py:545} INFO - Filling up the DagBag from /opt/airflow/dags/smart_city_traffic_batch_dag.py
[2026-05-08T05:16:31.415+0000] {processor.py:840} INFO - DAG(s) 'smart_city_traffic_batch_dag' retrieved from /opt/airflow/dags/smart_city_traffic_batch_dag.py
[2026-05-08T05:16:31.493+0000] {logging_mixin.py:188} INFO - [2026-05-08T05:16:31.492+0000] {dag.py:3089} INFO - Sync 1 DAGs
[2026-05-08T05:16:31.557+0000] {logging_mixin.py:188} INFO - [2026-05-08T05:16:31.557+0000] {dag.py:3947} INFO - Setting next_dagrun for smart_city_traffic_batch_dag to 2026-05-08 01:00:00+00:00, run_after=2026-05-09 01:00:00+00:00
[2026-05-08T05:16:31.605+0000] {processor.py:183} INFO - Processing /opt/airflow/dags/smart_city_traffic_batch_dag.py took 1.221 seconds
[2026-05-08T05:17:01.971+0000] {processor.py:161} INFO - Started process (PID=1519) to work on /opt/airflow/dags/smart_city_traffic_batch_dag.py
[2026-05-08T05:17:01.973+0000] {processor.py:830} INFO - Processing file /opt/airflow/dags/smart_city_traffic_batch_dag.py for tasks to queue
[2026-05-08T05:17:01.978+0000] {logging_mixin.py:188} INFO - [2026-05-08T05:17:01.977+0000] {dagbag.py:545} INFO - Filling up the DagBag from /opt/airflow/dags/smart_city_traffic_batch_dag.py
[2026-05-08T05:17:02.897+0000] {processor.py:840} INFO - DAG(s) 'smart_city_traffic_batch_dag' retrieved from /opt/airflow/dags/smart_city_traffic_batch_dag.py
[2026-05-08T05:17:02.960+0000] {logging_mixin.py:188} INFO - [2026-05-08T05:17:02.959+0000] {dag.py:3089} INFO - Sync 1 DAGs
[2026-05-08T05:17:02.997+0000] {logging_mixin.py:188} INFO - [2026-05-08T05:17:02.997+0000] {dag.py:3947} INFO - Setting next_dagrun for smart_city_traffic_batch_dag to 2026-05-08 01:00:00+00:00, run_after=2026-05-09 01:00:00+00:00
[2026-05-08T05:17:03.032+0000] {processor.py:183} INFO - Processing /opt/airflow/dags/smart_city_traffic_batch_dag.py took 1.073 seconds
[2026-05-08T05:17:33.605+0000] {processor.py:161} INFO - Started process (PID=1525) to work on /opt/airflow/dags/smart_city_traffic_batch_dag.py
[2026-05-08T05:17:33.607+0000] {processor.py:830} INFO - Processing file /opt/airflow/dags/smart_city_traffic_batch_dag.py for tasks to queue
[2026-05-08T05:17:33.612+0000] {logging_mixin.py:188} INFO - [2026-05-08T05:17:33.611+0000] {dagbag.py:545} INFO - Filling up the DagBag from /opt/airflow/dags/smart_city_traffic_batch_dag.py
[2026-05-08T05:17:34.713+0000] {processor.py:840} INFO - DAG(s) 'smart_city_traffic_batch_dag' retrieved from /opt/airflow/dags/smart_city_traffic_batch_dag.py
[2026-05-08T05:17:34.780+0000] {logging_mixin.py:188} INFO - [2026-05-08T05:17:34.779+0000] {dag.py:3089} INFO - Sync 1 DAGs
[2026-05-08T05:17:34.824+0000] {logging_mixin.py:188} INFO - [2026-05-08T05:17:34.823+0000] {dag.py:3947} INFO - Setting next_dagrun for smart_city_traffic_batch_dag to 2026-05-08 01:00:00+00:00, run_after=2026-05-09 01:00:00+00:00
[2026-05-08T05:17:34.867+0000] {processor.py:183} INFO - Processing /opt/airflow/dags/smart_city_traffic_batch_dag.py took 1.279 seconds
[2026-05-08T05:18:05.337+0000] {processor.py:161} INFO - Started process (PID=1531) to work on /opt/airflow/dags/smart_city_traffic_batch_dag.py
[2026-05-08T05:18:05.342+0000] {processor.py:830} INFO - Processing file /opt/airflow/dags/smart_city_traffic_batch_dag.py for tasks to queue
[2026-05-08T05:18:05.347+0000] {logging_mixin.py:188} INFO - [2026-05-08T05:18:05.346+0000] {dagbag.py:545} INFO - Filling up the DagBag from /opt/airflow/dags/smart_city_traffic_batch_dag.py
[2026-05-08T05:18:06.709+0000] {processor.py:840} INFO - DAG(s) 'smart_city_traffic_batch_dag' retrieved from /opt/airflow/dags/smart_city_traffic_batch_dag.py
[2026-05-08T05:18:06.764+0000] {logging_mixin.py:188} INFO - [2026-05-08T05:18:06.763+0000] {dag.py:3089} INFO - Sync 1 DAGs
[2026-05-08T05:18:06.810+0000] {logging_mixin.py:188} INFO - [2026-05-08T05:18:06.810+0000] {dag.py:3947} INFO - Setting next_dagrun for smart_city_traffic_batch_dag to 2026-05-08 01:00:00+00:00, run_after=2026-05-09 01:00:00+00:00
[2026-05-08T05:18:06.861+0000] {processor.py:183} INFO - Processing /opt/airflow/dags/smart_city_traffic_batch_dag.py took 1.539 seconds
[2026-05-08T05:18:37.798+0000] {processor.py:161} INFO - Started process (PID=1537) to work on /opt/airflow/dags/smart_city_traffic_batch_dag.py
[2026-05-08T05:18:37.806+0000] {processor.py:830} INFO - Processing file /opt/airflow/dags/smart_city_traffic_batch_dag.py for tasks to queue
[2026-05-08T05:18:37.834+0000] {logging_mixin.py:188} INFO - [2026-05-08T05:18:37.831+0000] {dagbag.py:545} INFO - Filling up the DagBag from /opt/airflow/dags/smart_city_traffic_batch_dag.py
[2026-05-08T05:18:40.013+0000] {processor.py:840} INFO - DAG(s) 'smart_city_traffic_batch_dag' retrieved from /opt/airflow/dags/smart_city_traffic_batch_dag.py
[2026-05-08T05:18:40.073+0000] {logging_mixin.py:188} INFO - [2026-05-08T05:18:40.073+0000] {dag.py:3089} INFO - Sync 1 DAGs
[2026-05-08T05:18:40.108+0000] {logging_mixin.py:188} INFO - [2026-05-08T05:18:40.108+0000] {dag.py:3947} INFO - Setting next_dagrun for smart_city_traffic_batch_dag to 2026-05-08 01:00:00+00:00, run_after=2026-05-09 01:00:00+00:00
[2026-05-08T05:18:40.142+0000] {processor.py:183} INFO - Processing /opt/airflow/dags/smart_city_traffic_batch_dag.py took 2.437 seconds
[2026-05-08T05:19:10.599+0000] {processor.py:161} INFO - Started process (PID=1543) to work on /opt/airflow/dags/smart_city_traffic_batch_dag.py
[2026-05-08T05:19:10.603+0000] {processor.py:830} INFO - Processing file /opt/airflow/dags/smart_city_traffic_batch_dag.py for tasks to queue
[2026-05-08T05:19:10.614+0000] {logging_mixin.py:188} INFO - [2026-05-08T05:19:10.613+0000] {dagbag.py:545} INFO - Filling up the DagBag from /opt/airflow/dags/smart_city_traffic_batch_dag.py
[2026-05-08T05:19:11.919+0000] {processor.py:840} INFO - DAG(s) 'smart_city_traffic_batch_dag' retrieved from /opt/airflow/dags/smart_city_traffic_batch_dag.py
[2026-05-08T05:19:11.973+0000] {logging_mixin.py:188} INFO - [2026-05-08T05:19:11.972+0000] {dag.py:3089} INFO - Sync 1 DAGs
[2026-05-08T05:19:12.013+0000] {logging_mixin.py:188} INFO - [2026-05-08T05:19:12.013+0000] {dag.py:3947} INFO - Setting next_dagrun for smart_city_traffic_batch_dag to 2026-05-08 01:00:00+00:00, run_after=2026-05-09 01:00:00+00:00
[2026-05-08T05:19:12.056+0000] {processor.py:183} INFO - Processing /opt/airflow/dags/smart_city_traffic_batch_dag.py took 1.481 seconds
[2026-05-08T05:19:42.567+0000] {processor.py:161} INFO - Started process (PID=1549) to work on /opt/airflow/dags/smart_city_traffic_batch_dag.py
[2026-05-08T05:19:42.572+0000] {processor.py:830} INFO - Processing file /opt/airflow/dags/smart_city_traffic_batch_dag.py for tasks to queue
[2026-05-08T05:19:42.582+0000] {logging_mixin.py:188} INFO - [2026-05-08T05:19:42.581+0000] {dagbag.py:545} INFO - Filling up the DagBag from /opt/airflow/dags/smart_city_traffic_batch_dag.py
[2026-05-08T05:19:43.542+0000] {processor.py:840} INFO - DAG(s) 'smart_city_traffic_batch_dag' retrieved from /opt/airflow/dags/smart_city_traffic_batch_dag.py
[2026-05-08T05:19:43.601+0000] {logging_mixin.py:188} INFO - [2026-05-08T05:19:43.600+0000] {dag.py:3089} INFO - Sync 1 DAGs
[2026-05-08T05:19:43.642+0000] {logging_mixin.py:188} INFO - [2026-05-08T05:19:43.642+0000] {dag.py:3947} INFO - Setting next_dagrun for smart_city_traffic_batch_dag to 2026-05-08 01:00:00+00:00, run_after=2026-05-09 01:00:00+00:00
[2026-05-08T05:19:43.680+0000] {processor.py:183} INFO - Processing /opt/airflow/dags/smart_city_traffic_batch_dag.py took 1.125 seconds
[2026-05-08T05:20:13.853+0000] {processor.py:161} INFO - Started process (PID=1555) to work on /opt/airflow/dags/smart_city_traffic_batch_dag.py
[2026-05-08T05:20:13.855+0000] {processor.py:830} INFO - Processing file /opt/airflow/dags/smart_city_traffic_batch_dag.py for tasks to queue
[2026-05-08T05:20:13.859+0000] {logging_mixin.py:188} INFO - [2026-05-08T05:20:13.858+0000] {dagbag.py:545} INFO - Filling up the DagBag from /opt/airflow/dags/smart_city_traffic_batch_dag.py
[2026-05-08T05:20:14.769+0000] {processor.py:840} INFO - DAG(s) 'smart_city_traffic_batch_dag' retrieved from /opt/airflow/dags/smart_city_traffic_batch_dag.py
[2026-05-08T05:20:14.819+0000] {logging_mixin.py:188} INFO - [2026-05-08T05:20:14.818+0000] {dag.py:3089} INFO - Sync 1 DAGs
[2026-05-08T05:20:14.859+0000] {logging_mixin.py:188} INFO - [2026-05-08T05:20:14.859+0000] {dag.py:3947} INFO - Setting next_dagrun for smart_city_traffic_batch_dag to 2026-05-08 01:00:00+00:00, run_after=2026-05-09 01:00:00+00:00
[2026-05-08T05:20:14.892+0000] {processor.py:183} INFO - Processing /opt/airflow/dags/smart_city_traffic_batch_dag.py took 1.052 seconds
[2026-05-08T05:20:45.115+0000] {processor.py:161} INFO - Started process (PID=1561) to work on /opt/airflow/dags/smart_city_traffic_batch_dag.py
[2026-05-08T05:20:45.117+0000] {processor.py:830} INFO - Processing file /opt/airflow/dags/smart_city_traffic_batch_dag.py for tasks to queue
[2026-05-08T05:20:45.122+0000] {logging_mixin.py:188} INFO - [2026-05-08T05:20:45.121+0000] {dagbag.py:545} INFO - Filling up the DagBag from /opt/airflow/dags/smart_city_traffic_batch_dag.py
[2026-05-08T05:20:46.028+0000] {processor.py:840} INFO - DAG(s) 'smart_city_traffic_batch_dag' retrieved from /opt/airflow/dags/smart_city_traffic_batch_dag.py
[2026-05-08T05:20:46.080+0000] {logging_mixin.py:188} INFO - [2026-05-08T05:20:46.079+0000] {dag.py:3089} INFO - Sync 1 DAGs
[2026-05-08T05:20:46.130+0000] {logging_mixin.py:188} INFO - [2026-05-08T05:20:46.129+0000] {dag.py:3947} INFO - Setting next_dagrun for smart_city_traffic_batch_dag to 2026-05-08 01:00:00+00:00, run_after=2026-05-09 01:00:00+00:00
[2026-05-08T05:20:46.194+0000] {processor.py:183} INFO - Processing /opt/airflow/dags/smart_city_traffic_batch_dag.py took 1.092 seconds
[2026-05-08T05:21:16.545+0000] {processor.py:161} INFO - Started process (PID=1567) to work on /opt/airflow/dags/smart_city_traffic_batch_dag.py
[2026-05-08T05:21:16.547+0000] {processor.py:830} INFO - Processing file /opt/airflow/dags/smart_city_traffic_batch_dag.py for tasks to queue
[2026-05-08T05:21:16.552+0000] {logging_mixin.py:188} INFO - [2026-05-08T05:21:16.552+0000] {dagbag.py:545} INFO - Filling up the DagBag from /opt/airflow/dags/smart_city_traffic_batch_dag.py
[2026-05-08T05:21:17.784+0000] {processor.py:840} INFO - DAG(s) 'smart_city_traffic_batch_dag' retrieved from /opt/airflow/dags/smart_city_traffic_batch_dag.py
[2026-05-08T05:21:17.876+0000] {logging_mixin.py:188} INFO - [2026-05-08T05:21:17.874+0000] {dag.py:3089} INFO - Sync 1 DAGs
[2026-05-08T05:21:17.938+0000] {logging_mixin.py:188} INFO - [2026-05-08T05:21:17.937+0000] {dag.py:3947} INFO - Setting next_dagrun for smart_city_traffic_batch_dag to 2026-05-08 01:00:00+00:00, run_after=2026-05-09 01:00:00+00:00
[2026-05-08T05:21:17.995+0000] {processor.py:183} INFO - Processing /opt/airflow/dags/smart_city_traffic_batch_dag.py took 1.463 seconds
[2026-05-08T05:21:48.415+0000] {processor.py:161} INFO - Started process (PID=1573) to work on /opt/airflow/dags/smart_city_traffic_batch_dag.py
[2026-05-08T05:21:48.417+0000] {processor.py:830} INFO - Processing file /opt/airflow/dags/smart_city_traffic_batch_dag.py for tasks to queue
[2026-05-08T05:21:48.421+0000] {logging_mixin.py:188} INFO - [2026-05-08T05:21:48.420+0000] {dagbag.py:545} INFO - Filling up the DagBag from /opt/airflow/dags/smart_city_traffic_batch_dag.py
[2026-05-08T05:21:49.359+0000] {processor.py:840} INFO - DAG(s) 'smart_city_traffic_batch_dag' retrieved from /opt/airflow/dags/smart_city_traffic_batch_dag.py
[2026-05-08T05:21:49.411+0000] {logging_mixin.py:188} INFO - [2026-05-08T05:21:49.411+0000] {dag.py:3089} INFO - Sync 1 DAGs
[2026-05-08T05:21:49.444+0000] {logging_mixin.py:188} INFO - [2026-05-08T05:21:49.444+0000] {dag.py:3947} INFO - Setting next_dagrun for smart_city_traffic_batch_dag to 2026-05-08 01:00:00+00:00, run_after=2026-05-09 01:00:00+00:00
[2026-05-08T05:21:49.477+0000] {processor.py:183} INFO - Processing /opt/airflow/dags/smart_city_traffic_batch_dag.py took 1.078 seconds
[2026-05-08T05:22:19.671+0000] {processor.py:161} INFO - Started process (PID=1579) to work on /opt/airflow/dags/smart_city_traffic_batch_dag.py
[2026-05-08T05:22:19.673+0000] {processor.py:830} INFO - Processing file /opt/airflow/dags/smart_city_traffic_batch_dag.py for tasks to queue
[2026-05-08T05:22:19.677+0000] {logging_mixin.py:188} INFO - [2026-05-08T05:22:19.676+0000] {dagbag.py:545} INFO - Filling up the DagBag from /opt/airflow/dags/smart_city_traffic_batch_dag.py
[2026-05-08T05:22:20.665+0000] {processor.py:840} INFO - DAG(s) 'smart_city_traffic_batch_dag' retrieved from /opt/airflow/dags/smart_city_traffic_batch_dag.py
[2026-05-08T05:22:20.724+0000] {logging_mixin.py:188} INFO - [2026-05-08T05:22:20.723+0000] {dag.py:3089} INFO - Sync 1 DAGs
[2026-05-08T05:22:20.764+0000] {logging_mixin.py:188} INFO - [2026-05-08T05:22:20.764+0000] {dag.py:3947} INFO - Setting next_dagrun for smart_city_traffic_batch_dag to 2026-05-08 01:00:00+00:00, run_after=2026-05-09 01:00:00+00:00
[2026-05-08T05:22:20.801+0000] {processor.py:183} INFO - Processing /opt/airflow/dags/smart_city_traffic_batch_dag.py took 1.144 seconds
[2026-05-08T05:22:51.093+0000] {processor.py:161} INFO - Started process (PID=1585) to work on /opt/airflow/dags/smart_city_traffic_batch_dag.py
[2026-05-08T05:22:51.096+0000] {processor.py:830} INFO - Processing file /opt/airflow/dags/smart_city_traffic_batch_dag.py for tasks to queue
[2026-05-08T05:22:51.100+0000] {logging_mixin.py:188} INFO - [2026-05-08T05:22:51.099+0000] {dagbag.py:545} INFO - Filling up the DagBag from /opt/airflow/dags/smart_city_traffic_batch_dag.py
[2026-05-08T05:22:52.203+0000] {processor.py:840} INFO - DAG(s) 'smart_city_traffic_batch_dag' retrieved from /opt/airflow/dags/smart_city_traffic_batch_dag.py
[2026-05-08T05:22:52.254+0000] {logging_mixin.py:188} INFO - [2026-05-08T05:22:52.253+0000] {dag.py:3089} INFO - Sync 1 DAGs
[2026-05-08T05:22:52.285+0000] {logging_mixin.py:188} INFO - [2026-05-08T05:22:52.284+0000] {dag.py:3947} INFO - Setting next_dagrun for smart_city_traffic_batch_dag to 2026-05-08 01:00:00+00:00, run_after=2026-05-09 01:00:00+00:00
[2026-05-08T05:22:52.319+0000] {processor.py:183} INFO - Processing /opt/airflow/dags/smart_city_traffic_batch_dag.py took 1.238 seconds
[2026-05-08T05:23:22.683+0000] {processor.py:161} INFO - Started process (PID=1591) to work on /opt/airflow/dags/smart_city_traffic_batch_dag.py
[2026-05-08T05:23:22.685+0000] {processor.py:830} INFO - Processing file /opt/airflow/dags/smart_city_traffic_batch_dag.py for tasks to queue
[2026-05-08T05:23:22.690+0000] {logging_mixin.py:188} INFO - [2026-05-08T05:23:22.689+0000] {dagbag.py:545} INFO - Filling up the DagBag from /opt/airflow/dags/smart_city_traffic_batch_dag.py
[2026-05-08T05:23:23.758+0000] {processor.py:840} INFO - DAG(s) 'smart_city_traffic_batch_dag' retrieved from /opt/airflow/dags/smart_city_traffic_batch_dag.py
[2026-05-08T05:23:23.817+0000] {logging_mixin.py:188} INFO - [2026-05-08T05:23:23.816+0000] {dag.py:3089} INFO - Sync 1 DAGs
[2026-05-08T05:23:23.860+0000] {logging_mixin.py:188} INFO - [2026-05-08T05:23:23.860+0000] {dag.py:3947} INFO - Setting next_dagrun for smart_city_traffic_batch_dag to 2026-05-08 01:00:00+00:00, run_after=2026-05-09 01:00:00+00:00
[2026-05-08T05:23:23.907+0000] {processor.py:183} INFO - Processing /opt/airflow/dags/smart_city_traffic_batch_dag.py took 1.240 seconds
[2026-05-08T05:23:54.339+0000] {processor.py:161} INFO - Started process (PID=1597) to work on /opt/airflow/dags/smart_city_traffic_batch_dag.py
[2026-05-08T05:23:54.342+0000] {processor.py:830} INFO - Processing file /opt/airflow/dags/smart_city_traffic_batch_dag.py for tasks to queue
[2026-05-08T05:23:54.346+0000] {logging_mixin.py:188} INFO - [2026-05-08T05:23:54.345+0000] {dagbag.py:545} INFO - Filling up the DagBag from /opt/airflow/dags/smart_city_traffic_batch_dag.py
[2026-05-08T05:23:55.459+0000] {processor.py:840} INFO - DAG(s) 'smart_city_traffic_batch_dag' retrieved from /opt/airflow/dags/smart_city_traffic_batch_dag.py
[2026-05-08T05:23:55.510+0000] {logging_mixin.py:188} INFO - [2026-05-08T05:23:55.509+0000] {dag.py:3089} INFO - Sync 1 DAGs
[2026-05-08T05:23:55.545+0000] {logging_mixin.py:188} INFO - [2026-05-08T05:23:55.544+0000] {dag.py:3947} INFO - Setting next_dagrun for smart_city_traffic_batch_dag to 2026-05-08 01:00:00+00:00, run_after=2026-05-09 01:00:00+00:00
[2026-05-08T05:23:55.593+0000] {processor.py:183} INFO - Processing /opt/airflow/dags/smart_city_traffic_batch_dag.py took 1.273 seconds
[2026-05-08T05:24:26.176+0000] {processor.py:161} INFO - Started process (PID=1603) to work on /opt/airflow/dags/smart_city_traffic_batch_dag.py
[2026-05-08T05:24:26.179+0000] {processor.py:830} INFO - Processing file /opt/airflow/dags/smart_city_traffic_batch_dag.py for tasks to queue
[2026-05-08T05:24:26.182+0000] {logging_mixin.py:188} INFO - [2026-05-08T05:24:26.182+0000] {dagbag.py:545} INFO - Filling up the DagBag from /opt/airflow/dags/smart_city_traffic_batch_dag.py
[2026-05-08T05:24:27.222+0000] {processor.py:840} INFO - DAG(s) 'smart_city_traffic_batch_dag' retrieved from /opt/airflow/dags/smart_city_traffic_batch_dag.py
[2026-05-08T05:24:27.282+0000] {logging_mixin.py:188} INFO - [2026-05-08T05:24:27.281+0000] {dag.py:3089} INFO - Sync 1 DAGs
[2026-05-08T05:24:27.325+0000] {logging_mixin.py:188} INFO - [2026-05-08T05:24:27.325+0000] {dag.py:3947} INFO - Setting next_dagrun for smart_city_traffic_batch_dag to 2026-05-08 01:00:00+00:00, run_after=2026-05-09 01:00:00+00:00
[2026-05-08T05:24:27.359+0000] {processor.py:183} INFO - Processing /opt/airflow/dags/smart_city_traffic_batch_dag.py took 1.199 seconds
[2026-05-08T05:24:57.721+0000] {processor.py:161} INFO - Started process (PID=1609) to work on /opt/airflow/dags/smart_city_traffic_batch_dag.py
[2026-05-08T05:24:57.724+0000] {processor.py:830} INFO - Processing file /opt/airflow/dags/smart_city_traffic_batch_dag.py for tasks to queue
[2026-05-08T05:24:57.729+0000] {logging_mixin.py:188} INFO - [2026-05-08T05:24:57.728+0000] {dagbag.py:545} INFO - Filling up the DagBag from /opt/airflow/dags/smart_city_traffic_batch_dag.py
[2026-05-08T05:24:58.733+0000] {processor.py:840} INFO - DAG(s) 'smart_city_traffic_batch_dag' retrieved from /opt/airflow/dags/smart_city_traffic_batch_dag.py
[2026-05-08T05:24:58.785+0000] {logging_mixin.py:188} INFO - [2026-05-08T05:24:58.784+0000] {dag.py:3089} INFO - Sync 1 DAGs
[2026-05-08T05:24:58.831+0000] {logging_mixin.py:188} INFO - [2026-05-08T05:24:58.831+0000] {dag.py:3947} INFO - Setting next_dagrun for smart_city_traffic_batch_dag to 2026-05-08 01:00:00+00:00, run_after=2026-05-09 01:00:00+00:00
[2026-05-08T05:24:58.866+0000] {processor.py:183} INFO - Processing /opt/airflow/dags/smart_city_traffic_batch_dag.py took 1.162 seconds
[2026-05-08T05:25:29.222+0000] {processor.py:161} INFO - Started process (PID=1615) to work on /opt/airflow/dags/smart_city_traffic_batch_dag.py
[2026-05-08T05:25:29.224+0000] {processor.py:830} INFO - Processing file /opt/airflow/dags/smart_city_traffic_batch_dag.py for tasks to queue
[2026-05-08T05:25:29.229+0000] {logging_mixin.py:188} INFO - [2026-05-08T05:25:29.228+0000] {dagbag.py:545} INFO - Filling up the DagBag from /opt/airflow/dags/smart_city_traffic_batch_dag.py
[2026-05-08T05:25:30.247+0000] {processor.py:840} INFO - DAG(s) 'smart_city_traffic_batch_dag' retrieved from /opt/airflow/dags/smart_city_traffic_batch_dag.py
[2026-05-08T05:25:30.307+0000] {logging_mixin.py:188} INFO - [2026-05-08T05:25:30.306+0000] {dag.py:3089} INFO - Sync 1 DAGs
[2026-05-08T05:25:30.344+0000] {logging_mixin.py:188} INFO - [2026-05-08T05:25:30.344+0000] {dag.py:3947} INFO - Setting next_dagrun for smart_city_traffic_batch_dag to 2026-05-08 01:00:00+00:00, run_after=2026-05-09 01:00:00+00:00
[2026-05-08T05:25:30.385+0000] {processor.py:183} INFO - Processing /opt/airflow/dags/smart_city_traffic_batch_dag.py took 1.175 seconds
[2026-05-08T05:26:00.748+0000] {processor.py:161} INFO - Started process (PID=1621) to work on /opt/airflow/dags/smart_city_traffic_batch_dag.py
[2026-05-08T05:26:00.752+0000] {processor.py:830} INFO - Processing file /opt/airflow/dags/smart_city_traffic_batch_dag.py for tasks to queue
[2026-05-08T05:26:00.756+0000] {logging_mixin.py:188} INFO - [2026-05-08T05:26:00.756+0000] {dagbag.py:545} INFO - Filling up the DagBag from /opt/airflow/dags/smart_city_traffic_batch_dag.py
[2026-05-08T05:26:01.849+0000] {processor.py:840} INFO - DAG(s) 'smart_city_traffic_batch_dag' retrieved from /opt/airflow/dags/smart_city_traffic_batch_dag.py
[2026-05-08T05:26:01.917+0000] {logging_mixin.py:188} INFO - [2026-05-08T05:26:01.916+0000] {dag.py:3089} INFO - Sync 1 DAGs
[2026-05-08T05:26:01.973+0000] {logging_mixin.py:188} INFO - [2026-05-08T05:26:01.972+0000] {dag.py:3947} INFO - Setting next_dagrun for smart_city_traffic_batch_dag to 2026-05-08 01:00:00+00:00, run_after=2026-05-09 01:00:00+00:00
[2026-05-08T05:26:02.024+0000] {processor.py:183} INFO - Processing /opt/airflow/dags/smart_city_traffic_batch_dag.py took 1.294 seconds
[2026-05-08T05:26:32.386+0000] {processor.py:161} INFO - Started process (PID=1627) to work on /opt/airflow/dags/smart_city_traffic_batch_dag.py
[2026-05-08T05:26:32.390+0000] {processor.py:830} INFO - Processing file /opt/airflow/dags/smart_city_traffic_batch_dag.py for tasks to queue
[2026-05-08T05:26:32.399+0000] {logging_mixin.py:188} INFO - [2026-05-08T05:26:32.398+0000] {dagbag.py:545} INFO - Filling up the DagBag from /opt/airflow/dags/smart_city_traffic_batch_dag.py
[2026-05-08T05:26:33.389+0000] {processor.py:840} INFO - DAG(s) 'smart_city_traffic_batch_dag' retrieved from /opt/airflow/dags/smart_city_traffic_batch_dag.py
[2026-05-08T05:26:33.442+0000] {logging_mixin.py:188} INFO - [2026-05-08T05:26:33.441+0000] {dag.py:3089} INFO - Sync 1 DAGs
[2026-05-08T05:26:33.477+0000] {logging_mixin.py:188} INFO - [2026-05-08T05:26:33.476+0000] {dag.py:3947} INFO - Setting next_dagrun for smart_city_traffic_batch_dag to 2026-05-08 01:00:00+00:00, run_after=2026-05-09 01:00:00+00:00
[2026-05-08T05:26:33.514+0000] {processor.py:183} INFO - Processing /opt/airflow/dags/smart_city_traffic_batch_dag.py took 1.149 seconds
[2026-05-08T05:27:03.717+0000] {processor.py:161} INFO - Started process (PID=1633) to work on /opt/airflow/dags/smart_city_traffic_batch_dag.py
[2026-05-08T05:27:03.720+0000] {processor.py:830} INFO - Processing file /opt/airflow/dags/smart_city_traffic_batch_dag.py for tasks to queue
[2026-05-08T05:27:03.729+0000] {logging_mixin.py:188} INFO - [2026-05-08T05:27:03.728+0000] {dagbag.py:545} INFO - Filling up the DagBag from /opt/airflow/dags/smart_city_traffic_batch_dag.py
[2026-05-08T05:27:05.138+0000] {processor.py:840} INFO - DAG(s) 'smart_city_traffic_batch_dag' retrieved from /opt/airflow/dags/smart_city_traffic_batch_dag.py
[2026-05-08T05:27:05.204+0000] {logging_mixin.py:188} INFO - [2026-05-08T05:27:05.203+0000] {dag.py:3089} INFO - Sync 1 DAGs
[2026-05-08T05:27:05.255+0000] {logging_mixin.py:188} INFO - [2026-05-08T05:27:05.254+0000] {dag.py:3947} INFO - Setting next_dagrun for smart_city_traffic_batch_dag to 2026-05-08 01:00:00+00:00, run_after=2026-05-09 01:00:00+00:00
[2026-05-08T05:27:05.291+0000] {processor.py:183} INFO - Processing /opt/airflow/dags/smart_city_traffic_batch_dag.py took 1.592 seconds
[2026-05-08T05:27:35.804+0000] {processor.py:161} INFO - Started process (PID=1639) to work on /opt/airflow/dags/smart_city_traffic_batch_dag.py
[2026-05-08T05:27:35.808+0000] {processor.py:830} INFO - Processing file /opt/airflow/dags/smart_city_traffic_batch_dag.py for tasks to queue
[2026-05-08T05:27:35.819+0000] {logging_mixin.py:188} INFO - [2026-05-08T05:27:35.817+0000] {dagbag.py:545} INFO - Filling up the DagBag from /opt/airflow/dags/smart_city_traffic_batch_dag.py
[2026-05-08T05:27:38.152+0000] {processor.py:840} INFO - DAG(s) 'smart_city_traffic_batch_dag' retrieved from /opt/airflow/dags/smart_city_traffic_batch_dag.py
[2026-05-08T05:27:38.259+0000] {logging_mixin.py:188} INFO - [2026-05-08T05:27:38.256+0000] {dag.py:3089} INFO - Sync 1 DAGs
[2026-05-08T05:27:38.306+0000] {logging_mixin.py:188} INFO - [2026-05-08T05:27:38.306+0000] {dag.py:3947} INFO - Setting next_dagrun for smart_city_traffic_batch_dag to 2026-05-08 01:00:00+00:00, run_after=2026-05-09 01:00:00+00:00
[2026-05-08T05:27:38.347+0000] {processor.py:183} INFO - Processing /opt/airflow/dags/smart_city_traffic_batch_dag.py took 2.569 seconds
[2026-05-08T05:28:08.801+0000] {processor.py:161} INFO - Started process (PID=1645) to work on /opt/airflow/dags/smart_city_traffic_batch_dag.py
[2026-05-08T05:28:08.803+0000] {processor.py:830} INFO - Processing file /opt/airflow/dags/smart_city_traffic_batch_dag.py for tasks to queue
[2026-05-08T05:28:08.808+0000] {logging_mixin.py:188} INFO - [2026-05-08T05:28:08.807+0000] {dagbag.py:545} INFO - Filling up the DagBag from /opt/airflow/dags/smart_city_traffic_batch_dag.py
[2026-05-08T05:28:10.044+0000] {processor.py:840} INFO - DAG(s) 'smart_city_traffic_batch_dag' retrieved from /opt/airflow/dags/smart_city_traffic_batch_dag.py
[2026-05-08T05:28:10.116+0000] {logging_mixin.py:188} INFO - [2026-05-08T05:28:10.115+0000] {dag.py:3089} INFO - Sync 1 DAGs
[2026-05-08T05:28:10.165+0000] {logging_mixin.py:188} INFO - [2026-05-08T05:28:10.164+0000] {dag.py:3947} INFO - Setting next_dagrun for smart_city_traffic_batch_dag to 2026-05-08 01:00:00+00:00, run_after=2026-05-09 01:00:00+00:00
[2026-05-08T05:28:10.213+0000] {processor.py:183} INFO - Processing /opt/airflow/dags/smart_city_traffic_batch_dag.py took 1.425 seconds
[2026-05-08T05:28:40.889+0000] {processor.py:161} INFO - Started process (PID=1651) to work on /opt/airflow/dags/smart_city_traffic_batch_dag.py
[2026-05-08T05:28:40.895+0000] {processor.py:830} INFO - Processing file /opt/airflow/dags/smart_city_traffic_batch_dag.py for tasks to queue
[2026-05-08T05:28:40.915+0000] {logging_mixin.py:188} INFO - [2026-05-08T05:28:40.911+0000] {dagbag.py:545} INFO - Filling up the DagBag from /opt/airflow/dags/smart_city_traffic_batch_dag.py
[2026-05-08T05:28:43.452+0000] {processor.py:840} INFO - DAG(s) 'smart_city_traffic_batch_dag' retrieved from /opt/airflow/dags/smart_city_traffic_batch_dag.py
[2026-05-08T05:28:43.578+0000] {logging_mixin.py:188} INFO - [2026-05-08T05:28:43.577+0000] {dag.py:3089} INFO - Sync 1 DAGs
[2026-05-08T05:28:43.623+0000] {logging_mixin.py:188} INFO - [2026-05-08T05:28:43.622+0000] {dag.py:3947} INFO - Setting next_dagrun for smart_city_traffic_batch_dag to 2026-05-08 01:00:00+00:00, run_after=2026-05-09 01:00:00+00:00
[2026-05-08T05:28:43.665+0000] {processor.py:183} INFO - Processing /opt/airflow/dags/smart_city_traffic_batch_dag.py took 2.844 seconds
[2026-05-08T05:29:14.225+0000] {processor.py:161} INFO - Started process (PID=1657) to work on /opt/airflow/dags/smart_city_traffic_batch_dag.py
[2026-05-08T05:29:14.228+0000] {processor.py:830} INFO - Processing file /opt/airflow/dags/smart_city_traffic_batch_dag.py for tasks to queue
[2026-05-08T05:29:14.234+0000] {logging_mixin.py:188} INFO - [2026-05-08T05:29:14.234+0000] {dagbag.py:545} INFO - Filling up the DagBag from /opt/airflow/dags/smart_city_traffic_batch_dag.py
[2026-05-08T05:29:15.135+0000] {processor.py:840} INFO - DAG(s) 'smart_city_traffic_batch_dag' retrieved from /opt/airflow/dags/smart_city_traffic_batch_dag.py
[2026-05-08T05:29:15.191+0000] {logging_mixin.py:188} INFO - [2026-05-08T05:29:15.191+0000] {dag.py:3089} INFO - Sync 1 DAGs
[2026-05-08T05:29:15.221+0000] {logging_mixin.py:188} INFO - [2026-05-08T05:29:15.220+0000] {dag.py:3947} INFO - Setting next_dagrun for smart_city_traffic_batch_dag to 2026-05-08 01:00:00+00:00, run_after=2026-05-09 01:00:00+00:00
[2026-05-08T05:29:15.253+0000] {processor.py:183} INFO - Processing /opt/airflow/dags/smart_city_traffic_batch_dag.py took 1.045 seconds
[2026-05-08T05:29:45.736+0000] {processor.py:161} INFO - Started process (PID=1663) to work on /opt/airflow/dags/smart_city_traffic_batch_dag.py
[2026-05-08T05:29:45.743+0000] {processor.py:830} INFO - Processing file /opt/airflow/dags/smart_city_traffic_batch_dag.py for tasks to queue
[2026-05-08T05:29:45.762+0000] {logging_mixin.py:188} INFO - [2026-05-08T05:29:45.760+0000] {dagbag.py:545} INFO - Filling up the DagBag from /opt/airflow/dags/smart_city_traffic_batch_dag.py
[2026-05-08T05:29:47.456+0000] {processor.py:840} INFO - DAG(s) 'smart_city_traffic_batch_dag' retrieved from /opt/airflow/dags/smart_city_traffic_batch_dag.py
[2026-05-08T05:29:47.574+0000] {logging_mixin.py:188} INFO - [2026-05-08T05:29:47.573+0000] {dag.py:3089} INFO - Sync 1 DAGs
[2026-05-08T05:29:47.617+0000] {logging_mixin.py:188} INFO - [2026-05-08T05:29:47.616+0000] {dag.py:3947} INFO - Setting next_dagrun for smart_city_traffic_batch_dag to 2026-05-08 01:00:00+00:00, run_after=2026-05-09 01:00:00+00:00
[2026-05-08T05:29:47.658+0000] {processor.py:183} INFO - Processing /opt/airflow/dags/smart_city_traffic_batch_dag.py took 1.979 seconds
[2026-05-08T05:30:18.101+0000] {processor.py:161} INFO - Started process (PID=1669) to work on /opt/airflow/dags/smart_city_traffic_batch_dag.py
[2026-05-08T05:30:18.104+0000] {processor.py:830} INFO - Processing file /opt/airflow/dags/smart_city_traffic_batch_dag.py for tasks to queue
[2026-05-08T05:30:18.114+0000] {logging_mixin.py:188} INFO - [2026-05-08T05:30:18.111+0000] {dagbag.py:545} INFO - Filling up the DagBag from /opt/airflow/dags/smart_city_traffic_batch_dag.py
[2026-05-08T05:30:19.650+0000] {processor.py:840} INFO - DAG(s) 'smart_city_traffic_batch_dag' retrieved from /opt/airflow/dags/smart_city_traffic_batch_dag.py
[2026-05-08T05:30:19.794+0000] {logging_mixin.py:188} INFO - [2026-05-08T05:30:19.792+0000] {dag.py:3089} INFO - Sync 1 DAGs
[2026-05-08T05:30:19.848+0000] {logging_mixin.py:188} INFO - [2026-05-08T05:30:19.848+0000] {dag.py:3947} INFO - Setting next_dagrun for smart_city_traffic_batch_dag to 2026-05-08 01:00:00+00:00, run_after=2026-05-09 01:00:00+00:00
[2026-05-08T05:30:19.912+0000] {processor.py:183} INFO - Processing /opt/airflow/dags/smart_city_traffic_batch_dag.py took 1.826 seconds
[2026-05-08T05:30:50.415+0000] {processor.py:161} INFO - Started process (PID=1675) to work on /opt/airflow/dags/smart_city_traffic_batch_dag.py
[2026-05-08T05:30:50.418+0000] {processor.py:830} INFO - Processing file /opt/airflow/dags/smart_city_traffic_batch_dag.py for tasks to queue
[2026-05-08T05:30:50.422+0000] {logging_mixin.py:188} INFO - [2026-05-08T05:30:50.422+0000] {dagbag.py:545} INFO - Filling up the DagBag from /opt/airflow/dags/smart_city_traffic_batch_dag.py
[2026-05-08T05:30:51.330+0000] {processor.py:840} INFO - DAG(s) 'smart_city_traffic_batch_dag' retrieved from /opt/airflow/dags/smart_city_traffic_batch_dag.py
[2026-05-08T05:30:51.390+0000] {logging_mixin.py:188} INFO - [2026-05-08T05:30:51.389+0000] {dag.py:3089} INFO - Sync 1 DAGs
[2026-05-08T05:30:51.430+0000] {logging_mixin.py:188} INFO - [2026-05-08T05:30:51.429+0000] {dag.py:3947} INFO - Setting next_dagrun for smart_city_traffic_batch_dag to 2026-05-08 01:00:00+00:00, run_after=2026-05-09 01:00:00+00:00
[2026-05-08T05:30:51.461+0000] {processor.py:183} INFO - Processing /opt/airflow/dags/smart_city_traffic_batch_dag.py took 1.061 seconds
[2026-05-08T05:31:21.694+0000] {processor.py:161} INFO - Started process (PID=1681) to work on /opt/airflow/dags/smart_city_traffic_batch_dag.py
[2026-05-08T05:31:21.698+0000] {processor.py:830} INFO - Processing file /opt/airflow/dags/smart_city_traffic_batch_dag.py for tasks to queue
[2026-05-08T05:31:21.703+0000] {logging_mixin.py:188} INFO - [2026-05-08T05:31:21.702+0000] {dagbag.py:545} INFO - Filling up the DagBag from /opt/airflow/dags/smart_city_traffic_batch_dag.py
[2026-05-08T05:31:22.781+0000] {processor.py:840} INFO - DAG(s) 'smart_city_traffic_batch_dag' retrieved from /opt/airflow/dags/smart_city_traffic_batch_dag.py
[2026-05-08T05:31:22.841+0000] {logging_mixin.py:188} INFO - [2026-05-08T05:31:22.840+0000] {dag.py:3089} INFO - Sync 1 DAGs
[2026-05-08T05:31:22.888+0000] {logging_mixin.py:188} INFO - [2026-05-08T05:31:22.888+0000] {dag.py:3947} INFO - Setting next_dagrun for smart_city_traffic_batch_dag to 2026-05-08 01:00:00+00:00, run_after=2026-05-09 01:00:00+00:00
[2026-05-08T05:31:22.926+0000] {processor.py:183} INFO - Processing /opt/airflow/dags/smart_city_traffic_batch_dag.py took 1.251 seconds
[2026-05-08T05:31:53.490+0000] {processor.py:161} INFO - Started process (PID=1687) to work on /opt/airflow/dags/smart_city_traffic_batch_dag.py
[2026-05-08T05:31:53.501+0000] {processor.py:830} INFO - Processing file /opt/airflow/dags/smart_city_traffic_batch_dag.py for tasks to queue
[2026-05-08T05:31:53.540+0000] {logging_mixin.py:188} INFO - [2026-05-08T05:31:53.535+0000] {dagbag.py:545} INFO - Filling up the DagBag from /opt/airflow/dags/smart_city_traffic_batch_dag.py
[2026-05-08T05:31:56.638+0000] {processor.py:840} INFO - DAG(s) 'smart_city_traffic_batch_dag' retrieved from /opt/airflow/dags/smart_city_traffic_batch_dag.py
[2026-05-08T05:31:56.787+0000] {logging_mixin.py:188} INFO - [2026-05-08T05:31:56.785+0000] {dag.py:3089} INFO - Sync 1 DAGs
[2026-05-08T05:31:56.833+0000] {logging_mixin.py:188} INFO - [2026-05-08T05:31:56.832+0000] {dag.py:3947} INFO - Setting next_dagrun for smart_city_traffic_batch_dag to 2026-05-08 01:00:00+00:00, run_after=2026-05-09 01:00:00+00:00
[2026-05-08T05:31:56.881+0000] {processor.py:183} INFO - Processing /opt/airflow/dags/smart_city_traffic_batch_dag.py took 3.491 seconds
[2026-05-08T05:32:27.286+0000] {processor.py:161} INFO - Started process (PID=1693) to work on /opt/airflow/dags/smart_city_traffic_batch_dag.py
[2026-05-08T05:32:27.288+0000] {processor.py:830} INFO - Processing file /opt/airflow/dags/smart_city_traffic_batch_dag.py for tasks to queue
[2026-05-08T05:32:27.293+0000] {logging_mixin.py:188} INFO - [2026-05-08T05:32:27.292+0000] {dagbag.py:545} INFO - Filling up the DagBag from /opt/airflow/dags/smart_city_traffic_batch_dag.py
[2026-05-08T05:32:28.408+0000] {processor.py:840} INFO - DAG(s) 'smart_city_traffic_batch_dag' retrieved from /opt/airflow/dags/smart_city_traffic_batch_dag.py
[2026-05-08T05:32:28.473+0000] {logging_mixin.py:188} INFO - [2026-05-08T05:32:28.472+0000] {dag.py:3089} INFO - Sync 1 DAGs
[2026-05-08T05:32:28.522+0000] {logging_mixin.py:188} INFO - [2026-05-08T05:32:28.522+0000] {dag.py:3947} INFO - Setting next_dagrun for smart_city_traffic_batch_dag to 2026-05-08 01:00:00+00:00, run_after=2026-05-09 01:00:00+00:00
[2026-05-08T05:32:28.560+0000] {processor.py:183} INFO - Processing /opt/airflow/dags/smart_city_traffic_batch_dag.py took 1.293 seconds
[2026-05-08T05:32:59.102+0000] {processor.py:161} INFO - Started process (PID=1699) to work on /opt/airflow/dags/smart_city_traffic_batch_dag.py
[2026-05-08T05:32:59.105+0000] {processor.py:830} INFO - Processing file /opt/airflow/dags/smart_city_traffic_batch_dag.py for tasks to queue
[2026-05-08T05:32:59.111+0000] {logging_mixin.py:188} INFO - [2026-05-08T05:32:59.110+0000] {dagbag.py:545} INFO - Filling up the DagBag from /opt/airflow/dags/smart_city_traffic_batch_dag.py
[2026-05-08T05:33:00.143+0000] {processor.py:840} INFO - DAG(s) 'smart_city_traffic_batch_dag' retrieved from /opt/airflow/dags/smart_city_traffic_batch_dag.py
[2026-05-08T05:33:00.201+0000] {logging_mixin.py:188} INFO - [2026-05-08T05:33:00.201+0000] {dag.py:3089} INFO - Sync 1 DAGs
[2026-05-08T05:33:00.256+0000] {logging_mixin.py:188} INFO - [2026-05-08T05:33:00.256+0000] {dag.py:3947} INFO - Setting next_dagrun for smart_city_traffic_batch_dag to 2026-05-08 01:00:00+00:00, run_after=2026-05-09 01:00:00+00:00
[2026-05-08T05:33:00.316+0000] {processor.py:183} INFO - Processing /opt/airflow/dags/smart_city_traffic_batch_dag.py took 1.226 seconds
[2026-05-08T05:33:30.730+0000] {processor.py:161} INFO - Started process (PID=1705) to work on /opt/airflow/dags/smart_city_traffic_batch_dag.py
[2026-05-08T05:33:30.734+0000] {processor.py:830} INFO - Processing file /opt/airflow/dags/smart_city_traffic_batch_dag.py for tasks to queue
[2026-05-08T05:33:30.739+0000] {logging_mixin.py:188} INFO - [2026-05-08T05:33:30.738+0000] {dagbag.py:545} INFO - Filling up the DagBag from /opt/airflow/dags/smart_city_traffic_batch_dag.py
[2026-05-08T05:33:32.192+0000] {processor.py:840} INFO - DAG(s) 'smart_city_traffic_batch_dag' retrieved from /opt/airflow/dags/smart_city_traffic_batch_dag.py
[2026-05-08T05:33:32.255+0000] {logging_mixin.py:188} INFO - [2026-05-08T05:33:32.254+0000] {dag.py:3089} INFO - Sync 1 DAGs
[2026-05-08T05:33:32.292+0000] {logging_mixin.py:188} INFO - [2026-05-08T05:33:32.291+0000] {dag.py:3947} INFO - Setting next_dagrun for smart_city_traffic_batch_dag to 2026-05-08 01:00:00+00:00, run_after=2026-05-09 01:00:00+00:00
[2026-05-08T05:33:32.337+0000] {processor.py:183} INFO - Processing /opt/airflow/dags/smart_city_traffic_batch_dag.py took 1.639 seconds
[2026-05-08T05:34:02.853+0000] {processor.py:161} INFO - Started process (PID=1711) to work on /opt/airflow/dags/smart_city_traffic_batch_dag.py
[2026-05-08T05:34:02.857+0000] {processor.py:830} INFO - Processing file /opt/airflow/dags/smart_city_traffic_batch_dag.py for tasks to queue
[2026-05-08T05:34:02.863+0000] {logging_mixin.py:188} INFO - [2026-05-08T05:34:02.862+0000] {dagbag.py:545} INFO - Filling up the DagBag from /opt/airflow/dags/smart_city_traffic_batch_dag.py
[2026-05-08T05:34:04.029+0000] {processor.py:840} INFO - DAG(s) 'smart_city_traffic_batch_dag' retrieved from /opt/airflow/dags/smart_city_traffic_batch_dag.py
[2026-05-08T05:34:04.087+0000] {logging_mixin.py:188} INFO - [2026-05-08T05:34:04.087+0000] {dag.py:3089} INFO - Sync 1 DAGs
[2026-05-08T05:34:04.144+0000] {logging_mixin.py:188} INFO - [2026-05-08T05:34:04.144+0000] {dag.py:3947} INFO - Setting next_dagrun for smart_city_traffic_batch_dag to 2026-05-08 01:00:00+00:00, run_after=2026-05-09 01:00:00+00:00
[2026-05-08T05:34:04.202+0000] {processor.py:183} INFO - Processing /opt/airflow/dags/smart_city_traffic_batch_dag.py took 1.370 seconds
[2026-05-08T05:34:35.082+0000] {processor.py:161} INFO - Started process (PID=1717) to work on /opt/airflow/dags/smart_city_traffic_batch_dag.py
[2026-05-08T05:34:35.090+0000] {processor.py:830} INFO - Processing file /opt/airflow/dags/smart_city_traffic_batch_dag.py for tasks to queue
[2026-05-08T05:34:35.131+0000] {logging_mixin.py:188} INFO - [2026-05-08T05:34:35.114+0000] {dagbag.py:545} INFO - Filling up the DagBag from /opt/airflow/dags/smart_city_traffic_batch_dag.py
[2026-05-08T05:34:37.441+0000] {processor.py:840} INFO - DAG(s) 'smart_city_traffic_batch_dag' retrieved from /opt/airflow/dags/smart_city_traffic_batch_dag.py
[2026-05-08T05:34:37.527+0000] {logging_mixin.py:188} INFO - [2026-05-08T05:34:37.526+0000] {dag.py:3089} INFO - Sync 1 DAGs
[2026-05-08T05:34:37.573+0000] {logging_mixin.py:188} INFO - [2026-05-08T05:34:37.573+0000] {dag.py:3947} INFO - Setting next_dagrun for smart_city_traffic_batch_dag to 2026-05-08 01:00:00+00:00, run_after=2026-05-09 01:00:00+00:00
[2026-05-08T05:34:37.617+0000] {processor.py:183} INFO - Processing /opt/airflow/dags/smart_city_traffic_batch_dag.py took 2.601 seconds
[2026-05-08T05:35:08.125+0000] {processor.py:161} INFO - Started process (PID=1723) to work on /opt/airflow/dags/smart_city_traffic_batch_dag.py
[2026-05-08T05:35:08.127+0000] {processor.py:830} INFO - Processing file /opt/airflow/dags/smart_city_traffic_batch_dag.py for tasks to queue
[2026-05-08T05:35:08.136+0000] {logging_mixin.py:188} INFO - [2026-05-08T05:35:08.134+0000] {dagbag.py:545} INFO - Filling up the DagBag from /opt/airflow/dags/smart_city_traffic_batch_dag.py
[2026-05-08T05:35:09.404+0000] {processor.py:840} INFO - DAG(s) 'smart_city_traffic_batch_dag' retrieved from /opt/airflow/dags/smart_city_traffic_batch_dag.py
[2026-05-08T05:35:09.492+0000] {logging_mixin.py:188} INFO - [2026-05-08T05:35:09.491+0000] {dag.py:3089} INFO - Sync 1 DAGs
[2026-05-08T05:35:09.543+0000] {logging_mixin.py:188} INFO - [2026-05-08T05:35:09.542+0000] {dag.py:3947} INFO - Setting next_dagrun for smart_city_traffic_batch_dag to 2026-05-08 01:00:00+00:00, run_after=2026-05-09 01:00:00+00:00
[2026-05-08T05:35:09.599+0000] {processor.py:183} INFO - Processing /opt/airflow/dags/smart_city_traffic_batch_dag.py took 1.493 seconds
[2026-05-08T05:35:40.064+0000] {processor.py:161} INFO - Started process (PID=1729) to work on /opt/airflow/dags/smart_city_traffic_batch_dag.py
[2026-05-08T05:35:40.067+0000] {processor.py:830} INFO - Processing file /opt/airflow/dags/smart_city_traffic_batch_dag.py for tasks to queue
[2026-05-08T05:35:40.072+0000] {logging_mixin.py:188} INFO - [2026-05-08T05:35:40.071+0000] {dagbag.py:545} INFO - Filling up the DagBag from /opt/airflow/dags/smart_city_traffic_batch_dag.py
[2026-05-08T05:35:41.001+0000] {processor.py:840} INFO - DAG(s) 'smart_city_traffic_batch_dag' retrieved from /opt/airflow/dags/smart_city_traffic_batch_dag.py
[2026-05-08T05:35:41.061+0000] {logging_mixin.py:188} INFO - [2026-05-08T05:35:41.060+0000] {dag.py:3089} INFO - Sync 1 DAGs
[2026-05-08T05:35:41.097+0000] {logging_mixin.py:188} INFO - [2026-05-08T05:35:41.097+0000] {dag.py:3947} INFO - Setting next_dagrun for smart_city_traffic_batch_dag to 2026-05-08 01:00:00+00:00, run_after=2026-05-09 01:00:00+00:00
[2026-05-08T05:35:41.139+0000] {processor.py:183} INFO - Processing /opt/airflow/dags/smart_city_traffic_batch_dag.py took 1.087 seconds
[2026-05-08T05:36:11.457+0000] {processor.py:161} INFO - Started process (PID=1735) to work on /opt/airflow/dags/smart_city_traffic_batch_dag.py
[2026-05-08T05:36:11.460+0000] {processor.py:830} INFO - Processing file /opt/airflow/dags/smart_city_traffic_batch_dag.py for tasks to queue
[2026-05-08T05:36:11.464+0000] {logging_mixin.py:188} INFO - [2026-05-08T05:36:11.464+0000] {dagbag.py:545} INFO - Filling up the DagBag from /opt/airflow/dags/smart_city_traffic_batch_dag.py
[2026-05-08T05:36:12.576+0000] {processor.py:840} INFO - DAG(s) 'smart_city_traffic_batch_dag' retrieved from /opt/airflow/dags/smart_city_traffic_batch_dag.py
[2026-05-08T05:36:12.635+0000] {logging_mixin.py:188} INFO - [2026-05-08T05:36:12.634+0000] {dag.py:3089} INFO - Sync 1 DAGs
[2026-05-08T05:36:12.672+0000] {logging_mixin.py:188} INFO - [2026-05-08T05:36:12.672+0000] {dag.py:3947} INFO - Setting next_dagrun for smart_city_traffic_batch_dag to 2026-05-08 01:00:00+00:00, run_after=2026-05-09 01:00:00+00:00
[2026-05-08T05:36:12.715+0000] {processor.py:183} INFO - Processing /opt/airflow/dags/smart_city_traffic_batch_dag.py took 1.268 seconds
[2026-05-08T05:36:43.159+0000] {processor.py:161} INFO - Started process (PID=1741) to work on /opt/airflow/dags/smart_city_traffic_batch_dag.py
[2026-05-08T05:36:43.162+0000] {processor.py:830} INFO - Processing file /opt/airflow/dags/smart_city_traffic_batch_dag.py for tasks to queue
[2026-05-08T05:36:43.168+0000] {logging_mixin.py:188} INFO - [2026-05-08T05:36:43.167+0000] {dagbag.py:545} INFO - Filling up the DagBag from /opt/airflow/dags/smart_city_traffic_batch_dag.py
[2026-05-08T05:36:44.623+0000] {processor.py:840} INFO - DAG(s) 'smart_city_traffic_batch_dag' retrieved from /opt/airflow/dags/smart_city_traffic_batch_dag.py
[2026-05-08T05:36:44.680+0000] {logging_mixin.py:188} INFO - [2026-05-08T05:36:44.680+0000] {dag.py:3089} INFO - Sync 1 DAGs
[2026-05-08T05:36:44.719+0000] {logging_mixin.py:188} INFO - [2026-05-08T05:36:44.718+0000] {dag.py:3947} INFO - Setting next_dagrun for smart_city_traffic_batch_dag to 2026-05-08 01:00:00+00:00, run_after=2026-05-09 01:00:00+00:00
[2026-05-08T05:36:44.752+0000] {processor.py:183} INFO - Processing /opt/airflow/dags/smart_city_traffic_batch_dag.py took 1.608 seconds
[2026-05-08T05:37:15.268+0000] {processor.py:161} INFO - Started process (PID=1747) to work on /opt/airflow/dags/smart_city_traffic_batch_dag.py
[2026-05-08T05:37:15.279+0000] {processor.py:830} INFO - Processing file /opt/airflow/dags/smart_city_traffic_batch_dag.py for tasks to queue
[2026-05-08T05:37:15.289+0000] {logging_mixin.py:188} INFO - [2026-05-08T05:37:15.288+0000] {dagbag.py:545} INFO - Filling up the DagBag from /opt/airflow/dags/smart_city_traffic_batch_dag.py
[2026-05-08T05:37:16.433+0000] {processor.py:840} INFO - DAG(s) 'smart_city_traffic_batch_dag' retrieved from /opt/airflow/dags/smart_city_traffic_batch_dag.py
[2026-05-08T05:37:16.489+0000] {logging_mixin.py:188} INFO - [2026-05-08T05:37:16.488+0000] {dag.py:3089} INFO - Sync 1 DAGs
[2026-05-08T05:37:16.533+0000] {logging_mixin.py:188} INFO - [2026-05-08T05:37:16.533+0000] {dag.py:3947} INFO - Setting next_dagrun for smart_city_traffic_batch_dag to 2026-05-08 01:00:00+00:00, run_after=2026-05-09 01:00:00+00:00
[2026-05-08T05:37:16.568+0000] {processor.py:183} INFO - Processing /opt/airflow/dags/smart_city_traffic_batch_dag.py took 1.321 seconds
[2026-05-08T05:37:46.935+0000] {processor.py:161} INFO - Started process (PID=1753) to work on /opt/airflow/dags/smart_city_traffic_batch_dag.py
[2026-05-08T05:37:46.937+0000] {processor.py:830} INFO - Processing file /opt/airflow/dags/smart_city_traffic_batch_dag.py for tasks to queue
[2026-05-08T05:37:46.941+0000] {logging_mixin.py:188} INFO - [2026-05-08T05:37:46.940+0000] {dagbag.py:545} INFO - Filling up the DagBag from /opt/airflow/dags/smart_city_traffic_batch_dag.py
[2026-05-08T05:37:48.009+0000] {processor.py:840} INFO - DAG(s) 'smart_city_traffic_batch_dag' retrieved from /opt/airflow/dags/smart_city_traffic_batch_dag.py
[2026-05-08T05:37:48.083+0000] {logging_mixin.py:188} INFO - [2026-05-08T05:37:48.083+0000] {dag.py:3089} INFO - Sync 1 DAGs
[2026-05-08T05:37:48.131+0000] {logging_mixin.py:188} INFO - [2026-05-08T05:37:48.129+0000] {dag.py:3947} INFO - Setting next_dagrun for smart_city_traffic_batch_dag to 2026-05-08 01:00:00+00:00, run_after=2026-05-09 01:00:00+00:00
[2026-05-08T05:37:48.186+0000] {processor.py:183} INFO - Processing /opt/airflow/dags/smart_city_traffic_batch_dag.py took 1.265 seconds
[2026-05-08T05:38:18.575+0000] {processor.py:161} INFO - Started process (PID=1759) to work on /opt/airflow/dags/smart_city_traffic_batch_dag.py
[2026-05-08T05:38:18.577+0000] {processor.py:830} INFO - Processing file /opt/airflow/dags/smart_city_traffic_batch_dag.py for tasks to queue
[2026-05-08T05:38:18.589+0000] {logging_mixin.py:188} INFO - [2026-05-08T05:38:18.588+0000] {dagbag.py:545} INFO - Filling up the DagBag from /opt/airflow/dags/smart_city_traffic_batch_dag.py
[2026-05-08T05:38:19.555+0000] {processor.py:840} INFO - DAG(s) 'smart_city_traffic_batch_dag' retrieved from /opt/airflow/dags/smart_city_traffic_batch_dag.py
[2026-05-08T05:38:19.630+0000] {logging_mixin.py:188} INFO - [2026-05-08T05:38:19.630+0000] {dag.py:3089} INFO - Sync 1 DAGs
[2026-05-08T05:38:19.670+0000] {logging_mixin.py:188} INFO - [2026-05-08T05:38:19.670+0000] {dag.py:3947} INFO - Setting next_dagrun for smart_city_traffic_batch_dag to 2026-05-08 01:00:00+00:00, run_after=2026-05-09 01:00:00+00:00
[2026-05-08T05:38:19.719+0000] {processor.py:183} INFO - Processing /opt/airflow/dags/smart_city_traffic_batch_dag.py took 1.160 seconds
[2026-05-08T05:38:49.885+0000] {processor.py:161} INFO - Started process (PID=1765) to work on /opt/airflow/dags/smart_city_traffic_batch_dag.py
[2026-05-08T05:38:49.887+0000] {processor.py:830} INFO - Processing file /opt/airflow/dags/smart_city_traffic_batch_dag.py for tasks to queue
[2026-05-08T05:38:49.892+0000] {logging_mixin.py:188} INFO - [2026-05-08T05:38:49.891+0000] {dagbag.py:545} INFO - Filling up the DagBag from /opt/airflow/dags/smart_city_traffic_batch_dag.py
[2026-05-08T05:38:50.875+0000] {processor.py:840} INFO - DAG(s) 'smart_city_traffic_batch_dag' retrieved from /opt/airflow/dags/smart_city_traffic_batch_dag.py
[2026-05-08T05:38:50.936+0000] {logging_mixin.py:188} INFO - [2026-05-08T05:38:50.935+0000] {dag.py:3089} INFO - Sync 1 DAGs
[2026-05-08T05:38:50.976+0000] {logging_mixin.py:188} INFO - [2026-05-08T05:38:50.975+0000] {dag.py:3947} INFO - Setting next_dagrun for smart_city_traffic_batch_dag to 2026-05-08 01:00:00+00:00, run_after=2026-05-09 01:00:00+00:00
[2026-05-08T05:38:51.015+0000] {processor.py:183} INFO - Processing /opt/airflow/dags/smart_city_traffic_batch_dag.py took 1.148 seconds
[2026-05-08T05:39:21.494+0000] {processor.py:161} INFO - Started process (PID=1771) to work on /opt/airflow/dags/smart_city_traffic_batch_dag.py
[2026-05-08T05:39:21.496+0000] {processor.py:830} INFO - Processing file /opt/airflow/dags/smart_city_traffic_batch_dag.py for tasks to queue
[2026-05-08T05:39:21.508+0000] {logging_mixin.py:188} INFO - [2026-05-08T05:39:21.506+0000] {dagbag.py:545} INFO - Filling up the DagBag from /opt/airflow/dags/smart_city_traffic_batch_dag.py
[2026-05-08T05:39:23.346+0000] {processor.py:840} INFO - DAG(s) 'smart_city_traffic_batch_dag' retrieved from /opt/airflow/dags/smart_city_traffic_batch_dag.py
[2026-05-08T05:39:23.443+0000] {logging_mixin.py:188} INFO - [2026-05-08T05:39:23.441+0000] {dag.py:3089} INFO - Sync 1 DAGs
[2026-05-08T05:39:23.495+0000] {logging_mixin.py:188} INFO - [2026-05-08T05:39:23.495+0000] {dag.py:3947} INFO - Setting next_dagrun for smart_city_traffic_batch_dag to 2026-05-08 01:00:00+00:00, run_after=2026-05-09 01:00:00+00:00
[2026-05-08T05:39:23.535+0000] {processor.py:183} INFO - Processing /opt/airflow/dags/smart_city_traffic_batch_dag.py took 2.055 seconds
[2026-05-08T05:39:53.987+0000] {processor.py:161} INFO - Started process (PID=1777) to work on /opt/airflow/dags/smart_city_traffic_batch_dag.py
[2026-05-08T05:39:53.991+0000] {processor.py:830} INFO - Processing file /opt/airflow/dags/smart_city_traffic_batch_dag.py for tasks to queue
[2026-05-08T05:39:53.996+0000] {logging_mixin.py:188} INFO - [2026-05-08T05:39:53.995+0000] {dagbag.py:545} INFO - Filling up the DagBag from /opt/airflow/dags/smart_city_traffic_batch_dag.py
[2026-05-08T05:39:55.257+0000] {processor.py:840} INFO - DAG(s) 'smart_city_traffic_batch_dag' retrieved from /opt/airflow/dags/smart_city_traffic_batch_dag.py
[2026-05-08T05:39:55.394+0000] {logging_mixin.py:188} INFO - [2026-05-08T05:39:55.393+0000] {dag.py:3089} INFO - Sync 1 DAGs
[2026-05-08T05:39:55.478+0000] {logging_mixin.py:188} INFO - [2026-05-08T05:39:55.477+0000] {dag.py:3947} INFO - Setting next_dagrun for smart_city_traffic_batch_dag to 2026-05-08 01:00:00+00:00, run_after=2026-05-09 01:00:00+00:00
[2026-05-08T05:39:55.562+0000] {processor.py:183} INFO - Processing /opt/airflow/dags/smart_city_traffic_batch_dag.py took 1.590 seconds
[2026-05-08T05:40:26.560+0000] {processor.py:161} INFO - Started process (PID=1783) to work on /opt/airflow/dags/smart_city_traffic_batch_dag.py
[2026-05-08T05:40:26.562+0000] {processor.py:830} INFO - Processing file /opt/airflow/dags/smart_city_traffic_batch_dag.py for tasks to queue
[2026-05-08T05:40:26.567+0000] {logging_mixin.py:188} INFO - [2026-05-08T05:40:26.566+0000] {dagbag.py:545} INFO - Filling up the DagBag from /opt/airflow/dags/smart_city_traffic_batch_dag.py
[2026-05-08T05:40:27.586+0000] {processor.py:840} INFO - DAG(s) 'smart_city_traffic_batch_dag' retrieved from /opt/airflow/dags/smart_city_traffic_batch_dag.py
[2026-05-08T05:40:27.638+0000] {logging_mixin.py:188} INFO - [2026-05-08T05:40:27.638+0000] {dag.py:3089} INFO - Sync 1 DAGs
[2026-05-08T05:40:27.676+0000] {logging_mixin.py:188} INFO - [2026-05-08T05:40:27.676+0000] {dag.py:3947} INFO - Setting next_dagrun for smart_city_traffic_batch_dag to 2026-05-08 01:00:00+00:00, run_after=2026-05-09 01:00:00+00:00
[2026-05-08T05:40:27.707+0000] {processor.py:183} INFO - Processing /opt/airflow/dags/smart_city_traffic_batch_dag.py took 1.159 seconds
[2026-05-08T05:40:57.902+0000] {processor.py:161} INFO - Started process (PID=1789) to work on /opt/airflow/dags/smart_city_traffic_batch_dag.py
[2026-05-08T05:40:57.904+0000] {processor.py:830} INFO - Processing file /opt/airflow/dags/smart_city_traffic_batch_dag.py for tasks to queue
[2026-05-08T05:40:57.908+0000] {logging_mixin.py:188} INFO - [2026-05-08T05:40:57.907+0000] {dagbag.py:545} INFO - Filling up the DagBag from /opt/airflow/dags/smart_city_traffic_batch_dag.py
[2026-05-08T05:40:59.109+0000] {processor.py:840} INFO - DAG(s) 'smart_city_traffic_batch_dag' retrieved from /opt/airflow/dags/smart_city_traffic_batch_dag.py
[2026-05-08T05:40:59.184+0000] {logging_mixin.py:188} INFO - [2026-05-08T05:40:59.181+0000] {dag.py:3089} INFO - Sync 1 DAGs
[2026-05-08T05:40:59.256+0000] {logging_mixin.py:188} INFO - [2026-05-08T05:40:59.255+0000] {dag.py:3947} INFO - Setting next_dagrun for smart_city_traffic_batch_dag to 2026-05-08 01:00:00+00:00, run_after=2026-05-09 01:00:00+00:00
[2026-05-08T05:40:59.305+0000] {processor.py:183} INFO - Processing /opt/airflow/dags/smart_city_traffic_batch_dag.py took 1.417 seconds
[2026-05-08T05:41:29.725+0000] {processor.py:161} INFO - Started process (PID=1795) to work on /opt/airflow/dags/smart_city_traffic_batch_dag.py
[2026-05-08T05:41:29.731+0000] {processor.py:830} INFO - Processing file /opt/airflow/dags/smart_city_traffic_batch_dag.py for tasks to queue
[2026-05-08T05:41:29.736+0000] {logging_mixin.py:188} INFO - [2026-05-08T05:41:29.735+0000] {dagbag.py:545} INFO - Filling up the DagBag from /opt/airflow/dags/smart_city_traffic_batch_dag.py
[2026-05-08T05:41:30.752+0000] {processor.py:840} INFO - DAG(s) 'smart_city_traffic_batch_dag' retrieved from /opt/airflow/dags/smart_city_traffic_batch_dag.py
[2026-05-08T05:41:30.802+0000] {logging_mixin.py:188} INFO - [2026-05-08T05:41:30.801+0000] {dag.py:3089} INFO - Sync 1 DAGs
[2026-05-08T05:41:30.837+0000] {logging_mixin.py:188} INFO - [2026-05-08T05:41:30.837+0000] {dag.py:3947} INFO - Setting next_dagrun for smart_city_traffic_batch_dag to 2026-05-08 01:00:00+00:00, run_after=2026-05-09 01:00:00+00:00
[2026-05-08T05:41:30.867+0000] {processor.py:183} INFO - Processing /opt/airflow/dags/smart_city_traffic_batch_dag.py took 1.189 seconds
[2026-05-08T05:42:01.251+0000] {processor.py:161} INFO - Started process (PID=1801) to work on /opt/airflow/dags/smart_city_traffic_batch_dag.py
[2026-05-08T05:42:01.253+0000] {processor.py:830} INFO - Processing file /opt/airflow/dags/smart_city_traffic_batch_dag.py for tasks to queue
[2026-05-08T05:42:01.258+0000] {logging_mixin.py:188} INFO - [2026-05-08T05:42:01.257+0000] {dagbag.py:545} INFO - Filling up the DagBag from /opt/airflow/dags/smart_city_traffic_batch_dag.py
[2026-05-08T05:42:02.275+0000] {processor.py:840} INFO - DAG(s) 'smart_city_traffic_batch_dag' retrieved from /opt/airflow/dags/smart_city_traffic_batch_dag.py
[2026-05-08T05:42:02.337+0000] {logging_mixin.py:188} INFO - [2026-05-08T05:42:02.336+0000] {dag.py:3089} INFO - Sync 1 DAGs
[2026-05-08T05:42:02.378+0000] {logging_mixin.py:188} INFO - [2026-05-08T05:42:02.378+0000] {dag.py:3947} INFO - Setting next_dagrun for smart_city_traffic_batch_dag to 2026-05-08 01:00:00+00:00, run_after=2026-05-09 01:00:00+00:00
[2026-05-08T05:42:02.412+0000] {processor.py:183} INFO - Processing /opt/airflow/dags/smart_city_traffic_batch_dag.py took 1.171 seconds
[2026-05-08T05:42:32.588+0000] {processor.py:161} INFO - Started process (PID=1807) to work on /opt/airflow/dags/smart_city_traffic_batch_dag.py
[2026-05-08T05:42:32.591+0000] {processor.py:830} INFO - Processing file /opt/airflow/dags/smart_city_traffic_batch_dag.py for tasks to queue
[2026-05-08T05:42:32.594+0000] {logging_mixin.py:188} INFO - [2026-05-08T05:42:32.594+0000] {dagbag.py:545} INFO - Filling up the DagBag from /opt/airflow/dags/smart_city_traffic_batch_dag.py
[2026-05-08T05:42:33.536+0000] {processor.py:840} INFO - DAG(s) 'smart_city_traffic_batch_dag' retrieved from /opt/airflow/dags/smart_city_traffic_batch_dag.py
[2026-05-08T05:42:33.601+0000] {logging_mixin.py:188} INFO - [2026-05-08T05:42:33.600+0000] {dag.py:3089} INFO - Sync 1 DAGs
[2026-05-08T05:42:33.647+0000] {logging_mixin.py:188} INFO - [2026-05-08T05:42:33.647+0000] {dag.py:3947} INFO - Setting next_dagrun for smart_city_traffic_batch_dag to 2026-05-08 01:00:00+00:00, run_after=2026-05-09 01:00:00+00:00
[2026-05-08T05:42:33.685+0000] {processor.py:183} INFO - Processing /opt/airflow/dags/smart_city_traffic_batch_dag.py took 1.109 seconds
[2026-05-08T05:43:04.062+0000] {processor.py:161} INFO - Started process (PID=1813) to work on /opt/airflow/dags/smart_city_traffic_batch_dag.py
[2026-05-08T05:43:04.065+0000] {processor.py:830} INFO - Processing file /opt/airflow/dags/smart_city_traffic_batch_dag.py for tasks to queue
[2026-05-08T05:43:04.070+0000] {logging_mixin.py:188} INFO - [2026-05-08T05:43:04.069+0000] {dagbag.py:545} INFO - Filling up the DagBag from /opt/airflow/dags/smart_city_traffic_batch_dag.py
[2026-05-08T05:43:04.995+0000] {processor.py:840} INFO - DAG(s) 'smart_city_traffic_batch_dag' retrieved from /opt/airflow/dags/smart_city_traffic_batch_dag.py
[2026-05-08T05:43:05.076+0000] {logging_mixin.py:188} INFO - [2026-05-08T05:43:05.075+0000] {dag.py:3089} INFO - Sync 1 DAGs
[2026-05-08T05:43:05.153+0000] {logging_mixin.py:188} INFO - [2026-05-08T05:43:05.153+0000] {dag.py:3947} INFO - Setting next_dagrun for smart_city_traffic_batch_dag to 2026-05-08 01:00:00+00:00, run_after=2026-05-09 01:00:00+00:00
[2026-05-08T05:43:05.190+0000] {processor.py:183} INFO - Processing /opt/airflow/dags/smart_city_traffic_batch_dag.py took 1.153 seconds
[2026-05-08T05:43:35.570+0000] {processor.py:161} INFO - Started process (PID=1819) to work on /opt/airflow/dags/smart_city_traffic_batch_dag.py
[2026-05-08T05:43:35.573+0000] {processor.py:830} INFO - Processing file /opt/airflow/dags/smart_city_traffic_batch_dag.py for tasks to queue
[2026-05-08T05:43:35.579+0000] {logging_mixin.py:188} INFO - [2026-05-08T05:43:35.578+0000] {dagbag.py:545} INFO - Filling up the DagBag from /opt/airflow/dags/smart_city_traffic_batch_dag.py
[2026-05-08T05:43:36.626+0000] {processor.py:840} INFO - DAG(s) 'smart_city_traffic_batch_dag' retrieved from /opt/airflow/dags/smart_city_traffic_batch_dag.py
[2026-05-08T05:43:36.683+0000] {logging_mixin.py:188} INFO - [2026-05-08T05:43:36.683+0000] {dag.py:3089} INFO - Sync 1 DAGs
[2026-05-08T05:43:36.722+0000] {logging_mixin.py:188} INFO - [2026-05-08T05:43:36.722+0000] {dag.py:3947} INFO - Setting next_dagrun for smart_city_traffic_batch_dag to 2026-05-08 01:00:00+00:00, run_after=2026-05-09 01:00:00+00:00
[2026-05-08T05:43:36.756+0000] {processor.py:183} INFO - Processing /opt/airflow/dags/smart_city_traffic_batch_dag.py took 1.204 seconds
[2026-05-08T05:44:07.090+0000] {processor.py:161} INFO - Started process (PID=1825) to work on /opt/airflow/dags/smart_city_traffic_batch_dag.py
[2026-05-08T05:44:07.093+0000] {processor.py:830} INFO - Processing file /opt/airflow/dags/smart_city_traffic_batch_dag.py for tasks to queue
[2026-05-08T05:44:07.098+0000] {logging_mixin.py:188} INFO - [2026-05-08T05:44:07.097+0000] {dagbag.py:545} INFO - Filling up the DagBag from /opt/airflow/dags/smart_city_traffic_batch_dag.py
[2026-05-08T05:44:08.202+0000] {processor.py:840} INFO - DAG(s) 'smart_city_traffic_batch_dag' retrieved from /opt/airflow/dags/smart_city_traffic_batch_dag.py
[2026-05-08T05:44:08.267+0000] {logging_mixin.py:188} INFO - [2026-05-08T05:44:08.266+0000] {dag.py:3089} INFO - Sync 1 DAGs
[2026-05-08T05:44:08.314+0000] {logging_mixin.py:188} INFO - [2026-05-08T05:44:08.313+0000] {dag.py:3947} INFO - Setting next_dagrun for smart_city_traffic_batch_dag to 2026-05-08 01:00:00+00:00, run_after=2026-05-09 01:00:00+00:00
[2026-05-08T05:44:08.355+0000] {processor.py:183} INFO - Processing /opt/airflow/dags/smart_city_traffic_batch_dag.py took 1.279 seconds
[2026-05-08T05:44:38.947+0000] {processor.py:161} INFO - Started process (PID=1831) to work on /opt/airflow/dags/smart_city_traffic_batch_dag.py
[2026-05-08T05:44:38.952+0000] {processor.py:830} INFO - Processing file /opt/airflow/dags/smart_city_traffic_batch_dag.py for tasks to queue
[2026-05-08T05:44:38.971+0000] {logging_mixin.py:188} INFO - [2026-05-08T05:44:38.969+0000] {dagbag.py:545} INFO - Filling up the DagBag from /opt/airflow/dags/smart_city_traffic_batch_dag.py
[2026-05-08T05:44:41.004+0000] {processor.py:840} INFO - DAG(s) 'smart_city_traffic_batch_dag' retrieved from /opt/airflow/dags/smart_city_traffic_batch_dag.py
[2026-05-08T05:44:41.138+0000] {logging_mixin.py:188} INFO - [2026-05-08T05:44:41.137+0000] {dag.py:3089} INFO - Sync 1 DAGs
[2026-05-08T05:44:41.204+0000] {logging_mixin.py:188} INFO - [2026-05-08T05:44:41.203+0000] {dag.py:3947} INFO - Setting next_dagrun for smart_city_traffic_batch_dag to 2026-05-08 01:00:00+00:00, run_after=2026-05-09 01:00:00+00:00
[2026-05-08T05:44:41.245+0000] {processor.py:183} INFO - Processing /opt/airflow/dags/smart_city_traffic_batch_dag.py took 2.354 seconds
[2026-05-08T05:45:11.636+0000] {processor.py:161} INFO - Started process (PID=1837) to work on /opt/airflow/dags/smart_city_traffic_batch_dag.py
[2026-05-08T05:45:11.638+0000] {processor.py:830} INFO - Processing file /opt/airflow/dags/smart_city_traffic_batch_dag.py for tasks to queue
[2026-05-08T05:45:11.643+0000] {logging_mixin.py:188} INFO - [2026-05-08T05:45:11.642+0000] {dagbag.py:545} INFO - Filling up the DagBag from /opt/airflow/dags/smart_city_traffic_batch_dag.py
[2026-05-08T05:45:12.741+0000] {processor.py:840} INFO - DAG(s) 'smart_city_traffic_batch_dag' retrieved from /opt/airflow/dags/smart_city_traffic_batch_dag.py
[2026-05-08T05:45:12.823+0000] {logging_mixin.py:188} INFO - [2026-05-08T05:45:12.822+0000] {dag.py:3089} INFO - Sync 1 DAGs
[2026-05-08T05:45:12.881+0000] {logging_mixin.py:188} INFO - [2026-05-08T05:45:12.881+0000] {dag.py:3947} INFO - Setting next_dagrun for smart_city_traffic_batch_dag to 2026-05-08 01:00:00+00:00, run_after=2026-05-09 01:00:00+00:00
[2026-05-08T05:45:12.918+0000] {processor.py:183} INFO - Processing /opt/airflow/dags/smart_city_traffic_batch_dag.py took 1.298 seconds
[2026-05-08T05:45:43.489+0000] {processor.py:161} INFO - Started process (PID=1843) to work on /opt/airflow/dags/smart_city_traffic_batch_dag.py
[2026-05-08T05:45:43.492+0000] {processor.py:830} INFO - Processing file /opt/airflow/dags/smart_city_traffic_batch_dag.py for tasks to queue
[2026-05-08T05:45:43.496+0000] {logging_mixin.py:188} INFO - [2026-05-08T05:45:43.495+0000] {dagbag.py:545} INFO - Filling up the DagBag from /opt/airflow/dags/smart_city_traffic_batch_dag.py
[2026-05-08T05:45:44.544+0000] {processor.py:840} INFO - DAG(s) 'smart_city_traffic_batch_dag' retrieved from /opt/airflow/dags/smart_city_traffic_batch_dag.py
[2026-05-08T05:45:44.599+0000] {logging_mixin.py:188} INFO - [2026-05-08T05:45:44.598+0000] {dag.py:3089} INFO - Sync 1 DAGs
[2026-05-08T05:45:44.640+0000] {logging_mixin.py:188} INFO - [2026-05-08T05:45:44.639+0000] {dag.py:3947} INFO - Setting next_dagrun for smart_city_traffic_batch_dag to 2026-05-08 01:00:00+00:00, run_after=2026-05-09 01:00:00+00:00
[2026-05-08T05:45:44.676+0000] {processor.py:183} INFO - Processing /opt/airflow/dags/smart_city_traffic_batch_dag.py took 1.203 seconds
[2026-05-08T05:46:15.010+0000] {processor.py:161} INFO - Started process (PID=1849) to work on /opt/airflow/dags/smart_city_traffic_batch_dag.py
[2026-05-08T05:46:15.013+0000] {processor.py:830} INFO - Processing file /opt/airflow/dags/smart_city_traffic_batch_dag.py for tasks to queue
[2026-05-08T05:46:15.022+0000] {logging_mixin.py:188} INFO - [2026-05-08T05:46:15.021+0000] {dagbag.py:545} INFO - Filling up the DagBag from /opt/airflow/dags/smart_city_traffic_batch_dag.py
[2026-05-08T05:46:16.181+0000] {processor.py:840} INFO - DAG(s) 'smart_city_traffic_batch_dag' retrieved from /opt/airflow/dags/smart_city_traffic_batch_dag.py
[2026-05-08T05:46:16.244+0000] {logging_mixin.py:188} INFO - [2026-05-08T05:46:16.243+0000] {dag.py:3089} INFO - Sync 1 DAGs
[2026-05-08T05:46:16.285+0000] {logging_mixin.py:188} INFO - [2026-05-08T05:46:16.285+0000] {dag.py:3947} INFO - Setting next_dagrun for smart_city_traffic_batch_dag to 2026-05-08 01:00:00+00:00, run_after=2026-05-09 01:00:00+00:00
[2026-05-08T05:46:16.320+0000] {processor.py:183} INFO - Processing /opt/airflow/dags/smart_city_traffic_batch_dag.py took 1.321 seconds
[2026-05-08T05:46:46.775+0000] {processor.py:161} INFO - Started process (PID=1855) to work on /opt/airflow/dags/smart_city_traffic_batch_dag.py
[2026-05-08T05:46:46.778+0000] {processor.py:830} INFO - Processing file /opt/airflow/dags/smart_city_traffic_batch_dag.py for tasks to queue
[2026-05-08T05:46:46.782+0000] {logging_mixin.py:188} INFO - [2026-05-08T05:46:46.781+0000] {dagbag.py:545} INFO - Filling up the DagBag from /opt/airflow/dags/smart_city_traffic_batch_dag.py
[2026-05-08T05:46:48.128+0000] {processor.py:840} INFO - DAG(s) 'smart_city_traffic_batch_dag' retrieved from /opt/airflow/dags/smart_city_traffic_batch_dag.py
[2026-05-08T05:46:48.209+0000] {logging_mixin.py:188} INFO - [2026-05-08T05:46:48.207+0000] {dag.py:3089} INFO - Sync 1 DAGs
[2026-05-08T05:46:48.274+0000] {logging_mixin.py:188} INFO - [2026-05-08T05:46:48.273+0000] {dag.py:3947} INFO - Setting next_dagrun for smart_city_traffic_batch_dag to 2026-05-08 01:00:00+00:00, run_after=2026-05-09 01:00:00+00:00
[2026-05-08T05:46:48.315+0000] {processor.py:183} INFO - Processing /opt/airflow/dags/smart_city_traffic_batch_dag.py took 1.550 seconds
[2026-05-08T05:48:18.968+0000] {processor.py:161} INFO - Started process (PID=173) to work on /opt/airflow/dags/smart_city_traffic_batch_dag.py
[2026-05-08T05:48:18.970+0000] {processor.py:830} INFO - Processing file /opt/airflow/dags/smart_city_traffic_batch_dag.py for tasks to queue
[2026-05-08T05:48:18.974+0000] {logging_mixin.py:188} INFO - [2026-05-08T05:48:18.974+0000] {dagbag.py:545} INFO - Filling up the DagBag from /opt/airflow/dags/smart_city_traffic_batch_dag.py
[2026-05-08T05:48:21.996+0000] {processor.py:840} INFO - DAG(s) 'smart_city_traffic_batch_dag' retrieved from /opt/airflow/dags/smart_city_traffic_batch_dag.py
[2026-05-08T05:48:22.126+0000] {logging_mixin.py:188} INFO - [2026-05-08T05:48:22.125+0000] {dag.py:3089} INFO - Sync 1 DAGs
[2026-05-08T05:48:22.169+0000] {logging_mixin.py:188} INFO - [2026-05-08T05:48:22.168+0000] {dag.py:3947} INFO - Setting next_dagrun for smart_city_traffic_batch_dag to 2026-05-08 01:00:00+00:00, run_after=2026-05-09 01:00:00+00:00
[2026-05-08T05:48:22.205+0000] {processor.py:183} INFO - Processing /opt/airflow/dags/smart_city_traffic_batch_dag.py took 3.250 seconds
[2026-05-08T05:48:52.445+0000] {processor.py:161} INFO - Started process (PID=179) to work on /opt/airflow/dags/smart_city_traffic_batch_dag.py
[2026-05-08T05:48:52.448+0000] {processor.py:830} INFO - Processing file /opt/airflow/dags/smart_city_traffic_batch_dag.py for tasks to queue
[2026-05-08T05:48:52.453+0000] {logging_mixin.py:188} INFO - [2026-05-08T05:48:52.452+0000] {dagbag.py:545} INFO - Filling up the DagBag from /opt/airflow/dags/smart_city_traffic_batch_dag.py
[2026-05-08T05:48:53.134+0000] {processor.py:840} INFO - DAG(s) 'smart_city_traffic_batch_dag' retrieved from /opt/airflow/dags/smart_city_traffic_batch_dag.py
[2026-05-08T05:48:53.208+0000] {logging_mixin.py:188} INFO - [2026-05-08T05:48:53.208+0000] {dag.py:3089} INFO - Sync 1 DAGs
[2026-05-08T05:48:53.253+0000] {logging_mixin.py:188} INFO - [2026-05-08T05:48:53.252+0000] {dag.py:3947} INFO - Setting next_dagrun for smart_city_traffic_batch_dag to 2026-05-08 01:00:00+00:00, run_after=2026-05-09 01:00:00+00:00
[2026-05-08T05:48:53.293+0000] {processor.py:183} INFO - Processing /opt/airflow/dags/smart_city_traffic_batch_dag.py took 0.864 seconds
[2026-05-08T05:49:23.679+0000] {processor.py:161} INFO - Started process (PID=185) to work on /opt/airflow/dags/smart_city_traffic_batch_dag.py
[2026-05-08T05:49:23.681+0000] {processor.py:830} INFO - Processing file /opt/airflow/dags/smart_city_traffic_batch_dag.py for tasks to queue
[2026-05-08T05:49:23.685+0000] {logging_mixin.py:188} INFO - [2026-05-08T05:49:23.684+0000] {dagbag.py:545} INFO - Filling up the DagBag from /opt/airflow/dags/smart_city_traffic_batch_dag.py
[2026-05-08T05:49:24.494+0000] {processor.py:840} INFO - DAG(s) 'smart_city_traffic_batch_dag' retrieved from /opt/airflow/dags/smart_city_traffic_batch_dag.py
[2026-05-08T05:49:24.567+0000] {logging_mixin.py:188} INFO - [2026-05-08T05:49:24.566+0000] {dag.py:3089} INFO - Sync 1 DAGs
[2026-05-08T05:49:24.614+0000] {logging_mixin.py:188} INFO - [2026-05-08T05:49:24.613+0000] {dag.py:3947} INFO - Setting next_dagrun for smart_city_traffic_batch_dag to 2026-05-08 01:00:00+00:00, run_after=2026-05-09 01:00:00+00:00
[2026-05-08T05:49:24.650+0000] {processor.py:183} INFO - Processing /opt/airflow/dags/smart_city_traffic_batch_dag.py took 0.984 seconds
[2026-05-08T05:49:55.016+0000] {processor.py:161} INFO - Started process (PID=191) to work on /opt/airflow/dags/smart_city_traffic_batch_dag.py
[2026-05-08T05:49:55.021+0000] {processor.py:830} INFO - Processing file /opt/airflow/dags/smart_city_traffic_batch_dag.py for tasks to queue
[2026-05-08T05:49:55.029+0000] {logging_mixin.py:188} INFO - [2026-05-08T05:49:55.028+0000] {dagbag.py:545} INFO - Filling up the DagBag from /opt/airflow/dags/smart_city_traffic_batch_dag.py
[2026-05-08T05:49:55.703+0000] {processor.py:840} INFO - DAG(s) 'smart_city_traffic_batch_dag' retrieved from /opt/airflow/dags/smart_city_traffic_batch_dag.py
[2026-05-08T05:49:55.767+0000] {logging_mixin.py:188} INFO - [2026-05-08T05:49:55.767+0000] {dag.py:3089} INFO - Sync 1 DAGs
[2026-05-08T05:49:55.819+0000] {logging_mixin.py:188} INFO - [2026-05-08T05:49:55.819+0000] {dag.py:3947} INFO - Setting next_dagrun for smart_city_traffic_batch_dag to 2026-05-08 01:00:00+00:00, run_after=2026-05-09 01:00:00+00:00
[2026-05-08T05:49:55.861+0000] {processor.py:183} INFO - Processing /opt/airflow/dags/smart_city_traffic_batch_dag.py took 0.861 seconds
[2026-05-08T05:50:26.525+0000] {processor.py:161} INFO - Started process (PID=197) to work on /opt/airflow/dags/smart_city_traffic_batch_dag.py
[2026-05-08T05:50:26.530+0000] {processor.py:830} INFO - Processing file /opt/airflow/dags/smart_city_traffic_batch_dag.py for tasks to queue
[2026-05-08T05:50:26.537+0000] {logging_mixin.py:188} INFO - [2026-05-08T05:50:26.536+0000] {dagbag.py:545} INFO - Filling up the DagBag from /opt/airflow/dags/smart_city_traffic_batch_dag.py
[2026-05-08T05:50:27.191+0000] {processor.py:840} INFO - DAG(s) 'smart_city_traffic_batch_dag' retrieved from /opt/airflow/dags/smart_city_traffic_batch_dag.py
[2026-05-08T05:50:27.251+0000] {logging_mixin.py:188} INFO - [2026-05-08T05:50:27.250+0000] {dag.py:3089} INFO - Sync 1 DAGs
[2026-05-08T05:50:27.292+0000] {logging_mixin.py:188} INFO - [2026-05-08T05:50:27.291+0000] {dag.py:3947} INFO - Setting next_dagrun for smart_city_traffic_batch_dag to 2026-05-08 01:00:00+00:00, run_after=2026-05-09 01:00:00+00:00
[2026-05-08T05:50:27.329+0000] {processor.py:183} INFO - Processing /opt/airflow/dags/smart_city_traffic_batch_dag.py took 0.827 seconds
[2026-05-08T05:50:57.686+0000] {processor.py:161} INFO - Started process (PID=203) to work on /opt/airflow/dags/smart_city_traffic_batch_dag.py
[2026-05-08T05:50:57.688+0000] {processor.py:830} INFO - Processing file /opt/airflow/dags/smart_city_traffic_batch_dag.py for tasks to queue
[2026-05-08T05:50:57.693+0000] {logging_mixin.py:188} INFO - [2026-05-08T05:50:57.692+0000] {dagbag.py:545} INFO - Filling up the DagBag from /opt/airflow/dags/smart_city_traffic_batch_dag.py
[2026-05-08T05:50:58.307+0000] {processor.py:840} INFO - DAG(s) 'smart_city_traffic_batch_dag' retrieved from /opt/airflow/dags/smart_city_traffic_batch_dag.py
[2026-05-08T05:50:58.367+0000] {logging_mixin.py:188} INFO - [2026-05-08T05:50:58.367+0000] {dag.py:3089} INFO - Sync 1 DAGs
[2026-05-08T05:50:58.413+0000] {logging_mixin.py:188} INFO - [2026-05-08T05:50:58.412+0000] {dag.py:3947} INFO - Setting next_dagrun for smart_city_traffic_batch_dag to 2026-05-08 01:00:00+00:00, run_after=2026-05-09 01:00:00+00:00
[2026-05-08T05:50:58.461+0000] {processor.py:183} INFO - Processing /opt/airflow/dags/smart_city_traffic_batch_dag.py took 0.789 seconds
[2026-05-08T05:51:28.804+0000] {processor.py:161} INFO - Started process (PID=209) to work on /opt/airflow/dags/smart_city_traffic_batch_dag.py
[2026-05-08T05:51:28.806+0000] {processor.py:830} INFO - Processing file /opt/airflow/dags/smart_city_traffic_batch_dag.py for tasks to queue
[2026-05-08T05:51:28.810+0000] {logging_mixin.py:188} INFO - [2026-05-08T05:51:28.809+0000] {dagbag.py:545} INFO - Filling up the DagBag from /opt/airflow/dags/smart_city_traffic_batch_dag.py
[2026-05-08T05:51:29.456+0000] {processor.py:840} INFO - DAG(s) 'smart_city_traffic_batch_dag' retrieved from /opt/airflow/dags/smart_city_traffic_batch_dag.py
[2026-05-08T05:51:29.520+0000] {logging_mixin.py:188} INFO - [2026-05-08T05:51:29.520+0000] {dag.py:3089} INFO - Sync 1 DAGs
[2026-05-08T05:51:29.567+0000] {logging_mixin.py:188} INFO - [2026-05-08T05:51:29.566+0000] {dag.py:3947} INFO - Setting next_dagrun for smart_city_traffic_batch_dag to 2026-05-08 01:00:00+00:00, run_after=2026-05-09 01:00:00+00:00
[2026-05-08T05:51:29.603+0000] {processor.py:183} INFO - Processing /opt/airflow/dags/smart_city_traffic_batch_dag.py took 0.810 seconds
[2026-05-08T05:52:00.019+0000] {processor.py:161} INFO - Started process (PID=215) to work on /opt/airflow/dags/smart_city_traffic_batch_dag.py
[2026-05-08T05:52:00.022+0000] {processor.py:830} INFO - Processing file /opt/airflow/dags/smart_city_traffic_batch_dag.py for tasks to queue
[2026-05-08T05:52:00.026+0000] {logging_mixin.py:188} INFO - [2026-05-08T05:52:00.026+0000] {dagbag.py:545} INFO - Filling up the DagBag from /opt/airflow/dags/smart_city_traffic_batch_dag.py
[2026-05-08T05:52:00.611+0000] {processor.py:840} INFO - DAG(s) 'smart_city_traffic_batch_dag' retrieved from /opt/airflow/dags/smart_city_traffic_batch_dag.py
[2026-05-08T05:52:00.676+0000] {logging_mixin.py:188} INFO - [2026-05-08T05:52:00.675+0000] {dag.py:3089} INFO - Sync 1 DAGs
[2026-05-08T05:52:00.722+0000] {logging_mixin.py:188} INFO - [2026-05-08T05:52:00.721+0000] {dag.py:3947} INFO - Setting next_dagrun for smart_city_traffic_batch_dag to 2026-05-08 01:00:00+00:00, run_after=2026-05-09 01:00:00+00:00
[2026-05-08T05:52:00.777+0000] {processor.py:183} INFO - Processing /opt/airflow/dags/smart_city_traffic_batch_dag.py took 0.772 seconds
[2026-05-08T05:52:31.173+0000] {processor.py:161} INFO - Started process (PID=221) to work on /opt/airflow/dags/smart_city_traffic_batch_dag.py
[2026-05-08T05:52:31.176+0000] {processor.py:830} INFO - Processing file /opt/airflow/dags/smart_city_traffic_batch_dag.py for tasks to queue
[2026-05-08T05:52:31.182+0000] {logging_mixin.py:188} INFO - [2026-05-08T05:52:31.181+0000] {dagbag.py:545} INFO - Filling up the DagBag from /opt/airflow/dags/smart_city_traffic_batch_dag.py
[2026-05-08T05:52:31.864+0000] {processor.py:840} INFO - DAG(s) 'smart_city_traffic_batch_dag' retrieved from /opt/airflow/dags/smart_city_traffic_batch_dag.py
[2026-05-08T05:52:31.928+0000] {logging_mixin.py:188} INFO - [2026-05-08T05:52:31.928+0000] {dag.py:3089} INFO - Sync 1 DAGs
[2026-05-08T05:52:31.969+0000] {logging_mixin.py:188} INFO - [2026-05-08T05:52:31.968+0000] {dag.py:3947} INFO - Setting next_dagrun for smart_city_traffic_batch_dag to 2026-05-08 01:00:00+00:00, run_after=2026-05-09 01:00:00+00:00
[2026-05-08T05:52:32.003+0000] {processor.py:183} INFO - Processing /opt/airflow/dags/smart_city_traffic_batch_dag.py took 0.848 seconds
[2026-05-08T05:53:02.446+0000] {processor.py:161} INFO - Started process (PID=227) to work on /opt/airflow/dags/smart_city_traffic_batch_dag.py
[2026-05-08T05:53:02.448+0000] {processor.py:830} INFO - Processing file /opt/airflow/dags/smart_city_traffic_batch_dag.py for tasks to queue
[2026-05-08T05:53:02.453+0000] {logging_mixin.py:188} INFO - [2026-05-08T05:53:02.452+0000] {dagbag.py:545} INFO - Filling up the DagBag from /opt/airflow/dags/smart_city_traffic_batch_dag.py
[2026-05-08T05:53:03.047+0000] {processor.py:840} INFO - DAG(s) 'smart_city_traffic_batch_dag' retrieved from /opt/airflow/dags/smart_city_traffic_batch_dag.py
[2026-05-08T05:53:03.110+0000] {logging_mixin.py:188} INFO - [2026-05-08T05:53:03.109+0000] {dag.py:3089} INFO - Sync 1 DAGs
[2026-05-08T05:53:03.157+0000] {logging_mixin.py:188} INFO - [2026-05-08T05:53:03.156+0000] {dag.py:3947} INFO - Setting next_dagrun for smart_city_traffic_batch_dag to 2026-05-08 01:00:00+00:00, run_after=2026-05-09 01:00:00+00:00
[2026-05-08T05:53:03.194+0000] {processor.py:183} INFO - Processing /opt/airflow/dags/smart_city_traffic_batch_dag.py took 0.760 seconds
[2026-05-08T05:53:33.536+0000] {processor.py:161} INFO - Started process (PID=233) to work on /opt/airflow/dags/smart_city_traffic_batch_dag.py
[2026-05-08T05:53:33.539+0000] {processor.py:830} INFO - Processing file /opt/airflow/dags/smart_city_traffic_batch_dag.py for tasks to queue
[2026-05-08T05:53:33.543+0000] {logging_mixin.py:188} INFO - [2026-05-08T05:53:33.542+0000] {dagbag.py:545} INFO - Filling up the DagBag from /opt/airflow/dags/smart_city_traffic_batch_dag.py
[2026-05-08T05:53:34.152+0000] {processor.py:840} INFO - DAG(s) 'smart_city_traffic_batch_dag' retrieved from /opt/airflow/dags/smart_city_traffic_batch_dag.py
[2026-05-08T05:53:34.211+0000] {logging_mixin.py:188} INFO - [2026-05-08T05:53:34.210+0000] {dag.py:3089} INFO - Sync 1 DAGs
[2026-05-08T05:53:34.262+0000] {logging_mixin.py:188} INFO - [2026-05-08T05:53:34.261+0000] {dag.py:3947} INFO - Setting next_dagrun for smart_city_traffic_batch_dag to 2026-05-08 01:00:00+00:00, run_after=2026-05-09 01:00:00+00:00
[2026-05-08T05:53:35.955+0000] {processor.py:183} INFO - Processing /opt/airflow/dags/smart_city_traffic_batch_dag.py took 2.430 seconds
[2026-05-08T05:54:06.314+0000] {processor.py:161} INFO - Started process (PID=239) to work on /opt/airflow/dags/smart_city_traffic_batch_dag.py
[2026-05-08T05:54:06.316+0000] {processor.py:830} INFO - Processing file /opt/airflow/dags/smart_city_traffic_batch_dag.py for tasks to queue
[2026-05-08T05:54:06.324+0000] {logging_mixin.py:188} INFO - [2026-05-08T05:54:06.323+0000] {dagbag.py:545} INFO - Filling up the DagBag from /opt/airflow/dags/smart_city_traffic_batch_dag.py
[2026-05-08T05:54:07.180+0000] {processor.py:840} INFO - DAG(s) 'smart_city_traffic_batch_dag' retrieved from /opt/airflow/dags/smart_city_traffic_batch_dag.py
[2026-05-08T05:54:07.239+0000] {logging_mixin.py:188} INFO - [2026-05-08T05:54:07.238+0000] {dag.py:3089} INFO - Sync 1 DAGs
[2026-05-08T05:54:07.279+0000] {logging_mixin.py:188} INFO - [2026-05-08T05:54:07.278+0000] {dag.py:3947} INFO - Setting next_dagrun for smart_city_traffic_batch_dag to 2026-05-08 01:00:00+00:00, run_after=2026-05-09 01:00:00+00:00
[2026-05-08T05:54:07.310+0000] {processor.py:183} INFO - Processing /opt/airflow/dags/smart_city_traffic_batch_dag.py took 1.009 seconds
[2026-05-08T05:54:37.596+0000] {processor.py:161} INFO - Started process (PID=245) to work on /opt/airflow/dags/smart_city_traffic_batch_dag.py
[2026-05-08T05:54:37.598+0000] {processor.py:830} INFO - Processing file /opt/airflow/dags/smart_city_traffic_batch_dag.py for tasks to queue
[2026-05-08T05:54:37.602+0000] {logging_mixin.py:188} INFO - [2026-05-08T05:54:37.602+0000] {dagbag.py:545} INFO - Filling up the DagBag from /opt/airflow/dags/smart_city_traffic_batch_dag.py
[2026-05-08T05:54:38.208+0000] {processor.py:840} INFO - DAG(s) 'smart_city_traffic_batch_dag' retrieved from /opt/airflow/dags/smart_city_traffic_batch_dag.py
[2026-05-08T05:54:38.277+0000] {logging_mixin.py:188} INFO - [2026-05-08T05:54:38.276+0000] {dag.py:3089} INFO - Sync 1 DAGs
[2026-05-08T05:54:38.324+0000] {logging_mixin.py:188} INFO - [2026-05-08T05:54:38.323+0000] {dag.py:3947} INFO - Setting next_dagrun for smart_city_traffic_batch_dag to 2026-05-08 01:00:00+00:00, run_after=2026-05-09 01:00:00+00:00
[2026-05-08T05:54:38.359+0000] {processor.py:183} INFO - Processing /opt/airflow/dags/smart_city_traffic_batch_dag.py took 0.776 seconds
[2026-05-08T05:55:08.722+0000] {processor.py:161} INFO - Started process (PID=251) to work on /opt/airflow/dags/smart_city_traffic_batch_dag.py
[2026-05-08T05:55:08.725+0000] {processor.py:830} INFO - Processing file /opt/airflow/dags/smart_city_traffic_batch_dag.py for tasks to queue
[2026-05-08T05:55:08.728+0000] {logging_mixin.py:188} INFO - [2026-05-08T05:55:08.728+0000] {dagbag.py:545} INFO - Filling up the DagBag from /opt/airflow/dags/smart_city_traffic_batch_dag.py
[2026-05-08T05:55:09.306+0000] {processor.py:840} INFO - DAG(s) 'smart_city_traffic_batch_dag' retrieved from /opt/airflow/dags/smart_city_traffic_batch_dag.py
[2026-05-08T05:55:09.361+0000] {logging_mixin.py:188} INFO - [2026-05-08T05:55:09.360+0000] {dag.py:3089} INFO - Sync 1 DAGs
[2026-05-08T05:55:09.401+0000] {logging_mixin.py:188} INFO - [2026-05-08T05:55:09.400+0000] {dag.py:3947} INFO - Setting next_dagrun for smart_city_traffic_batch_dag to 2026-05-08 01:00:00+00:00, run_after=2026-05-09 01:00:00+00:00
[2026-05-08T05:55:09.435+0000] {processor.py:183} INFO - Processing /opt/airflow/dags/smart_city_traffic_batch_dag.py took 0.724 seconds
[2026-05-08T05:55:39.793+0000] {processor.py:161} INFO - Started process (PID=257) to work on /opt/airflow/dags/smart_city_traffic_batch_dag.py
[2026-05-08T05:55:39.795+0000] {processor.py:830} INFO - Processing file /opt/airflow/dags/smart_city_traffic_batch_dag.py for tasks to queue
[2026-05-08T05:55:39.800+0000] {logging_mixin.py:188} INFO - [2026-05-08T05:55:39.799+0000] {dagbag.py:545} INFO - Filling up the DagBag from /opt/airflow/dags/smart_city_traffic_batch_dag.py
[2026-05-08T05:55:40.380+0000] {processor.py:840} INFO - DAG(s) 'smart_city_traffic_batch_dag' retrieved from /opt/airflow/dags/smart_city_traffic_batch_dag.py
[2026-05-08T05:55:40.436+0000] {logging_mixin.py:188} INFO - [2026-05-08T05:55:40.436+0000] {dag.py:3089} INFO - Sync 1 DAGs
[2026-05-08T05:55:40.474+0000] {logging_mixin.py:188} INFO - [2026-05-08T05:55:40.473+0000] {dag.py:3947} INFO - Setting next_dagrun for smart_city_traffic_batch_dag to 2026-05-08 01:00:00+00:00, run_after=2026-05-09 01:00:00+00:00
[2026-05-08T05:55:41.061+0000] {processor.py:183} INFO - Processing /opt/airflow/dags/smart_city_traffic_batch_dag.py took 1.279 seconds
[2026-05-08T05:56:11.459+0000] {processor.py:161} INFO - Started process (PID=263) to work on /opt/airflow/dags/smart_city_traffic_batch_dag.py
[2026-05-08T05:56:11.462+0000] {processor.py:830} INFO - Processing file /opt/airflow/dags/smart_city_traffic_batch_dag.py for tasks to queue
[2026-05-08T05:56:11.465+0000] {logging_mixin.py:188} INFO - [2026-05-08T05:56:11.464+0000] {dagbag.py:545} INFO - Filling up the DagBag from /opt/airflow/dags/smart_city_traffic_batch_dag.py
[2026-05-08T05:56:12.025+0000] {processor.py:840} INFO - DAG(s) 'smart_city_traffic_batch_dag' retrieved from /opt/airflow/dags/smart_city_traffic_batch_dag.py
[2026-05-08T05:56:12.082+0000] {logging_mixin.py:188} INFO - [2026-05-08T05:56:12.082+0000] {dag.py:3089} INFO - Sync 1 DAGs
[2026-05-08T05:56:12.122+0000] {logging_mixin.py:188} INFO - [2026-05-08T05:56:12.122+0000] {dag.py:3947} INFO - Setting next_dagrun for smart_city_traffic_batch_dag to 2026-05-08 01:00:00+00:00, run_after=2026-05-09 01:00:00+00:00
[2026-05-08T05:56:12.155+0000] {processor.py:183} INFO - Processing /opt/airflow/dags/smart_city_traffic_batch_dag.py took 0.707 seconds
[2026-05-08T05:56:42.524+0000] {processor.py:161} INFO - Started process (PID=269) to work on /opt/airflow/dags/smart_city_traffic_batch_dag.py
[2026-05-08T05:56:42.527+0000] {processor.py:830} INFO - Processing file /opt/airflow/dags/smart_city_traffic_batch_dag.py for tasks to queue
[2026-05-08T05:56:42.532+0000] {logging_mixin.py:188} INFO - [2026-05-08T05:56:42.532+0000] {dagbag.py:545} INFO - Filling up the DagBag from /opt/airflow/dags/smart_city_traffic_batch_dag.py
[2026-05-08T05:56:43.130+0000] {processor.py:840} INFO - DAG(s) 'smart_city_traffic_batch_dag' retrieved from /opt/airflow/dags/smart_city_traffic_batch_dag.py
[2026-05-08T05:56:43.200+0000] {logging_mixin.py:188} INFO - [2026-05-08T05:56:43.199+0000] {dag.py:3089} INFO - Sync 1 DAGs
[2026-05-08T05:56:43.239+0000] {logging_mixin.py:188} INFO - [2026-05-08T05:56:43.239+0000] {dag.py:3947} INFO - Setting next_dagrun for smart_city_traffic_batch_dag to 2026-05-08 01:00:00+00:00, run_after=2026-05-09 01:00:00+00:00
[2026-05-08T05:56:43.275+0000] {processor.py:183} INFO - Processing /opt/airflow/dags/smart_city_traffic_batch_dag.py took 0.763 seconds
[2026-05-08T05:57:13.648+0000] {processor.py:161} INFO - Started process (PID=275) to work on /opt/airflow/dags/smart_city_traffic_batch_dag.py
[2026-05-08T05:57:13.650+0000] {processor.py:830} INFO - Processing file /opt/airflow/dags/smart_city_traffic_batch_dag.py for tasks to queue
[2026-05-08T05:57:13.654+0000] {logging_mixin.py:188} INFO - [2026-05-08T05:57:13.654+0000] {dagbag.py:545} INFO - Filling up the DagBag from /opt/airflow/dags/smart_city_traffic_batch_dag.py
[2026-05-08T05:57:14.273+0000] {processor.py:840} INFO - DAG(s) 'smart_city_traffic_batch_dag' retrieved from /opt/airflow/dags/smart_city_traffic_batch_dag.py
[2026-05-08T05:57:14.338+0000] {logging_mixin.py:188} INFO - [2026-05-08T05:57:14.338+0000] {dag.py:3089} INFO - Sync 1 DAGs
[2026-05-08T05:57:14.380+0000] {logging_mixin.py:188} INFO - [2026-05-08T05:57:14.380+0000] {dag.py:3947} INFO - Setting next_dagrun for smart_city_traffic_batch_dag to 2026-05-08 01:00:00+00:00, run_after=2026-05-09 01:00:00+00:00
[2026-05-08T05:57:14.423+0000] {processor.py:183} INFO - Processing /opt/airflow/dags/smart_city_traffic_batch_dag.py took 0.788 seconds
[2026-05-08T05:57:44.774+0000] {processor.py:161} INFO - Started process (PID=281) to work on /opt/airflow/dags/smart_city_traffic_batch_dag.py
[2026-05-08T05:57:44.777+0000] {processor.py:830} INFO - Processing file /opt/airflow/dags/smart_city_traffic_batch_dag.py for tasks to queue
[2026-05-08T05:57:44.782+0000] {logging_mixin.py:188} INFO - [2026-05-08T05:57:44.781+0000] {dagbag.py:545} INFO - Filling up the DagBag from /opt/airflow/dags/smart_city_traffic_batch_dag.py
[2026-05-08T05:57:45.434+0000] {processor.py:840} INFO - DAG(s) 'smart_city_traffic_batch_dag' retrieved from /opt/airflow/dags/smart_city_traffic_batch_dag.py
[2026-05-08T05:57:45.498+0000] {logging_mixin.py:188} INFO - [2026-05-08T05:57:45.497+0000] {dag.py:3089} INFO - Sync 1 DAGs
[2026-05-08T05:57:45.542+0000] {logging_mixin.py:188} INFO - [2026-05-08T05:57:45.542+0000] {dag.py:3947} INFO - Setting next_dagrun for smart_city_traffic_batch_dag to 2026-05-08 01:00:00+00:00, run_after=2026-05-09 01:00:00+00:00
[2026-05-08T05:57:45.584+0000] {processor.py:183} INFO - Processing /opt/airflow/dags/smart_city_traffic_batch_dag.py took 0.827 seconds
[2026-05-08T05:58:15.960+0000] {processor.py:161} INFO - Started process (PID=287) to work on /opt/airflow/dags/smart_city_traffic_batch_dag.py
[2026-05-08T05:58:15.963+0000] {processor.py:830} INFO - Processing file /opt/airflow/dags/smart_city_traffic_batch_dag.py for tasks to queue
[2026-05-08T05:58:15.970+0000] {logging_mixin.py:188} INFO - [2026-05-08T05:58:15.969+0000] {dagbag.py:545} INFO - Filling up the DagBag from /opt/airflow/dags/smart_city_traffic_batch_dag.py
[2026-05-08T05:58:16.651+0000] {processor.py:840} INFO - DAG(s) 'smart_city_traffic_batch_dag' retrieved from /opt/airflow/dags/smart_city_traffic_batch_dag.py
[2026-05-08T05:58:16.713+0000] {logging_mixin.py:188} INFO - [2026-05-08T05:58:16.712+0000] {dag.py:3089} INFO - Sync 1 DAGs
[2026-05-08T05:58:17.329+0000] {logging_mixin.py:188} INFO - [2026-05-08T05:58:17.328+0000] {dag.py:3947} INFO - Setting next_dagrun for smart_city_traffic_batch_dag to 2026-05-08 01:00:00+00:00, run_after=2026-05-09 01:00:00+00:00
[2026-05-08T05:58:17.364+0000] {processor.py:183} INFO - Processing /opt/airflow/dags/smart_city_traffic_batch_dag.py took 1.430 seconds
[2026-05-08T05:58:47.888+0000] {processor.py:161} INFO - Started process (PID=293) to work on /opt/airflow/dags/smart_city_traffic_batch_dag.py
[2026-05-08T05:58:47.890+0000] {processor.py:830} INFO - Processing file /opt/airflow/dags/smart_city_traffic_batch_dag.py for tasks to queue
[2026-05-08T05:58:47.895+0000] {logging_mixin.py:188} INFO - [2026-05-08T05:58:47.894+0000] {dagbag.py:545} INFO - Filling up the DagBag from /opt/airflow/dags/smart_city_traffic_batch_dag.py
[2026-05-08T05:58:48.504+0000] {processor.py:840} INFO - DAG(s) 'smart_city_traffic_batch_dag' retrieved from /opt/airflow/dags/smart_city_traffic_batch_dag.py
[2026-05-08T05:58:48.568+0000] {logging_mixin.py:188} INFO - [2026-05-08T05:58:48.567+0000] {dag.py:3089} INFO - Sync 1 DAGs
[2026-05-08T05:58:48.621+0000] {logging_mixin.py:188} INFO - [2026-05-08T05:58:48.621+0000] {dag.py:3947} INFO - Setting next_dagrun for smart_city_traffic_batch_dag to 2026-05-08 01:00:00+00:00, run_after=2026-05-09 01:00:00+00:00
[2026-05-08T05:58:48.664+0000] {processor.py:183} INFO - Processing /opt/airflow/dags/smart_city_traffic_batch_dag.py took 0.789 seconds
[2026-05-08T05:59:18.819+0000] {processor.py:161} INFO - Started process (PID=299) to work on /opt/airflow/dags/smart_city_traffic_batch_dag.py
[2026-05-08T05:59:18.822+0000] {processor.py:830} INFO - Processing file /opt/airflow/dags/smart_city_traffic_batch_dag.py for tasks to queue
[2026-05-08T05:59:18.826+0000] {logging_mixin.py:188} INFO - [2026-05-08T05:59:18.825+0000] {dagbag.py:545} INFO - Filling up the DagBag from /opt/airflow/dags/smart_city_traffic_batch_dag.py
[2026-05-08T05:59:19.445+0000] {processor.py:840} INFO - DAG(s) 'smart_city_traffic_batch_dag' retrieved from /opt/airflow/dags/smart_city_traffic_batch_dag.py
[2026-05-08T05:59:19.504+0000] {logging_mixin.py:188} INFO - [2026-05-08T05:59:19.503+0000] {dag.py:3089} INFO - Sync 1 DAGs
[2026-05-08T05:59:19.545+0000] {logging_mixin.py:188} INFO - [2026-05-08T05:59:19.545+0000] {dag.py:3947} INFO - Setting next_dagrun for smart_city_traffic_batch_dag to 2026-05-08 01:00:00+00:00, run_after=2026-05-09 01:00:00+00:00
[2026-05-08T05:59:19.593+0000] {processor.py:183} INFO - Processing /opt/airflow/dags/smart_city_traffic_batch_dag.py took 0.785 seconds
[2026-05-08T05:59:49.992+0000] {processor.py:161} INFO - Started process (PID=305) to work on /opt/airflow/dags/smart_city_traffic_batch_dag.py
[2026-05-08T05:59:49.994+0000] {processor.py:830} INFO - Processing file /opt/airflow/dags/smart_city_traffic_batch_dag.py for tasks to queue
[2026-05-08T05:59:49.998+0000] {logging_mixin.py:188} INFO - [2026-05-08T05:59:49.997+0000] {dagbag.py:545} INFO - Filling up the DagBag from /opt/airflow/dags/smart_city_traffic_batch_dag.py
[2026-05-08T05:59:50.579+0000] {processor.py:840} INFO - DAG(s) 'smart_city_traffic_batch_dag' retrieved from /opt/airflow/dags/smart_city_traffic_batch_dag.py
[2026-05-08T05:59:50.639+0000] {logging_mixin.py:188} INFO - [2026-05-08T05:59:50.638+0000] {dag.py:3089} INFO - Sync 1 DAGs
[2026-05-08T05:59:50.681+0000] {logging_mixin.py:188} INFO - [2026-05-08T05:59:50.681+0000] {dag.py:3947} INFO - Setting next_dagrun for smart_city_traffic_batch_dag to 2026-05-08 01:00:00+00:00, run_after=2026-05-09 01:00:00+00:00
[2026-05-08T05:59:50.718+0000] {processor.py:183} INFO - Processing /opt/airflow/dags/smart_city_traffic_batch_dag.py took 0.737 seconds
[2026-05-08T06:00:21.075+0000] {processor.py:161} INFO - Started process (PID=311) to work on /opt/airflow/dags/smart_city_traffic_batch_dag.py
[2026-05-08T06:00:21.076+0000] {processor.py:830} INFO - Processing file /opt/airflow/dags/smart_city_traffic_batch_dag.py for tasks to queue
[2026-05-08T06:00:21.080+0000] {logging_mixin.py:188} INFO - [2026-05-08T06:00:21.079+0000] {dagbag.py:545} INFO - Filling up the DagBag from /opt/airflow/dags/smart_city_traffic_batch_dag.py
[2026-05-08T06:00:21.629+0000] {processor.py:840} INFO - DAG(s) 'smart_city_traffic_batch_dag' retrieved from /opt/airflow/dags/smart_city_traffic_batch_dag.py
[2026-05-08T06:00:21.687+0000] {logging_mixin.py:188} INFO - [2026-05-08T06:00:21.687+0000] {dag.py:3089} INFO - Sync 1 DAGs
[2026-05-08T06:00:22.034+0000] {logging_mixin.py:188} INFO - [2026-05-08T06:00:22.033+0000] {dag.py:3947} INFO - Setting next_dagrun for smart_city_traffic_batch_dag to 2026-05-08 01:00:00+00:00, run_after=2026-05-09 01:00:00+00:00
[2026-05-08T06:00:22.076+0000] {processor.py:183} INFO - Processing /opt/airflow/dags/smart_city_traffic_batch_dag.py took 1.017 seconds
[2026-05-08T06:00:52.421+0000] {processor.py:161} INFO - Started process (PID=317) to work on /opt/airflow/dags/smart_city_traffic_batch_dag.py
[2026-05-08T06:00:52.423+0000] {processor.py:830} INFO - Processing file /opt/airflow/dags/smart_city_traffic_batch_dag.py for tasks to queue
[2026-05-08T06:00:52.427+0000] {logging_mixin.py:188} INFO - [2026-05-08T06:00:52.426+0000] {dagbag.py:545} INFO - Filling up the DagBag from /opt/airflow/dags/smart_city_traffic_batch_dag.py
[2026-05-08T06:00:53.055+0000] {processor.py:840} INFO - DAG(s) 'smart_city_traffic_batch_dag' retrieved from /opt/airflow/dags/smart_city_traffic_batch_dag.py
[2026-05-08T06:00:53.113+0000] {logging_mixin.py:188} INFO - [2026-05-08T06:00:53.113+0000] {dag.py:3089} INFO - Sync 1 DAGs
[2026-05-08T06:00:53.154+0000] {logging_mixin.py:188} INFO - [2026-05-08T06:00:53.154+0000] {dag.py:3947} INFO - Setting next_dagrun for smart_city_traffic_batch_dag to 2026-05-08 01:00:00+00:00, run_after=2026-05-09 01:00:00+00:00
[2026-05-08T06:00:53.192+0000] {processor.py:183} INFO - Processing /opt/airflow/dags/smart_city_traffic_batch_dag.py took 0.782 seconds
[2026-05-08T06:01:23.587+0000] {processor.py:161} INFO - Started process (PID=323) to work on /opt/airflow/dags/smart_city_traffic_batch_dag.py
[2026-05-08T06:01:23.590+0000] {processor.py:830} INFO - Processing file /opt/airflow/dags/smart_city_traffic_batch_dag.py for tasks to queue
[2026-05-08T06:01:23.595+0000] {logging_mixin.py:188} INFO - [2026-05-08T06:01:23.594+0000] {dagbag.py:545} INFO - Filling up the DagBag from /opt/airflow/dags/smart_city_traffic_batch_dag.py
[2026-05-08T06:01:24.243+0000] {processor.py:840} INFO - DAG(s) 'smart_city_traffic_batch_dag' retrieved from /opt/airflow/dags/smart_city_traffic_batch_dag.py
[2026-05-08T06:01:24.314+0000] {logging_mixin.py:188} INFO - [2026-05-08T06:01:24.313+0000] {dag.py:3089} INFO - Sync 1 DAGs
[2026-05-08T06:01:24.355+0000] {logging_mixin.py:188} INFO - [2026-05-08T06:01:24.355+0000] {dag.py:3947} INFO - Setting next_dagrun for smart_city_traffic_batch_dag to 2026-05-08 01:00:00+00:00, run_after=2026-05-09 01:00:00+00:00
[2026-05-08T06:01:24.391+0000] {processor.py:183} INFO - Processing /opt/airflow/dags/smart_city_traffic_batch_dag.py took 0.816 seconds
[2026-05-08T06:01:54.736+0000] {processor.py:161} INFO - Started process (PID=329) to work on /opt/airflow/dags/smart_city_traffic_batch_dag.py
[2026-05-08T06:01:54.739+0000] {processor.py:830} INFO - Processing file /opt/airflow/dags/smart_city_traffic_batch_dag.py for tasks to queue
[2026-05-08T06:01:54.744+0000] {logging_mixin.py:188} INFO - [2026-05-08T06:01:54.743+0000] {dagbag.py:545} INFO - Filling up the DagBag from /opt/airflow/dags/smart_city_traffic_batch_dag.py
[2026-05-08T06:01:55.343+0000] {processor.py:840} INFO - DAG(s) 'smart_city_traffic_batch_dag' retrieved from /opt/airflow/dags/smart_city_traffic_batch_dag.py
[2026-05-08T06:01:55.407+0000] {logging_mixin.py:188} INFO - [2026-05-08T06:01:55.406+0000] {dag.py:3089} INFO - Sync 1 DAGs
[2026-05-08T06:01:55.444+0000] {logging_mixin.py:188} INFO - [2026-05-08T06:01:55.444+0000] {dag.py:3947} INFO - Setting next_dagrun for smart_city_traffic_batch_dag to 2026-05-08 01:00:00+00:00, run_after=2026-05-09 01:00:00+00:00
[2026-05-08T06:01:55.479+0000] {processor.py:183} INFO - Processing /opt/airflow/dags/smart_city_traffic_batch_dag.py took 0.755 seconds
[2026-05-08T06:02:25.824+0000] {processor.py:161} INFO - Started process (PID=335) to work on /opt/airflow/dags/smart_city_traffic_batch_dag.py
[2026-05-08T06:02:25.825+0000] {processor.py:830} INFO - Processing file /opt/airflow/dags/smart_city_traffic_batch_dag.py for tasks to queue
[2026-05-08T06:02:25.830+0000] {logging_mixin.py:188} INFO - [2026-05-08T06:02:25.829+0000] {dagbag.py:545} INFO - Filling up the DagBag from /opt/airflow/dags/smart_city_traffic_batch_dag.py
[2026-05-08T06:02:26.435+0000] {processor.py:840} INFO - DAG(s) 'smart_city_traffic_batch_dag' retrieved from /opt/airflow/dags/smart_city_traffic_batch_dag.py
[2026-05-08T06:02:26.497+0000] {logging_mixin.py:188} INFO - [2026-05-08T06:02:26.497+0000] {dag.py:3089} INFO - Sync 1 DAGs
[2026-05-08T06:02:26.550+0000] {logging_mixin.py:188} INFO - [2026-05-08T06:02:26.550+0000] {dag.py:3947} INFO - Setting next_dagrun for smart_city_traffic_batch_dag to 2026-05-08 01:00:00+00:00, run_after=2026-05-09 01:00:00+00:00
[2026-05-08T06:02:26.891+0000] {processor.py:183} INFO - Processing /opt/airflow/dags/smart_city_traffic_batch_dag.py took 1.081 seconds
[2026-05-08T06:02:57.531+0000] {processor.py:161} INFO - Started process (PID=341) to work on /opt/airflow/dags/smart_city_traffic_batch_dag.py
[2026-05-08T06:02:57.535+0000] {processor.py:830} INFO - Processing file /opt/airflow/dags/smart_city_traffic_batch_dag.py for tasks to queue
[2026-05-08T06:02:57.542+0000] {logging_mixin.py:188} INFO - [2026-05-08T06:02:57.541+0000] {dagbag.py:545} INFO - Filling up the DagBag from /opt/airflow/dags/smart_city_traffic_batch_dag.py
[2026-05-08T06:02:58.221+0000] {processor.py:840} INFO - DAG(s) 'smart_city_traffic_batch_dag' retrieved from /opt/airflow/dags/smart_city_traffic_batch_dag.py
[2026-05-08T06:02:58.291+0000] {logging_mixin.py:188} INFO - [2026-05-08T06:02:58.290+0000] {dag.py:3089} INFO - Sync 1 DAGs
[2026-05-08T06:02:58.656+0000] {logging_mixin.py:188} INFO - [2026-05-08T06:02:58.655+0000] {dag.py:3947} INFO - Setting next_dagrun for smart_city_traffic_batch_dag to 2026-05-08 01:00:00+00:00, run_after=2026-05-09 01:00:00+00:00
[2026-05-08T06:02:58.686+0000] {processor.py:183} INFO - Processing /opt/airflow/dags/smart_city_traffic_batch_dag.py took 1.181 seconds
[2026-05-08T06:03:28.848+0000] {processor.py:161} INFO - Started process (PID=347) to work on /opt/airflow/dags/smart_city_traffic_batch_dag.py
[2026-05-08T06:03:28.851+0000] {processor.py:830} INFO - Processing file /opt/airflow/dags/smart_city_traffic_batch_dag.py for tasks to queue
[2026-05-08T06:03:28.856+0000] {logging_mixin.py:188} INFO - [2026-05-08T06:03:28.855+0000] {dagbag.py:545} INFO - Filling up the DagBag from /opt/airflow/dags/smart_city_traffic_batch_dag.py
[2026-05-08T06:03:29.503+0000] {processor.py:840} INFO - DAG(s) 'smart_city_traffic_batch_dag' retrieved from /opt/airflow/dags/smart_city_traffic_batch_dag.py
[2026-05-08T06:03:29.577+0000] {logging_mixin.py:188} INFO - [2026-05-08T06:03:29.576+0000] {dag.py:3089} INFO - Sync 1 DAGs
[2026-05-08T06:03:29.618+0000] {logging_mixin.py:188} INFO - [2026-05-08T06:03:29.618+0000] {dag.py:3947} INFO - Setting next_dagrun for smart_city_traffic_batch_dag to 2026-05-08 01:00:00+00:00, run_after=2026-05-09 01:00:00+00:00
[2026-05-08T06:03:29.657+0000] {processor.py:183} INFO - Processing /opt/airflow/dags/smart_city_traffic_batch_dag.py took 0.822 seconds
[2026-05-08T06:04:00.144+0000] {processor.py:161} INFO - Started process (PID=353) to work on /opt/airflow/dags/smart_city_traffic_batch_dag.py
[2026-05-08T06:04:00.147+0000] {processor.py:830} INFO - Processing file /opt/airflow/dags/smart_city_traffic_batch_dag.py for tasks to queue
[2026-05-08T06:04:00.152+0000] {logging_mixin.py:188} INFO - [2026-05-08T06:04:00.151+0000] {dagbag.py:545} INFO - Filling up the DagBag from /opt/airflow/dags/smart_city_traffic_batch_dag.py
[2026-05-08T06:04:00.837+0000] {processor.py:840} INFO - DAG(s) 'smart_city_traffic_batch_dag' retrieved from /opt/airflow/dags/smart_city_traffic_batch_dag.py
[2026-05-08T06:04:00.896+0000] {logging_mixin.py:188} INFO - [2026-05-08T06:04:00.896+0000] {dag.py:3089} INFO - Sync 1 DAGs
[2026-05-08T06:04:00.935+0000] {logging_mixin.py:188} INFO - [2026-05-08T06:04:00.934+0000] {dag.py:3947} INFO - Setting next_dagrun for smart_city_traffic_batch_dag to 2026-05-08 01:00:00+00:00, run_after=2026-05-09 01:00:00+00:00
[2026-05-08T06:04:00.969+0000] {processor.py:183} INFO - Processing /opt/airflow/dags/smart_city_traffic_batch_dag.py took 0.839 seconds
[2026-05-08T06:04:31.535+0000] {processor.py:161} INFO - Started process (PID=359) to work on /opt/airflow/dags/smart_city_traffic_batch_dag.py
[2026-05-08T06:04:31.537+0000] {processor.py:830} INFO - Processing file /opt/airflow/dags/smart_city_traffic_batch_dag.py for tasks to queue
[2026-05-08T06:04:31.542+0000] {logging_mixin.py:188} INFO - [2026-05-08T06:04:31.541+0000] {dagbag.py:545} INFO - Filling up the DagBag from /opt/airflow/dags/smart_city_traffic_batch_dag.py
[2026-05-08T06:04:32.493+0000] {processor.py:840} INFO - DAG(s) 'smart_city_traffic_batch_dag' retrieved from /opt/airflow/dags/smart_city_traffic_batch_dag.py
[2026-05-08T06:04:32.559+0000] {logging_mixin.py:188} INFO - [2026-05-08T06:04:32.558+0000] {dag.py:3089} INFO - Sync 1 DAGs
[2026-05-08T06:04:32.598+0000] {logging_mixin.py:188} INFO - [2026-05-08T06:04:32.597+0000] {dag.py:3947} INFO - Setting next_dagrun for smart_city_traffic_batch_dag to 2026-05-08 01:00:00+00:00, run_after=2026-05-09 01:00:00+00:00
[2026-05-08T06:04:32.923+0000] {processor.py:183} INFO - Processing /opt/airflow/dags/smart_city_traffic_batch_dag.py took 1.399 seconds
[2026-05-08T06:05:03.383+0000] {processor.py:161} INFO - Started process (PID=365) to work on /opt/airflow/dags/smart_city_traffic_batch_dag.py
[2026-05-08T06:05:03.386+0000] {processor.py:830} INFO - Processing file /opt/airflow/dags/smart_city_traffic_batch_dag.py for tasks to queue
[2026-05-08T06:05:03.389+0000] {logging_mixin.py:188} INFO - [2026-05-08T06:05:03.389+0000] {dagbag.py:545} INFO - Filling up the DagBag from /opt/airflow/dags/smart_city_traffic_batch_dag.py
[2026-05-08T06:05:04.148+0000] {processor.py:840} INFO - DAG(s) 'smart_city_traffic_batch_dag' retrieved from /opt/airflow/dags/smart_city_traffic_batch_dag.py
[2026-05-08T06:05:04.202+0000] {logging_mixin.py:188} INFO - [2026-05-08T06:05:04.201+0000] {dag.py:3089} INFO - Sync 1 DAGs
[2026-05-08T06:05:04.543+0000] {logging_mixin.py:188} INFO - [2026-05-08T06:05:04.542+0000] {dag.py:3947} INFO - Setting next_dagrun for smart_city_traffic_batch_dag to 2026-05-08 01:00:00+00:00, run_after=2026-05-09 01:00:00+00:00
[2026-05-08T06:05:04.580+0000] {processor.py:183} INFO - Processing /opt/airflow/dags/smart_city_traffic_batch_dag.py took 1.210 seconds
[2026-05-08T06:05:34.963+0000] {processor.py:161} INFO - Started process (PID=371) to work on /opt/airflow/dags/smart_city_traffic_batch_dag.py
[2026-05-08T06:05:34.964+0000] {processor.py:830} INFO - Processing file /opt/airflow/dags/smart_city_traffic_batch_dag.py for tasks to queue
[2026-05-08T06:05:34.968+0000] {logging_mixin.py:188} INFO - [2026-05-08T06:05:34.967+0000] {dagbag.py:545} INFO - Filling up the DagBag from /opt/airflow/dags/smart_city_traffic_batch_dag.py
[2026-05-08T06:05:35.511+0000] {processor.py:840} INFO - DAG(s) 'smart_city_traffic_batch_dag' retrieved from /opt/airflow/dags/smart_city_traffic_batch_dag.py
[2026-05-08T06:05:35.570+0000] {logging_mixin.py:188} INFO - [2026-05-08T06:05:35.569+0000] {dag.py:3089} INFO - Sync 1 DAGs
[2026-05-08T06:05:35.605+0000] {logging_mixin.py:188} INFO - [2026-05-08T06:05:35.605+0000] {dag.py:3947} INFO - Setting next_dagrun for smart_city_traffic_batch_dag to 2026-05-08 01:00:00+00:00, run_after=2026-05-09 01:00:00+00:00
[2026-05-08T06:05:35.648+0000] {processor.py:183} INFO - Processing /opt/airflow/dags/smart_city_traffic_batch_dag.py took 0.695 seconds
[2026-05-08T06:06:05.910+0000] {processor.py:161} INFO - Started process (PID=377) to work on /opt/airflow/dags/smart_city_traffic_batch_dag.py
[2026-05-08T06:06:05.912+0000] {processor.py:830} INFO - Processing file /opt/airflow/dags/smart_city_traffic_batch_dag.py for tasks to queue
[2026-05-08T06:06:05.919+0000] {logging_mixin.py:188} INFO - [2026-05-08T06:06:05.918+0000] {dagbag.py:545} INFO - Filling up the DagBag from /opt/airflow/dags/smart_city_traffic_batch_dag.py
[2026-05-08T06:06:06.571+0000] {processor.py:840} INFO - DAG(s) 'smart_city_traffic_batch_dag' retrieved from /opt/airflow/dags/smart_city_traffic_batch_dag.py
[2026-05-08T06:06:06.635+0000] {logging_mixin.py:188} INFO - [2026-05-08T06:06:06.634+0000] {dag.py:3089} INFO - Sync 1 DAGs
[2026-05-08T06:06:06.673+0000] {logging_mixin.py:188} INFO - [2026-05-08T06:06:06.673+0000] {dag.py:3947} INFO - Setting next_dagrun for smart_city_traffic_batch_dag to 2026-05-08 01:00:00+00:00, run_after=2026-05-09 01:00:00+00:00
[2026-05-08T06:06:06.707+0000] {processor.py:183} INFO - Processing /opt/airflow/dags/smart_city_traffic_batch_dag.py took 0.808 seconds
[2026-05-08T06:06:37.106+0000] {processor.py:161} INFO - Started process (PID=383) to work on /opt/airflow/dags/smart_city_traffic_batch_dag.py
[2026-05-08T06:06:37.110+0000] {processor.py:830} INFO - Processing file /opt/airflow/dags/smart_city_traffic_batch_dag.py for tasks to queue
[2026-05-08T06:06:37.116+0000] {logging_mixin.py:188} INFO - [2026-05-08T06:06:37.115+0000] {dagbag.py:545} INFO - Filling up the DagBag from /opt/airflow/dags/smart_city_traffic_batch_dag.py
[2026-05-08T06:06:38.100+0000] {processor.py:840} INFO - DAG(s) 'smart_city_traffic_batch_dag' retrieved from /opt/airflow/dags/smart_city_traffic_batch_dag.py
[2026-05-08T06:06:38.172+0000] {logging_mixin.py:188} INFO - [2026-05-08T06:06:38.172+0000] {dag.py:3089} INFO - Sync 1 DAGs
[2026-05-08T06:06:38.228+0000] {logging_mixin.py:188} INFO - [2026-05-08T06:06:38.228+0000] {dag.py:3947} INFO - Setting next_dagrun for smart_city_traffic_batch_dag to 2026-05-08 01:00:00+00:00, run_after=2026-05-09 01:00:00+00:00
[2026-05-08T06:06:38.270+0000] {processor.py:183} INFO - Processing /opt/airflow/dags/smart_city_traffic_batch_dag.py took 1.186 seconds
[2026-05-08T06:07:08.483+0000] {processor.py:161} INFO - Started process (PID=389) to work on /opt/airflow/dags/smart_city_traffic_batch_dag.py
[2026-05-08T06:07:08.485+0000] {processor.py:830} INFO - Processing file /opt/airflow/dags/smart_city_traffic_batch_dag.py for tasks to queue
[2026-05-08T06:07:08.490+0000] {logging_mixin.py:188} INFO - [2026-05-08T06:07:08.489+0000] {dagbag.py:545} INFO - Filling up the DagBag from /opt/airflow/dags/smart_city_traffic_batch_dag.py
[2026-05-08T06:07:09.138+0000] {processor.py:840} INFO - DAG(s) 'smart_city_traffic_batch_dag' retrieved from /opt/airflow/dags/smart_city_traffic_batch_dag.py
[2026-05-08T06:07:09.210+0000] {logging_mixin.py:188} INFO - [2026-05-08T06:07:09.209+0000] {dag.py:3089} INFO - Sync 1 DAGs
[2026-05-08T06:07:11.449+0000] {logging_mixin.py:188} INFO - [2026-05-08T06:07:11.448+0000] {dag.py:3947} INFO - Setting next_dagrun for smart_city_traffic_batch_dag to 2026-05-08 01:00:00+00:00, run_after=2026-05-09 01:00:00+00:00
[2026-05-08T06:07:11.482+0000] {processor.py:183} INFO - Processing /opt/airflow/dags/smart_city_traffic_batch_dag.py took 3.012 seconds
[2026-05-08T06:07:41.911+0000] {processor.py:161} INFO - Started process (PID=395) to work on /opt/airflow/dags/smart_city_traffic_batch_dag.py
[2026-05-08T06:07:41.914+0000] {processor.py:830} INFO - Processing file /opt/airflow/dags/smart_city_traffic_batch_dag.py for tasks to queue
[2026-05-08T06:07:41.919+0000] {logging_mixin.py:188} INFO - [2026-05-08T06:07:41.918+0000] {dagbag.py:545} INFO - Filling up the DagBag from /opt/airflow/dags/smart_city_traffic_batch_dag.py
[2026-05-08T06:07:42.540+0000] {processor.py:840} INFO - DAG(s) 'smart_city_traffic_batch_dag' retrieved from /opt/airflow/dags/smart_city_traffic_batch_dag.py
[2026-05-08T06:07:42.601+0000] {logging_mixin.py:188} INFO - [2026-05-08T06:07:42.600+0000] {dag.py:3089} INFO - Sync 1 DAGs
[2026-05-08T06:07:42.666+0000] {logging_mixin.py:188} INFO - [2026-05-08T06:07:42.665+0000] {dag.py:3947} INFO - Setting next_dagrun for smart_city_traffic_batch_dag to 2026-05-08 01:00:00+00:00, run_after=2026-05-09 01:00:00+00:00
[2026-05-08T06:07:42.704+0000] {processor.py:183} INFO - Processing /opt/airflow/dags/smart_city_traffic_batch_dag.py took 0.805 seconds
[2026-05-08T06:08:13.082+0000] {processor.py:161} INFO - Started process (PID=401) to work on /opt/airflow/dags/smart_city_traffic_batch_dag.py
[2026-05-08T06:08:13.085+0000] {processor.py:830} INFO - Processing file /opt/airflow/dags/smart_city_traffic_batch_dag.py for tasks to queue
[2026-05-08T06:08:13.090+0000] {logging_mixin.py:188} INFO - [2026-05-08T06:08:13.089+0000] {dagbag.py:545} INFO - Filling up the DagBag from /opt/airflow/dags/smart_city_traffic_batch_dag.py
[2026-05-08T06:08:13.742+0000] {processor.py:840} INFO - DAG(s) 'smart_city_traffic_batch_dag' retrieved from /opt/airflow/dags/smart_city_traffic_batch_dag.py
[2026-05-08T06:08:13.806+0000] {logging_mixin.py:188} INFO - [2026-05-08T06:08:13.805+0000] {dag.py:3089} INFO - Sync 1 DAGs
[2026-05-08T06:08:13.844+0000] {logging_mixin.py:188} INFO - [2026-05-08T06:08:13.843+0000] {dag.py:3947} INFO - Setting next_dagrun for smart_city_traffic_batch_dag to 2026-05-08 01:00:00+00:00, run_after=2026-05-09 01:00:00+00:00
[2026-05-08T06:08:13.881+0000] {processor.py:183} INFO - Processing /opt/airflow/dags/smart_city_traffic_batch_dag.py took 0.812 seconds
[2026-05-08T06:08:44.403+0000] {processor.py:161} INFO - Started process (PID=407) to work on /opt/airflow/dags/smart_city_traffic_batch_dag.py
[2026-05-08T06:08:44.406+0000] {processor.py:830} INFO - Processing file /opt/airflow/dags/smart_city_traffic_batch_dag.py for tasks to queue
[2026-05-08T06:08:44.412+0000] {logging_mixin.py:188} INFO - [2026-05-08T06:08:44.411+0000] {dagbag.py:545} INFO - Filling up the DagBag from /opt/airflow/dags/smart_city_traffic_batch_dag.py
[2026-05-08T06:08:45.063+0000] {processor.py:840} INFO - DAG(s) 'smart_city_traffic_batch_dag' retrieved from /opt/airflow/dags/smart_city_traffic_batch_dag.py
[2026-05-08T06:08:45.132+0000] {logging_mixin.py:188} INFO - [2026-05-08T06:08:45.130+0000] {dag.py:3089} INFO - Sync 1 DAGs
[2026-05-08T06:08:45.181+0000] {logging_mixin.py:188} INFO - [2026-05-08T06:08:45.181+0000] {dag.py:3947} INFO - Setting next_dagrun for smart_city_traffic_batch_dag to 2026-05-08 01:00:00+00:00, run_after=2026-05-09 01:00:00+00:00
[2026-05-08T06:08:45.224+0000] {processor.py:183} INFO - Processing /opt/airflow/dags/smart_city_traffic_batch_dag.py took 0.840 seconds
[2026-05-08T06:09:15.677+0000] {processor.py:161} INFO - Started process (PID=413) to work on /opt/airflow/dags/smart_city_traffic_batch_dag.py
[2026-05-08T06:09:15.680+0000] {processor.py:830} INFO - Processing file /opt/airflow/dags/smart_city_traffic_batch_dag.py for tasks to queue
[2026-05-08T06:09:15.683+0000] {logging_mixin.py:188} INFO - [2026-05-08T06:09:15.683+0000] {dagbag.py:545} INFO - Filling up the DagBag from /opt/airflow/dags/smart_city_traffic_batch_dag.py
[2026-05-08T06:09:16.292+0000] {processor.py:840} INFO - DAG(s) 'smart_city_traffic_batch_dag' retrieved from /opt/airflow/dags/smart_city_traffic_batch_dag.py
[2026-05-08T06:09:16.381+0000] {logging_mixin.py:188} INFO - [2026-05-08T06:09:16.380+0000] {dag.py:3089} INFO - Sync 1 DAGs
[2026-05-08T06:09:17.506+0000] {logging_mixin.py:188} INFO - [2026-05-08T06:09:17.506+0000] {dag.py:3947} INFO - Setting next_dagrun for smart_city_traffic_batch_dag to 2026-05-08 01:00:00+00:00, run_after=2026-05-09 01:00:00+00:00
[2026-05-08T06:09:17.538+0000] {processor.py:183} INFO - Processing /opt/airflow/dags/smart_city_traffic_batch_dag.py took 1.874 seconds
[2026-05-08T06:09:48.396+0000] {processor.py:161} INFO - Started process (PID=419) to work on /opt/airflow/dags/smart_city_traffic_batch_dag.py
[2026-05-08T06:09:48.399+0000] {processor.py:830} INFO - Processing file /opt/airflow/dags/smart_city_traffic_batch_dag.py for tasks to queue
[2026-05-08T06:09:48.403+0000] {logging_mixin.py:188} INFO - [2026-05-08T06:09:48.402+0000] {dagbag.py:545} INFO - Filling up the DagBag from /opt/airflow/dags/smart_city_traffic_batch_dag.py
[2026-05-08T06:09:49.093+0000] {processor.py:840} INFO - DAG(s) 'smart_city_traffic_batch_dag' retrieved from /opt/airflow/dags/smart_city_traffic_batch_dag.py
[2026-05-08T06:09:49.169+0000] {logging_mixin.py:188} INFO - [2026-05-08T06:09:49.168+0000] {dag.py:3089} INFO - Sync 1 DAGs
[2026-05-08T06:09:49.761+0000] {logging_mixin.py:188} INFO - [2026-05-08T06:09:49.760+0000] {dag.py:3947} INFO - Setting next_dagrun for smart_city_traffic_batch_dag to 2026-05-08 01:00:00+00:00, run_after=2026-05-09 01:00:00+00:00
[2026-05-08T06:09:49.795+0000] {processor.py:183} INFO - Processing /opt/airflow/dags/smart_city_traffic_batch_dag.py took 1.416 seconds
[2026-05-08T06:10:20.308+0000] {processor.py:161} INFO - Started process (PID=425) to work on /opt/airflow/dags/smart_city_traffic_batch_dag.py
[2026-05-08T06:10:20.310+0000] {processor.py:830} INFO - Processing file /opt/airflow/dags/smart_city_traffic_batch_dag.py for tasks to queue
[2026-05-08T06:10:20.326+0000] {logging_mixin.py:188} INFO - [2026-05-08T06:10:20.325+0000] {dagbag.py:545} INFO - Filling up the DagBag from /opt/airflow/dags/smart_city_traffic_batch_dag.py
[2026-05-08T06:10:21.094+0000] {processor.py:840} INFO - DAG(s) 'smart_city_traffic_batch_dag' retrieved from /opt/airflow/dags/smart_city_traffic_batch_dag.py
[2026-05-08T06:10:21.156+0000] {logging_mixin.py:188} INFO - [2026-05-08T06:10:21.155+0000] {dag.py:3089} INFO - Sync 1 DAGs
[2026-05-08T06:10:21.202+0000] {logging_mixin.py:188} INFO - [2026-05-08T06:10:21.201+0000] {dag.py:3947} INFO - Setting next_dagrun for smart_city_traffic_batch_dag to 2026-05-08 01:00:00+00:00, run_after=2026-05-09 01:00:00+00:00
[2026-05-08T06:10:21.248+0000] {processor.py:183} INFO - Processing /opt/airflow/dags/smart_city_traffic_batch_dag.py took 0.971 seconds
[2026-05-08T06:10:51.724+0000] {processor.py:161} INFO - Started process (PID=431) to work on /opt/airflow/dags/smart_city_traffic_batch_dag.py
[2026-05-08T06:10:51.727+0000] {processor.py:830} INFO - Processing file /opt/airflow/dags/smart_city_traffic_batch_dag.py for tasks to queue
[2026-05-08T06:10:51.731+0000] {logging_mixin.py:188} INFO - [2026-05-08T06:10:51.730+0000] {dagbag.py:545} INFO - Filling up the DagBag from /opt/airflow/dags/smart_city_traffic_batch_dag.py
[2026-05-08T06:10:52.290+0000] {processor.py:840} INFO - DAG(s) 'smart_city_traffic_batch_dag' retrieved from /opt/airflow/dags/smart_city_traffic_batch_dag.py
[2026-05-08T06:10:52.351+0000] {logging_mixin.py:188} INFO - [2026-05-08T06:10:52.350+0000] {dag.py:3089} INFO - Sync 1 DAGs
[2026-05-08T06:10:52.390+0000] {logging_mixin.py:188} INFO - [2026-05-08T06:10:52.390+0000] {dag.py:3947} INFO - Setting next_dagrun for smart_city_traffic_batch_dag to 2026-05-08 01:00:00+00:00, run_after=2026-05-09 01:00:00+00:00
[2026-05-08T06:10:52.421+0000] {processor.py:183} INFO - Processing /opt/airflow/dags/smart_city_traffic_batch_dag.py took 0.710 seconds
[2026-05-08T06:11:22.783+0000] {processor.py:161} INFO - Started process (PID=437) to work on /opt/airflow/dags/smart_city_traffic_batch_dag.py
[2026-05-08T06:11:22.785+0000] {processor.py:830} INFO - Processing file /opt/airflow/dags/smart_city_traffic_batch_dag.py for tasks to queue
[2026-05-08T06:11:22.790+0000] {logging_mixin.py:188} INFO - [2026-05-08T06:11:22.790+0000] {dagbag.py:545} INFO - Filling up the DagBag from /opt/airflow/dags/smart_city_traffic_batch_dag.py
[2026-05-08T06:11:23.471+0000] {processor.py:840} INFO - DAG(s) 'smart_city_traffic_batch_dag' retrieved from /opt/airflow/dags/smart_city_traffic_batch_dag.py
[2026-05-08T06:11:23.544+0000] {logging_mixin.py:188} INFO - [2026-05-08T06:11:23.543+0000] {dag.py:3089} INFO - Sync 1 DAGs
[2026-05-08T06:11:23.605+0000] {logging_mixin.py:188} INFO - [2026-05-08T06:11:23.604+0000] {dag.py:3947} INFO - Setting next_dagrun for smart_city_traffic_batch_dag to 2026-05-08 01:00:00+00:00, run_after=2026-05-09 01:00:00+00:00
[2026-05-08T06:11:24.255+0000] {processor.py:183} INFO - Processing /opt/airflow/dags/smart_city_traffic_batch_dag.py took 1.485 seconds
[2026-05-08T06:11:54.618+0000] {processor.py:161} INFO - Started process (PID=443) to work on /opt/airflow/dags/smart_city_traffic_batch_dag.py
[2026-05-08T06:11:54.620+0000] {processor.py:830} INFO - Processing file /opt/airflow/dags/smart_city_traffic_batch_dag.py for tasks to queue
[2026-05-08T06:11:54.624+0000] {logging_mixin.py:188} INFO - [2026-05-08T06:11:54.623+0000] {dagbag.py:545} INFO - Filling up the DagBag from /opt/airflow/dags/smart_city_traffic_batch_dag.py
[2026-05-08T06:11:55.304+0000] {processor.py:840} INFO - DAG(s) 'smart_city_traffic_batch_dag' retrieved from /opt/airflow/dags/smart_city_traffic_batch_dag.py
[2026-05-08T06:11:55.373+0000] {logging_mixin.py:188} INFO - [2026-05-08T06:11:55.373+0000] {dag.py:3089} INFO - Sync 1 DAGs
[2026-05-08T06:11:55.846+0000] {logging_mixin.py:188} INFO - [2026-05-08T06:11:55.846+0000] {dag.py:3947} INFO - Setting next_dagrun for smart_city_traffic_batch_dag to 2026-05-08 01:00:00+00:00, run_after=2026-05-09 01:00:00+00:00
[2026-05-08T06:11:55.876+0000] {processor.py:183} INFO - Processing /opt/airflow/dags/smart_city_traffic_batch_dag.py took 1.271 seconds
[2026-05-08T06:12:26.293+0000] {processor.py:161} INFO - Started process (PID=449) to work on /opt/airflow/dags/smart_city_traffic_batch_dag.py
[2026-05-08T06:12:26.295+0000] {processor.py:830} INFO - Processing file /opt/airflow/dags/smart_city_traffic_batch_dag.py for tasks to queue
[2026-05-08T06:12:26.304+0000] {logging_mixin.py:188} INFO - [2026-05-08T06:12:26.300+0000] {dagbag.py:545} INFO - Filling up the DagBag from /opt/airflow/dags/smart_city_traffic_batch_dag.py
[2026-05-08T06:12:26.930+0000] {processor.py:840} INFO - DAG(s) 'smart_city_traffic_batch_dag' retrieved from /opt/airflow/dags/smart_city_traffic_batch_dag.py
[2026-05-08T06:12:27.319+0000] {logging_mixin.py:188} INFO - [2026-05-08T06:12:27.318+0000] {dag.py:3089} INFO - Sync 1 DAGs
[2026-05-08T06:12:27.356+0000] {logging_mixin.py:188} INFO - [2026-05-08T06:12:27.355+0000] {dag.py:3947} INFO - Setting next_dagrun for smart_city_traffic_batch_dag to 2026-05-08 01:00:00+00:00, run_after=2026-05-09 01:00:00+00:00
[2026-05-08T06:12:27.393+0000] {processor.py:183} INFO - Processing /opt/airflow/dags/smart_city_traffic_batch_dag.py took 1.113 seconds
[2026-05-08T06:12:57.589+0000] {processor.py:161} INFO - Started process (PID=455) to work on /opt/airflow/dags/smart_city_traffic_batch_dag.py
[2026-05-08T06:12:57.592+0000] {processor.py:830} INFO - Processing file /opt/airflow/dags/smart_city_traffic_batch_dag.py for tasks to queue
[2026-05-08T06:12:57.597+0000] {logging_mixin.py:188} INFO - [2026-05-08T06:12:57.596+0000] {dagbag.py:545} INFO - Filling up the DagBag from /opt/airflow/dags/smart_city_traffic_batch_dag.py
[2026-05-08T06:12:58.144+0000] {processor.py:840} INFO - DAG(s) 'smart_city_traffic_batch_dag' retrieved from /opt/airflow/dags/smart_city_traffic_batch_dag.py
[2026-05-08T06:12:58.202+0000] {logging_mixin.py:188} INFO - [2026-05-08T06:12:58.202+0000] {dag.py:3089} INFO - Sync 1 DAGs
[2026-05-08T06:12:58.246+0000] {logging_mixin.py:188} INFO - [2026-05-08T06:12:58.246+0000] {dag.py:3947} INFO - Setting next_dagrun for smart_city_traffic_batch_dag to 2026-05-08 01:00:00+00:00, run_after=2026-05-09 01:00:00+00:00
[2026-05-08T06:12:58.277+0000] {processor.py:183} INFO - Processing /opt/airflow/dags/smart_city_traffic_batch_dag.py took 0.704 seconds
[2026-05-08T06:13:28.783+0000] {processor.py:161} INFO - Started process (PID=461) to work on /opt/airflow/dags/smart_city_traffic_batch_dag.py
[2026-05-08T06:13:28.786+0000] {processor.py:830} INFO - Processing file /opt/airflow/dags/smart_city_traffic_batch_dag.py for tasks to queue
[2026-05-08T06:13:28.791+0000] {logging_mixin.py:188} INFO - [2026-05-08T06:13:28.790+0000] {dagbag.py:545} INFO - Filling up the DagBag from /opt/airflow/dags/smart_city_traffic_batch_dag.py
[2026-05-08T06:13:29.433+0000] {processor.py:840} INFO - DAG(s) 'smart_city_traffic_batch_dag' retrieved from /opt/airflow/dags/smart_city_traffic_batch_dag.py
[2026-05-08T06:13:29.500+0000] {logging_mixin.py:188} INFO - [2026-05-08T06:13:29.499+0000] {dag.py:3089} INFO - Sync 1 DAGs
[2026-05-08T06:13:29.548+0000] {logging_mixin.py:188} INFO - [2026-05-08T06:13:29.547+0000] {dag.py:3947} INFO - Setting next_dagrun for smart_city_traffic_batch_dag to 2026-05-08 01:00:00+00:00, run_after=2026-05-09 01:00:00+00:00
[2026-05-08T06:13:29.980+0000] {processor.py:183} INFO - Processing /opt/airflow/dags/smart_city_traffic_batch_dag.py took 1.213 seconds
[2026-05-08T06:14:00.241+0000] {processor.py:161} INFO - Started process (PID=467) to work on /opt/airflow/dags/smart_city_traffic_batch_dag.py
[2026-05-08T06:14:00.244+0000] {processor.py:830} INFO - Processing file /opt/airflow/dags/smart_city_traffic_batch_dag.py for tasks to queue
[2026-05-08T06:14:00.248+0000] {logging_mixin.py:188} INFO - [2026-05-08T06:14:00.247+0000] {dagbag.py:545} INFO - Filling up the DagBag from /opt/airflow/dags/smart_city_traffic_batch_dag.py
[2026-05-08T06:14:01.097+0000] {processor.py:840} INFO - DAG(s) 'smart_city_traffic_batch_dag' retrieved from /opt/airflow/dags/smart_city_traffic_batch_dag.py
[2026-05-08T06:14:01.160+0000] {logging_mixin.py:188} INFO - [2026-05-08T06:14:01.160+0000] {dag.py:3089} INFO - Sync 1 DAGs
[2026-05-08T06:14:01.508+0000] {logging_mixin.py:188} INFO - [2026-05-08T06:14:01.507+0000] {dag.py:3947} INFO - Setting next_dagrun for smart_city_traffic_batch_dag to 2026-05-08 01:00:00+00:00, run_after=2026-05-09 01:00:00+00:00
[2026-05-08T06:14:01.541+0000] {processor.py:183} INFO - Processing /opt/airflow/dags/smart_city_traffic_batch_dag.py took 1.309 seconds
[2026-05-08T06:14:31.905+0000] {processor.py:161} INFO - Started process (PID=473) to work on /opt/airflow/dags/smart_city_traffic_batch_dag.py
[2026-05-08T06:14:31.908+0000] {processor.py:830} INFO - Processing file /opt/airflow/dags/smart_city_traffic_batch_dag.py for tasks to queue
[2026-05-08T06:14:31.911+0000] {logging_mixin.py:188} INFO - [2026-05-08T06:14:31.911+0000] {dagbag.py:545} INFO - Filling up the DagBag from /opt/airflow/dags/smart_city_traffic_batch_dag.py
[2026-05-08T06:14:32.453+0000] {processor.py:840} INFO - DAG(s) 'smart_city_traffic_batch_dag' retrieved from /opt/airflow/dags/smart_city_traffic_batch_dag.py
[2026-05-08T06:14:32.798+0000] {logging_mixin.py:188} INFO - [2026-05-08T06:14:32.797+0000] {dag.py:3089} INFO - Sync 1 DAGs
[2026-05-08T06:14:32.831+0000] {logging_mixin.py:188} INFO - [2026-05-08T06:14:32.830+0000] {dag.py:3947} INFO - Setting next_dagrun for smart_city_traffic_batch_dag to 2026-05-08 01:00:00+00:00, run_after=2026-05-09 01:00:00+00:00
[2026-05-08T06:14:32.859+0000] {processor.py:183} INFO - Processing /opt/airflow/dags/smart_city_traffic_batch_dag.py took 0.966 seconds
[2026-05-08T06:15:03.193+0000] {processor.py:161} INFO - Started process (PID=479) to work on /opt/airflow/dags/smart_city_traffic_batch_dag.py
[2026-05-08T06:15:03.195+0000] {processor.py:830} INFO - Processing file /opt/airflow/dags/smart_city_traffic_batch_dag.py for tasks to queue
[2026-05-08T06:15:03.199+0000] {logging_mixin.py:188} INFO - [2026-05-08T06:15:03.199+0000] {dagbag.py:545} INFO - Filling up the DagBag from /opt/airflow/dags/smart_city_traffic_batch_dag.py
[2026-05-08T06:15:03.751+0000] {processor.py:840} INFO - DAG(s) 'smart_city_traffic_batch_dag' retrieved from /opt/airflow/dags/smart_city_traffic_batch_dag.py
[2026-05-08T06:15:03.812+0000] {logging_mixin.py:188} INFO - [2026-05-08T06:15:03.811+0000] {dag.py:3089} INFO - Sync 1 DAGs
[2026-05-08T06:15:03.850+0000] {logging_mixin.py:188} INFO - [2026-05-08T06:15:03.849+0000] {dag.py:3947} INFO - Setting next_dagrun for smart_city_traffic_batch_dag to 2026-05-08 01:00:00+00:00, run_after=2026-05-09 01:00:00+00:00
[2026-05-08T06:15:03.884+0000] {processor.py:183} INFO - Processing /opt/airflow/dags/smart_city_traffic_batch_dag.py took 0.702 seconds
[2026-05-08T06:15:34.269+0000] {processor.py:161} INFO - Started process (PID=485) to work on /opt/airflow/dags/smart_city_traffic_batch_dag.py
[2026-05-08T06:15:34.271+0000] {processor.py:830} INFO - Processing file /opt/airflow/dags/smart_city_traffic_batch_dag.py for tasks to queue
[2026-05-08T06:15:34.274+0000] {logging_mixin.py:188} INFO - [2026-05-08T06:15:34.273+0000] {dagbag.py:545} INFO - Filling up the DagBag from /opt/airflow/dags/smart_city_traffic_batch_dag.py
[2026-05-08T06:15:34.807+0000] {processor.py:840} INFO - DAG(s) 'smart_city_traffic_batch_dag' retrieved from /opt/airflow/dags/smart_city_traffic_batch_dag.py
[2026-05-08T06:15:34.857+0000] {logging_mixin.py:188} INFO - [2026-05-08T06:15:34.856+0000] {dag.py:3089} INFO - Sync 1 DAGs
[2026-05-08T06:15:34.898+0000] {logging_mixin.py:188} INFO - [2026-05-08T06:15:34.897+0000] {dag.py:3947} INFO - Setting next_dagrun for smart_city_traffic_batch_dag to 2026-05-08 01:00:00+00:00, run_after=2026-05-09 01:00:00+00:00
[2026-05-08T06:15:35.204+0000] {processor.py:183} INFO - Processing /opt/airflow/dags/smart_city_traffic_batch_dag.py took 0.946 seconds
[2026-05-08T06:16:05.562+0000] {processor.py:161} INFO - Started process (PID=491) to work on /opt/airflow/dags/smart_city_traffic_batch_dag.py
[2026-05-08T06:16:05.564+0000] {processor.py:830} INFO - Processing file /opt/airflow/dags/smart_city_traffic_batch_dag.py for tasks to queue
[2026-05-08T06:16:05.568+0000] {logging_mixin.py:188} INFO - [2026-05-08T06:16:05.568+0000] {dagbag.py:545} INFO - Filling up the DagBag from /opt/airflow/dags/smart_city_traffic_batch_dag.py
[2026-05-08T06:16:06.131+0000] {processor.py:840} INFO - DAG(s) 'smart_city_traffic_batch_dag' retrieved from /opt/airflow/dags/smart_city_traffic_batch_dag.py
[2026-05-08T06:16:06.198+0000] {logging_mixin.py:188} INFO - [2026-05-08T06:16:06.197+0000] {dag.py:3089} INFO - Sync 1 DAGs
[2026-05-08T06:16:06.517+0000] {logging_mixin.py:188} INFO - [2026-05-08T06:16:06.517+0000] {dag.py:3947} INFO - Setting next_dagrun for smart_city_traffic_batch_dag to 2026-05-08 01:00:00+00:00, run_after=2026-05-09 01:00:00+00:00
[2026-05-08T06:16:06.542+0000] {processor.py:183} INFO - Processing /opt/airflow/dags/smart_city_traffic_batch_dag.py took 0.993 seconds
[2026-05-08T06:16:37.041+0000] {processor.py:161} INFO - Started process (PID=497) to work on /opt/airflow/dags/smart_city_traffic_batch_dag.py
[2026-05-08T06:16:37.043+0000] {processor.py:830} INFO - Processing file /opt/airflow/dags/smart_city_traffic_batch_dag.py for tasks to queue
[2026-05-08T06:16:37.047+0000] {logging_mixin.py:188} INFO - [2026-05-08T06:16:37.046+0000] {dagbag.py:545} INFO - Filling up the DagBag from /opt/airflow/dags/smart_city_traffic_batch_dag.py
[2026-05-08T06:16:37.760+0000] {processor.py:840} INFO - DAG(s) 'smart_city_traffic_batch_dag' retrieved from /opt/airflow/dags/smart_city_traffic_batch_dag.py
[2026-05-08T06:16:38.134+0000] {logging_mixin.py:188} INFO - [2026-05-08T06:16:38.133+0000] {dag.py:3089} INFO - Sync 1 DAGs
[2026-05-08T06:16:38.164+0000] {logging_mixin.py:188} INFO - [2026-05-08T06:16:38.164+0000] {dag.py:3947} INFO - Setting next_dagrun for smart_city_traffic_batch_dag to 2026-05-08 01:00:00+00:00, run_after=2026-05-09 01:00:00+00:00
[2026-05-08T06:16:38.196+0000] {processor.py:183} INFO - Processing /opt/airflow/dags/smart_city_traffic_batch_dag.py took 1.166 seconds
[2026-05-08T06:17:08.349+0000] {processor.py:161} INFO - Started process (PID=503) to work on /opt/airflow/dags/smart_city_traffic_batch_dag.py
[2026-05-08T06:17:08.351+0000] {processor.py:830} INFO - Processing file /opt/airflow/dags/smart_city_traffic_batch_dag.py for tasks to queue
[2026-05-08T06:17:08.356+0000] {logging_mixin.py:188} INFO - [2026-05-08T06:17:08.355+0000] {dagbag.py:545} INFO - Filling up the DagBag from /opt/airflow/dags/smart_city_traffic_batch_dag.py
[2026-05-08T06:17:08.912+0000] {processor.py:840} INFO - DAG(s) 'smart_city_traffic_batch_dag' retrieved from /opt/airflow/dags/smart_city_traffic_batch_dag.py
[2026-05-08T06:17:08.969+0000] {logging_mixin.py:188} INFO - [2026-05-08T06:17:08.968+0000] {dag.py:3089} INFO - Sync 1 DAGs
[2026-05-08T06:17:09.003+0000] {logging_mixin.py:188} INFO - [2026-05-08T06:17:09.003+0000] {dag.py:3947} INFO - Setting next_dagrun for smart_city_traffic_batch_dag to 2026-05-08 01:00:00+00:00, run_after=2026-05-09 01:00:00+00:00
[2026-05-08T06:17:09.037+0000] {processor.py:183} INFO - Processing /opt/airflow/dags/smart_city_traffic_batch_dag.py took 0.699 seconds
[2026-05-08T06:17:39.410+0000] {processor.py:161} INFO - Started process (PID=509) to work on /opt/airflow/dags/smart_city_traffic_batch_dag.py
[2026-05-08T06:17:39.414+0000] {processor.py:830} INFO - Processing file /opt/airflow/dags/smart_city_traffic_batch_dag.py for tasks to queue
[2026-05-08T06:17:39.423+0000] {logging_mixin.py:188} INFO - [2026-05-08T06:17:39.423+0000] {dagbag.py:545} INFO - Filling up the DagBag from /opt/airflow/dags/smart_city_traffic_batch_dag.py
[2026-05-08T06:17:40.054+0000] {processor.py:840} INFO - DAG(s) 'smart_city_traffic_batch_dag' retrieved from /opt/airflow/dags/smart_city_traffic_batch_dag.py
[2026-05-08T06:17:40.116+0000] {logging_mixin.py:188} INFO - [2026-05-08T06:17:40.115+0000] {dag.py:3089} INFO - Sync 1 DAGs
[2026-05-08T06:17:40.158+0000] {logging_mixin.py:188} INFO - [2026-05-08T06:17:40.157+0000] {dag.py:3947} INFO - Setting next_dagrun for smart_city_traffic_batch_dag to 2026-05-08 01:00:00+00:00, run_after=2026-05-09 01:00:00+00:00
[2026-05-08T06:17:40.539+0000] {processor.py:183} INFO - Processing /opt/airflow/dags/smart_city_traffic_batch_dag.py took 1.143 seconds
[2026-05-08T06:18:11.008+0000] {processor.py:161} INFO - Started process (PID=515) to work on /opt/airflow/dags/smart_city_traffic_batch_dag.py
[2026-05-08T06:18:11.052+0000] {processor.py:830} INFO - Processing file /opt/airflow/dags/smart_city_traffic_batch_dag.py for tasks to queue
[2026-05-08T06:18:11.154+0000] {logging_mixin.py:188} INFO - [2026-05-08T06:18:11.140+0000] {dagbag.py:545} INFO - Filling up the DagBag from /opt/airflow/dags/smart_city_traffic_batch_dag.py
[2026-05-08T06:18:12.339+0000] {processor.py:840} INFO - DAG(s) 'smart_city_traffic_batch_dag' retrieved from /opt/airflow/dags/smart_city_traffic_batch_dag.py
[2026-05-08T06:18:12.428+0000] {logging_mixin.py:188} INFO - [2026-05-08T06:18:12.427+0000] {dag.py:3089} INFO - Sync 1 DAGs
[2026-05-08T06:18:12.909+0000] {logging_mixin.py:188} INFO - [2026-05-08T06:18:12.909+0000] {dag.py:3947} INFO - Setting next_dagrun for smart_city_traffic_batch_dag to 2026-05-08 01:00:00+00:00, run_after=2026-05-09 01:00:00+00:00
[2026-05-08T06:18:12.951+0000] {processor.py:183} INFO - Processing /opt/airflow/dags/smart_city_traffic_batch_dag.py took 2.079 seconds
[2026-05-08T06:18:43.457+0000] {processor.py:161} INFO - Started process (PID=521) to work on /opt/airflow/dags/smart_city_traffic_batch_dag.py
[2026-05-08T06:18:43.462+0000] {processor.py:830} INFO - Processing file /opt/airflow/dags/smart_city_traffic_batch_dag.py for tasks to queue
[2026-05-08T06:18:43.468+0000] {logging_mixin.py:188} INFO - [2026-05-08T06:18:43.467+0000] {dagbag.py:545} INFO - Filling up the DagBag from /opt/airflow/dags/smart_city_traffic_batch_dag.py
[2026-05-08T06:18:44.153+0000] {processor.py:840} INFO - DAG(s) 'smart_city_traffic_batch_dag' retrieved from /opt/airflow/dags/smart_city_traffic_batch_dag.py
[2026-05-08T06:18:44.481+0000] {logging_mixin.py:188} INFO - [2026-05-08T06:18:44.481+0000] {dag.py:3089} INFO - Sync 1 DAGs
[2026-05-08T06:18:44.513+0000] {logging_mixin.py:188} INFO - [2026-05-08T06:18:44.513+0000] {dag.py:3947} INFO - Setting next_dagrun for smart_city_traffic_batch_dag to 2026-05-08 01:00:00+00:00, run_after=2026-05-09 01:00:00+00:00
[2026-05-08T06:18:44.546+0000] {processor.py:183} INFO - Processing /opt/airflow/dags/smart_city_traffic_batch_dag.py took 1.113 seconds
[2026-05-08T06:19:14.717+0000] {processor.py:161} INFO - Started process (PID=527) to work on /opt/airflow/dags/smart_city_traffic_batch_dag.py
[2026-05-08T06:19:14.719+0000] {processor.py:830} INFO - Processing file /opt/airflow/dags/smart_city_traffic_batch_dag.py for tasks to queue
[2026-05-08T06:19:14.724+0000] {logging_mixin.py:188} INFO - [2026-05-08T06:19:14.723+0000] {dagbag.py:545} INFO - Filling up the DagBag from /opt/airflow/dags/smart_city_traffic_batch_dag.py
[2026-05-08T06:19:15.308+0000] {processor.py:840} INFO - DAG(s) 'smart_city_traffic_batch_dag' retrieved from /opt/airflow/dags/smart_city_traffic_batch_dag.py
[2026-05-08T06:19:15.379+0000] {logging_mixin.py:188} INFO - [2026-05-08T06:19:15.379+0000] {dag.py:3089} INFO - Sync 1 DAGs
[2026-05-08T06:19:15.415+0000] {logging_mixin.py:188} INFO - [2026-05-08T06:19:15.414+0000] {dag.py:3947} INFO - Setting next_dagrun for smart_city_traffic_batch_dag to 2026-05-08 01:00:00+00:00, run_after=2026-05-09 01:00:00+00:00
[2026-05-08T06:19:15.451+0000] {processor.py:183} INFO - Processing /opt/airflow/dags/smart_city_traffic_batch_dag.py took 0.745 seconds
[2026-05-08T06:19:45.857+0000] {processor.py:161} INFO - Started process (PID=533) to work on /opt/airflow/dags/smart_city_traffic_batch_dag.py
[2026-05-08T06:19:45.859+0000] {processor.py:830} INFO - Processing file /opt/airflow/dags/smart_city_traffic_batch_dag.py for tasks to queue
[2026-05-08T06:19:45.864+0000] {logging_mixin.py:188} INFO - [2026-05-08T06:19:45.863+0000] {dagbag.py:545} INFO - Filling up the DagBag from /opt/airflow/dags/smart_city_traffic_batch_dag.py
[2026-05-08T06:19:46.435+0000] {processor.py:840} INFO - DAG(s) 'smart_city_traffic_batch_dag' retrieved from /opt/airflow/dags/smart_city_traffic_batch_dag.py
[2026-05-08T06:19:46.494+0000] {logging_mixin.py:188} INFO - [2026-05-08T06:19:46.493+0000] {dag.py:3089} INFO - Sync 1 DAGs
[2026-05-08T06:19:46.531+0000] {logging_mixin.py:188} INFO - [2026-05-08T06:19:46.531+0000] {dag.py:3947} INFO - Setting next_dagrun for smart_city_traffic_batch_dag to 2026-05-08 01:00:00+00:00, run_after=2026-05-09 01:00:00+00:00
[2026-05-08T06:19:46.822+0000] {processor.py:183} INFO - Processing /opt/airflow/dags/smart_city_traffic_batch_dag.py took 0.977 seconds
[2026-05-08T06:20:17.155+0000] {processor.py:161} INFO - Started process (PID=539) to work on /opt/airflow/dags/smart_city_traffic_batch_dag.py
[2026-05-08T06:20:17.157+0000] {processor.py:830} INFO - Processing file /opt/airflow/dags/smart_city_traffic_batch_dag.py for tasks to queue
[2026-05-08T06:20:17.162+0000] {logging_mixin.py:188} INFO - [2026-05-08T06:20:17.161+0000] {dagbag.py:545} INFO - Filling up the DagBag from /opt/airflow/dags/smart_city_traffic_batch_dag.py
[2026-05-08T06:20:17.728+0000] {processor.py:840} INFO - DAG(s) 'smart_city_traffic_batch_dag' retrieved from /opt/airflow/dags/smart_city_traffic_batch_dag.py
[2026-05-08T06:20:17.784+0000] {logging_mixin.py:188} INFO - [2026-05-08T06:20:17.783+0000] {dag.py:3089} INFO - Sync 1 DAGs
[2026-05-08T06:20:18.069+0000] {logging_mixin.py:188} INFO - [2026-05-08T06:20:18.068+0000] {dag.py:3947} INFO - Setting next_dagrun for smart_city_traffic_batch_dag to 2026-05-08 01:00:00+00:00, run_after=2026-05-09 01:00:00+00:00
[2026-05-08T06:20:18.101+0000] {processor.py:183} INFO - Processing /opt/airflow/dags/smart_city_traffic_batch_dag.py took 0.960 seconds
[2026-05-08T06:22:00.424+0000] {processor.py:161} INFO - Started process (PID=172) to work on /opt/airflow/dags/smart_city_traffic_batch_dag.py
[2026-05-08T06:22:00.427+0000] {processor.py:830} INFO - Processing file /opt/airflow/dags/smart_city_traffic_batch_dag.py for tasks to queue
[2026-05-08T06:22:00.432+0000] {logging_mixin.py:188} INFO - [2026-05-08T06:22:00.431+0000] {dagbag.py:545} INFO - Filling up the DagBag from /opt/airflow/dags/smart_city_traffic_batch_dag.py
[2026-05-08T06:22:03.257+0000] {processor.py:840} INFO - DAG(s) 'smart_city_traffic_batch_dag' retrieved from /opt/airflow/dags/smart_city_traffic_batch_dag.py
[2026-05-08T06:22:03.395+0000] {logging_mixin.py:188} INFO - [2026-05-08T06:22:03.394+0000] {dag.py:3089} INFO - Sync 1 DAGs
[2026-05-08T06:22:03.433+0000] {logging_mixin.py:188} INFO - [2026-05-08T06:22:03.433+0000] {dag.py:3947} INFO - Setting next_dagrun for smart_city_traffic_batch_dag to 2026-05-08 01:00:00+00:00, run_after=2026-05-09 01:00:00+00:00
[2026-05-08T06:22:03.476+0000] {processor.py:183} INFO - Processing /opt/airflow/dags/smart_city_traffic_batch_dag.py took 3.064 seconds
[2026-05-08T06:22:33.810+0000] {processor.py:161} INFO - Started process (PID=178) to work on /opt/airflow/dags/smart_city_traffic_batch_dag.py
[2026-05-08T06:22:33.813+0000] {processor.py:830} INFO - Processing file /opt/airflow/dags/smart_city_traffic_batch_dag.py for tasks to queue
[2026-05-08T06:22:33.818+0000] {logging_mixin.py:188} INFO - [2026-05-08T06:22:33.817+0000] {dagbag.py:545} INFO - Filling up the DagBag from /opt/airflow/dags/smart_city_traffic_batch_dag.py
[2026-05-08T06:22:34.533+0000] {processor.py:840} INFO - DAG(s) 'smart_city_traffic_batch_dag' retrieved from /opt/airflow/dags/smart_city_traffic_batch_dag.py
[2026-05-08T06:22:34.594+0000] {logging_mixin.py:188} INFO - [2026-05-08T06:22:34.593+0000] {dag.py:3089} INFO - Sync 1 DAGs
[2026-05-08T06:22:34.634+0000] {logging_mixin.py:188} INFO - [2026-05-08T06:22:34.633+0000] {dag.py:3947} INFO - Setting next_dagrun for smart_city_traffic_batch_dag to 2026-05-08 01:00:00+00:00, run_after=2026-05-09 01:00:00+00:00
[2026-05-08T06:22:34.678+0000] {processor.py:183} INFO - Processing /opt/airflow/dags/smart_city_traffic_batch_dag.py took 0.886 seconds
[2026-05-08T06:23:05.039+0000] {processor.py:161} INFO - Started process (PID=184) to work on /opt/airflow/dags/smart_city_traffic_batch_dag.py
[2026-05-08T06:23:05.041+0000] {processor.py:830} INFO - Processing file /opt/airflow/dags/smart_city_traffic_batch_dag.py for tasks to queue
[2026-05-08T06:23:05.046+0000] {logging_mixin.py:188} INFO - [2026-05-08T06:23:05.046+0000] {dagbag.py:545} INFO - Filling up the DagBag from /opt/airflow/dags/smart_city_traffic_batch_dag.py
[2026-05-08T06:23:05.677+0000] {processor.py:840} INFO - DAG(s) 'smart_city_traffic_batch_dag' retrieved from /opt/airflow/dags/smart_city_traffic_batch_dag.py
[2026-05-08T06:23:05.747+0000] {logging_mixin.py:188} INFO - [2026-05-08T06:23:05.746+0000] {dag.py:3089} INFO - Sync 1 DAGs
[2026-05-08T06:23:05.801+0000] {logging_mixin.py:188} INFO - [2026-05-08T06:23:05.800+0000] {dag.py:3947} INFO - Setting next_dagrun for smart_city_traffic_batch_dag to 2026-05-08 01:00:00+00:00, run_after=2026-05-09 01:00:00+00:00
[2026-05-08T06:23:05.852+0000] {processor.py:183} INFO - Processing /opt/airflow/dags/smart_city_traffic_batch_dag.py took 0.825 seconds
[2026-05-08T06:23:36.278+0000] {processor.py:161} INFO - Started process (PID=190) to work on /opt/airflow/dags/smart_city_traffic_batch_dag.py
[2026-05-08T06:23:36.281+0000] {processor.py:830} INFO - Processing file /opt/airflow/dags/smart_city_traffic_batch_dag.py for tasks to queue
[2026-05-08T06:23:36.286+0000] {logging_mixin.py:188} INFO - [2026-05-08T06:23:36.285+0000] {dagbag.py:545} INFO - Filling up the DagBag from /opt/airflow/dags/smart_city_traffic_batch_dag.py
[2026-05-08T06:23:37.130+0000] {processor.py:840} INFO - DAG(s) 'smart_city_traffic_batch_dag' retrieved from /opt/airflow/dags/smart_city_traffic_batch_dag.py
[2026-05-08T06:23:37.192+0000] {logging_mixin.py:188} INFO - [2026-05-08T06:23:37.191+0000] {dag.py:3089} INFO - Sync 1 DAGs
[2026-05-08T06:23:37.259+0000] {logging_mixin.py:188} INFO - [2026-05-08T06:23:37.259+0000] {dag.py:3947} INFO - Setting next_dagrun for smart_city_traffic_batch_dag to 2026-05-08 01:00:00+00:00, run_after=2026-05-09 01:00:00+00:00
[2026-05-08T06:23:37.298+0000] {processor.py:183} INFO - Processing /opt/airflow/dags/smart_city_traffic_batch_dag.py took 1.033 seconds
[2026-05-08T06:24:07.562+0000] {processor.py:161} INFO - Started process (PID=196) to work on /opt/airflow/dags/smart_city_traffic_batch_dag.py
[2026-05-08T06:24:07.567+0000] {processor.py:830} INFO - Processing file /opt/airflow/dags/smart_city_traffic_batch_dag.py for tasks to queue
[2026-05-08T06:24:07.572+0000] {logging_mixin.py:188} INFO - [2026-05-08T06:24:07.571+0000] {dagbag.py:545} INFO - Filling up the DagBag from /opt/airflow/dags/smart_city_traffic_batch_dag.py
[2026-05-08T06:24:08.125+0000] {processor.py:840} INFO - DAG(s) 'smart_city_traffic_batch_dag' retrieved from /opt/airflow/dags/smart_city_traffic_batch_dag.py
[2026-05-08T06:24:08.187+0000] {logging_mixin.py:188} INFO - [2026-05-08T06:24:08.186+0000] {dag.py:3089} INFO - Sync 1 DAGs
[2026-05-08T06:24:08.225+0000] {logging_mixin.py:188} INFO - [2026-05-08T06:24:08.225+0000] {dag.py:3947} INFO - Setting next_dagrun for smart_city_traffic_batch_dag to 2026-05-08 01:00:00+00:00, run_after=2026-05-09 01:00:00+00:00
[2026-05-08T06:24:08.261+0000] {processor.py:183} INFO - Processing /opt/airflow/dags/smart_city_traffic_batch_dag.py took 0.710 seconds
[2026-05-08T06:24:38.626+0000] {processor.py:161} INFO - Started process (PID=202) to work on /opt/airflow/dags/smart_city_traffic_batch_dag.py
[2026-05-08T06:24:38.629+0000] {processor.py:830} INFO - Processing file /opt/airflow/dags/smart_city_traffic_batch_dag.py for tasks to queue
[2026-05-08T06:24:38.634+0000] {logging_mixin.py:188} INFO - [2026-05-08T06:24:38.633+0000] {dagbag.py:545} INFO - Filling up the DagBag from /opt/airflow/dags/smart_city_traffic_batch_dag.py
[2026-05-08T06:24:39.267+0000] {processor.py:840} INFO - DAG(s) 'smart_city_traffic_batch_dag' retrieved from /opt/airflow/dags/smart_city_traffic_batch_dag.py
[2026-05-08T06:24:39.331+0000] {logging_mixin.py:188} INFO - [2026-05-08T06:24:39.330+0000] {dag.py:3089} INFO - Sync 1 DAGs
[2026-05-08T06:24:39.380+0000] {logging_mixin.py:188} INFO - [2026-05-08T06:24:39.379+0000] {dag.py:3947} INFO - Setting next_dagrun for smart_city_traffic_batch_dag to 2026-05-08 01:00:00+00:00, run_after=2026-05-09 01:00:00+00:00
[2026-05-08T06:24:39.424+0000] {processor.py:183} INFO - Processing /opt/airflow/dags/smart_city_traffic_batch_dag.py took 0.813 seconds
[2026-05-08T06:25:09.823+0000] {processor.py:161} INFO - Started process (PID=208) to work on /opt/airflow/dags/smart_city_traffic_batch_dag.py
[2026-05-08T06:25:09.826+0000] {processor.py:830} INFO - Processing file /opt/airflow/dags/smart_city_traffic_batch_dag.py for tasks to queue
[2026-05-08T06:25:09.830+0000] {logging_mixin.py:188} INFO - [2026-05-08T06:25:09.829+0000] {dagbag.py:545} INFO - Filling up the DagBag from /opt/airflow/dags/smart_city_traffic_batch_dag.py
[2026-05-08T06:25:10.501+0000] {processor.py:840} INFO - DAG(s) 'smart_city_traffic_batch_dag' retrieved from /opt/airflow/dags/smart_city_traffic_batch_dag.py
[2026-05-08T06:25:10.573+0000] {logging_mixin.py:188} INFO - [2026-05-08T06:25:10.572+0000] {dag.py:3089} INFO - Sync 1 DAGs
[2026-05-08T06:25:10.618+0000] {logging_mixin.py:188} INFO - [2026-05-08T06:25:10.617+0000] {dag.py:3947} INFO - Setting next_dagrun for smart_city_traffic_batch_dag to 2026-05-08 01:00:00+00:00, run_after=2026-05-09 01:00:00+00:00
[2026-05-08T06:25:10.659+0000] {processor.py:183} INFO - Processing /opt/airflow/dags/smart_city_traffic_batch_dag.py took 0.849 seconds
[2026-05-08T06:25:41.033+0000] {processor.py:161} INFO - Started process (PID=214) to work on /opt/airflow/dags/smart_city_traffic_batch_dag.py
[2026-05-08T06:25:41.035+0000] {processor.py:830} INFO - Processing file /opt/airflow/dags/smart_city_traffic_batch_dag.py for tasks to queue
[2026-05-08T06:25:41.038+0000] {logging_mixin.py:188} INFO - [2026-05-08T06:25:41.038+0000] {dagbag.py:545} INFO - Filling up the DagBag from /opt/airflow/dags/smart_city_traffic_batch_dag.py
[2026-05-08T06:25:41.637+0000] {processor.py:840} INFO - DAG(s) 'smart_city_traffic_batch_dag' retrieved from /opt/airflow/dags/smart_city_traffic_batch_dag.py
[2026-05-08T06:25:41.701+0000] {logging_mixin.py:188} INFO - [2026-05-08T06:25:41.700+0000] {dag.py:3089} INFO - Sync 1 DAGs
[2026-05-08T06:25:41.743+0000] {logging_mixin.py:188} INFO - [2026-05-08T06:25:41.743+0000] {dag.py:3947} INFO - Setting next_dagrun for smart_city_traffic_batch_dag to 2026-05-08 01:00:00+00:00, run_after=2026-05-09 01:00:00+00:00
[2026-05-08T06:25:41.777+0000] {processor.py:183} INFO - Processing /opt/airflow/dags/smart_city_traffic_batch_dag.py took 0.778 seconds
[2026-05-08T06:26:12.132+0000] {processor.py:161} INFO - Started process (PID=220) to work on /opt/airflow/dags/smart_city_traffic_batch_dag.py
[2026-05-08T06:26:12.134+0000] {processor.py:830} INFO - Processing file /opt/airflow/dags/smart_city_traffic_batch_dag.py for tasks to queue
[2026-05-08T06:26:12.137+0000] {logging_mixin.py:188} INFO - [2026-05-08T06:26:12.137+0000] {dagbag.py:545} INFO - Filling up the DagBag from /opt/airflow/dags/smart_city_traffic_batch_dag.py
[2026-05-08T06:26:12.704+0000] {processor.py:840} INFO - DAG(s) 'smart_city_traffic_batch_dag' retrieved from /opt/airflow/dags/smart_city_traffic_batch_dag.py
[2026-05-08T06:26:12.767+0000] {logging_mixin.py:188} INFO - [2026-05-08T06:26:12.766+0000] {dag.py:3089} INFO - Sync 1 DAGs
[2026-05-08T06:26:12.808+0000] {logging_mixin.py:188} INFO - [2026-05-08T06:26:12.807+0000] {dag.py:3947} INFO - Setting next_dagrun for smart_city_traffic_batch_dag to 2026-05-08 01:00:00+00:00, run_after=2026-05-09 01:00:00+00:00
[2026-05-08T06:26:12.840+0000] {processor.py:183} INFO - Processing /opt/airflow/dags/smart_city_traffic_batch_dag.py took 0.720 seconds
[2026-05-08T06:26:43.171+0000] {processor.py:161} INFO - Started process (PID=226) to work on /opt/airflow/dags/smart_city_traffic_batch_dag.py
[2026-05-08T06:26:43.174+0000] {processor.py:830} INFO - Processing file /opt/airflow/dags/smart_city_traffic_batch_dag.py for tasks to queue
[2026-05-08T06:26:43.178+0000] {logging_mixin.py:188} INFO - [2026-05-08T06:26:43.177+0000] {dagbag.py:545} INFO - Filling up the DagBag from /opt/airflow/dags/smart_city_traffic_batch_dag.py
[2026-05-08T06:26:43.694+0000] {processor.py:840} INFO - DAG(s) 'smart_city_traffic_batch_dag' retrieved from /opt/airflow/dags/smart_city_traffic_batch_dag.py
[2026-05-08T06:26:43.757+0000] {logging_mixin.py:188} INFO - [2026-05-08T06:26:43.756+0000] {dag.py:3089} INFO - Sync 1 DAGs
[2026-05-08T06:26:43.793+0000] {logging_mixin.py:188} INFO - [2026-05-08T06:26:43.793+0000] {dag.py:3947} INFO - Setting next_dagrun for smart_city_traffic_batch_dag to 2026-05-08 01:00:00+00:00, run_after=2026-05-09 01:00:00+00:00
[2026-05-08T06:26:43.824+0000] {processor.py:183} INFO - Processing /opt/airflow/dags/smart_city_traffic_batch_dag.py took 0.668 seconds
[2026-05-08T06:27:14.147+0000] {processor.py:161} INFO - Started process (PID=232) to work on /opt/airflow/dags/smart_city_traffic_batch_dag.py
[2026-05-08T06:27:14.149+0000] {processor.py:830} INFO - Processing file /opt/airflow/dags/smart_city_traffic_batch_dag.py for tasks to queue
[2026-05-08T06:27:14.152+0000] {logging_mixin.py:188} INFO - [2026-05-08T06:27:14.152+0000] {dagbag.py:545} INFO - Filling up the DagBag from /opt/airflow/dags/smart_city_traffic_batch_dag.py
[2026-05-08T06:27:14.716+0000] {processor.py:840} INFO - DAG(s) 'smart_city_traffic_batch_dag' retrieved from /opt/airflow/dags/smart_city_traffic_batch_dag.py
[2026-05-08T06:27:14.786+0000] {logging_mixin.py:188} INFO - [2026-05-08T06:27:14.786+0000] {dag.py:3089} INFO - Sync 1 DAGs
[2026-05-08T06:27:14.829+0000] {logging_mixin.py:188} INFO - [2026-05-08T06:27:14.828+0000] {dag.py:3947} INFO - Setting next_dagrun for smart_city_traffic_batch_dag to 2026-05-08 01:00:00+00:00, run_after=2026-05-09 01:00:00+00:00
[2026-05-08T06:27:17.920+0000] {processor.py:183} INFO - Processing /opt/airflow/dags/smart_city_traffic_batch_dag.py took 3.783 seconds
[2026-05-08T06:27:48.267+0000] {processor.py:161} INFO - Started process (PID=238) to work on /opt/airflow/dags/smart_city_traffic_batch_dag.py
[2026-05-08T06:27:48.269+0000] {processor.py:830} INFO - Processing file /opt/airflow/dags/smart_city_traffic_batch_dag.py for tasks to queue
[2026-05-08T06:27:48.272+0000] {logging_mixin.py:188} INFO - [2026-05-08T06:27:48.272+0000] {dagbag.py:545} INFO - Filling up the DagBag from /opt/airflow/dags/smart_city_traffic_batch_dag.py
[2026-05-08T06:27:48.816+0000] {processor.py:840} INFO - DAG(s) 'smart_city_traffic_batch_dag' retrieved from /opt/airflow/dags/smart_city_traffic_batch_dag.py
[2026-05-08T06:27:48.874+0000] {logging_mixin.py:188} INFO - [2026-05-08T06:27:48.873+0000] {dag.py:3089} INFO - Sync 1 DAGs
[2026-05-08T06:27:48.914+0000] {logging_mixin.py:188} INFO - [2026-05-08T06:27:48.913+0000] {dag.py:3947} INFO - Setting next_dagrun for smart_city_traffic_batch_dag to 2026-05-08 01:00:00+00:00, run_after=2026-05-09 01:00:00+00:00
[2026-05-08T06:27:48.948+0000] {processor.py:183} INFO - Processing /opt/airflow/dags/smart_city_traffic_batch_dag.py took 0.691 seconds
[2026-05-08T06:28:19.272+0000] {processor.py:161} INFO - Started process (PID=244) to work on /opt/airflow/dags/smart_city_traffic_batch_dag.py
[2026-05-08T06:28:19.275+0000] {processor.py:830} INFO - Processing file /opt/airflow/dags/smart_city_traffic_batch_dag.py for tasks to queue
[2026-05-08T06:28:19.280+0000] {logging_mixin.py:188} INFO - [2026-05-08T06:28:19.279+0000] {dagbag.py:545} INFO - Filling up the DagBag from /opt/airflow/dags/smart_city_traffic_batch_dag.py
[2026-05-08T06:28:19.898+0000] {processor.py:840} INFO - DAG(s) 'smart_city_traffic_batch_dag' retrieved from /opt/airflow/dags/smart_city_traffic_batch_dag.py
[2026-05-08T06:28:19.969+0000] {logging_mixin.py:188} INFO - [2026-05-08T06:28:19.968+0000] {dag.py:3089} INFO - Sync 1 DAGs
[2026-05-08T06:28:20.015+0000] {logging_mixin.py:188} INFO - [2026-05-08T06:28:20.014+0000] {dag.py:3947} INFO - Setting next_dagrun for smart_city_traffic_batch_dag to 2026-05-08 01:00:00+00:00, run_after=2026-05-09 01:00:00+00:00
[2026-05-08T06:28:20.051+0000] {processor.py:183} INFO - Processing /opt/airflow/dags/smart_city_traffic_batch_dag.py took 0.791 seconds
[2026-05-08T06:28:50.387+0000] {processor.py:161} INFO - Started process (PID=250) to work on /opt/airflow/dags/smart_city_traffic_batch_dag.py
[2026-05-08T06:28:50.389+0000] {processor.py:830} INFO - Processing file /opt/airflow/dags/smart_city_traffic_batch_dag.py for tasks to queue
[2026-05-08T06:28:50.393+0000] {logging_mixin.py:188} INFO - [2026-05-08T06:28:50.393+0000] {dagbag.py:545} INFO - Filling up the DagBag from /opt/airflow/dags/smart_city_traffic_batch_dag.py
[2026-05-08T06:28:50.991+0000] {processor.py:840} INFO - DAG(s) 'smart_city_traffic_batch_dag' retrieved from /opt/airflow/dags/smart_city_traffic_batch_dag.py
[2026-05-08T06:28:51.047+0000] {logging_mixin.py:188} INFO - [2026-05-08T06:28:51.046+0000] {dag.py:3089} INFO - Sync 1 DAGs
[2026-05-08T06:28:51.088+0000] {logging_mixin.py:188} INFO - [2026-05-08T06:28:51.087+0000] {dag.py:3947} INFO - Setting next_dagrun for smart_city_traffic_batch_dag to 2026-05-08 01:00:00+00:00, run_after=2026-05-09 01:00:00+00:00
[2026-05-08T06:28:51.130+0000] {processor.py:183} INFO - Processing /opt/airflow/dags/smart_city_traffic_batch_dag.py took 0.755 seconds
[2026-05-08T06:29:21.529+0000] {processor.py:161} INFO - Started process (PID=256) to work on /opt/airflow/dags/smart_city_traffic_batch_dag.py
[2026-05-08T06:29:21.531+0000] {processor.py:830} INFO - Processing file /opt/airflow/dags/smart_city_traffic_batch_dag.py for tasks to queue
[2026-05-08T06:29:21.536+0000] {logging_mixin.py:188} INFO - [2026-05-08T06:29:21.535+0000] {dagbag.py:545} INFO - Filling up the DagBag from /opt/airflow/dags/smart_city_traffic_batch_dag.py
[2026-05-08T06:29:22.185+0000] {processor.py:840} INFO - DAG(s) 'smart_city_traffic_batch_dag' retrieved from /opt/airflow/dags/smart_city_traffic_batch_dag.py
[2026-05-08T06:29:22.252+0000] {logging_mixin.py:188} INFO - [2026-05-08T06:29:22.252+0000] {dag.py:3089} INFO - Sync 1 DAGs
[2026-05-08T06:29:22.296+0000] {logging_mixin.py:188} INFO - [2026-05-08T06:29:22.295+0000] {dag.py:3947} INFO - Setting next_dagrun for smart_city_traffic_batch_dag to 2026-05-08 01:00:00+00:00, run_after=2026-05-09 01:00:00+00:00
[2026-05-08T06:29:23.523+0000] {processor.py:183} INFO - Processing /opt/airflow/dags/smart_city_traffic_batch_dag.py took 2.011 seconds
[2026-05-08T06:29:53.772+0000] {processor.py:161} INFO - Started process (PID=262) to work on /opt/airflow/dags/smart_city_traffic_batch_dag.py
[2026-05-08T06:29:53.777+0000] {processor.py:830} INFO - Processing file /opt/airflow/dags/smart_city_traffic_batch_dag.py for tasks to queue
[2026-05-08T06:29:53.781+0000] {logging_mixin.py:188} INFO - [2026-05-08T06:29:53.780+0000] {dagbag.py:545} INFO - Filling up the DagBag from /opt/airflow/dags/smart_city_traffic_batch_dag.py
[2026-05-08T06:29:54.404+0000] {processor.py:840} INFO - DAG(s) 'smart_city_traffic_batch_dag' retrieved from /opt/airflow/dags/smart_city_traffic_batch_dag.py
[2026-05-08T06:29:54.468+0000] {logging_mixin.py:188} INFO - [2026-05-08T06:29:54.468+0000] {dag.py:3089} INFO - Sync 1 DAGs
[2026-05-08T06:29:54.512+0000] {logging_mixin.py:188} INFO - [2026-05-08T06:29:54.512+0000] {dag.py:3947} INFO - Setting next_dagrun for smart_city_traffic_batch_dag to 2026-05-08 01:00:00+00:00, run_after=2026-05-09 01:00:00+00:00
[2026-05-08T06:29:54.552+0000] {processor.py:183} INFO - Processing /opt/airflow/dags/smart_city_traffic_batch_dag.py took 0.792 seconds
[2026-05-08T06:30:24.907+0000] {processor.py:161} INFO - Started process (PID=268) to work on /opt/airflow/dags/smart_city_traffic_batch_dag.py
[2026-05-08T06:30:24.909+0000] {processor.py:830} INFO - Processing file /opt/airflow/dags/smart_city_traffic_batch_dag.py for tasks to queue
[2026-05-08T06:30:24.913+0000] {logging_mixin.py:188} INFO - [2026-05-08T06:30:24.913+0000] {dagbag.py:545} INFO - Filling up the DagBag from /opt/airflow/dags/smart_city_traffic_batch_dag.py
[2026-05-08T06:30:25.511+0000] {processor.py:840} INFO - DAG(s) 'smart_city_traffic_batch_dag' retrieved from /opt/airflow/dags/smart_city_traffic_batch_dag.py
[2026-05-08T06:30:25.572+0000] {logging_mixin.py:188} INFO - [2026-05-08T06:30:25.571+0000] {dag.py:3089} INFO - Sync 1 DAGs
[2026-05-08T06:30:25.613+0000] {logging_mixin.py:188} INFO - [2026-05-08T06:30:25.613+0000] {dag.py:3947} INFO - Setting next_dagrun for smart_city_traffic_batch_dag to 2026-05-08 01:00:00+00:00, run_after=2026-05-09 01:00:00+00:00
[2026-05-08T06:30:25.656+0000] {processor.py:183} INFO - Processing /opt/airflow/dags/smart_city_traffic_batch_dag.py took 0.762 seconds
[2026-05-08T06:30:55.987+0000] {processor.py:161} INFO - Started process (PID=274) to work on /opt/airflow/dags/smart_city_traffic_batch_dag.py
[2026-05-08T06:30:55.989+0000] {processor.py:830} INFO - Processing file /opt/airflow/dags/smart_city_traffic_batch_dag.py for tasks to queue
[2026-05-08T06:30:55.992+0000] {logging_mixin.py:188} INFO - [2026-05-08T06:30:55.992+0000] {dagbag.py:545} INFO - Filling up the DagBag from /opt/airflow/dags/smart_city_traffic_batch_dag.py
[2026-05-08T06:30:56.651+0000] {processor.py:840} INFO - DAG(s) 'smart_city_traffic_batch_dag' retrieved from /opt/airflow/dags/smart_city_traffic_batch_dag.py
[2026-05-08T06:30:56.716+0000] {logging_mixin.py:188} INFO - [2026-05-08T06:30:56.715+0000] {dag.py:3089} INFO - Sync 1 DAGs
[2026-05-08T06:30:56.768+0000] {logging_mixin.py:188} INFO - [2026-05-08T06:30:56.767+0000] {dag.py:3947} INFO - Setting next_dagrun for smart_city_traffic_batch_dag to 2026-05-08 01:00:00+00:00, run_after=2026-05-09 01:00:00+00:00
[2026-05-08T06:30:56.840+0000] {processor.py:183} INFO - Processing /opt/airflow/dags/smart_city_traffic_batch_dag.py took 0.867 seconds
[2026-05-08T06:31:27.512+0000] {processor.py:161} INFO - Started process (PID=280) to work on /opt/airflow/dags/smart_city_traffic_batch_dag.py
[2026-05-08T06:31:27.522+0000] {processor.py:830} INFO - Processing file /opt/airflow/dags/smart_city_traffic_batch_dag.py for tasks to queue
[2026-05-08T06:31:27.554+0000] {logging_mixin.py:188} INFO - [2026-05-08T06:31:27.552+0000] {dagbag.py:545} INFO - Filling up the DagBag from /opt/airflow/dags/smart_city_traffic_batch_dag.py
[2026-05-08T06:31:28.462+0000] {processor.py:840} INFO - DAG(s) 'smart_city_traffic_batch_dag' retrieved from /opt/airflow/dags/smart_city_traffic_batch_dag.py
[2026-05-08T06:31:28.537+0000] {logging_mixin.py:188} INFO - [2026-05-08T06:31:28.537+0000] {dag.py:3089} INFO - Sync 1 DAGs
[2026-05-08T06:31:28.593+0000] {logging_mixin.py:188} INFO - [2026-05-08T06:31:28.593+0000] {dag.py:3947} INFO - Setting next_dagrun for smart_city_traffic_batch_dag to 2026-05-08 01:00:00+00:00, run_after=2026-05-09 01:00:00+00:00
[2026-05-08T06:31:28.632+0000] {processor.py:183} INFO - Processing /opt/airflow/dags/smart_city_traffic_batch_dag.py took 1.177 seconds
[2026-05-08T06:31:58.776+0000] {processor.py:161} INFO - Started process (PID=286) to work on /opt/airflow/dags/smart_city_traffic_batch_dag.py
[2026-05-08T06:31:58.779+0000] {processor.py:830} INFO - Processing file /opt/airflow/dags/smart_city_traffic_batch_dag.py for tasks to queue
[2026-05-08T06:31:58.784+0000] {logging_mixin.py:188} INFO - [2026-05-08T06:31:58.783+0000] {dagbag.py:545} INFO - Filling up the DagBag from /opt/airflow/dags/smart_city_traffic_batch_dag.py
[2026-05-08T06:31:59.471+0000] {processor.py:840} INFO - DAG(s) 'smart_city_traffic_batch_dag' retrieved from /opt/airflow/dags/smart_city_traffic_batch_dag.py
[2026-05-08T06:31:59.536+0000] {logging_mixin.py:188} INFO - [2026-05-08T06:31:59.535+0000] {dag.py:3089} INFO - Sync 1 DAGs
[2026-05-08T06:32:00.910+0000] {logging_mixin.py:188} INFO - [2026-05-08T06:32:00.910+0000] {dag.py:3947} INFO - Setting next_dagrun for smart_city_traffic_batch_dag to 2026-05-08 01:00:00+00:00, run_after=2026-05-09 01:00:00+00:00
[2026-05-08T06:32:00.944+0000] {processor.py:183} INFO - Processing /opt/airflow/dags/smart_city_traffic_batch_dag.py took 2.182 seconds
[2026-05-08T06:32:31.294+0000] {processor.py:161} INFO - Started process (PID=292) to work on /opt/airflow/dags/smart_city_traffic_batch_dag.py
[2026-05-08T06:32:31.296+0000] {processor.py:830} INFO - Processing file /opt/airflow/dags/smart_city_traffic_batch_dag.py for tasks to queue
[2026-05-08T06:32:31.302+0000] {logging_mixin.py:188} INFO - [2026-05-08T06:32:31.301+0000] {dagbag.py:545} INFO - Filling up the DagBag from /opt/airflow/dags/smart_city_traffic_batch_dag.py
[2026-05-08T06:32:31.896+0000] {processor.py:840} INFO - DAG(s) 'smart_city_traffic_batch_dag' retrieved from /opt/airflow/dags/smart_city_traffic_batch_dag.py
[2026-05-08T06:32:31.958+0000] {logging_mixin.py:188} INFO - [2026-05-08T06:32:31.958+0000] {dag.py:3089} INFO - Sync 1 DAGs
[2026-05-08T06:32:31.996+0000] {logging_mixin.py:188} INFO - [2026-05-08T06:32:31.996+0000] {dag.py:3947} INFO - Setting next_dagrun for smart_city_traffic_batch_dag to 2026-05-08 01:00:00+00:00, run_after=2026-05-09 01:00:00+00:00
[2026-05-08T06:32:32.030+0000] {processor.py:183} INFO - Processing /opt/airflow/dags/smart_city_traffic_batch_dag.py took 0.748 seconds
[2026-05-08T06:33:02.373+0000] {processor.py:161} INFO - Started process (PID=298) to work on /opt/airflow/dags/smart_city_traffic_batch_dag.py
[2026-05-08T06:33:02.376+0000] {processor.py:830} INFO - Processing file /opt/airflow/dags/smart_city_traffic_batch_dag.py for tasks to queue
[2026-05-08T06:33:02.379+0000] {logging_mixin.py:188} INFO - [2026-05-08T06:33:02.379+0000] {dagbag.py:545} INFO - Filling up the DagBag from /opt/airflow/dags/smart_city_traffic_batch_dag.py
[2026-05-08T06:33:02.990+0000] {processor.py:840} INFO - DAG(s) 'smart_city_traffic_batch_dag' retrieved from /opt/airflow/dags/smart_city_traffic_batch_dag.py
[2026-05-08T06:33:03.054+0000] {logging_mixin.py:188} INFO - [2026-05-08T06:33:03.053+0000] {dag.py:3089} INFO - Sync 1 DAGs
[2026-05-08T06:33:03.093+0000] {logging_mixin.py:188} INFO - [2026-05-08T06:33:03.092+0000] {dag.py:3947} INFO - Setting next_dagrun for smart_city_traffic_batch_dag to 2026-05-08 01:00:00+00:00, run_after=2026-05-09 01:00:00+00:00
[2026-05-08T06:33:03.144+0000] {processor.py:183} INFO - Processing /opt/airflow/dags/smart_city_traffic_batch_dag.py took 0.782 seconds
[2026-05-08T06:33:33.578+0000] {processor.py:161} INFO - Started process (PID=304) to work on /opt/airflow/dags/smart_city_traffic_batch_dag.py
[2026-05-08T06:33:33.585+0000] {processor.py:830} INFO - Processing file /opt/airflow/dags/smart_city_traffic_batch_dag.py for tasks to queue
[2026-05-08T06:33:33.595+0000] {logging_mixin.py:188} INFO - [2026-05-08T06:33:33.594+0000] {dagbag.py:545} INFO - Filling up the DagBag from /opt/airflow/dags/smart_city_traffic_batch_dag.py
[2026-05-08T06:33:34.538+0000] {processor.py:840} INFO - DAG(s) 'smart_city_traffic_batch_dag' retrieved from /opt/airflow/dags/smart_city_traffic_batch_dag.py
[2026-05-08T06:33:34.619+0000] {logging_mixin.py:188} INFO - [2026-05-08T06:33:34.618+0000] {dag.py:3089} INFO - Sync 1 DAGs
[2026-05-08T06:33:34.673+0000] {logging_mixin.py:188} INFO - [2026-05-08T06:33:34.673+0000] {dag.py:3947} INFO - Setting next_dagrun for smart_city_traffic_batch_dag to 2026-05-08 01:00:00+00:00, run_after=2026-05-09 01:00:00+00:00
[2026-05-08T06:33:34.720+0000] {processor.py:183} INFO - Processing /opt/airflow/dags/smart_city_traffic_batch_dag.py took 1.174 seconds
[2026-05-08T06:34:05.338+0000] {processor.py:161} INFO - Started process (PID=310) to work on /opt/airflow/dags/smart_city_traffic_batch_dag.py
[2026-05-08T06:34:05.341+0000] {processor.py:830} INFO - Processing file /opt/airflow/dags/smart_city_traffic_batch_dag.py for tasks to queue
[2026-05-08T06:34:05.345+0000] {logging_mixin.py:188} INFO - [2026-05-08T06:34:05.344+0000] {dagbag.py:545} INFO - Filling up the DagBag from /opt/airflow/dags/smart_city_traffic_batch_dag.py
[2026-05-08T06:34:06.137+0000] {processor.py:840} INFO - DAG(s) 'smart_city_traffic_batch_dag' retrieved from /opt/airflow/dags/smart_city_traffic_batch_dag.py
[2026-05-08T06:34:06.233+0000] {logging_mixin.py:188} INFO - [2026-05-08T06:34:06.232+0000] {dag.py:3089} INFO - Sync 1 DAGs
[2026-05-08T06:34:08.289+0000] {logging_mixin.py:188} INFO - [2026-05-08T06:34:08.289+0000] {dag.py:3947} INFO - Setting next_dagrun for smart_city_traffic_batch_dag to 2026-05-08 01:00:00+00:00, run_after=2026-05-09 01:00:00+00:00
[2026-05-08T06:34:08.326+0000] {processor.py:183} INFO - Processing /opt/airflow/dags/smart_city_traffic_batch_dag.py took 3.017 seconds
[2026-05-08T06:34:38.602+0000] {processor.py:161} INFO - Started process (PID=316) to work on /opt/airflow/dags/smart_city_traffic_batch_dag.py
[2026-05-08T06:34:38.604+0000] {processor.py:830} INFO - Processing file /opt/airflow/dags/smart_city_traffic_batch_dag.py for tasks to queue
[2026-05-08T06:34:38.609+0000] {logging_mixin.py:188} INFO - [2026-05-08T06:34:38.608+0000] {dagbag.py:545} INFO - Filling up the DagBag from /opt/airflow/dags/smart_city_traffic_batch_dag.py
[2026-05-08T06:34:39.233+0000] {processor.py:840} INFO - DAG(s) 'smart_city_traffic_batch_dag' retrieved from /opt/airflow/dags/smart_city_traffic_batch_dag.py
[2026-05-08T06:34:39.331+0000] {logging_mixin.py:188} INFO - [2026-05-08T06:34:39.330+0000] {dag.py:3089} INFO - Sync 1 DAGs
[2026-05-08T06:34:39.437+0000] {logging_mixin.py:188} INFO - [2026-05-08T06:34:39.436+0000] {dag.py:3947} INFO - Setting next_dagrun for smart_city_traffic_batch_dag to 2026-05-08 01:00:00+00:00, run_after=2026-05-09 01:00:00+00:00
[2026-05-08T06:34:39.505+0000] {processor.py:183} INFO - Processing /opt/airflow/dags/smart_city_traffic_batch_dag.py took 0.916 seconds
[2026-05-08T06:35:10.165+0000] {processor.py:161} INFO - Started process (PID=323) to work on /opt/airflow/dags/smart_city_traffic_batch_dag.py
[2026-05-08T06:35:10.173+0000] {processor.py:830} INFO - Processing file /opt/airflow/dags/smart_city_traffic_batch_dag.py for tasks to queue
[2026-05-08T06:35:10.196+0000] {logging_mixin.py:188} INFO - [2026-05-08T06:35:10.191+0000] {dagbag.py:545} INFO - Filling up the DagBag from /opt/airflow/dags/smart_city_traffic_batch_dag.py
[2026-05-08T06:35:12.154+0000] {processor.py:840} INFO - DAG(s) 'smart_city_traffic_batch_dag' retrieved from /opt/airflow/dags/smart_city_traffic_batch_dag.py
[2026-05-08T06:35:12.277+0000] {logging_mixin.py:188} INFO - [2026-05-08T06:35:12.276+0000] {dag.py:3089} INFO - Sync 1 DAGs
[2026-05-08T06:35:12.348+0000] {logging_mixin.py:188} INFO - [2026-05-08T06:35:12.347+0000] {dag.py:3947} INFO - Setting next_dagrun for smart_city_traffic_batch_dag to 2026-05-08 01:00:00+00:00, run_after=2026-05-09 01:00:00+00:00
[2026-05-08T06:35:12.404+0000] {processor.py:183} INFO - Processing /opt/airflow/dags/smart_city_traffic_batch_dag.py took 2.298 seconds
[2026-05-08T06:35:42.765+0000] {processor.py:161} INFO - Started process (PID=334) to work on /opt/airflow/dags/smart_city_traffic_batch_dag.py
[2026-05-08T06:35:42.772+0000] {processor.py:830} INFO - Processing file /opt/airflow/dags/smart_city_traffic_batch_dag.py for tasks to queue
[2026-05-08T06:35:42.801+0000] {logging_mixin.py:188} INFO - [2026-05-08T06:35:42.797+0000] {dagbag.py:545} INFO - Filling up the DagBag from /opt/airflow/dags/smart_city_traffic_batch_dag.py
[2026-05-08T06:35:44.493+0000] {processor.py:840} INFO - DAG(s) 'smart_city_traffic_batch_dag' retrieved from /opt/airflow/dags/smart_city_traffic_batch_dag.py
[2026-05-08T06:35:44.614+0000] {logging_mixin.py:188} INFO - [2026-05-08T06:35:44.613+0000] {dag.py:3089} INFO - Sync 1 DAGs
[2026-05-08T06:35:44.693+0000] {logging_mixin.py:188} INFO - [2026-05-08T06:35:44.692+0000] {dag.py:3947} INFO - Setting next_dagrun for smart_city_traffic_batch_dag to 2026-05-08 01:00:00+00:00, run_after=2026-05-09 01:00:00+00:00
[2026-05-08T06:35:44.744+0000] {processor.py:183} INFO - Processing /opt/airflow/dags/smart_city_traffic_batch_dag.py took 2.047 seconds
[2026-05-08T06:36:15.012+0000] {processor.py:161} INFO - Started process (PID=340) to work on /opt/airflow/dags/smart_city_traffic_batch_dag.py
[2026-05-08T06:36:15.016+0000] {processor.py:830} INFO - Processing file /opt/airflow/dags/smart_city_traffic_batch_dag.py for tasks to queue
[2026-05-08T06:36:15.025+0000] {logging_mixin.py:188} INFO - [2026-05-08T06:36:15.023+0000] {dagbag.py:545} INFO - Filling up the DagBag from /opt/airflow/dags/smart_city_traffic_batch_dag.py
[2026-05-08T06:36:15.888+0000] {processor.py:840} INFO - DAG(s) 'smart_city_traffic_batch_dag' retrieved from /opt/airflow/dags/smart_city_traffic_batch_dag.py
[2026-05-08T06:36:15.974+0000] {logging_mixin.py:188} INFO - [2026-05-08T06:36:15.972+0000] {dag.py:3089} INFO - Sync 1 DAGs
[2026-05-08T06:36:17.192+0000] {logging_mixin.py:188} INFO - [2026-05-08T06:36:17.191+0000] {dag.py:3947} INFO - Setting next_dagrun for smart_city_traffic_batch_dag to 2026-05-08 01:00:00+00:00, run_after=2026-05-09 01:00:00+00:00
[2026-05-08T06:36:17.357+0000] {processor.py:183} INFO - Processing /opt/airflow/dags/smart_city_traffic_batch_dag.py took 2.374 seconds
[2026-05-08T06:36:47.927+0000] {processor.py:161} INFO - Started process (PID=346) to work on /opt/airflow/dags/smart_city_traffic_batch_dag.py
[2026-05-08T06:36:47.931+0000] {processor.py:830} INFO - Processing file /opt/airflow/dags/smart_city_traffic_batch_dag.py for tasks to queue
[2026-05-08T06:36:47.937+0000] {logging_mixin.py:188} INFO - [2026-05-08T06:36:47.936+0000] {dagbag.py:545} INFO - Filling up the DagBag from /opt/airflow/dags/smart_city_traffic_batch_dag.py
[2026-05-08T06:36:48.656+0000] {processor.py:840} INFO - DAG(s) 'smart_city_traffic_batch_dag' retrieved from /opt/airflow/dags/smart_city_traffic_batch_dag.py
[2026-05-08T06:36:48.719+0000] {logging_mixin.py:188} INFO - [2026-05-08T06:36:48.718+0000] {dag.py:3089} INFO - Sync 1 DAGs
[2026-05-08T06:36:49.105+0000] {logging_mixin.py:188} INFO - [2026-05-08T06:36:49.104+0000] {dag.py:3947} INFO - Setting next_dagrun for smart_city_traffic_batch_dag to 2026-05-08 01:00:00+00:00, run_after=2026-05-09 01:00:00+00:00
[2026-05-08T06:36:49.139+0000] {processor.py:183} INFO - Processing /opt/airflow/dags/smart_city_traffic_batch_dag.py took 1.227 seconds
[2026-05-08T06:37:19.309+0000] {processor.py:161} INFO - Started process (PID=352) to work on /opt/airflow/dags/smart_city_traffic_batch_dag.py
[2026-05-08T06:37:19.311+0000] {processor.py:830} INFO - Processing file /opt/airflow/dags/smart_city_traffic_batch_dag.py for tasks to queue
[2026-05-08T06:37:19.318+0000] {logging_mixin.py:188} INFO - [2026-05-08T06:37:19.316+0000] {dagbag.py:545} INFO - Filling up the DagBag from /opt/airflow/dags/smart_city_traffic_batch_dag.py
[2026-05-08T06:37:20.787+0000] {processor.py:840} INFO - DAG(s) 'smart_city_traffic_batch_dag' retrieved from /opt/airflow/dags/smart_city_traffic_batch_dag.py
[2026-05-08T06:37:20.873+0000] {logging_mixin.py:188} INFO - [2026-05-08T06:37:20.872+0000] {dag.py:3089} INFO - Sync 1 DAGs
[2026-05-08T06:37:20.938+0000] {logging_mixin.py:188} INFO - [2026-05-08T06:37:20.937+0000] {dag.py:3947} INFO - Setting next_dagrun for smart_city_traffic_batch_dag to 2026-05-08 01:00:00+00:00, run_after=2026-05-09 01:00:00+00:00
[2026-05-08T06:37:20.986+0000] {processor.py:183} INFO - Processing /opt/airflow/dags/smart_city_traffic_batch_dag.py took 1.696 seconds
[2026-05-08T06:37:51.526+0000] {processor.py:161} INFO - Started process (PID=358) to work on /opt/airflow/dags/smart_city_traffic_batch_dag.py
[2026-05-08T06:37:51.536+0000] {processor.py:830} INFO - Processing file /opt/airflow/dags/smart_city_traffic_batch_dag.py for tasks to queue
[2026-05-08T06:37:51.569+0000] {logging_mixin.py:188} INFO - [2026-05-08T06:37:51.565+0000] {dagbag.py:545} INFO - Filling up the DagBag from /opt/airflow/dags/smart_city_traffic_batch_dag.py
[2026-05-08T06:37:53.381+0000] {processor.py:840} INFO - DAG(s) 'smart_city_traffic_batch_dag' retrieved from /opt/airflow/dags/smart_city_traffic_batch_dag.py
[2026-05-08T06:37:53.524+0000] {logging_mixin.py:188} INFO - [2026-05-08T06:37:53.522+0000] {dag.py:3089} INFO - Sync 1 DAGs
[2026-05-08T06:37:53.611+0000] {logging_mixin.py:188} INFO - [2026-05-08T06:37:53.611+0000] {dag.py:3947} INFO - Setting next_dagrun for smart_city_traffic_batch_dag to 2026-05-08 01:00:00+00:00, run_after=2026-05-09 01:00:00+00:00
[2026-05-08T06:37:53.675+0000] {processor.py:183} INFO - Processing /opt/airflow/dags/smart_city_traffic_batch_dag.py took 2.231 seconds
[2026-05-08T06:38:24.205+0000] {processor.py:161} INFO - Started process (PID=364) to work on /opt/airflow/dags/smart_city_traffic_batch_dag.py
[2026-05-08T06:38:24.208+0000] {processor.py:830} INFO - Processing file /opt/airflow/dags/smart_city_traffic_batch_dag.py for tasks to queue
[2026-05-08T06:38:24.219+0000] {logging_mixin.py:188} INFO - [2026-05-08T06:38:24.218+0000] {dagbag.py:545} INFO - Filling up the DagBag from /opt/airflow/dags/smart_city_traffic_batch_dag.py
[2026-05-08T06:38:25.146+0000] {processor.py:840} INFO - DAG(s) 'smart_city_traffic_batch_dag' retrieved from /opt/airflow/dags/smart_city_traffic_batch_dag.py
[2026-05-08T06:38:25.256+0000] {logging_mixin.py:188} INFO - [2026-05-08T06:38:25.253+0000] {dag.py:3089} INFO - Sync 1 DAGs
[2026-05-08T06:38:25.329+0000] {logging_mixin.py:188} INFO - [2026-05-08T06:38:25.328+0000] {dag.py:3947} INFO - Setting next_dagrun for smart_city_traffic_batch_dag to 2026-05-08 01:00:00+00:00, run_after=2026-05-09 01:00:00+00:00
[2026-05-08T06:38:26.726+0000] {processor.py:183} INFO - Processing /opt/airflow/dags/smart_city_traffic_batch_dag.py took 2.557 seconds
[2026-05-08T06:38:57.151+0000] {processor.py:161} INFO - Started process (PID=370) to work on /opt/airflow/dags/smart_city_traffic_batch_dag.py
[2026-05-08T06:38:57.156+0000] {processor.py:830} INFO - Processing file /opt/airflow/dags/smart_city_traffic_batch_dag.py for tasks to queue
[2026-05-08T06:38:57.177+0000] {logging_mixin.py:188} INFO - [2026-05-08T06:38:57.174+0000] {dagbag.py:545} INFO - Filling up the DagBag from /opt/airflow/dags/smart_city_traffic_batch_dag.py
[2026-05-08T06:38:58.594+0000] {processor.py:840} INFO - DAG(s) 'smart_city_traffic_batch_dag' retrieved from /opt/airflow/dags/smart_city_traffic_batch_dag.py
[2026-05-08T06:38:58.720+0000] {logging_mixin.py:188} INFO - [2026-05-08T06:38:58.719+0000] {dag.py:3089} INFO - Sync 1 DAGs
[2026-05-08T06:38:59.586+0000] {logging_mixin.py:188} INFO - [2026-05-08T06:38:59.586+0000] {dag.py:3947} INFO - Setting next_dagrun for smart_city_traffic_batch_dag to 2026-05-08 01:00:00+00:00, run_after=2026-05-09 01:00:00+00:00
[2026-05-08T06:38:59.652+0000] {processor.py:183} INFO - Processing /opt/airflow/dags/smart_city_traffic_batch_dag.py took 2.573 seconds
[2026-05-08T06:39:30.262+0000] {processor.py:161} INFO - Started process (PID=376) to work on /opt/airflow/dags/smart_city_traffic_batch_dag.py
[2026-05-08T06:39:30.268+0000] {processor.py:830} INFO - Processing file /opt/airflow/dags/smart_city_traffic_batch_dag.py for tasks to queue
[2026-05-08T06:39:30.300+0000] {logging_mixin.py:188} INFO - [2026-05-08T06:39:30.294+0000] {dagbag.py:545} INFO - Filling up the DagBag from /opt/airflow/dags/smart_city_traffic_batch_dag.py
[2026-05-08T06:39:34.351+0000] {processor.py:840} INFO - DAG(s) 'smart_city_traffic_batch_dag' retrieved from /opt/airflow/dags/smart_city_traffic_batch_dag.py
[2026-05-08T06:39:34.541+0000] {logging_mixin.py:188} INFO - [2026-05-08T06:39:34.540+0000] {dag.py:3089} INFO - Sync 1 DAGs
[2026-05-08T06:39:34.633+0000] {logging_mixin.py:188} INFO - [2026-05-08T06:39:34.632+0000] {dag.py:3947} INFO - Setting next_dagrun for smart_city_traffic_batch_dag to 2026-05-08 01:00:00+00:00, run_after=2026-05-09 01:00:00+00:00
[2026-05-08T06:39:34.693+0000] {processor.py:183} INFO - Processing /opt/airflow/dags/smart_city_traffic_batch_dag.py took 4.554 seconds
[2026-05-08T06:40:05.076+0000] {processor.py:161} INFO - Started process (PID=382) to work on /opt/airflow/dags/smart_city_traffic_batch_dag.py
[2026-05-08T06:40:05.081+0000] {processor.py:830} INFO - Processing file /opt/airflow/dags/smart_city_traffic_batch_dag.py for tasks to queue
[2026-05-08T06:40:05.089+0000] {logging_mixin.py:188} INFO - [2026-05-08T06:40:05.087+0000] {dagbag.py:545} INFO - Filling up the DagBag from /opt/airflow/dags/smart_city_traffic_batch_dag.py
[2026-05-08T06:40:05.965+0000] {processor.py:840} INFO - DAG(s) 'smart_city_traffic_batch_dag' retrieved from /opt/airflow/dags/smart_city_traffic_batch_dag.py
[2026-05-08T06:40:06.033+0000] {logging_mixin.py:188} INFO - [2026-05-08T06:40:06.032+0000] {dag.py:3089} INFO - Sync 1 DAGs
[2026-05-08T06:40:06.076+0000] {logging_mixin.py:188} INFO - [2026-05-08T06:40:06.076+0000] {dag.py:3947} INFO - Setting next_dagrun for smart_city_traffic_batch_dag to 2026-05-08 01:00:00+00:00, run_after=2026-05-09 01:00:00+00:00
[2026-05-08T06:40:06.113+0000] {processor.py:183} INFO - Processing /opt/airflow/dags/smart_city_traffic_batch_dag.py took 1.065 seconds
[2026-05-08T06:40:36.482+0000] {processor.py:161} INFO - Started process (PID=391) to work on /opt/airflow/dags/smart_city_traffic_batch_dag.py
[2026-05-08T06:40:36.484+0000] {processor.py:830} INFO - Processing file /opt/airflow/dags/smart_city_traffic_batch_dag.py for tasks to queue
[2026-05-08T06:40:36.487+0000] {logging_mixin.py:188} INFO - [2026-05-08T06:40:36.487+0000] {dagbag.py:545} INFO - Filling up the DagBag from /opt/airflow/dags/smart_city_traffic_batch_dag.py
[2026-05-08T06:40:37.114+0000] {processor.py:840} INFO - DAG(s) 'smart_city_traffic_batch_dag' retrieved from /opt/airflow/dags/smart_city_traffic_batch_dag.py
[2026-05-08T06:40:37.176+0000] {logging_mixin.py:188} INFO - [2026-05-08T06:40:37.175+0000] {dag.py:3089} INFO - Sync 1 DAGs
[2026-05-08T06:40:37.216+0000] {logging_mixin.py:188} INFO - [2026-05-08T06:40:37.216+0000] {dag.py:3947} INFO - Setting next_dagrun for smart_city_traffic_batch_dag to 2026-05-08 01:00:00+00:00, run_after=2026-05-09 01:00:00+00:00
[2026-05-08T06:40:37.631+0000] {processor.py:183} INFO - Processing /opt/airflow/dags/smart_city_traffic_batch_dag.py took 1.160 seconds
[2026-05-08T06:41:07.796+0000] {processor.py:161} INFO - Started process (PID=397) to work on /opt/airflow/dags/smart_city_traffic_batch_dag.py
[2026-05-08T06:41:07.798+0000] {processor.py:830} INFO - Processing file /opt/airflow/dags/smart_city_traffic_batch_dag.py for tasks to queue
[2026-05-08T06:41:07.802+0000] {logging_mixin.py:188} INFO - [2026-05-08T06:41:07.801+0000] {dagbag.py:545} INFO - Filling up the DagBag from /opt/airflow/dags/smart_city_traffic_batch_dag.py
[2026-05-08T06:41:08.418+0000] {processor.py:840} INFO - DAG(s) 'smart_city_traffic_batch_dag' retrieved from /opt/airflow/dags/smart_city_traffic_batch_dag.py
[2026-05-08T06:41:08.478+0000] {logging_mixin.py:188} INFO - [2026-05-08T06:41:08.477+0000] {dag.py:3089} INFO - Sync 1 DAGs
[2026-05-08T06:41:08.930+0000] {logging_mixin.py:188} INFO - [2026-05-08T06:41:08.929+0000] {dag.py:3947} INFO - Setting next_dagrun for smart_city_traffic_batch_dag to 2026-05-08 01:00:00+00:00, run_after=2026-05-09 01:00:00+00:00
[2026-05-08T06:41:08.960+0000] {processor.py:183} INFO - Processing /opt/airflow/dags/smart_city_traffic_batch_dag.py took 1.176 seconds
[2026-05-08T06:41:39.392+0000] {processor.py:161} INFO - Started process (PID=403) to work on /opt/airflow/dags/smart_city_traffic_batch_dag.py
[2026-05-08T06:41:39.398+0000] {processor.py:830} INFO - Processing file /opt/airflow/dags/smart_city_traffic_batch_dag.py for tasks to queue
[2026-05-08T06:41:39.411+0000] {logging_mixin.py:188} INFO - [2026-05-08T06:41:39.409+0000] {dagbag.py:545} INFO - Filling up the DagBag from /opt/airflow/dags/smart_city_traffic_batch_dag.py
[2026-05-08T06:41:40.410+0000] {processor.py:840} INFO - DAG(s) 'smart_city_traffic_batch_dag' retrieved from /opt/airflow/dags/smart_city_traffic_batch_dag.py
[2026-05-08T06:41:40.545+0000] {logging_mixin.py:188} INFO - [2026-05-08T06:41:40.544+0000] {dag.py:3089} INFO - Sync 1 DAGs
[2026-05-08T06:41:40.644+0000] {logging_mixin.py:188} INFO - [2026-05-08T06:41:40.643+0000] {dag.py:3947} INFO - Setting next_dagrun for smart_city_traffic_batch_dag to 2026-05-08 01:00:00+00:00, run_after=2026-05-09 01:00:00+00:00
[2026-05-08T06:41:40.719+0000] {processor.py:183} INFO - Processing /opt/airflow/dags/smart_city_traffic_batch_dag.py took 1.370 seconds
[2026-05-08T06:42:11.146+0000] {processor.py:161} INFO - Started process (PID=409) to work on /opt/airflow/dags/smart_city_traffic_batch_dag.py
[2026-05-08T06:42:11.149+0000] {processor.py:830} INFO - Processing file /opt/airflow/dags/smart_city_traffic_batch_dag.py for tasks to queue
[2026-05-08T06:42:11.159+0000] {logging_mixin.py:188} INFO - [2026-05-08T06:42:11.158+0000] {dagbag.py:545} INFO - Filling up the DagBag from /opt/airflow/dags/smart_city_traffic_batch_dag.py
[2026-05-08T06:42:11.875+0000] {processor.py:840} INFO - DAG(s) 'smart_city_traffic_batch_dag' retrieved from /opt/airflow/dags/smart_city_traffic_batch_dag.py
[2026-05-08T06:42:11.943+0000] {logging_mixin.py:188} INFO - [2026-05-08T06:42:11.943+0000] {dag.py:3089} INFO - Sync 1 DAGs
[2026-05-08T06:42:11.986+0000] {logging_mixin.py:188} INFO - [2026-05-08T06:42:11.986+0000] {dag.py:3947} INFO - Setting next_dagrun for smart_city_traffic_batch_dag to 2026-05-08 01:00:00+00:00, run_after=2026-05-09 01:00:00+00:00
[2026-05-08T06:42:12.018+0000] {processor.py:183} INFO - Processing /opt/airflow/dags/smart_city_traffic_batch_dag.py took 0.894 seconds
[2026-05-08T06:42:42.420+0000] {processor.py:161} INFO - Started process (PID=415) to work on /opt/airflow/dags/smart_city_traffic_batch_dag.py
[2026-05-08T06:42:42.423+0000] {processor.py:830} INFO - Processing file /opt/airflow/dags/smart_city_traffic_batch_dag.py for tasks to queue
[2026-05-08T06:42:42.427+0000] {logging_mixin.py:188} INFO - [2026-05-08T06:42:42.426+0000] {dagbag.py:545} INFO - Filling up the DagBag from /opt/airflow/dags/smart_city_traffic_batch_dag.py
[2026-05-08T06:42:43.071+0000] {processor.py:840} INFO - DAG(s) 'smart_city_traffic_batch_dag' retrieved from /opt/airflow/dags/smart_city_traffic_batch_dag.py
[2026-05-08T06:42:43.145+0000] {logging_mixin.py:188} INFO - [2026-05-08T06:42:43.145+0000] {dag.py:3089} INFO - Sync 1 DAGs
[2026-05-08T06:42:43.194+0000] {logging_mixin.py:188} INFO - [2026-05-08T06:42:43.194+0000] {dag.py:3947} INFO - Setting next_dagrun for smart_city_traffic_batch_dag to 2026-05-08 01:00:00+00:00, run_after=2026-05-09 01:00:00+00:00
[2026-05-08T06:42:45.077+0000] {processor.py:183} INFO - Processing /opt/airflow/dags/smart_city_traffic_batch_dag.py took 2.686 seconds
[2026-05-08T06:43:15.287+0000] {processor.py:161} INFO - Started process (PID=421) to work on /opt/airflow/dags/smart_city_traffic_batch_dag.py
[2026-05-08T06:43:15.290+0000] {processor.py:830} INFO - Processing file /opt/airflow/dags/smart_city_traffic_batch_dag.py for tasks to queue
[2026-05-08T06:43:15.293+0000] {logging_mixin.py:188} INFO - [2026-05-08T06:43:15.293+0000] {dagbag.py:545} INFO - Filling up the DagBag from /opt/airflow/dags/smart_city_traffic_batch_dag.py
[2026-05-08T06:43:15.892+0000] {processor.py:840} INFO - DAG(s) 'smart_city_traffic_batch_dag' retrieved from /opt/airflow/dags/smart_city_traffic_batch_dag.py
[2026-05-08T06:43:15.954+0000] {logging_mixin.py:188} INFO - [2026-05-08T06:43:15.953+0000] {dag.py:3089} INFO - Sync 1 DAGs
[2026-05-08T06:43:16.409+0000] {logging_mixin.py:188} INFO - [2026-05-08T06:43:16.408+0000] {dag.py:3947} INFO - Setting next_dagrun for smart_city_traffic_batch_dag to 2026-05-08 01:00:00+00:00, run_after=2026-05-09 01:00:00+00:00
[2026-05-08T06:43:16.478+0000] {processor.py:183} INFO - Processing /opt/airflow/dags/smart_city_traffic_batch_dag.py took 1.203 seconds
[2026-05-08T06:43:46.819+0000] {processor.py:161} INFO - Started process (PID=427) to work on /opt/airflow/dags/smart_city_traffic_batch_dag.py
[2026-05-08T06:43:46.821+0000] {processor.py:830} INFO - Processing file /opt/airflow/dags/smart_city_traffic_batch_dag.py for tasks to queue
[2026-05-08T06:43:46.825+0000] {logging_mixin.py:188} INFO - [2026-05-08T06:43:46.825+0000] {dagbag.py:545} INFO - Filling up the DagBag from /opt/airflow/dags/smart_city_traffic_batch_dag.py
[2026-05-08T06:43:47.686+0000] {processor.py:840} INFO - DAG(s) 'smart_city_traffic_batch_dag' retrieved from /opt/airflow/dags/smart_city_traffic_batch_dag.py
[2026-05-08T06:43:47.830+0000] {logging_mixin.py:188} INFO - [2026-05-08T06:43:47.830+0000] {dag.py:3089} INFO - Sync 1 DAGs
[2026-05-08T06:43:47.914+0000] {logging_mixin.py:188} INFO - [2026-05-08T06:43:47.914+0000] {dag.py:3947} INFO - Setting next_dagrun for smart_city_traffic_batch_dag to 2026-05-08 01:00:00+00:00, run_after=2026-05-09 01:00:00+00:00
[2026-05-08T06:43:47.968+0000] {processor.py:183} INFO - Processing /opt/airflow/dags/smart_city_traffic_batch_dag.py took 1.161 seconds
[2026-05-08T06:44:18.140+0000] {processor.py:161} INFO - Started process (PID=433) to work on /opt/airflow/dags/smart_city_traffic_batch_dag.py
[2026-05-08T06:44:18.143+0000] {processor.py:830} INFO - Processing file /opt/airflow/dags/smart_city_traffic_batch_dag.py for tasks to queue
[2026-05-08T06:44:18.148+0000] {logging_mixin.py:188} INFO - [2026-05-08T06:44:18.147+0000] {dagbag.py:545} INFO - Filling up the DagBag from /opt/airflow/dags/smart_city_traffic_batch_dag.py
[2026-05-08T06:44:18.932+0000] {processor.py:840} INFO - DAG(s) 'smart_city_traffic_batch_dag' retrieved from /opt/airflow/dags/smart_city_traffic_batch_dag.py
[2026-05-08T06:44:19.006+0000] {logging_mixin.py:188} INFO - [2026-05-08T06:44:19.006+0000] {dag.py:3089} INFO - Sync 1 DAGs
[2026-05-08T06:44:19.056+0000] {logging_mixin.py:188} INFO - [2026-05-08T06:44:19.056+0000] {dag.py:3947} INFO - Setting next_dagrun for smart_city_traffic_batch_dag to 2026-05-08 01:00:00+00:00, run_after=2026-05-09 01:00:00+00:00
[2026-05-08T06:44:19.092+0000] {processor.py:183} INFO - Processing /opt/airflow/dags/smart_city_traffic_batch_dag.py took 0.968 seconds
[2026-05-08T06:44:49.392+0000] {processor.py:161} INFO - Started process (PID=439) to work on /opt/airflow/dags/smart_city_traffic_batch_dag.py
[2026-05-08T06:44:49.394+0000] {processor.py:830} INFO - Processing file /opt/airflow/dags/smart_city_traffic_batch_dag.py for tasks to queue
[2026-05-08T06:44:49.398+0000] {logging_mixin.py:188} INFO - [2026-05-08T06:44:49.397+0000] {dagbag.py:545} INFO - Filling up the DagBag from /opt/airflow/dags/smart_city_traffic_batch_dag.py
[2026-05-08T06:44:50.033+0000] {processor.py:840} INFO - DAG(s) 'smart_city_traffic_batch_dag' retrieved from /opt/airflow/dags/smart_city_traffic_batch_dag.py
[2026-05-08T06:44:50.098+0000] {logging_mixin.py:188} INFO - [2026-05-08T06:44:50.097+0000] {dag.py:3089} INFO - Sync 1 DAGs
[2026-05-08T06:44:50.145+0000] {logging_mixin.py:188} INFO - [2026-05-08T06:44:50.145+0000] {dag.py:3947} INFO - Setting next_dagrun for smart_city_traffic_batch_dag to 2026-05-08 01:00:00+00:00, run_after=2026-05-09 01:00:00+00:00
[2026-05-08T06:44:51.641+0000] {processor.py:183} INFO - Processing /opt/airflow/dags/smart_city_traffic_batch_dag.py took 2.259 seconds
[2026-05-08T06:45:21.979+0000] {processor.py:161} INFO - Started process (PID=445) to work on /opt/airflow/dags/smart_city_traffic_batch_dag.py
[2026-05-08T06:45:21.980+0000] {processor.py:830} INFO - Processing file /opt/airflow/dags/smart_city_traffic_batch_dag.py for tasks to queue
[2026-05-08T06:45:21.985+0000] {logging_mixin.py:188} INFO - [2026-05-08T06:45:21.983+0000] {dagbag.py:545} INFO - Filling up the DagBag from /opt/airflow/dags/smart_city_traffic_batch_dag.py
[2026-05-08T06:45:22.601+0000] {processor.py:840} INFO - DAG(s) 'smart_city_traffic_batch_dag' retrieved from /opt/airflow/dags/smart_city_traffic_batch_dag.py
[2026-05-08T06:45:22.666+0000] {logging_mixin.py:188} INFO - [2026-05-08T06:45:22.665+0000] {dag.py:3089} INFO - Sync 1 DAGs
[2026-05-08T06:45:23.059+0000] {logging_mixin.py:188} INFO - [2026-05-08T06:45:23.058+0000] {dag.py:3947} INFO - Setting next_dagrun for smart_city_traffic_batch_dag to 2026-05-08 01:00:00+00:00, run_after=2026-05-09 01:00:00+00:00
[2026-05-08T06:45:23.096+0000] {processor.py:183} INFO - Processing /opt/airflow/dags/smart_city_traffic_batch_dag.py took 1.126 seconds
[2026-05-08T06:45:53.495+0000] {processor.py:161} INFO - Started process (PID=451) to work on /opt/airflow/dags/smart_city_traffic_batch_dag.py
[2026-05-08T06:45:53.500+0000] {processor.py:830} INFO - Processing file /opt/airflow/dags/smart_city_traffic_batch_dag.py for tasks to queue
[2026-05-08T06:45:53.515+0000] {logging_mixin.py:188} INFO - [2026-05-08T06:45:53.513+0000] {dagbag.py:545} INFO - Filling up the DagBag from /opt/airflow/dags/smart_city_traffic_batch_dag.py
[2026-05-08T06:45:54.337+0000] {processor.py:840} INFO - DAG(s) 'smart_city_traffic_batch_dag' retrieved from /opt/airflow/dags/smart_city_traffic_batch_dag.py
[2026-05-08T06:45:54.413+0000] {logging_mixin.py:188} INFO - [2026-05-08T06:45:54.412+0000] {dag.py:3089} INFO - Sync 1 DAGs
[2026-05-08T06:45:54.474+0000] {logging_mixin.py:188} INFO - [2026-05-08T06:45:54.474+0000] {dag.py:3947} INFO - Setting next_dagrun for smart_city_traffic_batch_dag to 2026-05-08 01:00:00+00:00, run_after=2026-05-09 01:00:00+00:00
[2026-05-08T06:45:54.518+0000] {processor.py:183} INFO - Processing /opt/airflow/dags/smart_city_traffic_batch_dag.py took 1.060 seconds
[2026-05-08T06:46:24.888+0000] {processor.py:161} INFO - Started process (PID=457) to work on /opt/airflow/dags/smart_city_traffic_batch_dag.py
[2026-05-08T06:46:24.890+0000] {processor.py:830} INFO - Processing file /opt/airflow/dags/smart_city_traffic_batch_dag.py for tasks to queue
[2026-05-08T06:46:24.894+0000] {logging_mixin.py:188} INFO - [2026-05-08T06:46:24.893+0000] {dagbag.py:545} INFO - Filling up the DagBag from /opt/airflow/dags/smart_city_traffic_batch_dag.py
[2026-05-08T06:46:25.487+0000] {processor.py:840} INFO - DAG(s) 'smart_city_traffic_batch_dag' retrieved from /opt/airflow/dags/smart_city_traffic_batch_dag.py
[2026-05-08T06:46:25.551+0000] {logging_mixin.py:188} INFO - [2026-05-08T06:46:25.551+0000] {dag.py:3089} INFO - Sync 1 DAGs
[2026-05-08T06:46:25.596+0000] {logging_mixin.py:188} INFO - [2026-05-08T06:46:25.595+0000] {dag.py:3947} INFO - Setting next_dagrun for smart_city_traffic_batch_dag to 2026-05-08 01:00:00+00:00, run_after=2026-05-09 01:00:00+00:00
[2026-05-08T06:46:25.633+0000] {processor.py:183} INFO - Processing /opt/airflow/dags/smart_city_traffic_batch_dag.py took 0.758 seconds
[2026-05-08T06:46:56.053+0000] {processor.py:161} INFO - Started process (PID=463) to work on /opt/airflow/dags/smart_city_traffic_batch_dag.py
[2026-05-08T06:46:56.056+0000] {processor.py:830} INFO - Processing file /opt/airflow/dags/smart_city_traffic_batch_dag.py for tasks to queue
[2026-05-08T06:46:56.060+0000] {logging_mixin.py:188} INFO - [2026-05-08T06:46:56.059+0000] {dagbag.py:545} INFO - Filling up the DagBag from /opt/airflow/dags/smart_city_traffic_batch_dag.py
[2026-05-08T06:46:56.948+0000] {processor.py:840} INFO - DAG(s) 'smart_city_traffic_batch_dag' retrieved from /opt/airflow/dags/smart_city_traffic_batch_dag.py
[2026-05-08T06:46:57.019+0000] {logging_mixin.py:188} INFO - [2026-05-08T06:46:57.018+0000] {dag.py:3089} INFO - Sync 1 DAGs
[2026-05-08T06:46:57.072+0000] {logging_mixin.py:188} INFO - [2026-05-08T06:46:57.071+0000] {dag.py:3947} INFO - Setting next_dagrun for smart_city_traffic_batch_dag to 2026-05-08 01:00:00+00:00, run_after=2026-05-09 01:00:00+00:00
[2026-05-08T06:46:58.150+0000] {processor.py:183} INFO - Processing /opt/airflow/dags/smart_city_traffic_batch_dag.py took 2.108 seconds
[2026-05-08T06:47:28.539+0000] {processor.py:161} INFO - Started process (PID=469) to work on /opt/airflow/dags/smart_city_traffic_batch_dag.py
[2026-05-08T06:47:28.541+0000] {processor.py:830} INFO - Processing file /opt/airflow/dags/smart_city_traffic_batch_dag.py for tasks to queue
[2026-05-08T06:47:28.545+0000] {logging_mixin.py:188} INFO - [2026-05-08T06:47:28.544+0000] {dagbag.py:545} INFO - Filling up the DagBag from /opt/airflow/dags/smart_city_traffic_batch_dag.py
[2026-05-08T06:47:29.184+0000] {processor.py:840} INFO - DAG(s) 'smart_city_traffic_batch_dag' retrieved from /opt/airflow/dags/smart_city_traffic_batch_dag.py
[2026-05-08T06:47:29.244+0000] {logging_mixin.py:188} INFO - [2026-05-08T06:47:29.243+0000] {dag.py:3089} INFO - Sync 1 DAGs
[2026-05-08T06:47:29.661+0000] {logging_mixin.py:188} INFO - [2026-05-08T06:47:29.661+0000] {dag.py:3947} INFO - Setting next_dagrun for smart_city_traffic_batch_dag to 2026-05-08 01:00:00+00:00, run_after=2026-05-09 01:00:00+00:00
[2026-05-08T06:47:29.693+0000] {processor.py:183} INFO - Processing /opt/airflow/dags/smart_city_traffic_batch_dag.py took 1.168 seconds
[2026-05-08T06:47:59.850+0000] {processor.py:161} INFO - Started process (PID=475) to work on /opt/airflow/dags/smart_city_traffic_batch_dag.py
[2026-05-08T06:47:59.853+0000] {processor.py:830} INFO - Processing file /opt/airflow/dags/smart_city_traffic_batch_dag.py for tasks to queue
[2026-05-08T06:47:59.857+0000] {logging_mixin.py:188} INFO - [2026-05-08T06:47:59.856+0000] {dagbag.py:545} INFO - Filling up the DagBag from /opt/airflow/dags/smart_city_traffic_batch_dag.py
[2026-05-08T06:48:00.448+0000] {processor.py:840} INFO - DAG(s) 'smart_city_traffic_batch_dag' retrieved from /opt/airflow/dags/smart_city_traffic_batch_dag.py
[2026-05-08T06:48:00.518+0000] {logging_mixin.py:188} INFO - [2026-05-08T06:48:00.518+0000] {dag.py:3089} INFO - Sync 1 DAGs
[2026-05-08T06:48:00.558+0000] {logging_mixin.py:188} INFO - [2026-05-08T06:48:00.557+0000] {dag.py:3947} INFO - Setting next_dagrun for smart_city_traffic_batch_dag to 2026-05-08 01:00:00+00:00, run_after=2026-05-09 01:00:00+00:00
[2026-05-08T06:48:00.592+0000] {processor.py:183} INFO - Processing /opt/airflow/dags/smart_city_traffic_batch_dag.py took 0.755 seconds
[2026-05-08T06:48:30.941+0000] {processor.py:161} INFO - Started process (PID=481) to work on /opt/airflow/dags/smart_city_traffic_batch_dag.py
[2026-05-08T06:48:30.944+0000] {processor.py:830} INFO - Processing file /opt/airflow/dags/smart_city_traffic_batch_dag.py for tasks to queue
[2026-05-08T06:48:30.952+0000] {logging_mixin.py:188} INFO - [2026-05-08T06:48:30.951+0000] {dagbag.py:545} INFO - Filling up the DagBag from /opt/airflow/dags/smart_city_traffic_batch_dag.py
[2026-05-08T06:48:31.679+0000] {processor.py:840} INFO - DAG(s) 'smart_city_traffic_batch_dag' retrieved from /opt/airflow/dags/smart_city_traffic_batch_dag.py
[2026-05-08T06:48:31.741+0000] {logging_mixin.py:188} INFO - [2026-05-08T06:48:31.740+0000] {dag.py:3089} INFO - Sync 1 DAGs
[2026-05-08T06:48:31.783+0000] {logging_mixin.py:188} INFO - [2026-05-08T06:48:31.783+0000] {dag.py:3947} INFO - Setting next_dagrun for smart_city_traffic_batch_dag to 2026-05-08 01:00:00+00:00, run_after=2026-05-09 01:00:00+00:00
[2026-05-08T06:48:31.815+0000] {processor.py:183} INFO - Processing /opt/airflow/dags/smart_city_traffic_batch_dag.py took 0.889 seconds
[2026-05-08T06:49:02.129+0000] {processor.py:161} INFO - Started process (PID=487) to work on /opt/airflow/dags/smart_city_traffic_batch_dag.py
[2026-05-08T06:49:02.131+0000] {processor.py:830} INFO - Processing file /opt/airflow/dags/smart_city_traffic_batch_dag.py for tasks to queue
[2026-05-08T06:49:02.135+0000] {logging_mixin.py:188} INFO - [2026-05-08T06:49:02.134+0000] {dagbag.py:545} INFO - Filling up the DagBag from /opt/airflow/dags/smart_city_traffic_batch_dag.py
[2026-05-08T06:49:02.778+0000] {processor.py:840} INFO - DAG(s) 'smart_city_traffic_batch_dag' retrieved from /opt/airflow/dags/smart_city_traffic_batch_dag.py
[2026-05-08T06:49:02.848+0000] {logging_mixin.py:188} INFO - [2026-05-08T06:49:02.847+0000] {dag.py:3089} INFO - Sync 1 DAGs
[2026-05-08T06:49:02.898+0000] {logging_mixin.py:188} INFO - [2026-05-08T06:49:02.898+0000] {dag.py:3947} INFO - Setting next_dagrun for smart_city_traffic_batch_dag to 2026-05-08 01:00:00+00:00, run_after=2026-05-09 01:00:00+00:00
[2026-05-08T06:49:04.281+0000] {processor.py:183} INFO - Processing /opt/airflow/dags/smart_city_traffic_batch_dag.py took 2.163 seconds
[2026-05-08T06:49:34.694+0000] {processor.py:161} INFO - Started process (PID=493) to work on /opt/airflow/dags/smart_city_traffic_batch_dag.py
[2026-05-08T06:49:34.698+0000] {processor.py:830} INFO - Processing file /opt/airflow/dags/smart_city_traffic_batch_dag.py for tasks to queue
[2026-05-08T06:49:34.714+0000] {logging_mixin.py:188} INFO - [2026-05-08T06:49:34.711+0000] {dagbag.py:545} INFO - Filling up the DagBag from /opt/airflow/dags/smart_city_traffic_batch_dag.py
[2026-05-08T06:49:36.182+0000] {processor.py:840} INFO - DAG(s) 'smart_city_traffic_batch_dag' retrieved from /opt/airflow/dags/smart_city_traffic_batch_dag.py
[2026-05-08T06:49:36.340+0000] {logging_mixin.py:188} INFO - [2026-05-08T06:49:36.339+0000] {dag.py:3089} INFO - Sync 1 DAGs
[2026-05-08T06:49:37.539+0000] {logging_mixin.py:188} INFO - [2026-05-08T06:49:37.535+0000] {dag.py:3947} INFO - Setting next_dagrun for smart_city_traffic_batch_dag to 2026-05-08 01:00:00+00:00, run_after=2026-05-09 01:00:00+00:00
[2026-05-08T06:49:37.630+0000] {processor.py:183} INFO - Processing /opt/airflow/dags/smart_city_traffic_batch_dag.py took 2.976 seconds
[2026-05-08T06:50:08.030+0000] {processor.py:161} INFO - Started process (PID=499) to work on /opt/airflow/dags/smart_city_traffic_batch_dag.py
[2026-05-08T06:50:08.032+0000] {processor.py:830} INFO - Processing file /opt/airflow/dags/smart_city_traffic_batch_dag.py for tasks to queue
[2026-05-08T06:50:08.036+0000] {logging_mixin.py:188} INFO - [2026-05-08T06:50:08.035+0000] {dagbag.py:545} INFO - Filling up the DagBag from /opt/airflow/dags/smart_city_traffic_batch_dag.py
[2026-05-08T06:50:08.706+0000] {processor.py:840} INFO - DAG(s) 'smart_city_traffic_batch_dag' retrieved from /opt/airflow/dags/smart_city_traffic_batch_dag.py
[2026-05-08T06:50:08.774+0000] {logging_mixin.py:188} INFO - [2026-05-08T06:50:08.774+0000] {dag.py:3089} INFO - Sync 1 DAGs
[2026-05-08T06:50:08.819+0000] {logging_mixin.py:188} INFO - [2026-05-08T06:50:08.818+0000] {dag.py:3947} INFO - Setting next_dagrun for smart_city_traffic_batch_dag to 2026-05-08 01:00:00+00:00, run_after=2026-05-09 01:00:00+00:00
[2026-05-08T06:50:08.849+0000] {processor.py:183} INFO - Processing /opt/airflow/dags/smart_city_traffic_batch_dag.py took 0.829 seconds
[2026-05-08T06:50:39.366+0000] {processor.py:161} INFO - Started process (PID=505) to work on /opt/airflow/dags/smart_city_traffic_batch_dag.py
[2026-05-08T06:50:39.376+0000] {processor.py:830} INFO - Processing file /opt/airflow/dags/smart_city_traffic_batch_dag.py for tasks to queue
[2026-05-08T06:50:39.390+0000] {logging_mixin.py:188} INFO - [2026-05-08T06:50:39.387+0000] {dagbag.py:545} INFO - Filling up the DagBag from /opt/airflow/dags/smart_city_traffic_batch_dag.py
[2026-05-08T06:50:40.173+0000] {processor.py:840} INFO - DAG(s) 'smart_city_traffic_batch_dag' retrieved from /opt/airflow/dags/smart_city_traffic_batch_dag.py
[2026-05-08T06:50:40.256+0000] {logging_mixin.py:188} INFO - [2026-05-08T06:50:40.255+0000] {dag.py:3089} INFO - Sync 1 DAGs
[2026-05-08T06:50:40.306+0000] {logging_mixin.py:188} INFO - [2026-05-08T06:50:40.306+0000] {dag.py:3947} INFO - Setting next_dagrun for smart_city_traffic_batch_dag to 2026-05-08 01:00:00+00:00, run_after=2026-05-09 01:00:00+00:00
[2026-05-08T06:50:40.361+0000] {processor.py:183} INFO - Processing /opt/airflow/dags/smart_city_traffic_batch_dag.py took 1.024 seconds
[2026-05-08T06:51:10.634+0000] {processor.py:161} INFO - Started process (PID=513) to work on /opt/airflow/dags/smart_city_traffic_batch_dag.py
[2026-05-08T06:51:10.637+0000] {processor.py:830} INFO - Processing file /opt/airflow/dags/smart_city_traffic_batch_dag.py for tasks to queue
[2026-05-08T06:51:10.642+0000] {logging_mixin.py:188} INFO - [2026-05-08T06:51:10.641+0000] {dagbag.py:545} INFO - Filling up the DagBag from /opt/airflow/dags/smart_city_traffic_batch_dag.py
[2026-05-08T06:51:11.269+0000] {processor.py:840} INFO - DAG(s) 'smart_city_traffic_batch_dag' retrieved from /opt/airflow/dags/smart_city_traffic_batch_dag.py
[2026-05-08T06:51:11.335+0000] {logging_mixin.py:188} INFO - [2026-05-08T06:51:11.334+0000] {dag.py:3089} INFO - Sync 1 DAGs
[2026-05-08T06:51:11.385+0000] {logging_mixin.py:188} INFO - [2026-05-08T06:51:11.384+0000] {dag.py:3947} INFO - Setting next_dagrun for smart_city_traffic_batch_dag to 2026-05-08 01:00:00+00:00, run_after=2026-05-09 01:00:00+00:00
[2026-05-08T06:51:12.845+0000] {processor.py:183} INFO - Processing /opt/airflow/dags/smart_city_traffic_batch_dag.py took 2.226 seconds
[2026-05-08T06:51:43.229+0000] {processor.py:161} INFO - Started process (PID=523) to work on /opt/airflow/dags/smart_city_traffic_batch_dag.py
[2026-05-08T06:51:43.232+0000] {processor.py:830} INFO - Processing file /opt/airflow/dags/smart_city_traffic_batch_dag.py for tasks to queue
[2026-05-08T06:51:43.237+0000] {logging_mixin.py:188} INFO - [2026-05-08T06:51:43.236+0000] {dagbag.py:545} INFO - Filling up the DagBag from /opt/airflow/dags/smart_city_traffic_batch_dag.py
[2026-05-08T06:51:43.946+0000] {processor.py:840} INFO - DAG(s) 'smart_city_traffic_batch_dag' retrieved from /opt/airflow/dags/smart_city_traffic_batch_dag.py
[2026-05-08T06:51:44.016+0000] {logging_mixin.py:188} INFO - [2026-05-08T06:51:44.015+0000] {dag.py:3089} INFO - Sync 1 DAGs
[2026-05-08T06:51:44.606+0000] {logging_mixin.py:188} INFO - [2026-05-08T06:51:44.606+0000] {dag.py:3947} INFO - Setting next_dagrun for smart_city_traffic_batch_dag to 2026-05-08 01:00:00+00:00, run_after=2026-05-09 01:00:00+00:00
[2026-05-08T06:51:44.640+0000] {processor.py:183} INFO - Processing /opt/airflow/dags/smart_city_traffic_batch_dag.py took 1.432 seconds
[2026-05-08T06:52:15.130+0000] {processor.py:161} INFO - Started process (PID=529) to work on /opt/airflow/dags/smart_city_traffic_batch_dag.py
[2026-05-08T06:52:15.134+0000] {processor.py:830} INFO - Processing file /opt/airflow/dags/smart_city_traffic_batch_dag.py for tasks to queue
[2026-05-08T06:52:15.142+0000] {logging_mixin.py:188} INFO - [2026-05-08T06:52:15.139+0000] {dagbag.py:545} INFO - Filling up the DagBag from /opt/airflow/dags/smart_city_traffic_batch_dag.py
[2026-05-08T06:52:16.399+0000] {processor.py:840} INFO - DAG(s) 'smart_city_traffic_batch_dag' retrieved from /opt/airflow/dags/smart_city_traffic_batch_dag.py
[2026-05-08T06:52:16.488+0000] {logging_mixin.py:188} INFO - [2026-05-08T06:52:16.487+0000] {dag.py:3089} INFO - Sync 1 DAGs
[2026-05-08T06:52:16.551+0000] {logging_mixin.py:188} INFO - [2026-05-08T06:52:16.550+0000] {dag.py:3947} INFO - Setting next_dagrun for smart_city_traffic_batch_dag to 2026-05-08 01:00:00+00:00, run_after=2026-05-09 01:00:00+00:00
[2026-05-08T06:52:16.598+0000] {processor.py:183} INFO - Processing /opt/airflow/dags/smart_city_traffic_batch_dag.py took 1.505 seconds
[2026-05-08T06:52:47.489+0000] {processor.py:161} INFO - Started process (PID=535) to work on /opt/airflow/dags/smart_city_traffic_batch_dag.py
[2026-05-08T06:52:47.499+0000] {processor.py:830} INFO - Processing file /opt/airflow/dags/smart_city_traffic_batch_dag.py for tasks to queue
[2026-05-08T06:52:47.519+0000] {logging_mixin.py:188} INFO - [2026-05-08T06:52:47.513+0000] {dagbag.py:545} INFO - Filling up the DagBag from /opt/airflow/dags/smart_city_traffic_batch_dag.py
[2026-05-08T06:52:48.644+0000] {processor.py:840} INFO - DAG(s) 'smart_city_traffic_batch_dag' retrieved from /opt/airflow/dags/smart_city_traffic_batch_dag.py
[2026-05-08T06:52:48.750+0000] {logging_mixin.py:188} INFO - [2026-05-08T06:52:48.749+0000] {dag.py:3089} INFO - Sync 1 DAGs
[2026-05-08T06:52:48.813+0000] {logging_mixin.py:188} INFO - [2026-05-08T06:52:48.813+0000] {dag.py:3947} INFO - Setting next_dagrun for smart_city_traffic_batch_dag to 2026-05-08 01:00:00+00:00, run_after=2026-05-09 01:00:00+00:00
[2026-05-08T06:52:48.864+0000] {processor.py:183} INFO - Processing /opt/airflow/dags/smart_city_traffic_batch_dag.py took 1.428 seconds
[2026-05-08T06:53:19.224+0000] {processor.py:161} INFO - Started process (PID=541) to work on /opt/airflow/dags/smart_city_traffic_batch_dag.py
[2026-05-08T06:53:19.226+0000] {processor.py:830} INFO - Processing file /opt/airflow/dags/smart_city_traffic_batch_dag.py for tasks to queue
[2026-05-08T06:53:19.230+0000] {logging_mixin.py:188} INFO - [2026-05-08T06:53:19.230+0000] {dagbag.py:545} INFO - Filling up the DagBag from /opt/airflow/dags/smart_city_traffic_batch_dag.py
[2026-05-08T06:53:19.911+0000] {processor.py:840} INFO - DAG(s) 'smart_city_traffic_batch_dag' retrieved from /opt/airflow/dags/smart_city_traffic_batch_dag.py
[2026-05-08T06:53:19.975+0000] {logging_mixin.py:188} INFO - [2026-05-08T06:53:19.974+0000] {dag.py:3089} INFO - Sync 1 DAGs
[2026-05-08T06:53:20.018+0000] {logging_mixin.py:188} INFO - [2026-05-08T06:53:20.018+0000] {dag.py:3947} INFO - Setting next_dagrun for smart_city_traffic_batch_dag to 2026-05-08 01:00:00+00:00, run_after=2026-05-09 01:00:00+00:00
[2026-05-08T06:53:21.446+0000] {processor.py:183} INFO - Processing /opt/airflow/dags/smart_city_traffic_batch_dag.py took 2.234 seconds
[2026-05-08T06:53:52.006+0000] {processor.py:161} INFO - Started process (PID=547) to work on /opt/airflow/dags/smart_city_traffic_batch_dag.py
[2026-05-08T06:53:52.013+0000] {processor.py:830} INFO - Processing file /opt/airflow/dags/smart_city_traffic_batch_dag.py for tasks to queue
[2026-05-08T06:53:52.035+0000] {logging_mixin.py:188} INFO - [2026-05-08T06:53:52.032+0000] {dagbag.py:545} INFO - Filling up the DagBag from /opt/airflow/dags/smart_city_traffic_batch_dag.py
[2026-05-08T06:53:53.421+0000] {processor.py:840} INFO - DAG(s) 'smart_city_traffic_batch_dag' retrieved from /opt/airflow/dags/smart_city_traffic_batch_dag.py
[2026-05-08T06:53:53.550+0000] {logging_mixin.py:188} INFO - [2026-05-08T06:53:53.549+0000] {dag.py:3089} INFO - Sync 1 DAGs
[2026-05-08T06:53:54.626+0000] {logging_mixin.py:188} INFO - [2026-05-08T06:53:54.625+0000] {dag.py:3947} INFO - Setting next_dagrun for smart_city_traffic_batch_dag to 2026-05-08 01:00:00+00:00, run_after=2026-05-09 01:00:00+00:00
[2026-05-08T06:53:54.667+0000] {processor.py:183} INFO - Processing /opt/airflow/dags/smart_city_traffic_batch_dag.py took 2.730 seconds
[2026-05-08T06:54:25.010+0000] {processor.py:161} INFO - Started process (PID=553) to work on /opt/airflow/dags/smart_city_traffic_batch_dag.py
[2026-05-08T06:54:25.012+0000] {processor.py:830} INFO - Processing file /opt/airflow/dags/smart_city_traffic_batch_dag.py for tasks to queue
[2026-05-08T06:54:25.017+0000] {logging_mixin.py:188} INFO - [2026-05-08T06:54:25.016+0000] {dagbag.py:545} INFO - Filling up the DagBag from /opt/airflow/dags/smart_city_traffic_batch_dag.py
[2026-05-08T06:54:25.634+0000] {processor.py:840} INFO - DAG(s) 'smart_city_traffic_batch_dag' retrieved from /opt/airflow/dags/smart_city_traffic_batch_dag.py
[2026-05-08T06:54:25.699+0000] {logging_mixin.py:188} INFO - [2026-05-08T06:54:25.698+0000] {dag.py:3089} INFO - Sync 1 DAGs
[2026-05-08T06:54:25.740+0000] {logging_mixin.py:188} INFO - [2026-05-08T06:54:25.740+0000] {dag.py:3947} INFO - Setting next_dagrun for smart_city_traffic_batch_dag to 2026-05-08 01:00:00+00:00, run_after=2026-05-09 01:00:00+00:00
[2026-05-08T06:54:25.773+0000] {processor.py:183} INFO - Processing /opt/airflow/dags/smart_city_traffic_batch_dag.py took 0.774 seconds
[2026-05-08T06:54:55.989+0000] {processor.py:161} INFO - Started process (PID=559) to work on /opt/airflow/dags/smart_city_traffic_batch_dag.py
[2026-05-08T06:54:55.991+0000] {processor.py:830} INFO - Processing file /opt/airflow/dags/smart_city_traffic_batch_dag.py for tasks to queue
[2026-05-08T06:54:55.995+0000] {logging_mixin.py:188} INFO - [2026-05-08T06:54:55.995+0000] {dagbag.py:545} INFO - Filling up the DagBag from /opt/airflow/dags/smart_city_traffic_batch_dag.py
[2026-05-08T06:54:56.652+0000] {processor.py:840} INFO - DAG(s) 'smart_city_traffic_batch_dag' retrieved from /opt/airflow/dags/smart_city_traffic_batch_dag.py
[2026-05-08T06:54:56.733+0000] {logging_mixin.py:188} INFO - [2026-05-08T06:54:56.732+0000] {dag.py:3089} INFO - Sync 1 DAGs
[2026-05-08T06:54:56.779+0000] {logging_mixin.py:188} INFO - [2026-05-08T06:54:56.778+0000] {dag.py:3947} INFO - Setting next_dagrun for smart_city_traffic_batch_dag to 2026-05-08 01:00:00+00:00, run_after=2026-05-09 01:00:00+00:00
[2026-05-08T06:54:56.812+0000] {processor.py:183} INFO - Processing /opt/airflow/dags/smart_city_traffic_batch_dag.py took 0.835 seconds
[2026-05-08T06:55:27.226+0000] {processor.py:161} INFO - Started process (PID=565) to work on /opt/airflow/dags/smart_city_traffic_batch_dag.py
[2026-05-08T06:55:27.236+0000] {processor.py:830} INFO - Processing file /opt/airflow/dags/smart_city_traffic_batch_dag.py for tasks to queue
[2026-05-08T06:55:27.241+0000] {logging_mixin.py:188} INFO - [2026-05-08T06:55:27.240+0000] {dagbag.py:545} INFO - Filling up the DagBag from /opt/airflow/dags/smart_city_traffic_batch_dag.py
[2026-05-08T06:55:28.157+0000] {processor.py:840} INFO - DAG(s) 'smart_city_traffic_batch_dag' retrieved from /opt/airflow/dags/smart_city_traffic_batch_dag.py
[2026-05-08T06:55:28.251+0000] {logging_mixin.py:188} INFO - [2026-05-08T06:55:28.251+0000] {dag.py:3089} INFO - Sync 1 DAGs
[2026-05-08T06:55:28.305+0000] {logging_mixin.py:188} INFO - [2026-05-08T06:55:28.305+0000] {dag.py:3947} INFO - Setting next_dagrun for smart_city_traffic_batch_dag to 2026-05-08 01:00:00+00:00, run_after=2026-05-09 01:00:00+00:00
[2026-05-08T06:55:30.163+0000] {processor.py:183} INFO - Processing /opt/airflow/dags/smart_city_traffic_batch_dag.py took 2.968 seconds
[2026-05-08T06:56:00.652+0000] {processor.py:161} INFO - Started process (PID=571) to work on /opt/airflow/dags/smart_city_traffic_batch_dag.py
[2026-05-08T06:56:00.659+0000] {processor.py:830} INFO - Processing file /opt/airflow/dags/smart_city_traffic_batch_dag.py for tasks to queue
[2026-05-08T06:56:00.686+0000] {logging_mixin.py:188} INFO - [2026-05-08T06:56:00.683+0000] {dagbag.py:545} INFO - Filling up the DagBag from /opt/airflow/dags/smart_city_traffic_batch_dag.py
[2026-05-08T06:56:01.659+0000] {processor.py:840} INFO - DAG(s) 'smart_city_traffic_batch_dag' retrieved from /opt/airflow/dags/smart_city_traffic_batch_dag.py
[2026-05-08T06:56:01.742+0000] {logging_mixin.py:188} INFO - [2026-05-08T06:56:01.741+0000] {dag.py:3089} INFO - Sync 1 DAGs
[2026-05-08T06:56:02.185+0000] {logging_mixin.py:188} INFO - [2026-05-08T06:56:02.185+0000] {dag.py:3947} INFO - Setting next_dagrun for smart_city_traffic_batch_dag to 2026-05-08 01:00:00+00:00, run_after=2026-05-09 01:00:00+00:00
[2026-05-08T06:56:02.227+0000] {processor.py:183} INFO - Processing /opt/airflow/dags/smart_city_traffic_batch_dag.py took 1.633 seconds
[2026-05-08T06:56:32.652+0000] {processor.py:161} INFO - Started process (PID=580) to work on /opt/airflow/dags/smart_city_traffic_batch_dag.py
[2026-05-08T06:56:32.655+0000] {processor.py:830} INFO - Processing file /opt/airflow/dags/smart_city_traffic_batch_dag.py for tasks to queue
[2026-05-08T06:56:32.667+0000] {logging_mixin.py:188} INFO - [2026-05-08T06:56:32.665+0000] {dagbag.py:545} INFO - Filling up the DagBag from /opt/airflow/dags/smart_city_traffic_batch_dag.py
[2026-05-08T06:56:33.950+0000] {processor.py:840} INFO - DAG(s) 'smart_city_traffic_batch_dag' retrieved from /opt/airflow/dags/smart_city_traffic_batch_dag.py
[2026-05-08T06:56:35.486+0000] {logging_mixin.py:188} INFO - [2026-05-08T06:56:35.486+0000] {dag.py:3089} INFO - Sync 1 DAGs
[2026-05-08T06:56:35.557+0000] {logging_mixin.py:188} INFO - [2026-05-08T06:56:35.557+0000] {dag.py:3947} INFO - Setting next_dagrun for smart_city_traffic_batch_dag to 2026-05-08 01:00:00+00:00, run_after=2026-05-09 01:00:00+00:00
[2026-05-08T06:56:35.611+0000] {processor.py:183} INFO - Processing /opt/airflow/dags/smart_city_traffic_batch_dag.py took 2.990 seconds
[2026-05-08T06:57:05.996+0000] {processor.py:161} INFO - Started process (PID=586) to work on /opt/airflow/dags/smart_city_traffic_batch_dag.py
[2026-05-08T06:57:05.999+0000] {processor.py:830} INFO - Processing file /opt/airflow/dags/smart_city_traffic_batch_dag.py for tasks to queue
[2026-05-08T06:57:06.005+0000] {logging_mixin.py:188} INFO - [2026-05-08T06:57:06.005+0000] {dagbag.py:545} INFO - Filling up the DagBag from /opt/airflow/dags/smart_city_traffic_batch_dag.py
[2026-05-08T06:57:06.713+0000] {processor.py:840} INFO - DAG(s) 'smart_city_traffic_batch_dag' retrieved from /opt/airflow/dags/smart_city_traffic_batch_dag.py
[2026-05-08T06:57:06.806+0000] {logging_mixin.py:188} INFO - [2026-05-08T06:57:06.803+0000] {dag.py:3089} INFO - Sync 1 DAGs
[2026-05-08T06:57:06.903+0000] {logging_mixin.py:188} INFO - [2026-05-08T06:57:06.902+0000] {dag.py:3947} INFO - Setting next_dagrun for smart_city_traffic_batch_dag to 2026-05-08 01:00:00+00:00, run_after=2026-05-09 01:00:00+00:00
[2026-05-08T06:57:06.954+0000] {processor.py:183} INFO - Processing /opt/airflow/dags/smart_city_traffic_batch_dag.py took 0.974 seconds
[2026-05-08T06:57:37.292+0000] {processor.py:161} INFO - Started process (PID=592) to work on /opt/airflow/dags/smart_city_traffic_batch_dag.py
[2026-05-08T06:57:37.294+0000] {processor.py:830} INFO - Processing file /opt/airflow/dags/smart_city_traffic_batch_dag.py for tasks to queue
[2026-05-08T06:57:37.298+0000] {logging_mixin.py:188} INFO - [2026-05-08T06:57:37.297+0000] {dagbag.py:545} INFO - Filling up the DagBag from /opt/airflow/dags/smart_city_traffic_batch_dag.py
[2026-05-08T06:57:37.873+0000] {processor.py:840} INFO - DAG(s) 'smart_city_traffic_batch_dag' retrieved from /opt/airflow/dags/smart_city_traffic_batch_dag.py
[2026-05-08T06:57:37.938+0000] {logging_mixin.py:188} INFO - [2026-05-08T06:57:37.937+0000] {dag.py:3089} INFO - Sync 1 DAGs
[2026-05-08T06:57:37.983+0000] {logging_mixin.py:188} INFO - [2026-05-08T06:57:37.982+0000] {dag.py:3947} INFO - Setting next_dagrun for smart_city_traffic_batch_dag to 2026-05-08 01:00:00+00:00, run_after=2026-05-09 01:00:00+00:00
[2026-05-08T06:57:38.360+0000] {processor.py:183} INFO - Processing /opt/airflow/dags/smart_city_traffic_batch_dag.py took 1.081 seconds
[2026-05-08T06:58:08.618+0000] {processor.py:161} INFO - Started process (PID=598) to work on /opt/airflow/dags/smart_city_traffic_batch_dag.py
[2026-05-08T06:58:08.621+0000] {processor.py:830} INFO - Processing file /opt/airflow/dags/smart_city_traffic_batch_dag.py for tasks to queue
[2026-05-08T06:58:08.627+0000] {logging_mixin.py:188} INFO - [2026-05-08T06:58:08.626+0000] {dagbag.py:545} INFO - Filling up the DagBag from /opt/airflow/dags/smart_city_traffic_batch_dag.py
[2026-05-08T06:58:09.432+0000] {processor.py:840} INFO - DAG(s) 'smart_city_traffic_batch_dag' retrieved from /opt/airflow/dags/smart_city_traffic_batch_dag.py
[2026-05-08T06:58:09.496+0000] {logging_mixin.py:188} INFO - [2026-05-08T06:58:09.495+0000] {dag.py:3089} INFO - Sync 1 DAGs
[2026-05-08T06:58:09.826+0000] {logging_mixin.py:188} INFO - [2026-05-08T06:58:09.826+0000] {dag.py:3947} INFO - Setting next_dagrun for smart_city_traffic_batch_dag to 2026-05-08 01:00:00+00:00, run_after=2026-05-09 01:00:00+00:00
[2026-05-08T06:58:09.870+0000] {processor.py:183} INFO - Processing /opt/airflow/dags/smart_city_traffic_batch_dag.py took 1.273 seconds
[2026-05-08T06:58:40.249+0000] {processor.py:161} INFO - Started process (PID=604) to work on /opt/airflow/dags/smart_city_traffic_batch_dag.py
[2026-05-08T06:58:40.251+0000] {processor.py:830} INFO - Processing file /opt/airflow/dags/smart_city_traffic_batch_dag.py for tasks to queue
[2026-05-08T06:58:40.258+0000] {logging_mixin.py:188} INFO - [2026-05-08T06:58:40.257+0000] {dagbag.py:545} INFO - Filling up the DagBag from /opt/airflow/dags/smart_city_traffic_batch_dag.py
[2026-05-08T06:58:40.940+0000] {processor.py:840} INFO - DAG(s) 'smart_city_traffic_batch_dag' retrieved from /opt/airflow/dags/smart_city_traffic_batch_dag.py
[2026-05-08T06:58:41.282+0000] {logging_mixin.py:188} INFO - [2026-05-08T06:58:41.281+0000] {dag.py:3089} INFO - Sync 1 DAGs
[2026-05-08T06:58:41.311+0000] {logging_mixin.py:188} INFO - [2026-05-08T06:58:41.311+0000] {dag.py:3947} INFO - Setting next_dagrun for smart_city_traffic_batch_dag to 2026-05-08 01:00:00+00:00, run_after=2026-05-09 01:00:00+00:00
[2026-05-08T06:58:41.400+0000] {processor.py:183} INFO - Processing /opt/airflow/dags/smart_city_traffic_batch_dag.py took 1.163 seconds
[2026-05-08T06:59:11.770+0000] {processor.py:161} INFO - Started process (PID=610) to work on /opt/airflow/dags/smart_city_traffic_batch_dag.py
[2026-05-08T06:59:11.772+0000] {processor.py:830} INFO - Processing file /opt/airflow/dags/smart_city_traffic_batch_dag.py for tasks to queue
[2026-05-08T06:59:11.776+0000] {logging_mixin.py:188} INFO - [2026-05-08T06:59:11.776+0000] {dagbag.py:545} INFO - Filling up the DagBag from /opt/airflow/dags/smart_city_traffic_batch_dag.py
[2026-05-08T06:59:12.494+0000] {processor.py:840} INFO - DAG(s) 'smart_city_traffic_batch_dag' retrieved from /opt/airflow/dags/smart_city_traffic_batch_dag.py
[2026-05-08T06:59:12.569+0000] {logging_mixin.py:188} INFO - [2026-05-08T06:59:12.569+0000] {dag.py:3089} INFO - Sync 1 DAGs
[2026-05-08T06:59:12.617+0000] {logging_mixin.py:188} INFO - [2026-05-08T06:59:12.617+0000] {dag.py:3947} INFO - Setting next_dagrun for smart_city_traffic_batch_dag to 2026-05-08 01:00:00+00:00, run_after=2026-05-09 01:00:00+00:00
[2026-05-08T06:59:12.654+0000] {processor.py:183} INFO - Processing /opt/airflow/dags/smart_city_traffic_batch_dag.py took 0.898 seconds
[2026-05-08T06:59:42.980+0000] {processor.py:161} INFO - Started process (PID=616) to work on /opt/airflow/dags/smart_city_traffic_batch_dag.py
[2026-05-08T06:59:42.982+0000] {processor.py:830} INFO - Processing file /opt/airflow/dags/smart_city_traffic_batch_dag.py for tasks to queue
[2026-05-08T06:59:42.986+0000] {logging_mixin.py:188} INFO - [2026-05-08T06:59:42.985+0000] {dagbag.py:545} INFO - Filling up the DagBag from /opt/airflow/dags/smart_city_traffic_batch_dag.py
[2026-05-08T06:59:43.682+0000] {processor.py:840} INFO - DAG(s) 'smart_city_traffic_batch_dag' retrieved from /opt/airflow/dags/smart_city_traffic_batch_dag.py
[2026-05-08T06:59:43.743+0000] {logging_mixin.py:188} INFO - [2026-05-08T06:59:43.742+0000] {dag.py:3089} INFO - Sync 1 DAGs
[2026-05-08T06:59:43.785+0000] {logging_mixin.py:188} INFO - [2026-05-08T06:59:43.785+0000] {dag.py:3947} INFO - Setting next_dagrun for smart_city_traffic_batch_dag to 2026-05-08 01:00:00+00:00, run_after=2026-05-09 01:00:00+00:00
[2026-05-08T06:59:43.822+0000] {processor.py:183} INFO - Processing /opt/airflow/dags/smart_city_traffic_batch_dag.py took 0.854 seconds
[2026-05-08T07:00:14.000+0000] {processor.py:161} INFO - Started process (PID=622) to work on /opt/airflow/dags/smart_city_traffic_batch_dag.py
[2026-05-08T07:00:14.001+0000] {processor.py:830} INFO - Processing file /opt/airflow/dags/smart_city_traffic_batch_dag.py for tasks to queue
[2026-05-08T07:00:14.006+0000] {logging_mixin.py:188} INFO - [2026-05-08T07:00:14.005+0000] {dagbag.py:545} INFO - Filling up the DagBag from /opt/airflow/dags/smart_city_traffic_batch_dag.py
[2026-05-08T07:00:14.678+0000] {processor.py:840} INFO - DAG(s) 'smart_city_traffic_batch_dag' retrieved from /opt/airflow/dags/smart_city_traffic_batch_dag.py
[2026-05-08T07:00:14.765+0000] {logging_mixin.py:188} INFO - [2026-05-08T07:00:14.764+0000] {dag.py:3089} INFO - Sync 1 DAGs
[2026-05-08T07:00:15.978+0000] {logging_mixin.py:188} INFO - [2026-05-08T07:00:15.977+0000] {dag.py:3947} INFO - Setting next_dagrun for smart_city_traffic_batch_dag to 2026-05-08 01:00:00+00:00, run_after=2026-05-09 01:00:00+00:00
[2026-05-08T07:00:16.007+0000] {processor.py:183} INFO - Processing /opt/airflow/dags/smart_city_traffic_batch_dag.py took 2.018 seconds
[2026-05-08T07:00:46.448+0000] {processor.py:161} INFO - Started process (PID=628) to work on /opt/airflow/dags/smart_city_traffic_batch_dag.py
[2026-05-08T07:00:46.459+0000] {processor.py:830} INFO - Processing file /opt/airflow/dags/smart_city_traffic_batch_dag.py for tasks to queue
[2026-05-08T07:00:46.485+0000] {logging_mixin.py:188} INFO - [2026-05-08T07:00:46.480+0000] {dagbag.py:545} INFO - Filling up the DagBag from /opt/airflow/dags/smart_city_traffic_batch_dag.py
[2026-05-08T07:00:48.111+0000] {processor.py:840} INFO - DAG(s) 'smart_city_traffic_batch_dag' retrieved from /opt/airflow/dags/smart_city_traffic_batch_dag.py
[2026-05-08T07:00:48.265+0000] {logging_mixin.py:188} INFO - [2026-05-08T07:00:48.263+0000] {dag.py:3089} INFO - Sync 1 DAGs
[2026-05-08T07:00:49.452+0000] {logging_mixin.py:188} INFO - [2026-05-08T07:00:49.451+0000] {dag.py:3947} INFO - Setting next_dagrun for smart_city_traffic_batch_dag to 2026-05-08 01:00:00+00:00, run_after=2026-05-09 01:00:00+00:00
[2026-05-08T07:00:49.511+0000] {processor.py:183} INFO - Processing /opt/airflow/dags/smart_city_traffic_batch_dag.py took 3.114 seconds
[2026-05-08T07:01:19.720+0000] {processor.py:161} INFO - Started process (PID=634) to work on /opt/airflow/dags/smart_city_traffic_batch_dag.py
[2026-05-08T07:01:19.723+0000] {processor.py:830} INFO - Processing file /opt/airflow/dags/smart_city_traffic_batch_dag.py for tasks to queue
[2026-05-08T07:01:19.729+0000] {logging_mixin.py:188} INFO - [2026-05-08T07:01:19.728+0000] {dagbag.py:545} INFO - Filling up the DagBag from /opt/airflow/dags/smart_city_traffic_batch_dag.py
[2026-05-08T07:01:20.352+0000] {processor.py:840} INFO - DAG(s) 'smart_city_traffic_batch_dag' retrieved from /opt/airflow/dags/smart_city_traffic_batch_dag.py
[2026-05-08T07:01:20.754+0000] {logging_mixin.py:188} INFO - [2026-05-08T07:01:20.753+0000] {dag.py:3089} INFO - Sync 1 DAGs
[2026-05-08T07:01:20.787+0000] {logging_mixin.py:188} INFO - [2026-05-08T07:01:20.786+0000] {dag.py:3947} INFO - Setting next_dagrun for smart_city_traffic_batch_dag to 2026-05-08 01:00:00+00:00, run_after=2026-05-09 01:00:00+00:00
[2026-05-08T07:01:20.817+0000] {processor.py:183} INFO - Processing /opt/airflow/dags/smart_city_traffic_batch_dag.py took 1.115 seconds
[2026-05-08T07:01:51.157+0000] {processor.py:161} INFO - Started process (PID=640) to work on /opt/airflow/dags/smart_city_traffic_batch_dag.py
[2026-05-08T07:01:51.159+0000] {processor.py:830} INFO - Processing file /opt/airflow/dags/smart_city_traffic_batch_dag.py for tasks to queue
[2026-05-08T07:01:51.163+0000] {logging_mixin.py:188} INFO - [2026-05-08T07:01:51.162+0000] {dagbag.py:545} INFO - Filling up the DagBag from /opt/airflow/dags/smart_city_traffic_batch_dag.py
[2026-05-08T07:01:52.138+0000] {processor.py:840} INFO - DAG(s) 'smart_city_traffic_batch_dag' retrieved from /opt/airflow/dags/smart_city_traffic_batch_dag.py
[2026-05-08T07:01:52.211+0000] {logging_mixin.py:188} INFO - [2026-05-08T07:01:52.210+0000] {dag.py:3089} INFO - Sync 1 DAGs
[2026-05-08T07:01:52.252+0000] {logging_mixin.py:188} INFO - [2026-05-08T07:01:52.251+0000] {dag.py:3947} INFO - Setting next_dagrun for smart_city_traffic_batch_dag to 2026-05-08 01:00:00+00:00, run_after=2026-05-09 01:00:00+00:00
[2026-05-08T07:01:52.297+0000] {processor.py:183} INFO - Processing /opt/airflow/dags/smart_city_traffic_batch_dag.py took 1.163 seconds
[2026-05-08T07:02:22.537+0000] {processor.py:161} INFO - Started process (PID=646) to work on /opt/airflow/dags/smart_city_traffic_batch_dag.py
[2026-05-08T07:02:22.539+0000] {processor.py:830} INFO - Processing file /opt/airflow/dags/smart_city_traffic_batch_dag.py for tasks to queue
[2026-05-08T07:02:22.543+0000] {logging_mixin.py:188} INFO - [2026-05-08T07:02:22.542+0000] {dagbag.py:545} INFO - Filling up the DagBag from /opt/airflow/dags/smart_city_traffic_batch_dag.py
[2026-05-08T07:02:23.193+0000] {processor.py:840} INFO - DAG(s) 'smart_city_traffic_batch_dag' retrieved from /opt/airflow/dags/smart_city_traffic_batch_dag.py
[2026-05-08T07:02:23.256+0000] {logging_mixin.py:188} INFO - [2026-05-08T07:02:23.255+0000] {dag.py:3089} INFO - Sync 1 DAGs
[2026-05-08T07:02:24.395+0000] {logging_mixin.py:188} INFO - [2026-05-08T07:02:24.395+0000] {dag.py:3947} INFO - Setting next_dagrun for smart_city_traffic_batch_dag to 2026-05-08 01:00:00+00:00, run_after=2026-05-09 01:00:00+00:00
[2026-05-08T07:02:24.426+0000] {processor.py:183} INFO - Processing /opt/airflow/dags/smart_city_traffic_batch_dag.py took 1.906 seconds
[2026-05-08T07:02:54.863+0000] {processor.py:161} INFO - Started process (PID=652) to work on /opt/airflow/dags/smart_city_traffic_batch_dag.py
[2026-05-08T07:02:54.865+0000] {processor.py:830} INFO - Processing file /opt/airflow/dags/smart_city_traffic_batch_dag.py for tasks to queue
[2026-05-08T07:02:54.876+0000] {logging_mixin.py:188} INFO - [2026-05-08T07:02:54.874+0000] {dagbag.py:545} INFO - Filling up the DagBag from /opt/airflow/dags/smart_city_traffic_batch_dag.py
[2026-05-08T07:02:55.663+0000] {processor.py:840} INFO - DAG(s) 'smart_city_traffic_batch_dag' retrieved from /opt/airflow/dags/smart_city_traffic_batch_dag.py
[2026-05-08T07:02:55.749+0000] {logging_mixin.py:188} INFO - [2026-05-08T07:02:55.748+0000] {dag.py:3089} INFO - Sync 1 DAGs
[2026-05-08T07:02:56.166+0000] {logging_mixin.py:188} INFO - [2026-05-08T07:02:56.165+0000] {dag.py:3947} INFO - Setting next_dagrun for smart_city_traffic_batch_dag to 2026-05-08 01:00:00+00:00, run_after=2026-05-09 01:00:00+00:00
[2026-05-08T07:02:56.204+0000] {processor.py:183} INFO - Processing /opt/airflow/dags/smart_city_traffic_batch_dag.py took 1.362 seconds
[2026-05-08T07:03:26.651+0000] {processor.py:161} INFO - Started process (PID=658) to work on /opt/airflow/dags/smart_city_traffic_batch_dag.py
[2026-05-08T07:03:26.654+0000] {processor.py:830} INFO - Processing file /opt/airflow/dags/smart_city_traffic_batch_dag.py for tasks to queue
[2026-05-08T07:03:26.658+0000] {logging_mixin.py:188} INFO - [2026-05-08T07:03:26.658+0000] {dagbag.py:545} INFO - Filling up the DagBag from /opt/airflow/dags/smart_city_traffic_batch_dag.py
[2026-05-08T07:03:27.318+0000] {processor.py:840} INFO - DAG(s) 'smart_city_traffic_batch_dag' retrieved from /opt/airflow/dags/smart_city_traffic_batch_dag.py
[2026-05-08T07:03:27.699+0000] {logging_mixin.py:188} INFO - [2026-05-08T07:03:27.698+0000] {dag.py:3089} INFO - Sync 1 DAGs
[2026-05-08T07:03:27.734+0000] {logging_mixin.py:188} INFO - [2026-05-08T07:03:27.733+0000] {dag.py:3947} INFO - Setting next_dagrun for smart_city_traffic_batch_dag to 2026-05-08 01:00:00+00:00, run_after=2026-05-09 01:00:00+00:00
[2026-05-08T07:03:27.766+0000] {processor.py:183} INFO - Processing /opt/airflow/dags/smart_city_traffic_batch_dag.py took 1.129 seconds
[2026-05-08T07:03:58.120+0000] {processor.py:161} INFO - Started process (PID=664) to work on /opt/airflow/dags/smart_city_traffic_batch_dag.py
[2026-05-08T07:03:58.124+0000] {processor.py:830} INFO - Processing file /opt/airflow/dags/smart_city_traffic_batch_dag.py for tasks to queue
[2026-05-08T07:03:58.147+0000] {logging_mixin.py:188} INFO - [2026-05-08T07:03:58.144+0000] {dagbag.py:545} INFO - Filling up the DagBag from /opt/airflow/dags/smart_city_traffic_batch_dag.py
[2026-05-08T07:04:00.560+0000] {processor.py:840} INFO - DAG(s) 'smart_city_traffic_batch_dag' retrieved from /opt/airflow/dags/smart_city_traffic_batch_dag.py
[2026-05-08T07:04:00.642+0000] {logging_mixin.py:188} INFO - [2026-05-08T07:04:00.642+0000] {dag.py:3089} INFO - Sync 1 DAGs
[2026-05-08T07:04:00.689+0000] {logging_mixin.py:188} INFO - [2026-05-08T07:04:00.689+0000] {dag.py:3947} INFO - Setting next_dagrun for smart_city_traffic_batch_dag to 2026-05-08 01:00:00+00:00, run_after=2026-05-09 01:00:00+00:00
[2026-05-08T07:04:00.727+0000] {processor.py:183} INFO - Processing /opt/airflow/dags/smart_city_traffic_batch_dag.py took 2.671 seconds
[2026-05-08T07:04:31.172+0000] {processor.py:161} INFO - Started process (PID=670) to work on /opt/airflow/dags/smart_city_traffic_batch_dag.py
[2026-05-08T07:04:31.175+0000] {processor.py:830} INFO - Processing file /opt/airflow/dags/smart_city_traffic_batch_dag.py for tasks to queue
[2026-05-08T07:04:31.178+0000] {logging_mixin.py:188} INFO - [2026-05-08T07:04:31.178+0000] {dagbag.py:545} INFO - Filling up the DagBag from /opt/airflow/dags/smart_city_traffic_batch_dag.py
[2026-05-08T07:04:31.923+0000] {processor.py:840} INFO - DAG(s) 'smart_city_traffic_batch_dag' retrieved from /opt/airflow/dags/smart_city_traffic_batch_dag.py
[2026-05-08T07:04:32.039+0000] {logging_mixin.py:188} INFO - [2026-05-08T07:04:32.038+0000] {dag.py:3089} INFO - Sync 1 DAGs
[2026-05-08T07:04:32.105+0000] {logging_mixin.py:188} INFO - [2026-05-08T07:04:32.104+0000] {dag.py:3947} INFO - Setting next_dagrun for smart_city_traffic_batch_dag to 2026-05-08 01:00:00+00:00, run_after=2026-05-09 01:00:00+00:00
[2026-05-08T07:04:32.710+0000] {processor.py:183} INFO - Processing /opt/airflow/dags/smart_city_traffic_batch_dag.py took 1.554 seconds
[2026-05-08T07:05:03.090+0000] {processor.py:161} INFO - Started process (PID=676) to work on /opt/airflow/dags/smart_city_traffic_batch_dag.py
[2026-05-08T07:05:03.092+0000] {processor.py:830} INFO - Processing file /opt/airflow/dags/smart_city_traffic_batch_dag.py for tasks to queue
[2026-05-08T07:05:03.096+0000] {logging_mixin.py:188} INFO - [2026-05-08T07:05:03.095+0000] {dagbag.py:545} INFO - Filling up the DagBag from /opt/airflow/dags/smart_city_traffic_batch_dag.py
[2026-05-08T07:05:03.704+0000] {processor.py:840} INFO - DAG(s) 'smart_city_traffic_batch_dag' retrieved from /opt/airflow/dags/smart_city_traffic_batch_dag.py
[2026-05-08T07:05:03.773+0000] {logging_mixin.py:188} INFO - [2026-05-08T07:05:03.773+0000] {dag.py:3089} INFO - Sync 1 DAGs
[2026-05-08T07:05:04.137+0000] {logging_mixin.py:188} INFO - [2026-05-08T07:05:04.136+0000] {dag.py:3947} INFO - Setting next_dagrun for smart_city_traffic_batch_dag to 2026-05-08 01:00:00+00:00, run_after=2026-05-09 01:00:00+00:00
[2026-05-08T07:05:04.177+0000] {processor.py:183} INFO - Processing /opt/airflow/dags/smart_city_traffic_batch_dag.py took 1.099 seconds
[2026-05-08T07:05:34.336+0000] {processor.py:161} INFO - Started process (PID=682) to work on /opt/airflow/dags/smart_city_traffic_batch_dag.py
[2026-05-08T07:05:34.340+0000] {processor.py:830} INFO - Processing file /opt/airflow/dags/smart_city_traffic_batch_dag.py for tasks to queue
[2026-05-08T07:05:34.343+0000] {logging_mixin.py:188} INFO - [2026-05-08T07:05:34.342+0000] {dagbag.py:545} INFO - Filling up the DagBag from /opt/airflow/dags/smart_city_traffic_batch_dag.py
[2026-05-08T07:05:34.972+0000] {processor.py:840} INFO - DAG(s) 'smart_city_traffic_batch_dag' retrieved from /opt/airflow/dags/smart_city_traffic_batch_dag.py
[2026-05-08T07:05:35.336+0000] {logging_mixin.py:188} INFO - [2026-05-08T07:05:35.336+0000] {dag.py:3089} INFO - Sync 1 DAGs
[2026-05-08T07:05:35.371+0000] {logging_mixin.py:188} INFO - [2026-05-08T07:05:35.370+0000] {dag.py:3947} INFO - Setting next_dagrun for smart_city_traffic_batch_dag to 2026-05-08 01:00:00+00:00, run_after=2026-05-09 01:00:00+00:00
[2026-05-08T07:05:35.404+0000] {processor.py:183} INFO - Processing /opt/airflow/dags/smart_city_traffic_batch_dag.py took 1.080 seconds
[2026-05-08T07:06:05.639+0000] {processor.py:161} INFO - Started process (PID=688) to work on /opt/airflow/dags/smart_city_traffic_batch_dag.py
[2026-05-08T07:06:05.644+0000] {processor.py:830} INFO - Processing file /opt/airflow/dags/smart_city_traffic_batch_dag.py for tasks to queue
[2026-05-08T07:06:05.652+0000] {logging_mixin.py:188} INFO - [2026-05-08T07:06:05.649+0000] {dagbag.py:545} INFO - Filling up the DagBag from /opt/airflow/dags/smart_city_traffic_batch_dag.py
[2026-05-08T07:06:06.572+0000] {processor.py:840} INFO - DAG(s) 'smart_city_traffic_batch_dag' retrieved from /opt/airflow/dags/smart_city_traffic_batch_dag.py
[2026-05-08T07:06:06.627+0000] {logging_mixin.py:188} INFO - [2026-05-08T07:06:06.627+0000] {dag.py:3089} INFO - Sync 1 DAGs
[2026-05-08T07:06:06.674+0000] {logging_mixin.py:188} INFO - [2026-05-08T07:06:06.674+0000] {dag.py:3947} INFO - Setting next_dagrun for smart_city_traffic_batch_dag to 2026-05-08 01:00:00+00:00, run_after=2026-05-09 01:00:00+00:00
[2026-05-08T07:06:06.731+0000] {processor.py:183} INFO - Processing /opt/airflow/dags/smart_city_traffic_batch_dag.py took 1.134 seconds
[2026-05-08T07:06:37.171+0000] {processor.py:161} INFO - Started process (PID=694) to work on /opt/airflow/dags/smart_city_traffic_batch_dag.py
[2026-05-08T07:06:37.178+0000] {processor.py:830} INFO - Processing file /opt/airflow/dags/smart_city_traffic_batch_dag.py for tasks to queue
[2026-05-08T07:06:37.193+0000] {logging_mixin.py:188} INFO - [2026-05-08T07:06:37.191+0000] {dagbag.py:545} INFO - Filling up the DagBag from /opt/airflow/dags/smart_city_traffic_batch_dag.py
[2026-05-08T07:06:38.450+0000] {processor.py:840} INFO - DAG(s) 'smart_city_traffic_batch_dag' retrieved from /opt/airflow/dags/smart_city_traffic_batch_dag.py
[2026-05-08T07:06:38.571+0000] {logging_mixin.py:188} INFO - [2026-05-08T07:06:38.570+0000] {dag.py:3089} INFO - Sync 1 DAGs
[2026-05-08T07:06:38.697+0000] {logging_mixin.py:188} INFO - [2026-05-08T07:06:38.697+0000] {dag.py:3947} INFO - Setting next_dagrun for smart_city_traffic_batch_dag to 2026-05-08 01:00:00+00:00, run_after=2026-05-09 01:00:00+00:00
[2026-05-08T07:06:39.358+0000] {processor.py:183} INFO - Processing /opt/airflow/dags/smart_city_traffic_batch_dag.py took 2.231 seconds
[2026-05-08T07:07:09.771+0000] {processor.py:161} INFO - Started process (PID=700) to work on /opt/airflow/dags/smart_city_traffic_batch_dag.py
[2026-05-08T07:07:09.773+0000] {processor.py:830} INFO - Processing file /opt/airflow/dags/smart_city_traffic_batch_dag.py for tasks to queue
[2026-05-08T07:07:09.777+0000] {logging_mixin.py:188} INFO - [2026-05-08T07:07:09.777+0000] {dagbag.py:545} INFO - Filling up the DagBag from /opt/airflow/dags/smart_city_traffic_batch_dag.py
[2026-05-08T07:07:10.436+0000] {processor.py:840} INFO - DAG(s) 'smart_city_traffic_batch_dag' retrieved from /opt/airflow/dags/smart_city_traffic_batch_dag.py
[2026-05-08T07:07:10.512+0000] {logging_mixin.py:188} INFO - [2026-05-08T07:07:10.511+0000] {dag.py:3089} INFO - Sync 1 DAGs
[2026-05-08T07:07:10.855+0000] {logging_mixin.py:188} INFO - [2026-05-08T07:07:10.855+0000] {dag.py:3947} INFO - Setting next_dagrun for smart_city_traffic_batch_dag to 2026-05-08 01:00:00+00:00, run_after=2026-05-09 01:00:00+00:00
[2026-05-08T07:07:10.885+0000] {processor.py:183} INFO - Processing /opt/airflow/dags/smart_city_traffic_batch_dag.py took 1.153 seconds
[2026-05-08T07:07:41.298+0000] {processor.py:161} INFO - Started process (PID=706) to work on /opt/airflow/dags/smart_city_traffic_batch_dag.py
[2026-05-08T07:07:41.301+0000] {processor.py:830} INFO - Processing file /opt/airflow/dags/smart_city_traffic_batch_dag.py for tasks to queue
[2026-05-08T07:07:41.305+0000] {logging_mixin.py:188} INFO - [2026-05-08T07:07:41.304+0000] {dagbag.py:545} INFO - Filling up the DagBag from /opt/airflow/dags/smart_city_traffic_batch_dag.py
[2026-05-08T07:07:42.139+0000] {processor.py:840} INFO - DAG(s) 'smart_city_traffic_batch_dag' retrieved from /opt/airflow/dags/smart_city_traffic_batch_dag.py
[2026-05-08T07:07:42.528+0000] {logging_mixin.py:188} INFO - [2026-05-08T07:07:42.527+0000] {dag.py:3089} INFO - Sync 1 DAGs
[2026-05-08T07:07:42.558+0000] {logging_mixin.py:188} INFO - [2026-05-08T07:07:42.558+0000] {dag.py:3947} INFO - Setting next_dagrun for smart_city_traffic_batch_dag to 2026-05-08 01:00:00+00:00, run_after=2026-05-09 01:00:00+00:00
[2026-05-08T07:07:42.590+0000] {processor.py:183} INFO - Processing /opt/airflow/dags/smart_city_traffic_batch_dag.py took 1.302 seconds
[2026-05-08T07:08:13.484+0000] {processor.py:161} INFO - Started process (PID=712) to work on /opt/airflow/dags/smart_city_traffic_batch_dag.py
[2026-05-08T07:08:13.488+0000] {processor.py:830} INFO - Processing file /opt/airflow/dags/smart_city_traffic_batch_dag.py for tasks to queue
[2026-05-08T07:08:13.502+0000] {logging_mixin.py:188} INFO - [2026-05-08T07:08:13.498+0000] {dagbag.py:545} INFO - Filling up the DagBag from /opt/airflow/dags/smart_city_traffic_batch_dag.py
[2026-05-08T07:08:15.651+0000] {processor.py:840} INFO - DAG(s) 'smart_city_traffic_batch_dag' retrieved from /opt/airflow/dags/smart_city_traffic_batch_dag.py
[2026-05-08T07:08:15.762+0000] {logging_mixin.py:188} INFO - [2026-05-08T07:08:15.762+0000] {dag.py:3089} INFO - Sync 1 DAGs
[2026-05-08T07:08:15.808+0000] {logging_mixin.py:188} INFO - [2026-05-08T07:08:15.807+0000] {dag.py:3947} INFO - Setting next_dagrun for smart_city_traffic_batch_dag to 2026-05-08 01:00:00+00:00, run_after=2026-05-09 01:00:00+00:00
[2026-05-08T07:08:15.844+0000] {processor.py:183} INFO - Processing /opt/airflow/dags/smart_city_traffic_batch_dag.py took 2.390 seconds
[2026-05-08T07:08:46.477+0000] {processor.py:161} INFO - Started process (PID=718) to work on /opt/airflow/dags/smart_city_traffic_batch_dag.py
[2026-05-08T07:08:46.489+0000] {processor.py:830} INFO - Processing file /opt/airflow/dags/smart_city_traffic_batch_dag.py for tasks to queue
[2026-05-08T07:08:46.520+0000] {logging_mixin.py:188} INFO - [2026-05-08T07:08:46.515+0000] {dagbag.py:545} INFO - Filling up the DagBag from /opt/airflow/dags/smart_city_traffic_batch_dag.py
[2026-05-08T07:08:48.110+0000] {processor.py:840} INFO - DAG(s) 'smart_city_traffic_batch_dag' retrieved from /opt/airflow/dags/smart_city_traffic_batch_dag.py
[2026-05-08T07:08:48.292+0000] {logging_mixin.py:188} INFO - [2026-05-08T07:08:48.291+0000] {dag.py:3089} INFO - Sync 1 DAGs
[2026-05-08T07:08:48.368+0000] {logging_mixin.py:188} INFO - [2026-05-08T07:08:48.368+0000] {dag.py:3947} INFO - Setting next_dagrun for smart_city_traffic_batch_dag to 2026-05-08 01:00:00+00:00, run_after=2026-05-09 01:00:00+00:00
[2026-05-08T07:08:49.301+0000] {processor.py:183} INFO - Processing /opt/airflow/dags/smart_city_traffic_batch_dag.py took 2.891 seconds
[2026-05-08T07:09:20.010+0000] {processor.py:161} INFO - Started process (PID=724) to work on /opt/airflow/dags/smart_city_traffic_batch_dag.py
[2026-05-08T07:09:20.020+0000] {processor.py:830} INFO - Processing file /opt/airflow/dags/smart_city_traffic_batch_dag.py for tasks to queue
[2026-05-08T07:09:20.048+0000] {logging_mixin.py:188} INFO - [2026-05-08T07:09:20.044+0000] {dagbag.py:545} INFO - Filling up the DagBag from /opt/airflow/dags/smart_city_traffic_batch_dag.py
[2026-05-08T07:09:21.775+0000] {processor.py:840} INFO - DAG(s) 'smart_city_traffic_batch_dag' retrieved from /opt/airflow/dags/smart_city_traffic_batch_dag.py
[2026-05-08T07:09:21.971+0000] {logging_mixin.py:188} INFO - [2026-05-08T07:09:21.970+0000] {dag.py:3089} INFO - Sync 1 DAGs
[2026-05-08T07:09:24.101+0000] {logging_mixin.py:188} INFO - [2026-05-08T07:09:24.101+0000] {dag.py:3947} INFO - Setting next_dagrun for smart_city_traffic_batch_dag to 2026-05-08 01:00:00+00:00, run_after=2026-05-09 01:00:00+00:00
[2026-05-08T07:09:24.157+0000] {processor.py:183} INFO - Processing /opt/airflow/dags/smart_city_traffic_batch_dag.py took 4.231 seconds
[2026-05-08T07:09:29.995+0000] {processor.py:161} INFO - Started process (PID=730) to work on /opt/airflow/dags/smart_city_traffic_batch_dag.py
[2026-05-08T07:09:29.998+0000] {processor.py:830} INFO - Processing file /opt/airflow/dags/smart_city_traffic_batch_dag.py for tasks to queue
[2026-05-08T07:09:30.002+0000] {logging_mixin.py:188} INFO - [2026-05-08T07:09:30.002+0000] {dagbag.py:545} INFO - Filling up the DagBag from /opt/airflow/dags/smart_city_traffic_batch_dag.py
[2026-05-08T07:09:30.068+0000] {processor.py:840} INFO - DAG(s) 'smart_city_traffic_batch_dag' retrieved from /opt/airflow/dags/smart_city_traffic_batch_dag.py
[2026-05-08T07:09:30.265+0000] {logging_mixin.py:188} INFO - [2026-05-08T07:09:30.264+0000] {dag.py:3089} INFO - Sync 1 DAGs
[2026-05-08T07:09:30.386+0000] {logging_mixin.py:188} INFO - [2026-05-08T07:09:30.385+0000] {dag.py:3947} INFO - Setting next_dagrun for smart_city_traffic_batch_dag to 2026-05-08 01:00:00+00:00, run_after=2026-05-09 01:00:00+00:00
[2026-05-08T07:09:30.458+0000] {processor.py:183} INFO - Processing /opt/airflow/dags/smart_city_traffic_batch_dag.py took 0.473 seconds
[2026-05-08T07:10:58.580+0000] {processor.py:161} INFO - Started process (PID=172) to work on /opt/airflow/dags/smart_city_traffic_batch_dag.py
[2026-05-08T07:10:58.583+0000] {processor.py:830} INFO - Processing file /opt/airflow/dags/smart_city_traffic_batch_dag.py for tasks to queue
[2026-05-08T07:10:58.588+0000] {logging_mixin.py:188} INFO - [2026-05-08T07:10:58.586+0000] {dagbag.py:545} INFO - Filling up the DagBag from /opt/airflow/dags/smart_city_traffic_batch_dag.py
[2026-05-08T07:10:58.669+0000] {processor.py:840} INFO - DAG(s) 'smart_city_traffic_batch_dag' retrieved from /opt/airflow/dags/smart_city_traffic_batch_dag.py
[2026-05-08T07:10:58.853+0000] {logging_mixin.py:188} INFO - [2026-05-08T07:10:58.853+0000] {dag.py:3089} INFO - Sync 1 DAGs
[2026-05-08T07:10:58.909+0000] {logging_mixin.py:188} INFO - [2026-05-08T07:10:58.909+0000] {dag.py:3947} INFO - Setting next_dagrun for smart_city_traffic_batch_dag to 2026-05-08 01:00:00+00:00, run_after=2026-05-09 01:00:00+00:00
[2026-05-08T07:10:58.948+0000] {processor.py:183} INFO - Processing /opt/airflow/dags/smart_city_traffic_batch_dag.py took 0.380 seconds
[2026-05-08T07:11:29.470+0000] {processor.py:161} INFO - Started process (PID=177) to work on /opt/airflow/dags/smart_city_traffic_batch_dag.py
[2026-05-08T07:11:29.474+0000] {processor.py:830} INFO - Processing file /opt/airflow/dags/smart_city_traffic_batch_dag.py for tasks to queue
[2026-05-08T07:11:29.489+0000] {logging_mixin.py:188} INFO - [2026-05-08T07:11:29.487+0000] {dagbag.py:545} INFO - Filling up the DagBag from /opt/airflow/dags/smart_city_traffic_batch_dag.py
[2026-05-08T07:11:29.593+0000] {processor.py:840} INFO - DAG(s) 'smart_city_traffic_batch_dag' retrieved from /opt/airflow/dags/smart_city_traffic_batch_dag.py
[2026-05-08T07:11:29.750+0000] {logging_mixin.py:188} INFO - [2026-05-08T07:11:29.749+0000] {dag.py:3089} INFO - Sync 1 DAGs
[2026-05-08T07:11:29.841+0000] {logging_mixin.py:188} INFO - [2026-05-08T07:11:29.840+0000] {dag.py:3947} INFO - Setting next_dagrun for smart_city_traffic_batch_dag to 2026-05-08 01:00:00+00:00, run_after=2026-05-09 01:00:00+00:00
[2026-05-08T07:11:29.899+0000] {processor.py:183} INFO - Processing /opt/airflow/dags/smart_city_traffic_batch_dag.py took 0.468 seconds
[2026-05-08T07:12:00.225+0000] {processor.py:161} INFO - Started process (PID=182) to work on /opt/airflow/dags/smart_city_traffic_batch_dag.py
[2026-05-08T07:12:00.228+0000] {processor.py:830} INFO - Processing file /opt/airflow/dags/smart_city_traffic_batch_dag.py for tasks to queue
[2026-05-08T07:12:00.233+0000] {logging_mixin.py:188} INFO - [2026-05-08T07:12:00.232+0000] {dagbag.py:545} INFO - Filling up the DagBag from /opt/airflow/dags/smart_city_traffic_batch_dag.py
[2026-05-08T07:12:00.281+0000] {processor.py:840} INFO - DAG(s) 'smart_city_traffic_batch_dag' retrieved from /opt/airflow/dags/smart_city_traffic_batch_dag.py
[2026-05-08T07:12:00.356+0000] {logging_mixin.py:188} INFO - [2026-05-08T07:12:00.355+0000] {dag.py:3089} INFO - Sync 1 DAGs
[2026-05-08T07:12:00.403+0000] {logging_mixin.py:188} INFO - [2026-05-08T07:12:00.403+0000] {dag.py:3947} INFO - Setting next_dagrun for smart_city_traffic_batch_dag to 2026-05-08 01:00:00+00:00, run_after=2026-05-09 01:00:00+00:00
[2026-05-08T07:12:00.454+0000] {processor.py:183} INFO - Processing /opt/airflow/dags/smart_city_traffic_batch_dag.py took 0.243 seconds
[2026-05-08T07:12:30.864+0000] {processor.py:161} INFO - Started process (PID=187) to work on /opt/airflow/dags/smart_city_traffic_batch_dag.py
[2026-05-08T07:12:30.868+0000] {processor.py:830} INFO - Processing file /opt/airflow/dags/smart_city_traffic_batch_dag.py for tasks to queue
[2026-05-08T07:12:30.893+0000] {logging_mixin.py:188} INFO - [2026-05-08T07:12:30.890+0000] {dagbag.py:545} INFO - Filling up the DagBag from /opt/airflow/dags/smart_city_traffic_batch_dag.py
[2026-05-08T07:12:30.993+0000] {processor.py:840} INFO - DAG(s) 'smart_city_traffic_batch_dag' retrieved from /opt/airflow/dags/smart_city_traffic_batch_dag.py
[2026-05-08T07:12:31.117+0000] {logging_mixin.py:188} INFO - [2026-05-08T07:12:31.116+0000] {dag.py:3089} INFO - Sync 1 DAGs
[2026-05-08T07:12:31.191+0000] {logging_mixin.py:188} INFO - [2026-05-08T07:12:31.191+0000] {dag.py:3947} INFO - Setting next_dagrun for smart_city_traffic_batch_dag to 2026-05-08 01:00:00+00:00, run_after=2026-05-09 01:00:00+00:00
[2026-05-08T07:12:31.244+0000] {processor.py:183} INFO - Processing /opt/airflow/dags/smart_city_traffic_batch_dag.py took 0.411 seconds
[2026-05-08T07:13:01.686+0000] {processor.py:161} INFO - Started process (PID=192) to work on /opt/airflow/dags/smart_city_traffic_batch_dag.py
[2026-05-08T07:13:01.689+0000] {processor.py:830} INFO - Processing file /opt/airflow/dags/smart_city_traffic_batch_dag.py for tasks to queue
[2026-05-08T07:13:01.695+0000] {logging_mixin.py:188} INFO - [2026-05-08T07:13:01.694+0000] {dagbag.py:545} INFO - Filling up the DagBag from /opt/airflow/dags/smart_city_traffic_batch_dag.py
[2026-05-08T07:13:01.756+0000] {processor.py:840} INFO - DAG(s) 'smart_city_traffic_batch_dag' retrieved from /opt/airflow/dags/smart_city_traffic_batch_dag.py
[2026-05-08T07:13:01.839+0000] {logging_mixin.py:188} INFO - [2026-05-08T07:13:01.839+0000] {dag.py:3089} INFO - Sync 1 DAGs
[2026-05-08T07:13:01.897+0000] {logging_mixin.py:188} INFO - [2026-05-08T07:13:01.897+0000] {dag.py:3947} INFO - Setting next_dagrun for smart_city_traffic_batch_dag to 2026-05-08 01:00:00+00:00, run_after=2026-05-09 01:00:00+00:00
[2026-05-08T07:13:01.934+0000] {processor.py:183} INFO - Processing /opt/airflow/dags/smart_city_traffic_batch_dag.py took 0.266 seconds
[2026-05-08T07:13:32.590+0000] {processor.py:161} INFO - Started process (PID=197) to work on /opt/airflow/dags/smart_city_traffic_batch_dag.py
[2026-05-08T07:13:32.595+0000] {processor.py:830} INFO - Processing file /opt/airflow/dags/smart_city_traffic_batch_dag.py for tasks to queue
[2026-05-08T07:13:32.624+0000] {logging_mixin.py:188} INFO - [2026-05-08T07:13:32.618+0000] {dagbag.py:545} INFO - Filling up the DagBag from /opt/airflow/dags/smart_city_traffic_batch_dag.py
[2026-05-08T07:13:32.805+0000] {processor.py:840} INFO - DAG(s) 'smart_city_traffic_batch_dag' retrieved from /opt/airflow/dags/smart_city_traffic_batch_dag.py
[2026-05-08T07:13:33.030+0000] {logging_mixin.py:188} INFO - [2026-05-08T07:13:33.029+0000] {dag.py:3089} INFO - Sync 1 DAGs
[2026-05-08T07:13:33.134+0000] {logging_mixin.py:188} INFO - [2026-05-08T07:13:33.134+0000] {dag.py:3947} INFO - Setting next_dagrun for smart_city_traffic_batch_dag to 2026-05-08 01:00:00+00:00, run_after=2026-05-09 01:00:00+00:00
[2026-05-08T07:13:33.195+0000] {processor.py:183} INFO - Processing /opt/airflow/dags/smart_city_traffic_batch_dag.py took 0.669 seconds
[2026-05-08T07:14:03.562+0000] {processor.py:161} INFO - Started process (PID=202) to work on /opt/airflow/dags/smart_city_traffic_batch_dag.py
[2026-05-08T07:14:03.565+0000] {processor.py:830} INFO - Processing file /opt/airflow/dags/smart_city_traffic_batch_dag.py for tasks to queue
[2026-05-08T07:14:03.571+0000] {logging_mixin.py:188} INFO - [2026-05-08T07:14:03.570+0000] {dagbag.py:545} INFO - Filling up the DagBag from /opt/airflow/dags/smart_city_traffic_batch_dag.py
[2026-05-08T07:14:03.620+0000] {processor.py:840} INFO - DAG(s) 'smart_city_traffic_batch_dag' retrieved from /opt/airflow/dags/smart_city_traffic_batch_dag.py
[2026-05-08T07:14:03.697+0000] {logging_mixin.py:188} INFO - [2026-05-08T07:14:03.697+0000] {dag.py:3089} INFO - Sync 1 DAGs
[2026-05-08T07:14:03.743+0000] {logging_mixin.py:188} INFO - [2026-05-08T07:14:03.743+0000] {dag.py:3947} INFO - Setting next_dagrun for smart_city_traffic_batch_dag to 2026-05-08 01:00:00+00:00, run_after=2026-05-09 01:00:00+00:00
[2026-05-08T07:14:03.780+0000] {processor.py:183} INFO - Processing /opt/airflow/dags/smart_city_traffic_batch_dag.py took 0.234 seconds
[2026-05-08T07:14:34.091+0000] {processor.py:161} INFO - Started process (PID=213) to work on /opt/airflow/dags/smart_city_traffic_batch_dag.py
[2026-05-08T07:14:34.096+0000] {processor.py:830} INFO - Processing file /opt/airflow/dags/smart_city_traffic_batch_dag.py for tasks to queue
[2026-05-08T07:14:34.111+0000] {logging_mixin.py:188} INFO - [2026-05-08T07:14:34.108+0000] {dagbag.py:545} INFO - Filling up the DagBag from /opt/airflow/dags/smart_city_traffic_batch_dag.py
[2026-05-08T07:14:34.212+0000] {processor.py:840} INFO - DAG(s) 'smart_city_traffic_batch_dag' retrieved from /opt/airflow/dags/smart_city_traffic_batch_dag.py
[2026-05-08T07:14:34.393+0000] {logging_mixin.py:188} INFO - [2026-05-08T07:14:34.392+0000] {dag.py:3089} INFO - Sync 1 DAGs
[2026-05-08T07:14:34.484+0000] {logging_mixin.py:188} INFO - [2026-05-08T07:14:34.484+0000] {dag.py:3947} INFO - Setting next_dagrun for smart_city_traffic_batch_dag to 2026-05-08 01:00:00+00:00, run_after=2026-05-09 01:00:00+00:00
[2026-05-08T07:14:34.540+0000] {processor.py:183} INFO - Processing /opt/airflow/dags/smart_city_traffic_batch_dag.py took 0.488 seconds
[2026-05-08T07:15:05.261+0000] {processor.py:161} INFO - Started process (PID=218) to work on /opt/airflow/dags/smart_city_traffic_batch_dag.py
[2026-05-08T07:15:05.276+0000] {processor.py:830} INFO - Processing file /opt/airflow/dags/smart_city_traffic_batch_dag.py for tasks to queue
[2026-05-08T07:15:05.310+0000] {logging_mixin.py:188} INFO - [2026-05-08T07:15:05.304+0000] {dagbag.py:545} INFO - Filling up the DagBag from /opt/airflow/dags/smart_city_traffic_batch_dag.py
[2026-05-08T07:15:05.524+0000] {processor.py:840} INFO - DAG(s) 'smart_city_traffic_batch_dag' retrieved from /opt/airflow/dags/smart_city_traffic_batch_dag.py
[2026-05-08T07:15:06.095+0000] {logging_mixin.py:188} INFO - [2026-05-08T07:15:06.094+0000] {dag.py:3089} INFO - Sync 1 DAGs
[2026-05-08T07:15:06.217+0000] {logging_mixin.py:188} INFO - [2026-05-08T07:15:06.216+0000] {dag.py:3947} INFO - Setting next_dagrun for smart_city_traffic_batch_dag to 2026-05-08 01:00:00+00:00, run_after=2026-05-09 01:00:00+00:00
[2026-05-08T07:15:06.296+0000] {processor.py:183} INFO - Processing /opt/airflow/dags/smart_city_traffic_batch_dag.py took 1.131 seconds
[2026-05-08T07:15:36.915+0000] {processor.py:161} INFO - Started process (PID=223) to work on /opt/airflow/dags/smart_city_traffic_batch_dag.py
[2026-05-08T07:15:36.925+0000] {processor.py:830} INFO - Processing file /opt/airflow/dags/smart_city_traffic_batch_dag.py for tasks to queue
[2026-05-08T07:15:36.950+0000] {logging_mixin.py:188} INFO - [2026-05-08T07:15:36.947+0000] {dagbag.py:545} INFO - Filling up the DagBag from /opt/airflow/dags/smart_city_traffic_batch_dag.py
[2026-05-08T07:15:37.103+0000] {processor.py:840} INFO - DAG(s) 'smart_city_traffic_batch_dag' retrieved from /opt/airflow/dags/smart_city_traffic_batch_dag.py
[2026-05-08T07:15:37.320+0000] {logging_mixin.py:188} INFO - [2026-05-08T07:15:37.320+0000] {dag.py:3089} INFO - Sync 1 DAGs
[2026-05-08T07:15:37.412+0000] {logging_mixin.py:188} INFO - [2026-05-08T07:15:37.411+0000] {dag.py:3947} INFO - Setting next_dagrun for smart_city_traffic_batch_dag to 2026-05-08 01:00:00+00:00, run_after=2026-05-09 01:00:00+00:00
[2026-05-08T07:15:37.496+0000] {processor.py:183} INFO - Processing /opt/airflow/dags/smart_city_traffic_batch_dag.py took 0.658 seconds
[2026-05-08T07:16:08.756+0000] {processor.py:161} INFO - Started process (PID=228) to work on /opt/airflow/dags/smart_city_traffic_batch_dag.py
[2026-05-08T07:16:08.765+0000] {processor.py:830} INFO - Processing file /opt/airflow/dags/smart_city_traffic_batch_dag.py for tasks to queue
[2026-05-08T07:16:08.800+0000] {logging_mixin.py:188} INFO - [2026-05-08T07:16:08.796+0000] {dagbag.py:545} INFO - Filling up the DagBag from /opt/airflow/dags/smart_city_traffic_batch_dag.py
[2026-05-08T07:16:09.015+0000] {processor.py:840} INFO - DAG(s) 'smart_city_traffic_batch_dag' retrieved from /opt/airflow/dags/smart_city_traffic_batch_dag.py
[2026-05-08T07:16:09.519+0000] {logging_mixin.py:188} INFO - [2026-05-08T07:16:09.518+0000] {dag.py:3089} INFO - Sync 1 DAGs
[2026-05-08T07:16:09.641+0000] {logging_mixin.py:188} INFO - [2026-05-08T07:16:09.640+0000] {dag.py:3947} INFO - Setting next_dagrun for smart_city_traffic_batch_dag to 2026-05-08 01:00:00+00:00, run_after=2026-05-09 01:00:00+00:00
[2026-05-08T07:16:09.722+0000] {processor.py:183} INFO - Processing /opt/airflow/dags/smart_city_traffic_batch_dag.py took 1.050 seconds
[2026-05-08T07:16:40.003+0000] {processor.py:161} INFO - Started process (PID=233) to work on /opt/airflow/dags/smart_city_traffic_batch_dag.py
[2026-05-08T07:16:40.007+0000] {processor.py:830} INFO - Processing file /opt/airflow/dags/smart_city_traffic_batch_dag.py for tasks to queue
[2026-05-08T07:16:40.021+0000] {logging_mixin.py:188} INFO - [2026-05-08T07:16:40.019+0000] {dagbag.py:545} INFO - Filling up the DagBag from /opt/airflow/dags/smart_city_traffic_batch_dag.py
[2026-05-08T07:16:40.111+0000] {processor.py:840} INFO - DAG(s) 'smart_city_traffic_batch_dag' retrieved from /opt/airflow/dags/smart_city_traffic_batch_dag.py
[2026-05-08T07:16:40.249+0000] {logging_mixin.py:188} INFO - [2026-05-08T07:16:40.249+0000] {dag.py:3089} INFO - Sync 1 DAGs
[2026-05-08T07:16:40.325+0000] {logging_mixin.py:188} INFO - [2026-05-08T07:16:40.325+0000] {dag.py:3947} INFO - Setting next_dagrun for smart_city_traffic_batch_dag to 2026-05-08 01:00:00+00:00, run_after=2026-05-09 01:00:00+00:00
[2026-05-08T07:16:40.384+0000] {processor.py:183} INFO - Processing /opt/airflow/dags/smart_city_traffic_batch_dag.py took 0.413 seconds
[2026-05-08T07:17:10.780+0000] {processor.py:161} INFO - Started process (PID=238) to work on /opt/airflow/dags/smart_city_traffic_batch_dag.py
[2026-05-08T07:17:10.783+0000] {processor.py:830} INFO - Processing file /opt/airflow/dags/smart_city_traffic_batch_dag.py for tasks to queue
[2026-05-08T07:17:10.788+0000] {logging_mixin.py:188} INFO - [2026-05-08T07:17:10.788+0000] {dagbag.py:545} INFO - Filling up the DagBag from /opt/airflow/dags/smart_city_traffic_batch_dag.py
[2026-05-08T07:17:10.837+0000] {processor.py:840} INFO - DAG(s) 'smart_city_traffic_batch_dag' retrieved from /opt/airflow/dags/smart_city_traffic_batch_dag.py
[2026-05-08T07:17:10.915+0000] {logging_mixin.py:188} INFO - [2026-05-08T07:17:10.914+0000] {dag.py:3089} INFO - Sync 1 DAGs
[2026-05-08T07:17:10.960+0000] {logging_mixin.py:188} INFO - [2026-05-08T07:17:10.960+0000] {dag.py:3947} INFO - Setting next_dagrun for smart_city_traffic_batch_dag to 2026-05-08 01:00:00+00:00, run_after=2026-05-09 01:00:00+00:00
[2026-05-08T07:17:11.005+0000] {processor.py:183} INFO - Processing /opt/airflow/dags/smart_city_traffic_batch_dag.py took 0.241 seconds
[2026-05-08T07:17:41.389+0000] {processor.py:161} INFO - Started process (PID=243) to work on /opt/airflow/dags/smart_city_traffic_batch_dag.py
[2026-05-08T07:17:41.391+0000] {processor.py:830} INFO - Processing file /opt/airflow/dags/smart_city_traffic_batch_dag.py for tasks to queue
[2026-05-08T07:17:41.395+0000] {logging_mixin.py:188} INFO - [2026-05-08T07:17:41.395+0000] {dagbag.py:545} INFO - Filling up the DagBag from /opt/airflow/dags/smart_city_traffic_batch_dag.py
[2026-05-08T07:17:41.444+0000] {processor.py:840} INFO - DAG(s) 'smart_city_traffic_batch_dag' retrieved from /opt/airflow/dags/smart_city_traffic_batch_dag.py
[2026-05-08T07:17:41.529+0000] {logging_mixin.py:188} INFO - [2026-05-08T07:17:41.528+0000] {dag.py:3089} INFO - Sync 1 DAGs
[2026-05-08T07:17:41.572+0000] {logging_mixin.py:188} INFO - [2026-05-08T07:17:41.571+0000] {dag.py:3947} INFO - Setting next_dagrun for smart_city_traffic_batch_dag to 2026-05-08 01:00:00+00:00, run_after=2026-05-09 01:00:00+00:00
[2026-05-08T07:17:41.619+0000] {processor.py:183} INFO - Processing /opt/airflow/dags/smart_city_traffic_batch_dag.py took 0.246 seconds
[2026-05-08T07:18:11.968+0000] {processor.py:161} INFO - Started process (PID=248) to work on /opt/airflow/dags/smart_city_traffic_batch_dag.py
[2026-05-08T07:18:11.971+0000] {processor.py:830} INFO - Processing file /opt/airflow/dags/smart_city_traffic_batch_dag.py for tasks to queue
[2026-05-08T07:18:11.975+0000] {logging_mixin.py:188} INFO - [2026-05-08T07:18:11.974+0000] {dagbag.py:545} INFO - Filling up the DagBag from /opt/airflow/dags/smart_city_traffic_batch_dag.py
[2026-05-08T07:18:12.018+0000] {processor.py:840} INFO - DAG(s) 'smart_city_traffic_batch_dag' retrieved from /opt/airflow/dags/smart_city_traffic_batch_dag.py
[2026-05-08T07:18:12.080+0000] {logging_mixin.py:188} INFO - [2026-05-08T07:18:12.080+0000] {dag.py:3089} INFO - Sync 1 DAGs
[2026-05-08T07:18:12.130+0000] {logging_mixin.py:188} INFO - [2026-05-08T07:18:12.130+0000] {dag.py:3947} INFO - Setting next_dagrun for smart_city_traffic_batch_dag to 2026-05-08 01:00:00+00:00, run_after=2026-05-09 01:00:00+00:00
[2026-05-08T07:18:12.174+0000] {processor.py:183} INFO - Processing /opt/airflow/dags/smart_city_traffic_batch_dag.py took 0.218 seconds
[2026-05-08T07:18:42.946+0000] {processor.py:161} INFO - Started process (PID=253) to work on /opt/airflow/dags/smart_city_traffic_batch_dag.py
[2026-05-08T07:18:42.957+0000] {processor.py:830} INFO - Processing file /opt/airflow/dags/smart_city_traffic_batch_dag.py for tasks to queue
[2026-05-08T07:18:42.991+0000] {logging_mixin.py:188} INFO - [2026-05-08T07:18:42.986+0000] {dagbag.py:545} INFO - Filling up the DagBag from /opt/airflow/dags/smart_city_traffic_batch_dag.py
[2026-05-08T07:18:43.203+0000] {processor.py:840} INFO - DAG(s) 'smart_city_traffic_batch_dag' retrieved from /opt/airflow/dags/smart_city_traffic_batch_dag.py
[2026-05-08T07:18:43.494+0000] {logging_mixin.py:188} INFO - [2026-05-08T07:18:43.494+0000] {dag.py:3089} INFO - Sync 1 DAGs
[2026-05-08T07:18:43.608+0000] {logging_mixin.py:188} INFO - [2026-05-08T07:18:43.607+0000] {dag.py:3947} INFO - Setting next_dagrun for smart_city_traffic_batch_dag to 2026-05-08 01:00:00+00:00, run_after=2026-05-09 01:00:00+00:00
[2026-05-08T07:18:43.676+0000] {processor.py:183} INFO - Processing /opt/airflow/dags/smart_city_traffic_batch_dag.py took 0.810 seconds
[2026-05-08T07:19:14.265+0000] {processor.py:161} INFO - Started process (PID=258) to work on /opt/airflow/dags/smart_city_traffic_batch_dag.py
[2026-05-08T07:19:14.271+0000] {processor.py:830} INFO - Processing file /opt/airflow/dags/smart_city_traffic_batch_dag.py for tasks to queue
[2026-05-08T07:19:14.292+0000] {logging_mixin.py:188} INFO - [2026-05-08T07:19:14.288+0000] {dagbag.py:545} INFO - Filling up the DagBag from /opt/airflow/dags/smart_city_traffic_batch_dag.py
[2026-05-08T07:19:14.416+0000] {processor.py:840} INFO - DAG(s) 'smart_city_traffic_batch_dag' retrieved from /opt/airflow/dags/smart_city_traffic_batch_dag.py
[2026-05-08T07:19:14.607+0000] {logging_mixin.py:188} INFO - [2026-05-08T07:19:14.606+0000] {dag.py:3089} INFO - Sync 1 DAGs
[2026-05-08T07:19:14.743+0000] {logging_mixin.py:188} INFO - [2026-05-08T07:19:14.742+0000] {dag.py:3947} INFO - Setting next_dagrun for smart_city_traffic_batch_dag to 2026-05-08 01:00:00+00:00, run_after=2026-05-09 01:00:00+00:00
[2026-05-08T07:19:14.812+0000] {processor.py:183} INFO - Processing /opt/airflow/dags/smart_city_traffic_batch_dag.py took 0.593 seconds
[2026-05-08T07:19:45.617+0000] {processor.py:161} INFO - Started process (PID=263) to work on /opt/airflow/dags/smart_city_traffic_batch_dag.py
[2026-05-08T07:19:45.621+0000] {processor.py:830} INFO - Processing file /opt/airflow/dags/smart_city_traffic_batch_dag.py for tasks to queue
[2026-05-08T07:19:45.640+0000] {logging_mixin.py:188} INFO - [2026-05-08T07:19:45.637+0000] {dagbag.py:545} INFO - Filling up the DagBag from /opt/airflow/dags/smart_city_traffic_batch_dag.py
[2026-05-08T07:19:45.750+0000] {processor.py:840} INFO - DAG(s) 'smart_city_traffic_batch_dag' retrieved from /opt/airflow/dags/smart_city_traffic_batch_dag.py
[2026-05-08T07:19:45.928+0000] {logging_mixin.py:188} INFO - [2026-05-08T07:19:45.928+0000] {dag.py:3089} INFO - Sync 1 DAGs
[2026-05-08T07:19:46.019+0000] {logging_mixin.py:188} INFO - [2026-05-08T07:19:46.018+0000] {dag.py:3947} INFO - Setting next_dagrun for smart_city_traffic_batch_dag to 2026-05-08 01:00:00+00:00, run_after=2026-05-09 01:00:00+00:00
[2026-05-08T07:19:46.081+0000] {processor.py:183} INFO - Processing /opt/airflow/dags/smart_city_traffic_batch_dag.py took 0.516 seconds
[2026-05-08T07:20:16.493+0000] {processor.py:161} INFO - Started process (PID=268) to work on /opt/airflow/dags/smart_city_traffic_batch_dag.py
[2026-05-08T07:20:16.496+0000] {processor.py:830} INFO - Processing file /opt/airflow/dags/smart_city_traffic_batch_dag.py for tasks to queue
[2026-05-08T07:20:16.506+0000] {logging_mixin.py:188} INFO - [2026-05-08T07:20:16.504+0000] {dagbag.py:545} INFO - Filling up the DagBag from /opt/airflow/dags/smart_city_traffic_batch_dag.py
[2026-05-08T07:20:16.588+0000] {processor.py:840} INFO - DAG(s) 'smart_city_traffic_batch_dag' retrieved from /opt/airflow/dags/smart_city_traffic_batch_dag.py
[2026-05-08T07:20:16.722+0000] {logging_mixin.py:188} INFO - [2026-05-08T07:20:16.722+0000] {dag.py:3089} INFO - Sync 1 DAGs
[2026-05-08T07:20:16.783+0000] {logging_mixin.py:188} INFO - [2026-05-08T07:20:16.783+0000] {dag.py:3947} INFO - Setting next_dagrun for smart_city_traffic_batch_dag to 2026-05-08 01:00:00+00:00, run_after=2026-05-09 01:00:00+00:00
[2026-05-08T07:20:16.830+0000] {processor.py:183} INFO - Processing /opt/airflow/dags/smart_city_traffic_batch_dag.py took 0.354 seconds
[2026-05-08T07:20:47.601+0000] {processor.py:161} INFO - Started process (PID=273) to work on /opt/airflow/dags/smart_city_traffic_batch_dag.py
[2026-05-08T07:20:47.605+0000] {processor.py:830} INFO - Processing file /opt/airflow/dags/smart_city_traffic_batch_dag.py for tasks to queue
[2026-05-08T07:20:47.623+0000] {logging_mixin.py:188} INFO - [2026-05-08T07:20:47.620+0000] {dagbag.py:545} INFO - Filling up the DagBag from /opt/airflow/dags/smart_city_traffic_batch_dag.py
[2026-05-08T07:20:47.740+0000] {processor.py:840} INFO - DAG(s) 'smart_city_traffic_batch_dag' retrieved from /opt/airflow/dags/smart_city_traffic_batch_dag.py
[2026-05-08T07:20:48.014+0000] {logging_mixin.py:188} INFO - [2026-05-08T07:20:48.013+0000] {dag.py:3089} INFO - Sync 1 DAGs
[2026-05-08T07:20:48.187+0000] {logging_mixin.py:188} INFO - [2026-05-08T07:20:48.186+0000] {dag.py:3947} INFO - Setting next_dagrun for smart_city_traffic_batch_dag to 2026-05-08 01:00:00+00:00, run_after=2026-05-09 01:00:00+00:00
[2026-05-08T07:20:48.291+0000] {processor.py:183} INFO - Processing /opt/airflow/dags/smart_city_traffic_batch_dag.py took 0.741 seconds
[2026-05-08T07:21:18.946+0000] {processor.py:161} INFO - Started process (PID=278) to work on /opt/airflow/dags/smart_city_traffic_batch_dag.py
[2026-05-08T07:21:18.952+0000] {processor.py:830} INFO - Processing file /opt/airflow/dags/smart_city_traffic_batch_dag.py for tasks to queue
[2026-05-08T07:21:18.974+0000] {logging_mixin.py:188} INFO - [2026-05-08T07:21:18.970+0000] {dagbag.py:545} INFO - Filling up the DagBag from /opt/airflow/dags/smart_city_traffic_batch_dag.py
[2026-05-08T07:21:19.110+0000] {processor.py:840} INFO - DAG(s) 'smart_city_traffic_batch_dag' retrieved from /opt/airflow/dags/smart_city_traffic_batch_dag.py
[2026-05-08T07:21:19.302+0000] {logging_mixin.py:188} INFO - [2026-05-08T07:21:19.301+0000] {dag.py:3089} INFO - Sync 1 DAGs
[2026-05-08T07:21:19.394+0000] {logging_mixin.py:188} INFO - [2026-05-08T07:21:19.393+0000] {dag.py:3947} INFO - Setting next_dagrun for smart_city_traffic_batch_dag to 2026-05-08 01:00:00+00:00, run_after=2026-05-09 01:00:00+00:00
[2026-05-08T07:21:19.452+0000] {processor.py:183} INFO - Processing /opt/airflow/dags/smart_city_traffic_batch_dag.py took 0.571 seconds
[2026-05-08T07:21:50.083+0000] {processor.py:161} INFO - Started process (PID=283) to work on /opt/airflow/dags/smart_city_traffic_batch_dag.py
[2026-05-08T07:21:50.087+0000] {processor.py:830} INFO - Processing file /opt/airflow/dags/smart_city_traffic_batch_dag.py for tasks to queue
[2026-05-08T07:21:50.110+0000] {logging_mixin.py:188} INFO - [2026-05-08T07:21:50.106+0000] {dagbag.py:545} INFO - Filling up the DagBag from /opt/airflow/dags/smart_city_traffic_batch_dag.py
[2026-05-08T07:21:50.262+0000] {processor.py:840} INFO - DAG(s) 'smart_city_traffic_batch_dag' retrieved from /opt/airflow/dags/smart_city_traffic_batch_dag.py
[2026-05-08T07:21:50.473+0000] {logging_mixin.py:188} INFO - [2026-05-08T07:21:50.473+0000] {dag.py:3089} INFO - Sync 1 DAGs
[2026-05-08T07:21:50.573+0000] {logging_mixin.py:188} INFO - [2026-05-08T07:21:50.572+0000] {dag.py:3947} INFO - Setting next_dagrun for smart_city_traffic_batch_dag to 2026-05-08 01:00:00+00:00, run_after=2026-05-09 01:00:00+00:00
[2026-05-08T07:21:50.644+0000] {processor.py:183} INFO - Processing /opt/airflow/dags/smart_city_traffic_batch_dag.py took 0.617 seconds
[2026-05-08T07:22:21.023+0000] {processor.py:161} INFO - Started process (PID=288) to work on /opt/airflow/dags/smart_city_traffic_batch_dag.py
[2026-05-08T07:22:21.026+0000] {processor.py:830} INFO - Processing file /opt/airflow/dags/smart_city_traffic_batch_dag.py for tasks to queue
[2026-05-08T07:22:21.032+0000] {logging_mixin.py:188} INFO - [2026-05-08T07:22:21.031+0000] {dagbag.py:545} INFO - Filling up the DagBag from /opt/airflow/dags/smart_city_traffic_batch_dag.py
[2026-05-08T07:22:21.089+0000] {processor.py:840} INFO - DAG(s) 'smart_city_traffic_batch_dag' retrieved from /opt/airflow/dags/smart_city_traffic_batch_dag.py
[2026-05-08T07:22:21.180+0000] {logging_mixin.py:188} INFO - [2026-05-08T07:22:21.179+0000] {dag.py:3089} INFO - Sync 1 DAGs
[2026-05-08T07:22:21.242+0000] {logging_mixin.py:188} INFO - [2026-05-08T07:22:21.241+0000] {dag.py:3947} INFO - Setting next_dagrun for smart_city_traffic_batch_dag to 2026-05-08 01:00:00+00:00, run_after=2026-05-09 01:00:00+00:00
[2026-05-08T07:22:21.293+0000] {processor.py:183} INFO - Processing /opt/airflow/dags/smart_city_traffic_batch_dag.py took 0.292 seconds
[2026-05-08T07:22:51.814+0000] {processor.py:161} INFO - Started process (PID=293) to work on /opt/airflow/dags/smart_city_traffic_batch_dag.py
[2026-05-08T07:22:51.821+0000] {processor.py:830} INFO - Processing file /opt/airflow/dags/smart_city_traffic_batch_dag.py for tasks to queue
[2026-05-08T07:22:51.842+0000] {logging_mixin.py:188} INFO - [2026-05-08T07:22:51.839+0000] {dagbag.py:545} INFO - Filling up the DagBag from /opt/airflow/dags/smart_city_traffic_batch_dag.py
[2026-05-08T07:22:51.983+0000] {processor.py:840} INFO - DAG(s) 'smart_city_traffic_batch_dag' retrieved from /opt/airflow/dags/smart_city_traffic_batch_dag.py
[2026-05-08T07:22:52.248+0000] {logging_mixin.py:188} INFO - [2026-05-08T07:22:52.247+0000] {dag.py:3089} INFO - Sync 1 DAGs
[2026-05-08T07:22:52.346+0000] {logging_mixin.py:188} INFO - [2026-05-08T07:22:52.346+0000] {dag.py:3947} INFO - Setting next_dagrun for smart_city_traffic_batch_dag to 2026-05-08 01:00:00+00:00, run_after=2026-05-09 01:00:00+00:00
[2026-05-08T07:22:52.403+0000] {processor.py:183} INFO - Processing /opt/airflow/dags/smart_city_traffic_batch_dag.py took 0.655 seconds
[2026-05-08T07:23:22.559+0000] {processor.py:161} INFO - Started process (PID=298) to work on /opt/airflow/dags/smart_city_traffic_batch_dag.py
[2026-05-08T07:23:22.563+0000] {processor.py:830} INFO - Processing file /opt/airflow/dags/smart_city_traffic_batch_dag.py for tasks to queue
[2026-05-08T07:23:22.570+0000] {logging_mixin.py:188} INFO - [2026-05-08T07:23:22.568+0000] {dagbag.py:545} INFO - Filling up the DagBag from /opt/airflow/dags/smart_city_traffic_batch_dag.py
[2026-05-08T07:23:22.628+0000] {processor.py:840} INFO - DAG(s) 'smart_city_traffic_batch_dag' retrieved from /opt/airflow/dags/smart_city_traffic_batch_dag.py
[2026-05-08T07:23:22.717+0000] {logging_mixin.py:188} INFO - [2026-05-08T07:23:22.716+0000] {dag.py:3089} INFO - Sync 1 DAGs
[2026-05-08T07:23:22.768+0000] {logging_mixin.py:188} INFO - [2026-05-08T07:23:22.768+0000] {dag.py:3947} INFO - Setting next_dagrun for smart_city_traffic_batch_dag to 2026-05-08 01:00:00+00:00, run_after=2026-05-09 01:00:00+00:00
[2026-05-08T07:23:22.805+0000] {processor.py:183} INFO - Processing /opt/airflow/dags/smart_city_traffic_batch_dag.py took 0.271 seconds
[2026-05-08T07:23:52.935+0000] {processor.py:161} INFO - Started process (PID=303) to work on /opt/airflow/dags/smart_city_traffic_batch_dag.py
[2026-05-08T07:23:52.938+0000] {processor.py:830} INFO - Processing file /opt/airflow/dags/smart_city_traffic_batch_dag.py for tasks to queue
[2026-05-08T07:23:52.942+0000] {logging_mixin.py:188} INFO - [2026-05-08T07:23:52.941+0000] {dagbag.py:545} INFO - Filling up the DagBag from /opt/airflow/dags/smart_city_traffic_batch_dag.py
[2026-05-08T07:23:52.987+0000] {processor.py:840} INFO - DAG(s) 'smart_city_traffic_batch_dag' retrieved from /opt/airflow/dags/smart_city_traffic_batch_dag.py
[2026-05-08T07:23:53.069+0000] {logging_mixin.py:188} INFO - [2026-05-08T07:23:53.068+0000] {dag.py:3089} INFO - Sync 1 DAGs
[2026-05-08T07:23:53.114+0000] {logging_mixin.py:188} INFO - [2026-05-08T07:23:53.113+0000] {dag.py:3947} INFO - Setting next_dagrun for smart_city_traffic_batch_dag to 2026-05-08 01:00:00+00:00, run_after=2026-05-09 01:00:00+00:00
[2026-05-08T07:23:53.157+0000] {processor.py:183} INFO - Processing /opt/airflow/dags/smart_city_traffic_batch_dag.py took 0.237 seconds
[2026-05-08T07:24:23.352+0000] {processor.py:161} INFO - Started process (PID=308) to work on /opt/airflow/dags/smart_city_traffic_batch_dag.py
[2026-05-08T07:24:23.354+0000] {processor.py:830} INFO - Processing file /opt/airflow/dags/smart_city_traffic_batch_dag.py for tasks to queue
[2026-05-08T07:24:23.358+0000] {logging_mixin.py:188} INFO - [2026-05-08T07:24:23.357+0000] {dagbag.py:545} INFO - Filling up the DagBag from /opt/airflow/dags/smart_city_traffic_batch_dag.py
[2026-05-08T07:24:23.401+0000] {processor.py:840} INFO - DAG(s) 'smart_city_traffic_batch_dag' retrieved from /opt/airflow/dags/smart_city_traffic_batch_dag.py
[2026-05-08T07:24:23.477+0000] {logging_mixin.py:188} INFO - [2026-05-08T07:24:23.477+0000] {dag.py:3089} INFO - Sync 1 DAGs
[2026-05-08T07:24:23.523+0000] {logging_mixin.py:188} INFO - [2026-05-08T07:24:23.523+0000] {dag.py:3947} INFO - Setting next_dagrun for smart_city_traffic_batch_dag to 2026-05-08 01:00:00+00:00, run_after=2026-05-09 01:00:00+00:00
[2026-05-08T07:24:23.562+0000] {processor.py:183} INFO - Processing /opt/airflow/dags/smart_city_traffic_batch_dag.py took 0.221 seconds
[2026-05-08T07:24:53.688+0000] {processor.py:161} INFO - Started process (PID=313) to work on /opt/airflow/dags/smart_city_traffic_batch_dag.py
[2026-05-08T07:24:53.692+0000] {processor.py:830} INFO - Processing file /opt/airflow/dags/smart_city_traffic_batch_dag.py for tasks to queue
[2026-05-08T07:24:53.697+0000] {logging_mixin.py:188} INFO - [2026-05-08T07:24:53.696+0000] {dagbag.py:545} INFO - Filling up the DagBag from /opt/airflow/dags/smart_city_traffic_batch_dag.py
[2026-05-08T07:24:53.748+0000] {processor.py:840} INFO - DAG(s) 'smart_city_traffic_batch_dag' retrieved from /opt/airflow/dags/smart_city_traffic_batch_dag.py
[2026-05-08T07:24:53.827+0000] {logging_mixin.py:188} INFO - [2026-05-08T07:24:53.826+0000] {dag.py:3089} INFO - Sync 1 DAGs
[2026-05-08T07:24:53.880+0000] {logging_mixin.py:188} INFO - [2026-05-08T07:24:53.880+0000] {dag.py:3947} INFO - Setting next_dagrun for smart_city_traffic_batch_dag to 2026-05-08 01:00:00+00:00, run_after=2026-05-09 01:00:00+00:00
[2026-05-08T07:24:53.923+0000] {processor.py:183} INFO - Processing /opt/airflow/dags/smart_city_traffic_batch_dag.py took 0.248 seconds
[2026-05-08T07:25:24.089+0000] {processor.py:161} INFO - Started process (PID=318) to work on /opt/airflow/dags/smart_city_traffic_batch_dag.py
[2026-05-08T07:25:24.092+0000] {processor.py:830} INFO - Processing file /opt/airflow/dags/smart_city_traffic_batch_dag.py for tasks to queue
[2026-05-08T07:25:24.097+0000] {logging_mixin.py:188} INFO - [2026-05-08T07:25:24.096+0000] {dagbag.py:545} INFO - Filling up the DagBag from /opt/airflow/dags/smart_city_traffic_batch_dag.py
[2026-05-08T07:25:24.141+0000] {processor.py:840} INFO - DAG(s) 'smart_city_traffic_batch_dag' retrieved from /opt/airflow/dags/smart_city_traffic_batch_dag.py
[2026-05-08T07:25:24.208+0000] {logging_mixin.py:188} INFO - [2026-05-08T07:25:24.208+0000] {dag.py:3089} INFO - Sync 1 DAGs
[2026-05-08T07:25:24.256+0000] {logging_mixin.py:188} INFO - [2026-05-08T07:25:24.256+0000] {dag.py:3947} INFO - Setting next_dagrun for smart_city_traffic_batch_dag to 2026-05-08 01:00:00+00:00, run_after=2026-05-09 01:00:00+00:00
[2026-05-08T07:25:24.297+0000] {processor.py:183} INFO - Processing /opt/airflow/dags/smart_city_traffic_batch_dag.py took 0.218 seconds
[2026-05-08T07:25:54.529+0000] {processor.py:161} INFO - Started process (PID=323) to work on /opt/airflow/dags/smart_city_traffic_batch_dag.py
[2026-05-08T07:25:54.531+0000] {processor.py:830} INFO - Processing file /opt/airflow/dags/smart_city_traffic_batch_dag.py for tasks to queue
[2026-05-08T07:25:54.535+0000] {logging_mixin.py:188} INFO - [2026-05-08T07:25:54.535+0000] {dagbag.py:545} INFO - Filling up the DagBag from /opt/airflow/dags/smart_city_traffic_batch_dag.py
[2026-05-08T07:25:54.576+0000] {processor.py:840} INFO - DAG(s) 'smart_city_traffic_batch_dag' retrieved from /opt/airflow/dags/smart_city_traffic_batch_dag.py
[2026-05-08T07:25:54.642+0000] {logging_mixin.py:188} INFO - [2026-05-08T07:25:54.642+0000] {dag.py:3089} INFO - Sync 1 DAGs
[2026-05-08T07:25:54.687+0000] {logging_mixin.py:188} INFO - [2026-05-08T07:25:54.687+0000] {dag.py:3947} INFO - Setting next_dagrun for smart_city_traffic_batch_dag to 2026-05-08 01:00:00+00:00, run_after=2026-05-09 01:00:00+00:00
[2026-05-08T07:25:54.729+0000] {processor.py:183} INFO - Processing /opt/airflow/dags/smart_city_traffic_batch_dag.py took 0.211 seconds
[2026-05-08T07:26:24.868+0000] {processor.py:161} INFO - Started process (PID=328) to work on /opt/airflow/dags/smart_city_traffic_batch_dag.py
[2026-05-08T07:26:24.870+0000] {processor.py:830} INFO - Processing file /opt/airflow/dags/smart_city_traffic_batch_dag.py for tasks to queue
[2026-05-08T07:26:24.876+0000] {logging_mixin.py:188} INFO - [2026-05-08T07:26:24.875+0000] {dagbag.py:545} INFO - Filling up the DagBag from /opt/airflow/dags/smart_city_traffic_batch_dag.py
[2026-05-08T07:26:24.918+0000] {processor.py:840} INFO - DAG(s) 'smart_city_traffic_batch_dag' retrieved from /opt/airflow/dags/smart_city_traffic_batch_dag.py
[2026-05-08T07:26:24.990+0000] {logging_mixin.py:188} INFO - [2026-05-08T07:26:24.989+0000] {dag.py:3089} INFO - Sync 1 DAGs
[2026-05-08T07:26:25.037+0000] {logging_mixin.py:188} INFO - [2026-05-08T07:26:25.036+0000] {dag.py:3947} INFO - Setting next_dagrun for smart_city_traffic_batch_dag to 2026-05-08 01:00:00+00:00, run_after=2026-05-09 01:00:00+00:00
[2026-05-08T07:26:25.073+0000] {processor.py:183} INFO - Processing /opt/airflow/dags/smart_city_traffic_batch_dag.py took 0.215 seconds
[2026-05-08T07:26:55.405+0000] {processor.py:161} INFO - Started process (PID=333) to work on /opt/airflow/dags/smart_city_traffic_batch_dag.py
[2026-05-08T07:26:55.409+0000] {processor.py:830} INFO - Processing file /opt/airflow/dags/smart_city_traffic_batch_dag.py for tasks to queue
[2026-05-08T07:26:55.414+0000] {logging_mixin.py:188} INFO - [2026-05-08T07:26:55.413+0000] {dagbag.py:545} INFO - Filling up the DagBag from /opt/airflow/dags/smart_city_traffic_batch_dag.py
[2026-05-08T07:26:55.455+0000] {processor.py:840} INFO - DAG(s) 'smart_city_traffic_batch_dag' retrieved from /opt/airflow/dags/smart_city_traffic_batch_dag.py
[2026-05-08T07:26:55.523+0000] {logging_mixin.py:188} INFO - [2026-05-08T07:26:55.523+0000] {dag.py:3089} INFO - Sync 1 DAGs
[2026-05-08T07:26:55.564+0000] {logging_mixin.py:188} INFO - [2026-05-08T07:26:55.563+0000] {dag.py:3947} INFO - Setting next_dagrun for smart_city_traffic_batch_dag to 2026-05-08 01:00:00+00:00, run_after=2026-05-09 01:00:00+00:00
[2026-05-08T07:26:55.602+0000] {processor.py:183} INFO - Processing /opt/airflow/dags/smart_city_traffic_batch_dag.py took 0.207 seconds
[2026-05-08T07:27:25.920+0000] {processor.py:161} INFO - Started process (PID=338) to work on /opt/airflow/dags/smart_city_traffic_batch_dag.py
[2026-05-08T07:27:25.922+0000] {processor.py:830} INFO - Processing file /opt/airflow/dags/smart_city_traffic_batch_dag.py for tasks to queue
[2026-05-08T07:27:25.926+0000] {logging_mixin.py:188} INFO - [2026-05-08T07:27:25.926+0000] {dagbag.py:545} INFO - Filling up the DagBag from /opt/airflow/dags/smart_city_traffic_batch_dag.py
[2026-05-08T07:27:25.966+0000] {processor.py:840} INFO - DAG(s) 'smart_city_traffic_batch_dag' retrieved from /opt/airflow/dags/smart_city_traffic_batch_dag.py
[2026-05-08T07:27:26.034+0000] {logging_mixin.py:188} INFO - [2026-05-08T07:27:26.033+0000] {dag.py:3089} INFO - Sync 1 DAGs
[2026-05-08T07:27:26.076+0000] {logging_mixin.py:188} INFO - [2026-05-08T07:27:26.076+0000] {dag.py:3947} INFO - Setting next_dagrun for smart_city_traffic_batch_dag to 2026-05-08 01:00:00+00:00, run_after=2026-05-09 01:00:00+00:00
[2026-05-08T07:27:26.114+0000] {processor.py:183} INFO - Processing /opt/airflow/dags/smart_city_traffic_batch_dag.py took 0.204 seconds
[2026-05-08T07:27:56.501+0000] {processor.py:161} INFO - Started process (PID=343) to work on /opt/airflow/dags/smart_city_traffic_batch_dag.py
[2026-05-08T07:27:56.505+0000] {processor.py:830} INFO - Processing file /opt/airflow/dags/smart_city_traffic_batch_dag.py for tasks to queue
[2026-05-08T07:27:56.514+0000] {logging_mixin.py:188} INFO - [2026-05-08T07:27:56.514+0000] {dagbag.py:545} INFO - Filling up the DagBag from /opt/airflow/dags/smart_city_traffic_batch_dag.py
[2026-05-08T07:27:56.557+0000] {processor.py:840} INFO - DAG(s) 'smart_city_traffic_batch_dag' retrieved from /opt/airflow/dags/smart_city_traffic_batch_dag.py
[2026-05-08T07:27:56.640+0000] {logging_mixin.py:188} INFO - [2026-05-08T07:27:56.640+0000] {dag.py:3089} INFO - Sync 1 DAGs
[2026-05-08T07:27:56.684+0000] {logging_mixin.py:188} INFO - [2026-05-08T07:27:56.684+0000] {dag.py:3947} INFO - Setting next_dagrun for smart_city_traffic_batch_dag to 2026-05-08 01:00:00+00:00, run_after=2026-05-09 01:00:00+00:00
[2026-05-08T07:27:56.722+0000] {processor.py:183} INFO - Processing /opt/airflow/dags/smart_city_traffic_batch_dag.py took 0.248 seconds
[2026-05-08T07:28:27.019+0000] {processor.py:161} INFO - Started process (PID=348) to work on /opt/airflow/dags/smart_city_traffic_batch_dag.py
[2026-05-08T07:28:27.022+0000] {processor.py:830} INFO - Processing file /opt/airflow/dags/smart_city_traffic_batch_dag.py for tasks to queue
[2026-05-08T07:28:27.026+0000] {logging_mixin.py:188} INFO - [2026-05-08T07:28:27.025+0000] {dagbag.py:545} INFO - Filling up the DagBag from /opt/airflow/dags/smart_city_traffic_batch_dag.py
[2026-05-08T07:28:27.076+0000] {processor.py:840} INFO - DAG(s) 'smart_city_traffic_batch_dag' retrieved from /opt/airflow/dags/smart_city_traffic_batch_dag.py
[2026-05-08T07:28:27.147+0000] {logging_mixin.py:188} INFO - [2026-05-08T07:28:27.146+0000] {dag.py:3089} INFO - Sync 1 DAGs
[2026-05-08T07:28:27.191+0000] {logging_mixin.py:188} INFO - [2026-05-08T07:28:27.191+0000] {dag.py:3947} INFO - Setting next_dagrun for smart_city_traffic_batch_dag to 2026-05-08 01:00:00+00:00, run_after=2026-05-09 01:00:00+00:00
[2026-05-08T07:28:27.232+0000] {processor.py:183} INFO - Processing /opt/airflow/dags/smart_city_traffic_batch_dag.py took 0.224 seconds
[2026-05-08T07:29:01.588+0000] {processor.py:161} INFO - Started process (PID=353) to work on /opt/airflow/dags/smart_city_traffic_batch_dag.py
[2026-05-08T07:29:01.608+0000] {processor.py:830} INFO - Processing file /opt/airflow/dags/smart_city_traffic_batch_dag.py for tasks to queue
[2026-05-08T07:29:01.650+0000] {logging_mixin.py:188} INFO - [2026-05-08T07:29:01.645+0000] {dagbag.py:545} INFO - Filling up the DagBag from /opt/airflow/dags/smart_city_traffic_batch_dag.py
[2026-05-08T07:29:01.870+0000] {processor.py:840} INFO - DAG(s) 'smart_city_traffic_batch_dag' retrieved from /opt/airflow/dags/smart_city_traffic_batch_dag.py
[2026-05-08T07:29:02.406+0000] {logging_mixin.py:188} INFO - [2026-05-08T07:29:02.405+0000] {dag.py:3089} INFO - Sync 1 DAGs
[2026-05-08T07:29:02.736+0000] {logging_mixin.py:188} INFO - [2026-05-08T07:29:02.732+0000] {dag.py:3947} INFO - Setting next_dagrun for smart_city_traffic_batch_dag to 2026-05-08 01:00:00+00:00, run_after=2026-05-09 01:00:00+00:00
[2026-05-08T07:29:02.865+0000] {processor.py:183} INFO - Processing /opt/airflow/dags/smart_city_traffic_batch_dag.py took 1.409 seconds
[2026-05-08T08:14:46.020+0000] {processor.py:161} INFO - Started process (PID=358) to work on /opt/airflow/dags/smart_city_traffic_batch_dag.py
[2026-05-08T08:14:46.039+0000] {processor.py:830} INFO - Processing file /opt/airflow/dags/smart_city_traffic_batch_dag.py for tasks to queue
[2026-05-08T08:14:46.110+0000] {logging_mixin.py:188} INFO - [2026-05-08T08:14:46.094+0000] {dagbag.py:545} INFO - Filling up the DagBag from /opt/airflow/dags/smart_city_traffic_batch_dag.py
[2026-05-08T08:14:46.789+0000] {processor.py:840} INFO - DAG(s) 'smart_city_traffic_batch_dag' retrieved from /opt/airflow/dags/smart_city_traffic_batch_dag.py
[2026-05-08T08:14:47.299+0000] {logging_mixin.py:188} INFO - [2026-05-08T08:14:47.298+0000] {dag.py:3089} INFO - Sync 1 DAGs
[2026-05-08T08:14:47.601+0000] {logging_mixin.py:188} INFO - [2026-05-08T08:14:47.597+0000] {dag.py:3947} INFO - Setting next_dagrun for smart_city_traffic_batch_dag to 2026-05-08 01:00:00+00:00, run_after=2026-05-09 01:00:00+00:00
[2026-05-08T08:14:47.904+0000] {processor.py:183} INFO - Processing /opt/airflow/dags/smart_city_traffic_batch_dag.py took 2.018 seconds
[2026-05-08T08:15:18.844+0000] {processor.py:161} INFO - Started process (PID=363) to work on /opt/airflow/dags/smart_city_traffic_batch_dag.py
[2026-05-08T08:15:18.848+0000] {processor.py:830} INFO - Processing file /opt/airflow/dags/smart_city_traffic_batch_dag.py for tasks to queue
[2026-05-08T08:15:18.869+0000] {logging_mixin.py:188} INFO - [2026-05-08T08:15:18.865+0000] {dagbag.py:545} INFO - Filling up the DagBag from /opt/airflow/dags/smart_city_traffic_batch_dag.py
[2026-05-08T08:15:19.035+0000] {processor.py:840} INFO - DAG(s) 'smart_city_traffic_batch_dag' retrieved from /opt/airflow/dags/smart_city_traffic_batch_dag.py
[2026-05-08T08:15:19.263+0000] {logging_mixin.py:188} INFO - [2026-05-08T08:15:19.262+0000] {dag.py:3089} INFO - Sync 1 DAGs
[2026-05-08T08:15:19.364+0000] {logging_mixin.py:188} INFO - [2026-05-08T08:15:19.363+0000] {dag.py:3947} INFO - Setting next_dagrun for smart_city_traffic_batch_dag to 2026-05-08 01:00:00+00:00, run_after=2026-05-09 01:00:00+00:00
[2026-05-08T08:15:19.429+0000] {processor.py:183} INFO - Processing /opt/airflow/dags/smart_city_traffic_batch_dag.py took 0.670 seconds
[2026-05-08T08:15:49.783+0000] {processor.py:161} INFO - Started process (PID=368) to work on /opt/airflow/dags/smart_city_traffic_batch_dag.py
[2026-05-08T08:15:49.786+0000] {processor.py:830} INFO - Processing file /opt/airflow/dags/smart_city_traffic_batch_dag.py for tasks to queue
[2026-05-08T08:15:49.796+0000] {logging_mixin.py:188} INFO - [2026-05-08T08:15:49.795+0000] {dagbag.py:545} INFO - Filling up the DagBag from /opt/airflow/dags/smart_city_traffic_batch_dag.py
[2026-05-08T08:15:49.844+0000] {processor.py:840} INFO - DAG(s) 'smart_city_traffic_batch_dag' retrieved from /opt/airflow/dags/smart_city_traffic_batch_dag.py
[2026-05-08T08:15:49.929+0000] {logging_mixin.py:188} INFO - [2026-05-08T08:15:49.928+0000] {dag.py:3089} INFO - Sync 1 DAGs
[2026-05-08T08:15:49.985+0000] {logging_mixin.py:188} INFO - [2026-05-08T08:15:49.984+0000] {dag.py:3947} INFO - Setting next_dagrun for smart_city_traffic_batch_dag to 2026-05-08 01:00:00+00:00, run_after=2026-05-09 01:00:00+00:00
[2026-05-08T08:15:50.030+0000] {processor.py:183} INFO - Processing /opt/airflow/dags/smart_city_traffic_batch_dag.py took 0.267 seconds
[2026-05-08T08:16:20.517+0000] {processor.py:161} INFO - Started process (PID=373) to work on /opt/airflow/dags/smart_city_traffic_batch_dag.py
[2026-05-08T08:16:20.519+0000] {processor.py:830} INFO - Processing file /opt/airflow/dags/smart_city_traffic_batch_dag.py for tasks to queue
[2026-05-08T08:16:20.524+0000] {logging_mixin.py:188} INFO - [2026-05-08T08:16:20.523+0000] {dagbag.py:545} INFO - Filling up the DagBag from /opt/airflow/dags/smart_city_traffic_batch_dag.py
[2026-05-08T08:16:20.606+0000] {processor.py:840} INFO - DAG(s) 'smart_city_traffic_batch_dag' retrieved from /opt/airflow/dags/smart_city_traffic_batch_dag.py
[2026-05-08T08:16:20.682+0000] {logging_mixin.py:188} INFO - [2026-05-08T08:16:20.682+0000] {dag.py:3089} INFO - Sync 1 DAGs
[2026-05-08T08:16:20.725+0000] {logging_mixin.py:188} INFO - [2026-05-08T08:16:20.724+0000] {dag.py:3947} INFO - Setting next_dagrun for smart_city_traffic_batch_dag to 2026-05-08 01:00:00+00:00, run_after=2026-05-09 01:00:00+00:00
[2026-05-08T08:16:20.760+0000] {processor.py:183} INFO - Processing /opt/airflow/dags/smart_city_traffic_batch_dag.py took 0.258 seconds
[2026-05-08T08:16:51.082+0000] {processor.py:161} INFO - Started process (PID=378) to work on /opt/airflow/dags/smart_city_traffic_batch_dag.py
[2026-05-08T08:16:51.085+0000] {processor.py:830} INFO - Processing file /opt/airflow/dags/smart_city_traffic_batch_dag.py for tasks to queue
[2026-05-08T08:16:51.089+0000] {logging_mixin.py:188} INFO - [2026-05-08T08:16:51.088+0000] {dagbag.py:545} INFO - Filling up the DagBag from /opt/airflow/dags/smart_city_traffic_batch_dag.py
[2026-05-08T08:16:51.137+0000] {processor.py:840} INFO - DAG(s) 'smart_city_traffic_batch_dag' retrieved from /opt/airflow/dags/smart_city_traffic_batch_dag.py
[2026-05-08T08:16:51.205+0000] {logging_mixin.py:188} INFO - [2026-05-08T08:16:51.205+0000] {dag.py:3089} INFO - Sync 1 DAGs
[2026-05-08T08:16:51.246+0000] {logging_mixin.py:188} INFO - [2026-05-08T08:16:51.245+0000] {dag.py:3947} INFO - Setting next_dagrun for smart_city_traffic_batch_dag to 2026-05-08 01:00:00+00:00, run_after=2026-05-09 01:00:00+00:00
[2026-05-08T08:16:51.280+0000] {processor.py:183} INFO - Processing /opt/airflow/dags/smart_city_traffic_batch_dag.py took 0.210 seconds
[2026-05-08T08:17:21.632+0000] {processor.py:161} INFO - Started process (PID=383) to work on /opt/airflow/dags/smart_city_traffic_batch_dag.py
[2026-05-08T08:17:21.638+0000] {processor.py:830} INFO - Processing file /opt/airflow/dags/smart_city_traffic_batch_dag.py for tasks to queue
[2026-05-08T08:17:21.646+0000] {logging_mixin.py:188} INFO - [2026-05-08T08:17:21.644+0000] {dagbag.py:545} INFO - Filling up the DagBag from /opt/airflow/dags/smart_city_traffic_batch_dag.py
[2026-05-08T08:17:21.695+0000] {processor.py:840} INFO - DAG(s) 'smart_city_traffic_batch_dag' retrieved from /opt/airflow/dags/smart_city_traffic_batch_dag.py
[2026-05-08T08:17:21.771+0000] {logging_mixin.py:188} INFO - [2026-05-08T08:17:21.770+0000] {dag.py:3089} INFO - Sync 1 DAGs
[2026-05-08T08:17:21.816+0000] {logging_mixin.py:188} INFO - [2026-05-08T08:17:21.816+0000] {dag.py:3947} INFO - Setting next_dagrun for smart_city_traffic_batch_dag to 2026-05-08 01:00:00+00:00, run_after=2026-05-09 01:00:00+00:00
[2026-05-08T08:17:21.854+0000] {processor.py:183} INFO - Processing /opt/airflow/dags/smart_city_traffic_batch_dag.py took 0.243 seconds
[2026-05-08T08:17:52.206+0000] {processor.py:161} INFO - Started process (PID=388) to work on /opt/airflow/dags/smart_city_traffic_batch_dag.py
[2026-05-08T08:17:52.208+0000] {processor.py:830} INFO - Processing file /opt/airflow/dags/smart_city_traffic_batch_dag.py for tasks to queue
[2026-05-08T08:17:52.213+0000] {logging_mixin.py:188} INFO - [2026-05-08T08:17:52.212+0000] {dagbag.py:545} INFO - Filling up the DagBag from /opt/airflow/dags/smart_city_traffic_batch_dag.py
[2026-05-08T08:17:52.252+0000] {processor.py:840} INFO - DAG(s) 'smart_city_traffic_batch_dag' retrieved from /opt/airflow/dags/smart_city_traffic_batch_dag.py
[2026-05-08T08:17:52.317+0000] {logging_mixin.py:188} INFO - [2026-05-08T08:17:52.317+0000] {dag.py:3089} INFO - Sync 1 DAGs
[2026-05-08T08:17:52.358+0000] {logging_mixin.py:188} INFO - [2026-05-08T08:17:52.358+0000] {dag.py:3947} INFO - Setting next_dagrun for smart_city_traffic_batch_dag to 2026-05-08 01:00:00+00:00, run_after=2026-05-09 01:00:00+00:00
[2026-05-08T08:17:52.392+0000] {processor.py:183} INFO - Processing /opt/airflow/dags/smart_city_traffic_batch_dag.py took 0.197 seconds
[2026-05-08T08:18:22.683+0000] {processor.py:161} INFO - Started process (PID=397) to work on /opt/airflow/dags/smart_city_traffic_batch_dag.py
[2026-05-08T08:18:22.686+0000] {processor.py:830} INFO - Processing file /opt/airflow/dags/smart_city_traffic_batch_dag.py for tasks to queue
[2026-05-08T08:18:22.689+0000] {logging_mixin.py:188} INFO - [2026-05-08T08:18:22.689+0000] {dagbag.py:545} INFO - Filling up the DagBag from /opt/airflow/dags/smart_city_traffic_batch_dag.py
[2026-05-08T08:18:22.728+0000] {processor.py:840} INFO - DAG(s) 'smart_city_traffic_batch_dag' retrieved from /opt/airflow/dags/smart_city_traffic_batch_dag.py
[2026-05-08T08:18:22.786+0000] {logging_mixin.py:188} INFO - [2026-05-08T08:18:22.786+0000] {dag.py:3089} INFO - Sync 1 DAGs
[2026-05-08T08:18:22.823+0000] {logging_mixin.py:188} INFO - [2026-05-08T08:18:22.823+0000] {dag.py:3947} INFO - Setting next_dagrun for smart_city_traffic_batch_dag to 2026-05-08 01:00:00+00:00, run_after=2026-05-09 01:00:00+00:00
[2026-05-08T08:18:22.861+0000] {processor.py:183} INFO - Processing /opt/airflow/dags/smart_city_traffic_batch_dag.py took 0.187 seconds
[2026-05-08T08:18:52.975+0000] {processor.py:161} INFO - Started process (PID=404) to work on /opt/airflow/dags/smart_city_traffic_batch_dag.py
[2026-05-08T08:18:52.977+0000] {processor.py:830} INFO - Processing file /opt/airflow/dags/smart_city_traffic_batch_dag.py for tasks to queue
[2026-05-08T08:18:52.987+0000] {logging_mixin.py:188} INFO - [2026-05-08T08:18:52.986+0000] {dagbag.py:545} INFO - Filling up the DagBag from /opt/airflow/dags/smart_city_traffic_batch_dag.py
[2026-05-08T08:18:53.033+0000] {processor.py:840} INFO - DAG(s) 'smart_city_traffic_batch_dag' retrieved from /opt/airflow/dags/smart_city_traffic_batch_dag.py
[2026-05-08T08:18:53.119+0000] {logging_mixin.py:188} INFO - [2026-05-08T08:18:53.119+0000] {dag.py:3089} INFO - Sync 1 DAGs
[2026-05-08T08:18:53.180+0000] {logging_mixin.py:188} INFO - [2026-05-08T08:18:53.179+0000] {dag.py:3947} INFO - Setting next_dagrun for smart_city_traffic_batch_dag to 2026-05-08 01:00:00+00:00, run_after=2026-05-09 01:00:00+00:00
[2026-05-08T08:18:53.217+0000] {processor.py:183} INFO - Processing /opt/airflow/dags/smart_city_traffic_batch_dag.py took 0.259 seconds
[2026-05-08T08:19:23.474+0000] {processor.py:161} INFO - Started process (PID=409) to work on /opt/airflow/dags/smart_city_traffic_batch_dag.py
[2026-05-08T08:19:23.477+0000] {processor.py:830} INFO - Processing file /opt/airflow/dags/smart_city_traffic_batch_dag.py for tasks to queue
[2026-05-08T08:19:23.481+0000] {logging_mixin.py:188} INFO - [2026-05-08T08:19:23.480+0000] {dagbag.py:545} INFO - Filling up the DagBag from /opt/airflow/dags/smart_city_traffic_batch_dag.py
[2026-05-08T08:19:23.526+0000] {processor.py:840} INFO - DAG(s) 'smart_city_traffic_batch_dag' retrieved from /opt/airflow/dags/smart_city_traffic_batch_dag.py
[2026-05-08T08:19:23.618+0000] {logging_mixin.py:188} INFO - [2026-05-08T08:19:23.617+0000] {dag.py:3089} INFO - Sync 1 DAGs
[2026-05-08T08:19:23.712+0000] {logging_mixin.py:188} INFO - [2026-05-08T08:19:23.712+0000] {dag.py:3947} INFO - Setting next_dagrun for smart_city_traffic_batch_dag to 2026-05-08 01:00:00+00:00, run_after=2026-05-09 01:00:00+00:00
[2026-05-08T08:19:23.752+0000] {processor.py:183} INFO - Processing /opt/airflow/dags/smart_city_traffic_batch_dag.py took 0.290 seconds
[2026-05-08T08:19:54.329+0000] {processor.py:161} INFO - Started process (PID=414) to work on /opt/airflow/dags/smart_city_traffic_batch_dag.py
[2026-05-08T08:19:54.332+0000] {processor.py:830} INFO - Processing file /opt/airflow/dags/smart_city_traffic_batch_dag.py for tasks to queue
[2026-05-08T08:19:54.337+0000] {logging_mixin.py:188} INFO - [2026-05-08T08:19:54.337+0000] {dagbag.py:545} INFO - Filling up the DagBag from /opt/airflow/dags/smart_city_traffic_batch_dag.py
[2026-05-08T08:19:54.399+0000] {processor.py:840} INFO - DAG(s) 'smart_city_traffic_batch_dag' retrieved from /opt/airflow/dags/smart_city_traffic_batch_dag.py
[2026-05-08T08:19:54.539+0000] {logging_mixin.py:188} INFO - [2026-05-08T08:19:54.538+0000] {dag.py:3089} INFO - Sync 1 DAGs
[2026-05-08T08:19:54.590+0000] {logging_mixin.py:188} INFO - [2026-05-08T08:19:54.589+0000] {dag.py:3947} INFO - Setting next_dagrun for smart_city_traffic_batch_dag to 2026-05-08 01:00:00+00:00, run_after=2026-05-09 01:00:00+00:00
[2026-05-08T08:19:54.629+0000] {processor.py:183} INFO - Processing /opt/airflow/dags/smart_city_traffic_batch_dag.py took 0.315 seconds
[2026-05-08T08:20:25.002+0000] {processor.py:161} INFO - Started process (PID=419) to work on /opt/airflow/dags/smart_city_traffic_batch_dag.py
[2026-05-08T08:20:25.004+0000] {processor.py:830} INFO - Processing file /opt/airflow/dags/smart_city_traffic_batch_dag.py for tasks to queue
[2026-05-08T08:20:25.015+0000] {logging_mixin.py:188} INFO - [2026-05-08T08:20:25.014+0000] {dagbag.py:545} INFO - Filling up the DagBag from /opt/airflow/dags/smart_city_traffic_batch_dag.py
[2026-05-08T08:20:25.082+0000] {processor.py:840} INFO - DAG(s) 'smart_city_traffic_batch_dag' retrieved from /opt/airflow/dags/smart_city_traffic_batch_dag.py
[2026-05-08T08:20:25.159+0000] {logging_mixin.py:188} INFO - [2026-05-08T08:20:25.158+0000] {dag.py:3089} INFO - Sync 1 DAGs
[2026-05-08T08:20:25.228+0000] {logging_mixin.py:188} INFO - [2026-05-08T08:20:25.228+0000] {dag.py:3947} INFO - Setting next_dagrun for smart_city_traffic_batch_dag to 2026-05-08 01:00:00+00:00, run_after=2026-05-09 01:00:00+00:00
[2026-05-08T08:20:25.272+0000] {processor.py:183} INFO - Processing /opt/airflow/dags/smart_city_traffic_batch_dag.py took 0.287 seconds
[2026-05-08T08:20:55.612+0000] {processor.py:161} INFO - Started process (PID=424) to work on /opt/airflow/dags/smart_city_traffic_batch_dag.py
[2026-05-08T08:20:55.614+0000] {processor.py:830} INFO - Processing file /opt/airflow/dags/smart_city_traffic_batch_dag.py for tasks to queue
[2026-05-08T08:20:55.619+0000] {logging_mixin.py:188} INFO - [2026-05-08T08:20:55.618+0000] {dagbag.py:545} INFO - Filling up the DagBag from /opt/airflow/dags/smart_city_traffic_batch_dag.py
[2026-05-08T08:20:55.665+0000] {processor.py:840} INFO - DAG(s) 'smart_city_traffic_batch_dag' retrieved from /opt/airflow/dags/smart_city_traffic_batch_dag.py
[2026-05-08T08:20:55.728+0000] {logging_mixin.py:188} INFO - [2026-05-08T08:20:55.728+0000] {dag.py:3089} INFO - Sync 1 DAGs
[2026-05-08T08:20:55.783+0000] {logging_mixin.py:188} INFO - [2026-05-08T08:20:55.783+0000] {dag.py:3947} INFO - Setting next_dagrun for smart_city_traffic_batch_dag to 2026-05-08 01:00:00+00:00, run_after=2026-05-09 01:00:00+00:00
[2026-05-08T08:20:55.817+0000] {processor.py:183} INFO - Processing /opt/airflow/dags/smart_city_traffic_batch_dag.py took 0.216 seconds
[2026-05-08T08:21:26.161+0000] {processor.py:161} INFO - Started process (PID=429) to work on /opt/airflow/dags/smart_city_traffic_batch_dag.py
[2026-05-08T08:21:26.163+0000] {processor.py:830} INFO - Processing file /opt/airflow/dags/smart_city_traffic_batch_dag.py for tasks to queue
[2026-05-08T08:21:26.168+0000] {logging_mixin.py:188} INFO - [2026-05-08T08:21:26.167+0000] {dagbag.py:545} INFO - Filling up the DagBag from /opt/airflow/dags/smart_city_traffic_batch_dag.py
[2026-05-08T08:21:26.208+0000] {processor.py:840} INFO - DAG(s) 'smart_city_traffic_batch_dag' retrieved from /opt/airflow/dags/smart_city_traffic_batch_dag.py
[2026-05-08T08:21:26.280+0000] {logging_mixin.py:188} INFO - [2026-05-08T08:21:26.280+0000] {dag.py:3089} INFO - Sync 1 DAGs
[2026-05-08T08:21:26.329+0000] {logging_mixin.py:188} INFO - [2026-05-08T08:21:26.328+0000] {dag.py:3947} INFO - Setting next_dagrun for smart_city_traffic_batch_dag to 2026-05-08 01:00:00+00:00, run_after=2026-05-09 01:00:00+00:00
[2026-05-08T08:21:26.369+0000] {processor.py:183} INFO - Processing /opt/airflow/dags/smart_city_traffic_batch_dag.py took 0.222 seconds
[2026-05-08T08:21:56.690+0000] {processor.py:161} INFO - Started process (PID=434) to work on /opt/airflow/dags/smart_city_traffic_batch_dag.py
[2026-05-08T08:21:56.693+0000] {processor.py:830} INFO - Processing file /opt/airflow/dags/smart_city_traffic_batch_dag.py for tasks to queue
[2026-05-08T08:21:56.698+0000] {logging_mixin.py:188} INFO - [2026-05-08T08:21:56.697+0000] {dagbag.py:545} INFO - Filling up the DagBag from /opt/airflow/dags/smart_city_traffic_batch_dag.py
[2026-05-08T08:21:56.746+0000] {processor.py:840} INFO - DAG(s) 'smart_city_traffic_batch_dag' retrieved from /opt/airflow/dags/smart_city_traffic_batch_dag.py
[2026-05-08T08:21:56.814+0000] {logging_mixin.py:188} INFO - [2026-05-08T08:21:56.814+0000] {dag.py:3089} INFO - Sync 1 DAGs
[2026-05-08T08:21:56.863+0000] {logging_mixin.py:188} INFO - [2026-05-08T08:21:56.862+0000] {dag.py:3947} INFO - Setting next_dagrun for smart_city_traffic_batch_dag to 2026-05-08 01:00:00+00:00, run_after=2026-05-09 01:00:00+00:00
[2026-05-08T08:21:56.896+0000] {processor.py:183} INFO - Processing /opt/airflow/dags/smart_city_traffic_batch_dag.py took 0.218 seconds
[2026-05-08T08:22:27.214+0000] {processor.py:161} INFO - Started process (PID=439) to work on /opt/airflow/dags/smart_city_traffic_batch_dag.py
[2026-05-08T08:22:27.217+0000] {processor.py:830} INFO - Processing file /opt/airflow/dags/smart_city_traffic_batch_dag.py for tasks to queue
[2026-05-08T08:22:27.221+0000] {logging_mixin.py:188} INFO - [2026-05-08T08:22:27.221+0000] {dagbag.py:545} INFO - Filling up the DagBag from /opt/airflow/dags/smart_city_traffic_batch_dag.py
[2026-05-08T08:22:27.262+0000] {processor.py:840} INFO - DAG(s) 'smart_city_traffic_batch_dag' retrieved from /opt/airflow/dags/smart_city_traffic_batch_dag.py
[2026-05-08T08:22:27.333+0000] {logging_mixin.py:188} INFO - [2026-05-08T08:22:27.332+0000] {dag.py:3089} INFO - Sync 1 DAGs
[2026-05-08T08:22:27.379+0000] {logging_mixin.py:188} INFO - [2026-05-08T08:22:27.379+0000] {dag.py:3947} INFO - Setting next_dagrun for smart_city_traffic_batch_dag to 2026-05-08 01:00:00+00:00, run_after=2026-05-09 01:00:00+00:00
[2026-05-08T08:22:27.420+0000] {processor.py:183} INFO - Processing /opt/airflow/dags/smart_city_traffic_batch_dag.py took 0.219 seconds
[2026-05-08T08:22:57.738+0000] {processor.py:161} INFO - Started process (PID=444) to work on /opt/airflow/dags/smart_city_traffic_batch_dag.py
[2026-05-08T08:22:57.740+0000] {processor.py:830} INFO - Processing file /opt/airflow/dags/smart_city_traffic_batch_dag.py for tasks to queue
[2026-05-08T08:22:57.744+0000] {logging_mixin.py:188} INFO - [2026-05-08T08:22:57.743+0000] {dagbag.py:545} INFO - Filling up the DagBag from /opt/airflow/dags/smart_city_traffic_batch_dag.py
[2026-05-08T08:22:57.786+0000] {processor.py:840} INFO - DAG(s) 'smart_city_traffic_batch_dag' retrieved from /opt/airflow/dags/smart_city_traffic_batch_dag.py
[2026-05-08T08:22:57.862+0000] {logging_mixin.py:188} INFO - [2026-05-08T08:22:57.862+0000] {dag.py:3089} INFO - Sync 1 DAGs
[2026-05-08T08:22:57.915+0000] {logging_mixin.py:188} INFO - [2026-05-08T08:22:57.914+0000] {dag.py:3947} INFO - Setting next_dagrun for smart_city_traffic_batch_dag to 2026-05-08 01:00:00+00:00, run_after=2026-05-09 01:00:00+00:00
[2026-05-08T08:22:57.953+0000] {processor.py:183} INFO - Processing /opt/airflow/dags/smart_city_traffic_batch_dag.py took 0.230 seconds
[2026-05-08T08:23:28.308+0000] {processor.py:161} INFO - Started process (PID=449) to work on /opt/airflow/dags/smart_city_traffic_batch_dag.py
[2026-05-08T08:23:28.311+0000] {processor.py:830} INFO - Processing file /opt/airflow/dags/smart_city_traffic_batch_dag.py for tasks to queue
[2026-05-08T08:23:28.328+0000] {logging_mixin.py:188} INFO - [2026-05-08T08:23:28.325+0000] {dagbag.py:545} INFO - Filling up the DagBag from /opt/airflow/dags/smart_city_traffic_batch_dag.py
[2026-05-08T08:23:28.428+0000] {processor.py:840} INFO - DAG(s) 'smart_city_traffic_batch_dag' retrieved from /opt/airflow/dags/smart_city_traffic_batch_dag.py
[2026-05-08T08:23:28.589+0000] {logging_mixin.py:188} INFO - [2026-05-08T08:23:28.588+0000] {dag.py:3089} INFO - Sync 1 DAGs
[2026-05-08T08:23:28.669+0000] {logging_mixin.py:188} INFO - [2026-05-08T08:23:28.668+0000] {dag.py:3947} INFO - Setting next_dagrun for smart_city_traffic_batch_dag to 2026-05-08 01:00:00+00:00, run_after=2026-05-09 01:00:00+00:00
[2026-05-08T08:23:28.722+0000] {processor.py:183} INFO - Processing /opt/airflow/dags/smart_city_traffic_batch_dag.py took 0.461 seconds
[2026-05-08T08:23:59.094+0000] {processor.py:161} INFO - Started process (PID=454) to work on /opt/airflow/dags/smart_city_traffic_batch_dag.py
[2026-05-08T08:23:59.096+0000] {processor.py:830} INFO - Processing file /opt/airflow/dags/smart_city_traffic_batch_dag.py for tasks to queue
[2026-05-08T08:23:59.101+0000] {logging_mixin.py:188} INFO - [2026-05-08T08:23:59.100+0000] {dagbag.py:545} INFO - Filling up the DagBag from /opt/airflow/dags/smart_city_traffic_batch_dag.py
[2026-05-08T08:23:59.147+0000] {processor.py:840} INFO - DAG(s) 'smart_city_traffic_batch_dag' retrieved from /opt/airflow/dags/smart_city_traffic_batch_dag.py
[2026-05-08T08:23:59.221+0000] {logging_mixin.py:188} INFO - [2026-05-08T08:23:59.221+0000] {dag.py:3089} INFO - Sync 1 DAGs
[2026-05-08T08:23:59.268+0000] {logging_mixin.py:188} INFO - [2026-05-08T08:23:59.268+0000] {dag.py:3947} INFO - Setting next_dagrun for smart_city_traffic_batch_dag to 2026-05-08 01:00:00+00:00, run_after=2026-05-09 01:00:00+00:00
[2026-05-08T08:23:59.308+0000] {processor.py:183} INFO - Processing /opt/airflow/dags/smart_city_traffic_batch_dag.py took 0.227 seconds
[2026-05-08T08:24:29.640+0000] {processor.py:161} INFO - Started process (PID=459) to work on /opt/airflow/dags/smart_city_traffic_batch_dag.py
[2026-05-08T08:24:29.643+0000] {processor.py:830} INFO - Processing file /opt/airflow/dags/smart_city_traffic_batch_dag.py for tasks to queue
[2026-05-08T08:24:29.648+0000] {logging_mixin.py:188} INFO - [2026-05-08T08:24:29.647+0000] {dagbag.py:545} INFO - Filling up the DagBag from /opt/airflow/dags/smart_city_traffic_batch_dag.py
[2026-05-08T08:24:29.696+0000] {processor.py:840} INFO - DAG(s) 'smart_city_traffic_batch_dag' retrieved from /opt/airflow/dags/smart_city_traffic_batch_dag.py
[2026-05-08T08:24:29.776+0000] {logging_mixin.py:188} INFO - [2026-05-08T08:24:29.776+0000] {dag.py:3089} INFO - Sync 1 DAGs
[2026-05-08T08:24:29.821+0000] {logging_mixin.py:188} INFO - [2026-05-08T08:24:29.820+0000] {dag.py:3947} INFO - Setting next_dagrun for smart_city_traffic_batch_dag to 2026-05-08 01:00:00+00:00, run_after=2026-05-09 01:00:00+00:00
[2026-05-08T08:24:29.860+0000] {processor.py:183} INFO - Processing /opt/airflow/dags/smart_city_traffic_batch_dag.py took 0.237 seconds
[2026-05-08T08:25:00.377+0000] {processor.py:161} INFO - Started process (PID=464) to work on /opt/airflow/dags/smart_city_traffic_batch_dag.py
[2026-05-08T08:25:00.381+0000] {processor.py:830} INFO - Processing file /opt/airflow/dags/smart_city_traffic_batch_dag.py for tasks to queue
[2026-05-08T08:25:00.385+0000] {logging_mixin.py:188} INFO - [2026-05-08T08:25:00.384+0000] {dagbag.py:545} INFO - Filling up the DagBag from /opt/airflow/dags/smart_city_traffic_batch_dag.py
[2026-05-08T08:25:00.437+0000] {processor.py:840} INFO - DAG(s) 'smart_city_traffic_batch_dag' retrieved from /opt/airflow/dags/smart_city_traffic_batch_dag.py
[2026-05-08T08:25:00.521+0000] {logging_mixin.py:188} INFO - [2026-05-08T08:25:00.520+0000] {dag.py:3089} INFO - Sync 1 DAGs
[2026-05-08T08:25:00.567+0000] {logging_mixin.py:188} INFO - [2026-05-08T08:25:00.566+0000] {dag.py:3947} INFO - Setting next_dagrun for smart_city_traffic_batch_dag to 2026-05-08 01:00:00+00:00, run_after=2026-05-09 01:00:00+00:00
[2026-05-08T08:25:00.609+0000] {processor.py:183} INFO - Processing /opt/airflow/dags/smart_city_traffic_batch_dag.py took 0.244 seconds
[2026-05-08T08:25:30.924+0000] {processor.py:161} INFO - Started process (PID=469) to work on /opt/airflow/dags/smart_city_traffic_batch_dag.py
[2026-05-08T08:25:30.926+0000] {processor.py:830} INFO - Processing file /opt/airflow/dags/smart_city_traffic_batch_dag.py for tasks to queue
[2026-05-08T08:25:30.931+0000] {logging_mixin.py:188} INFO - [2026-05-08T08:25:30.930+0000] {dagbag.py:545} INFO - Filling up the DagBag from /opt/airflow/dags/smart_city_traffic_batch_dag.py
[2026-05-08T08:25:30.975+0000] {processor.py:840} INFO - DAG(s) 'smart_city_traffic_batch_dag' retrieved from /opt/airflow/dags/smart_city_traffic_batch_dag.py
[2026-05-08T08:25:31.066+0000] {logging_mixin.py:188} INFO - [2026-05-08T08:25:31.065+0000] {dag.py:3089} INFO - Sync 1 DAGs
[2026-05-08T08:25:31.105+0000] {logging_mixin.py:188} INFO - [2026-05-08T08:25:31.105+0000] {dag.py:3947} INFO - Setting next_dagrun for smart_city_traffic_batch_dag to 2026-05-08 01:00:00+00:00, run_after=2026-05-09 01:00:00+00:00
[2026-05-08T08:25:31.137+0000] {processor.py:183} INFO - Processing /opt/airflow/dags/smart_city_traffic_batch_dag.py took 0.223 seconds
[2026-05-08T08:26:01.537+0000] {processor.py:161} INFO - Started process (PID=474) to work on /opt/airflow/dags/smart_city_traffic_batch_dag.py
[2026-05-08T08:26:01.539+0000] {processor.py:830} INFO - Processing file /opt/airflow/dags/smart_city_traffic_batch_dag.py for tasks to queue
[2026-05-08T08:26:01.542+0000] {logging_mixin.py:188} INFO - [2026-05-08T08:26:01.541+0000] {dagbag.py:545} INFO - Filling up the DagBag from /opt/airflow/dags/smart_city_traffic_batch_dag.py
[2026-05-08T08:26:01.579+0000] {processor.py:840} INFO - DAG(s) 'smart_city_traffic_batch_dag' retrieved from /opt/airflow/dags/smart_city_traffic_batch_dag.py
[2026-05-08T08:26:01.648+0000] {logging_mixin.py:188} INFO - [2026-05-08T08:26:01.647+0000] {dag.py:3089} INFO - Sync 1 DAGs
[2026-05-08T08:26:01.690+0000] {logging_mixin.py:188} INFO - [2026-05-08T08:26:01.690+0000] {dag.py:3947} INFO - Setting next_dagrun for smart_city_traffic_batch_dag to 2026-05-08 01:00:00+00:00, run_after=2026-05-09 01:00:00+00:00
[2026-05-08T08:26:01.732+0000] {processor.py:183} INFO - Processing /opt/airflow/dags/smart_city_traffic_batch_dag.py took 0.204 seconds
[2026-05-08T08:26:32.112+0000] {processor.py:161} INFO - Started process (PID=479) to work on /opt/airflow/dags/smart_city_traffic_batch_dag.py
[2026-05-08T08:26:32.114+0000] {processor.py:830} INFO - Processing file /opt/airflow/dags/smart_city_traffic_batch_dag.py for tasks to queue
[2026-05-08T08:26:32.118+0000] {logging_mixin.py:188} INFO - [2026-05-08T08:26:32.117+0000] {dagbag.py:545} INFO - Filling up the DagBag from /opt/airflow/dags/smart_city_traffic_batch_dag.py
[2026-05-08T08:26:32.162+0000] {processor.py:840} INFO - DAG(s) 'smart_city_traffic_batch_dag' retrieved from /opt/airflow/dags/smart_city_traffic_batch_dag.py
[2026-05-08T08:26:32.236+0000] {logging_mixin.py:188} INFO - [2026-05-08T08:26:32.235+0000] {dag.py:3089} INFO - Sync 1 DAGs
[2026-05-08T08:26:32.281+0000] {logging_mixin.py:188} INFO - [2026-05-08T08:26:32.281+0000] {dag.py:3947} INFO - Setting next_dagrun for smart_city_traffic_batch_dag to 2026-05-08 01:00:00+00:00, run_after=2026-05-09 01:00:00+00:00
[2026-05-08T08:26:32.314+0000] {processor.py:183} INFO - Processing /opt/airflow/dags/smart_city_traffic_batch_dag.py took 0.213 seconds
[2026-05-08T08:27:02.635+0000] {processor.py:161} INFO - Started process (PID=484) to work on /opt/airflow/dags/smart_city_traffic_batch_dag.py
[2026-05-08T08:27:02.637+0000] {processor.py:830} INFO - Processing file /opt/airflow/dags/smart_city_traffic_batch_dag.py for tasks to queue
[2026-05-08T08:27:02.641+0000] {logging_mixin.py:188} INFO - [2026-05-08T08:27:02.641+0000] {dagbag.py:545} INFO - Filling up the DagBag from /opt/airflow/dags/smart_city_traffic_batch_dag.py
[2026-05-08T08:27:02.679+0000] {processor.py:840} INFO - DAG(s) 'smart_city_traffic_batch_dag' retrieved from /opt/airflow/dags/smart_city_traffic_batch_dag.py
[2026-05-08T08:27:02.751+0000] {logging_mixin.py:188} INFO - [2026-05-08T08:27:02.751+0000] {dag.py:3089} INFO - Sync 1 DAGs
[2026-05-08T08:27:02.797+0000] {logging_mixin.py:188} INFO - [2026-05-08T08:27:02.796+0000] {dag.py:3947} INFO - Setting next_dagrun for smart_city_traffic_batch_dag to 2026-05-08 01:00:00+00:00, run_after=2026-05-09 01:00:00+00:00
[2026-05-08T08:27:02.839+0000] {processor.py:183} INFO - Processing /opt/airflow/dags/smart_city_traffic_batch_dag.py took 0.215 seconds
[2026-05-08T08:27:27.143+0000] {processor.py:161} INFO - Started process (PID=489) to work on /opt/airflow/dags/smart_city_traffic_batch_dag.py
[2026-05-08T08:27:27.160+0000] {processor.py:830} INFO - Processing file /opt/airflow/dags/smart_city_traffic_batch_dag.py for tasks to queue
[2026-05-08T08:27:27.185+0000] {logging_mixin.py:188} INFO - [2026-05-08T08:27:27.184+0000] {dagbag.py:545} INFO - Filling up the DagBag from /opt/airflow/dags/smart_city_traffic_batch_dag.py
[2026-05-08T08:27:27.267+0000] {processor.py:840} INFO - DAG(s) 'smart_city_traffic_batch_dag' retrieved from /opt/airflow/dags/smart_city_traffic_batch_dag.py
[2026-05-08T08:27:27.335+0000] {logging_mixin.py:188} INFO - [2026-05-08T08:27:27.335+0000] {dag.py:3089} INFO - Sync 1 DAGs
[2026-05-08T08:27:27.380+0000] {logging_mixin.py:188} INFO - [2026-05-08T08:27:27.379+0000] {dag.py:3947} INFO - Setting next_dagrun for smart_city_traffic_batch_dag to 2026-05-08 01:00:00+00:00, run_after=2026-05-09 01:00:00+00:00
[2026-05-08T08:27:27.425+0000] {processor.py:183} INFO - Processing /opt/airflow/dags/smart_city_traffic_batch_dag.py took 0.299 seconds
[2026-05-08T08:27:57.850+0000] {processor.py:161} INFO - Started process (PID=494) to work on /opt/airflow/dags/smart_city_traffic_batch_dag.py
[2026-05-08T08:27:57.852+0000] {processor.py:830} INFO - Processing file /opt/airflow/dags/smart_city_traffic_batch_dag.py for tasks to queue
[2026-05-08T08:27:57.856+0000] {logging_mixin.py:188} INFO - [2026-05-08T08:27:57.856+0000] {dagbag.py:545} INFO - Filling up the DagBag from /opt/airflow/dags/smart_city_traffic_batch_dag.py
[2026-05-08T08:27:57.900+0000] {processor.py:840} INFO - DAG(s) 'smart_city_traffic_batch_dag' retrieved from /opt/airflow/dags/smart_city_traffic_batch_dag.py
[2026-05-08T08:27:57.984+0000] {logging_mixin.py:188} INFO - [2026-05-08T08:27:57.983+0000] {dag.py:3089} INFO - Sync 1 DAGs
[2026-05-08T08:27:58.040+0000] {logging_mixin.py:188} INFO - [2026-05-08T08:27:58.039+0000] {dag.py:3947} INFO - Setting next_dagrun for smart_city_traffic_batch_dag to 2026-05-08 01:00:00+00:00, run_after=2026-05-09 01:00:00+00:00
[2026-05-08T08:27:58.080+0000] {processor.py:183} INFO - Processing /opt/airflow/dags/smart_city_traffic_batch_dag.py took 0.251 seconds
[2026-05-08T08:28:12.016+0000] {processor.py:161} INFO - Started process (PID=499) to work on /opt/airflow/dags/smart_city_traffic_batch_dag.py
[2026-05-08T08:28:12.018+0000] {processor.py:830} INFO - Processing file /opt/airflow/dags/smart_city_traffic_batch_dag.py for tasks to queue
[2026-05-08T08:28:12.024+0000] {logging_mixin.py:188} INFO - [2026-05-08T08:28:12.023+0000] {dagbag.py:545} INFO - Filling up the DagBag from /opt/airflow/dags/smart_city_traffic_batch_dag.py
[2026-05-08T08:28:12.088+0000] {processor.py:840} INFO - DAG(s) 'smart_city_traffic_batch_dag' retrieved from /opt/airflow/dags/smart_city_traffic_batch_dag.py
[2026-05-08T08:28:12.169+0000] {logging_mixin.py:188} INFO - [2026-05-08T08:28:12.169+0000] {dag.py:3089} INFO - Sync 1 DAGs
[2026-05-08T08:28:12.225+0000] {logging_mixin.py:188} INFO - [2026-05-08T08:28:12.225+0000] {dag.py:3947} INFO - Setting next_dagrun for smart_city_traffic_batch_dag to 2026-05-08 01:00:00+00:00, run_after=2026-05-09 01:00:00+00:00
[2026-05-08T08:28:12.280+0000] {processor.py:183} INFO - Processing /opt/airflow/dags/smart_city_traffic_batch_dag.py took 0.280 seconds
[2026-05-08T08:28:42.608+0000] {processor.py:161} INFO - Started process (PID=504) to work on /opt/airflow/dags/smart_city_traffic_batch_dag.py
[2026-05-08T08:28:42.611+0000] {processor.py:830} INFO - Processing file /opt/airflow/dags/smart_city_traffic_batch_dag.py for tasks to queue
[2026-05-08T08:28:42.616+0000] {logging_mixin.py:188} INFO - [2026-05-08T08:28:42.616+0000] {dagbag.py:545} INFO - Filling up the DagBag from /opt/airflow/dags/smart_city_traffic_batch_dag.py
[2026-05-08T08:28:42.660+0000] {processor.py:840} INFO - DAG(s) 'smart_city_traffic_batch_dag' retrieved from /opt/airflow/dags/smart_city_traffic_batch_dag.py
[2026-05-08T08:28:42.724+0000] {logging_mixin.py:188} INFO - [2026-05-08T08:28:42.724+0000] {dag.py:3089} INFO - Sync 1 DAGs
[2026-05-08T08:28:42.772+0000] {logging_mixin.py:188} INFO - [2026-05-08T08:28:42.771+0000] {dag.py:3947} INFO - Setting next_dagrun for smart_city_traffic_batch_dag to 2026-05-08 01:00:00+00:00, run_after=2026-05-09 01:00:00+00:00
[2026-05-08T08:28:42.808+0000] {processor.py:183} INFO - Processing /opt/airflow/dags/smart_city_traffic_batch_dag.py took 0.212 seconds
[2026-05-08T08:29:22.987+0000] {processor.py:161} INFO - Started process (PID=172) to work on /opt/airflow/dags/smart_city_traffic_batch_dag.py
[2026-05-08T08:29:22.994+0000] {processor.py:830} INFO - Processing file /opt/airflow/dags/smart_city_traffic_batch_dag.py for tasks to queue
[2026-05-08T08:29:23.009+0000] {logging_mixin.py:188} INFO - [2026-05-08T08:29:23.007+0000] {dagbag.py:545} INFO - Filling up the DagBag from /opt/airflow/dags/smart_city_traffic_batch_dag.py
[2026-05-08T08:29:23.108+0000] {processor.py:840} INFO - DAG(s) 'smart_city_traffic_batch_dag' retrieved from /opt/airflow/dags/smart_city_traffic_batch_dag.py
[2026-05-08T08:29:23.328+0000] {logging_mixin.py:188} INFO - [2026-05-08T08:29:23.328+0000] {dag.py:3089} INFO - Sync 1 DAGs
[2026-05-08T08:29:23.453+0000] {logging_mixin.py:188} INFO - [2026-05-08T08:29:23.452+0000] {dag.py:3947} INFO - Setting next_dagrun for smart_city_traffic_batch_dag to 2026-05-08 01:00:00+00:00, run_after=2026-05-09 01:00:00+00:00
[2026-05-08T08:29:23.528+0000] {processor.py:183} INFO - Processing /opt/airflow/dags/smart_city_traffic_batch_dag.py took 0.579 seconds
[2026-05-08T08:29:54.248+0000] {processor.py:161} INFO - Started process (PID=177) to work on /opt/airflow/dags/smart_city_traffic_batch_dag.py
[2026-05-08T08:29:54.255+0000] {processor.py:830} INFO - Processing file /opt/airflow/dags/smart_city_traffic_batch_dag.py for tasks to queue
[2026-05-08T08:29:54.305+0000] {logging_mixin.py:188} INFO - [2026-05-08T08:29:54.299+0000] {dagbag.py:545} INFO - Filling up the DagBag from /opt/airflow/dags/smart_city_traffic_batch_dag.py
[2026-05-08T08:29:54.594+0000] {processor.py:840} INFO - DAG(s) 'smart_city_traffic_batch_dag' retrieved from /opt/airflow/dags/smart_city_traffic_batch_dag.py
[2026-05-08T08:29:54.965+0000] {logging_mixin.py:188} INFO - [2026-05-08T08:29:54.964+0000] {dag.py:3089} INFO - Sync 1 DAGs
[2026-05-08T08:29:55.188+0000] {logging_mixin.py:188} INFO - [2026-05-08T08:29:55.187+0000] {dag.py:3947} INFO - Setting next_dagrun for smart_city_traffic_batch_dag to 2026-05-08 01:00:00+00:00, run_after=2026-05-09 01:00:00+00:00
[2026-05-08T08:29:55.356+0000] {processor.py:183} INFO - Processing /opt/airflow/dags/smart_city_traffic_batch_dag.py took 1.230 seconds
[2026-05-08T08:30:25.781+0000] {processor.py:161} INFO - Started process (PID=182) to work on /opt/airflow/dags/smart_city_traffic_batch_dag.py
[2026-05-08T08:30:25.785+0000] {processor.py:830} INFO - Processing file /opt/airflow/dags/smart_city_traffic_batch_dag.py for tasks to queue
[2026-05-08T08:30:25.792+0000] {logging_mixin.py:188} INFO - [2026-05-08T08:30:25.790+0000] {dagbag.py:545} INFO - Filling up the DagBag from /opt/airflow/dags/smart_city_traffic_batch_dag.py
[2026-05-08T08:30:25.851+0000] {processor.py:840} INFO - DAG(s) 'smart_city_traffic_batch_dag' retrieved from /opt/airflow/dags/smart_city_traffic_batch_dag.py
[2026-05-08T08:30:25.950+0000] {logging_mixin.py:188} INFO - [2026-05-08T08:30:25.949+0000] {dag.py:3089} INFO - Sync 1 DAGs
[2026-05-08T08:30:26.004+0000] {logging_mixin.py:188} INFO - [2026-05-08T08:30:26.004+0000] {dag.py:3947} INFO - Setting next_dagrun for smart_city_traffic_batch_dag to 2026-05-08 01:00:00+00:00, run_after=2026-05-09 01:00:00+00:00
[2026-05-08T08:30:26.045+0000] {processor.py:183} INFO - Processing /opt/airflow/dags/smart_city_traffic_batch_dag.py took 0.288 seconds
[2026-05-08T08:30:56.346+0000] {processor.py:161} INFO - Started process (PID=193) to work on /opt/airflow/dags/smart_city_traffic_batch_dag.py
[2026-05-08T08:30:56.349+0000] {processor.py:830} INFO - Processing file /opt/airflow/dags/smart_city_traffic_batch_dag.py for tasks to queue
[2026-05-08T08:30:56.353+0000] {logging_mixin.py:188} INFO - [2026-05-08T08:30:56.352+0000] {dagbag.py:545} INFO - Filling up the DagBag from /opt/airflow/dags/smart_city_traffic_batch_dag.py
[2026-05-08T08:30:56.396+0000] {processor.py:840} INFO - DAG(s) 'smart_city_traffic_batch_dag' retrieved from /opt/airflow/dags/smart_city_traffic_batch_dag.py
[2026-05-08T08:30:56.460+0000] {logging_mixin.py:188} INFO - [2026-05-08T08:30:56.459+0000] {dag.py:3089} INFO - Sync 1 DAGs
[2026-05-08T08:30:56.516+0000] {logging_mixin.py:188} INFO - [2026-05-08T08:30:56.516+0000] {dag.py:3947} INFO - Setting next_dagrun for smart_city_traffic_batch_dag to 2026-05-08 01:00:00+00:00, run_after=2026-05-09 01:00:00+00:00
[2026-05-08T08:30:56.574+0000] {processor.py:183} INFO - Processing /opt/airflow/dags/smart_city_traffic_batch_dag.py took 0.239 seconds
[2026-05-08T08:31:26.824+0000] {processor.py:161} INFO - Started process (PID=204) to work on /opt/airflow/dags/smart_city_traffic_batch_dag.py
[2026-05-08T08:31:26.826+0000] {processor.py:830} INFO - Processing file /opt/airflow/dags/smart_city_traffic_batch_dag.py for tasks to queue
[2026-05-08T08:31:26.830+0000] {logging_mixin.py:188} INFO - [2026-05-08T08:31:26.829+0000] {dagbag.py:545} INFO - Filling up the DagBag from /opt/airflow/dags/smart_city_traffic_batch_dag.py
[2026-05-08T08:31:26.871+0000] {processor.py:840} INFO - DAG(s) 'smart_city_traffic_batch_dag' retrieved from /opt/airflow/dags/smart_city_traffic_batch_dag.py
[2026-05-08T08:31:26.928+0000] {logging_mixin.py:188} INFO - [2026-05-08T08:31:26.928+0000] {dag.py:3089} INFO - Sync 1 DAGs
[2026-05-08T08:31:26.971+0000] {logging_mixin.py:188} INFO - [2026-05-08T08:31:26.971+0000] {dag.py:3947} INFO - Setting next_dagrun for smart_city_traffic_batch_dag to 2026-05-08 01:00:00+00:00, run_after=2026-05-09 01:00:00+00:00
[2026-05-08T08:31:27.012+0000] {processor.py:183} INFO - Processing /opt/airflow/dags/smart_city_traffic_batch_dag.py took 0.199 seconds
[2026-05-08T08:31:57.190+0000] {processor.py:161} INFO - Started process (PID=209) to work on /opt/airflow/dags/smart_city_traffic_batch_dag.py
[2026-05-08T08:31:57.193+0000] {processor.py:830} INFO - Processing file /opt/airflow/dags/smart_city_traffic_batch_dag.py for tasks to queue
[2026-05-08T08:31:57.197+0000] {logging_mixin.py:188} INFO - [2026-05-08T08:31:57.196+0000] {dagbag.py:545} INFO - Filling up the DagBag from /opt/airflow/dags/smart_city_traffic_batch_dag.py
[2026-05-08T08:31:57.244+0000] {processor.py:840} INFO - DAG(s) 'smart_city_traffic_batch_dag' retrieved from /opt/airflow/dags/smart_city_traffic_batch_dag.py
[2026-05-08T08:31:57.325+0000] {logging_mixin.py:188} INFO - [2026-05-08T08:31:57.325+0000] {dag.py:3089} INFO - Sync 1 DAGs
[2026-05-08T08:31:57.366+0000] {logging_mixin.py:188} INFO - [2026-05-08T08:31:57.366+0000] {dag.py:3947} INFO - Setting next_dagrun for smart_city_traffic_batch_dag to 2026-05-08 01:00:00+00:00, run_after=2026-05-09 01:00:00+00:00
[2026-05-08T08:31:57.411+0000] {processor.py:183} INFO - Processing /opt/airflow/dags/smart_city_traffic_batch_dag.py took 0.237 seconds
[2026-05-08T08:32:27.743+0000] {processor.py:161} INFO - Started process (PID=214) to work on /opt/airflow/dags/smart_city_traffic_batch_dag.py
[2026-05-08T08:32:27.746+0000] {processor.py:830} INFO - Processing file /opt/airflow/dags/smart_city_traffic_batch_dag.py for tasks to queue
[2026-05-08T08:32:27.750+0000] {logging_mixin.py:188} INFO - [2026-05-08T08:32:27.749+0000] {dagbag.py:545} INFO - Filling up the DagBag from /opt/airflow/dags/smart_city_traffic_batch_dag.py
[2026-05-08T08:32:27.794+0000] {processor.py:840} INFO - DAG(s) 'smart_city_traffic_batch_dag' retrieved from /opt/airflow/dags/smart_city_traffic_batch_dag.py
[2026-05-08T08:32:27.863+0000] {logging_mixin.py:188} INFO - [2026-05-08T08:32:27.862+0000] {dag.py:3089} INFO - Sync 1 DAGs
[2026-05-08T08:32:27.911+0000] {logging_mixin.py:188} INFO - [2026-05-08T08:32:27.911+0000] {dag.py:3947} INFO - Setting next_dagrun for smart_city_traffic_batch_dag to 2026-05-08 01:00:00+00:00, run_after=2026-05-09 01:00:00+00:00
[2026-05-08T08:32:27.947+0000] {processor.py:183} INFO - Processing /opt/airflow/dags/smart_city_traffic_batch_dag.py took 0.217 seconds
[2026-05-08T08:32:58.356+0000] {processor.py:161} INFO - Started process (PID=219) to work on /opt/airflow/dags/smart_city_traffic_batch_dag.py
[2026-05-08T08:32:58.357+0000] {processor.py:830} INFO - Processing file /opt/airflow/dags/smart_city_traffic_batch_dag.py for tasks to queue
[2026-05-08T08:32:58.361+0000] {logging_mixin.py:188} INFO - [2026-05-08T08:32:58.360+0000] {dagbag.py:545} INFO - Filling up the DagBag from /opt/airflow/dags/smart_city_traffic_batch_dag.py
[2026-05-08T08:32:58.397+0000] {processor.py:840} INFO - DAG(s) 'smart_city_traffic_batch_dag' retrieved from /opt/airflow/dags/smart_city_traffic_batch_dag.py
[2026-05-08T08:32:58.460+0000] {logging_mixin.py:188} INFO - [2026-05-08T08:32:58.459+0000] {dag.py:3089} INFO - Sync 1 DAGs
[2026-05-08T08:32:58.503+0000] {logging_mixin.py:188} INFO - [2026-05-08T08:32:58.503+0000] {dag.py:3947} INFO - Setting next_dagrun for smart_city_traffic_batch_dag to 2026-05-08 01:00:00+00:00, run_after=2026-05-09 01:00:00+00:00
[2026-05-08T08:32:58.543+0000] {processor.py:183} INFO - Processing /opt/airflow/dags/smart_city_traffic_batch_dag.py took 0.200 seconds
[2026-05-08T08:33:28.841+0000] {processor.py:161} INFO - Started process (PID=224) to work on /opt/airflow/dags/smart_city_traffic_batch_dag.py
[2026-05-08T08:33:28.843+0000] {processor.py:830} INFO - Processing file /opt/airflow/dags/smart_city_traffic_batch_dag.py for tasks to queue
[2026-05-08T08:33:28.847+0000] {logging_mixin.py:188} INFO - [2026-05-08T08:33:28.847+0000] {dagbag.py:545} INFO - Filling up the DagBag from /opt/airflow/dags/smart_city_traffic_batch_dag.py
[2026-05-08T08:33:28.890+0000] {processor.py:840} INFO - DAG(s) 'smart_city_traffic_batch_dag' retrieved from /opt/airflow/dags/smart_city_traffic_batch_dag.py
[2026-05-08T08:33:28.955+0000] {logging_mixin.py:188} INFO - [2026-05-08T08:33:28.955+0000] {dag.py:3089} INFO - Sync 1 DAGs
[2026-05-08T08:33:28.993+0000] {logging_mixin.py:188} INFO - [2026-05-08T08:33:28.993+0000] {dag.py:3947} INFO - Setting next_dagrun for smart_city_traffic_batch_dag to 2026-05-08 01:00:00+00:00, run_after=2026-05-09 01:00:00+00:00
[2026-05-08T08:33:29.032+0000] {processor.py:183} INFO - Processing /opt/airflow/dags/smart_city_traffic_batch_dag.py took 0.203 seconds
[2026-05-08T08:33:59.342+0000] {processor.py:161} INFO - Started process (PID=229) to work on /opt/airflow/dags/smart_city_traffic_batch_dag.py
[2026-05-08T08:33:59.346+0000] {processor.py:830} INFO - Processing file /opt/airflow/dags/smart_city_traffic_batch_dag.py for tasks to queue
[2026-05-08T08:33:59.352+0000] {logging_mixin.py:188} INFO - [2026-05-08T08:33:59.351+0000] {dagbag.py:545} INFO - Filling up the DagBag from /opt/airflow/dags/smart_city_traffic_batch_dag.py
[2026-05-08T08:33:59.400+0000] {processor.py:840} INFO - DAG(s) 'smart_city_traffic_batch_dag' retrieved from /opt/airflow/dags/smart_city_traffic_batch_dag.py
[2026-05-08T08:33:59.470+0000] {logging_mixin.py:188} INFO - [2026-05-08T08:33:59.469+0000] {dag.py:3089} INFO - Sync 1 DAGs
[2026-05-08T08:33:59.515+0000] {logging_mixin.py:188} INFO - [2026-05-08T08:33:59.515+0000] {dag.py:3947} INFO - Setting next_dagrun for smart_city_traffic_batch_dag to 2026-05-08 01:00:00+00:00, run_after=2026-05-09 01:00:00+00:00
[2026-05-08T08:33:59.559+0000] {processor.py:183} INFO - Processing /opt/airflow/dags/smart_city_traffic_batch_dag.py took 0.229 seconds
[2026-05-08T08:34:29.966+0000] {processor.py:161} INFO - Started process (PID=234) to work on /opt/airflow/dags/smart_city_traffic_batch_dag.py
[2026-05-08T08:34:29.968+0000] {processor.py:830} INFO - Processing file /opt/airflow/dags/smart_city_traffic_batch_dag.py for tasks to queue
[2026-05-08T08:34:29.972+0000] {logging_mixin.py:188} INFO - [2026-05-08T08:34:29.972+0000] {dagbag.py:545} INFO - Filling up the DagBag from /opt/airflow/dags/smart_city_traffic_batch_dag.py
[2026-05-08T08:34:30.020+0000] {processor.py:840} INFO - DAG(s) 'smart_city_traffic_batch_dag' retrieved from /opt/airflow/dags/smart_city_traffic_batch_dag.py
[2026-05-08T08:34:30.105+0000] {logging_mixin.py:188} INFO - [2026-05-08T08:34:30.104+0000] {dag.py:3089} INFO - Sync 1 DAGs
[2026-05-08T08:34:30.149+0000] {logging_mixin.py:188} INFO - [2026-05-08T08:34:30.149+0000] {dag.py:3947} INFO - Setting next_dagrun for smart_city_traffic_batch_dag to 2026-05-08 01:00:00+00:00, run_after=2026-05-09 01:00:00+00:00
[2026-05-08T08:34:30.186+0000] {processor.py:183} INFO - Processing /opt/airflow/dags/smart_city_traffic_batch_dag.py took 0.232 seconds
[2026-05-08T08:35:00.481+0000] {processor.py:161} INFO - Started process (PID=239) to work on /opt/airflow/dags/smart_city_traffic_batch_dag.py
[2026-05-08T08:35:00.484+0000] {processor.py:830} INFO - Processing file /opt/airflow/dags/smart_city_traffic_batch_dag.py for tasks to queue
[2026-05-08T08:35:00.488+0000] {logging_mixin.py:188} INFO - [2026-05-08T08:35:00.487+0000] {dagbag.py:545} INFO - Filling up the DagBag from /opt/airflow/dags/smart_city_traffic_batch_dag.py
[2026-05-08T08:35:00.527+0000] {processor.py:840} INFO - DAG(s) 'smart_city_traffic_batch_dag' retrieved from /opt/airflow/dags/smart_city_traffic_batch_dag.py
[2026-05-08T08:35:00.591+0000] {logging_mixin.py:188} INFO - [2026-05-08T08:35:00.590+0000] {dag.py:3089} INFO - Sync 1 DAGs
[2026-05-08T08:35:00.633+0000] {logging_mixin.py:188} INFO - [2026-05-08T08:35:00.632+0000] {dag.py:3947} INFO - Setting next_dagrun for smart_city_traffic_batch_dag to 2026-05-08 01:00:00+00:00, run_after=2026-05-09 01:00:00+00:00
[2026-05-08T08:35:00.672+0000] {processor.py:183} INFO - Processing /opt/airflow/dags/smart_city_traffic_batch_dag.py took 0.202 seconds
[2026-05-08T08:35:31.001+0000] {processor.py:161} INFO - Started process (PID=244) to work on /opt/airflow/dags/smart_city_traffic_batch_dag.py
[2026-05-08T08:35:31.005+0000] {processor.py:830} INFO - Processing file /opt/airflow/dags/smart_city_traffic_batch_dag.py for tasks to queue
[2026-05-08T08:35:31.010+0000] {logging_mixin.py:188} INFO - [2026-05-08T08:35:31.009+0000] {dagbag.py:545} INFO - Filling up the DagBag from /opt/airflow/dags/smart_city_traffic_batch_dag.py
[2026-05-08T08:35:31.064+0000] {processor.py:840} INFO - DAG(s) 'smart_city_traffic_batch_dag' retrieved from /opt/airflow/dags/smart_city_traffic_batch_dag.py
[2026-05-08T08:35:31.143+0000] {logging_mixin.py:188} INFO - [2026-05-08T08:35:31.142+0000] {dag.py:3089} INFO - Sync 1 DAGs
[2026-05-08T08:35:31.184+0000] {logging_mixin.py:188} INFO - [2026-05-08T08:35:31.184+0000] {dag.py:3947} INFO - Setting next_dagrun for smart_city_traffic_batch_dag to 2026-05-08 01:00:00+00:00, run_after=2026-05-09 01:00:00+00:00
[2026-05-08T08:35:31.217+0000] {processor.py:183} INFO - Processing /opt/airflow/dags/smart_city_traffic_batch_dag.py took 0.232 seconds
[2026-05-08T08:36:01.581+0000] {processor.py:161} INFO - Started process (PID=249) to work on /opt/airflow/dags/smart_city_traffic_batch_dag.py
[2026-05-08T08:36:01.586+0000] {processor.py:830} INFO - Processing file /opt/airflow/dags/smart_city_traffic_batch_dag.py for tasks to queue
[2026-05-08T08:36:01.595+0000] {logging_mixin.py:188} INFO - [2026-05-08T08:36:01.594+0000] {dagbag.py:545} INFO - Filling up the DagBag from /opt/airflow/dags/smart_city_traffic_batch_dag.py
[2026-05-08T08:36:01.663+0000] {processor.py:840} INFO - DAG(s) 'smart_city_traffic_batch_dag' retrieved from /opt/airflow/dags/smart_city_traffic_batch_dag.py
[2026-05-08T08:36:01.760+0000] {logging_mixin.py:188} INFO - [2026-05-08T08:36:01.759+0000] {dag.py:3089} INFO - Sync 1 DAGs
[2026-05-08T08:36:01.815+0000] {logging_mixin.py:188} INFO - [2026-05-08T08:36:01.814+0000] {dag.py:3947} INFO - Setting next_dagrun for smart_city_traffic_batch_dag to 2026-05-08 01:00:00+00:00, run_after=2026-05-09 01:00:00+00:00
[2026-05-08T08:36:01.856+0000] {processor.py:183} INFO - Processing /opt/airflow/dags/smart_city_traffic_batch_dag.py took 0.299 seconds
[2026-05-08T08:36:32.226+0000] {processor.py:161} INFO - Started process (PID=254) to work on /opt/airflow/dags/smart_city_traffic_batch_dag.py
[2026-05-08T08:36:32.232+0000] {processor.py:830} INFO - Processing file /opt/airflow/dags/smart_city_traffic_batch_dag.py for tasks to queue
[2026-05-08T08:36:32.244+0000] {logging_mixin.py:188} INFO - [2026-05-08T08:36:32.242+0000] {dagbag.py:545} INFO - Filling up the DagBag from /opt/airflow/dags/smart_city_traffic_batch_dag.py
[2026-05-08T08:36:32.336+0000] {processor.py:840} INFO - DAG(s) 'smart_city_traffic_batch_dag' retrieved from /opt/airflow/dags/smart_city_traffic_batch_dag.py
[2026-05-08T08:36:32.437+0000] {logging_mixin.py:188} INFO - [2026-05-08T08:36:32.436+0000] {dag.py:3089} INFO - Sync 1 DAGs
[2026-05-08T08:36:32.492+0000] {logging_mixin.py:188} INFO - [2026-05-08T08:36:32.491+0000] {dag.py:3947} INFO - Setting next_dagrun for smart_city_traffic_batch_dag to 2026-05-08 01:00:00+00:00, run_after=2026-05-09 01:00:00+00:00
[2026-05-08T08:36:32.544+0000] {processor.py:183} INFO - Processing /opt/airflow/dags/smart_city_traffic_batch_dag.py took 0.350 seconds
[2026-05-08T08:37:02.914+0000] {processor.py:161} INFO - Started process (PID=259) to work on /opt/airflow/dags/smart_city_traffic_batch_dag.py
[2026-05-08T08:37:02.917+0000] {processor.py:830} INFO - Processing file /opt/airflow/dags/smart_city_traffic_batch_dag.py for tasks to queue
[2026-05-08T08:37:02.920+0000] {logging_mixin.py:188} INFO - [2026-05-08T08:37:02.920+0000] {dagbag.py:545} INFO - Filling up the DagBag from /opt/airflow/dags/smart_city_traffic_batch_dag.py
[2026-05-08T08:37:02.964+0000] {processor.py:840} INFO - DAG(s) 'smart_city_traffic_batch_dag' retrieved from /opt/airflow/dags/smart_city_traffic_batch_dag.py
[2026-05-08T08:37:03.056+0000] {logging_mixin.py:188} INFO - [2026-05-08T08:37:03.055+0000] {dag.py:3089} INFO - Sync 1 DAGs
[2026-05-08T08:37:03.112+0000] {logging_mixin.py:188} INFO - [2026-05-08T08:37:03.111+0000] {dag.py:3947} INFO - Setting next_dagrun for smart_city_traffic_batch_dag to 2026-05-08 01:00:00+00:00, run_after=2026-05-09 01:00:00+00:00
[2026-05-08T08:37:03.165+0000] {processor.py:183} INFO - Processing /opt/airflow/dags/smart_city_traffic_batch_dag.py took 0.262 seconds
[2026-05-08T08:37:33.469+0000] {processor.py:161} INFO - Started process (PID=264) to work on /opt/airflow/dags/smart_city_traffic_batch_dag.py
[2026-05-08T08:37:33.472+0000] {processor.py:830} INFO - Processing file /opt/airflow/dags/smart_city_traffic_batch_dag.py for tasks to queue
[2026-05-08T08:37:33.475+0000] {logging_mixin.py:188} INFO - [2026-05-08T08:37:33.474+0000] {dagbag.py:545} INFO - Filling up the DagBag from /opt/airflow/dags/smart_city_traffic_batch_dag.py
[2026-05-08T08:37:33.512+0000] {processor.py:840} INFO - DAG(s) 'smart_city_traffic_batch_dag' retrieved from /opt/airflow/dags/smart_city_traffic_batch_dag.py
[2026-05-08T08:37:33.583+0000] {logging_mixin.py:188} INFO - [2026-05-08T08:37:33.582+0000] {dag.py:3089} INFO - Sync 1 DAGs
[2026-05-08T08:37:33.633+0000] {logging_mixin.py:188} INFO - [2026-05-08T08:37:33.633+0000] {dag.py:3947} INFO - Setting next_dagrun for smart_city_traffic_batch_dag to 2026-05-08 01:00:00+00:00, run_after=2026-05-09 01:00:00+00:00
[2026-05-08T08:37:33.676+0000] {processor.py:183} INFO - Processing /opt/airflow/dags/smart_city_traffic_batch_dag.py took 0.217 seconds
[2026-05-08T08:38:04.013+0000] {processor.py:161} INFO - Started process (PID=269) to work on /opt/airflow/dags/smart_city_traffic_batch_dag.py
[2026-05-08T08:38:04.017+0000] {processor.py:830} INFO - Processing file /opt/airflow/dags/smart_city_traffic_batch_dag.py for tasks to queue
[2026-05-08T08:38:04.021+0000] {logging_mixin.py:188} INFO - [2026-05-08T08:38:04.020+0000] {dagbag.py:545} INFO - Filling up the DagBag from /opt/airflow/dags/smart_city_traffic_batch_dag.py
[2026-05-08T08:38:04.076+0000] {processor.py:840} INFO - DAG(s) 'smart_city_traffic_batch_dag' retrieved from /opt/airflow/dags/smart_city_traffic_batch_dag.py
[2026-05-08T08:38:04.154+0000] {logging_mixin.py:188} INFO - [2026-05-08T08:38:04.154+0000] {dag.py:3089} INFO - Sync 1 DAGs
[2026-05-08T08:38:04.203+0000] {logging_mixin.py:188} INFO - [2026-05-08T08:38:04.203+0000] {dag.py:3947} INFO - Setting next_dagrun for smart_city_traffic_batch_dag to 2026-05-08 01:00:00+00:00, run_after=2026-05-09 01:00:00+00:00
[2026-05-08T08:38:04.249+0000] {processor.py:183} INFO - Processing /opt/airflow/dags/smart_city_traffic_batch_dag.py took 0.253 seconds
[2026-05-08T08:38:34.608+0000] {processor.py:161} INFO - Started process (PID=274) to work on /opt/airflow/dags/smart_city_traffic_batch_dag.py
[2026-05-08T08:38:34.612+0000] {processor.py:830} INFO - Processing file /opt/airflow/dags/smart_city_traffic_batch_dag.py for tasks to queue
[2026-05-08T08:38:34.616+0000] {logging_mixin.py:188} INFO - [2026-05-08T08:38:34.615+0000] {dagbag.py:545} INFO - Filling up the DagBag from /opt/airflow/dags/smart_city_traffic_batch_dag.py
[2026-05-08T08:38:34.655+0000] {processor.py:840} INFO - DAG(s) 'smart_city_traffic_batch_dag' retrieved from /opt/airflow/dags/smart_city_traffic_batch_dag.py
[2026-05-08T08:38:34.725+0000] {logging_mixin.py:188} INFO - [2026-05-08T08:38:34.725+0000] {dag.py:3089} INFO - Sync 1 DAGs
[2026-05-08T08:38:34.772+0000] {logging_mixin.py:188} INFO - [2026-05-08T08:38:34.772+0000] {dag.py:3947} INFO - Setting next_dagrun for smart_city_traffic_batch_dag to 2026-05-08 01:00:00+00:00, run_after=2026-05-09 01:00:00+00:00
[2026-05-08T08:38:34.810+0000] {processor.py:183} INFO - Processing /opt/airflow/dags/smart_city_traffic_batch_dag.py took 0.215 seconds
[2026-05-08T08:39:05.155+0000] {processor.py:161} INFO - Started process (PID=279) to work on /opt/airflow/dags/smart_city_traffic_batch_dag.py
[2026-05-08T08:39:05.157+0000] {processor.py:830} INFO - Processing file /opt/airflow/dags/smart_city_traffic_batch_dag.py for tasks to queue
[2026-05-08T08:39:05.161+0000] {logging_mixin.py:188} INFO - [2026-05-08T08:39:05.161+0000] {dagbag.py:545} INFO - Filling up the DagBag from /opt/airflow/dags/smart_city_traffic_batch_dag.py
[2026-05-08T08:39:05.204+0000] {processor.py:840} INFO - DAG(s) 'smart_city_traffic_batch_dag' retrieved from /opt/airflow/dags/smart_city_traffic_batch_dag.py
[2026-05-08T08:39:05.292+0000] {logging_mixin.py:188} INFO - [2026-05-08T08:39:05.292+0000] {dag.py:3089} INFO - Sync 1 DAGs
[2026-05-08T08:39:05.344+0000] {logging_mixin.py:188} INFO - [2026-05-08T08:39:05.344+0000] {dag.py:3947} INFO - Setting next_dagrun for smart_city_traffic_batch_dag to 2026-05-08 01:00:00+00:00, run_after=2026-05-09 01:00:00+00:00
[2026-05-08T08:39:05.438+0000] {processor.py:183} INFO - Processing /opt/airflow/dags/smart_city_traffic_batch_dag.py took 0.300 seconds
[2026-05-08T08:39:35.893+0000] {processor.py:161} INFO - Started process (PID=284) to work on /opt/airflow/dags/smart_city_traffic_batch_dag.py
[2026-05-08T08:39:35.905+0000] {processor.py:830} INFO - Processing file /opt/airflow/dags/smart_city_traffic_batch_dag.py for tasks to queue
[2026-05-08T08:39:35.940+0000] {logging_mixin.py:188} INFO - [2026-05-08T08:39:35.934+0000] {dagbag.py:545} INFO - Filling up the DagBag from /opt/airflow/dags/smart_city_traffic_batch_dag.py
[2026-05-08T08:39:36.184+0000] {processor.py:840} INFO - DAG(s) 'smart_city_traffic_batch_dag' retrieved from /opt/airflow/dags/smart_city_traffic_batch_dag.py
[2026-05-08T08:39:36.495+0000] {logging_mixin.py:188} INFO - [2026-05-08T08:39:36.494+0000] {dag.py:3089} INFO - Sync 1 DAGs
[2026-05-08T08:39:36.606+0000] {logging_mixin.py:188} INFO - [2026-05-08T08:39:36.605+0000] {dag.py:3947} INFO - Setting next_dagrun for smart_city_traffic_batch_dag to 2026-05-08 01:00:00+00:00, run_after=2026-05-09 01:00:00+00:00
[2026-05-08T08:39:36.686+0000] {processor.py:183} INFO - Processing /opt/airflow/dags/smart_city_traffic_batch_dag.py took 0.887 seconds
[2026-05-08T08:40:07.722+0000] {processor.py:161} INFO - Started process (PID=289) to work on /opt/airflow/dags/smart_city_traffic_batch_dag.py
[2026-05-08T08:40:07.730+0000] {processor.py:830} INFO - Processing file /opt/airflow/dags/smart_city_traffic_batch_dag.py for tasks to queue
[2026-05-08T08:40:07.763+0000] {logging_mixin.py:188} INFO - [2026-05-08T08:40:07.757+0000] {dagbag.py:545} INFO - Filling up the DagBag from /opt/airflow/dags/smart_city_traffic_batch_dag.py
[2026-05-08T08:40:07.935+0000] {processor.py:840} INFO - DAG(s) 'smart_city_traffic_batch_dag' retrieved from /opt/airflow/dags/smart_city_traffic_batch_dag.py
[2026-05-08T08:40:08.234+0000] {logging_mixin.py:188} INFO - [2026-05-08T08:40:08.233+0000] {dag.py:3089} INFO - Sync 1 DAGs
[2026-05-08T08:40:08.354+0000] {logging_mixin.py:188} INFO - [2026-05-08T08:40:08.353+0000] {dag.py:3947} INFO - Setting next_dagrun for smart_city_traffic_batch_dag to 2026-05-08 01:00:00+00:00, run_after=2026-05-09 01:00:00+00:00
[2026-05-08T08:40:08.459+0000] {processor.py:183} INFO - Processing /opt/airflow/dags/smart_city_traffic_batch_dag.py took 0.817 seconds
[2026-05-08T08:40:39.379+0000] {processor.py:161} INFO - Started process (PID=294) to work on /opt/airflow/dags/smart_city_traffic_batch_dag.py
[2026-05-08T08:40:39.393+0000] {processor.py:830} INFO - Processing file /opt/airflow/dags/smart_city_traffic_batch_dag.py for tasks to queue
[2026-05-08T08:40:39.466+0000] {logging_mixin.py:188} INFO - [2026-05-08T08:40:39.450+0000] {dagbag.py:545} INFO - Filling up the DagBag from /opt/airflow/dags/smart_city_traffic_batch_dag.py
[2026-05-08T08:40:39.861+0000] {processor.py:840} INFO - DAG(s) 'smart_city_traffic_batch_dag' retrieved from /opt/airflow/dags/smart_city_traffic_batch_dag.py
[2026-05-08T08:40:40.349+0000] {logging_mixin.py:188} INFO - [2026-05-08T08:40:40.348+0000] {dag.py:3089} INFO - Sync 1 DAGs
[2026-05-08T08:40:40.567+0000] {logging_mixin.py:188} INFO - [2026-05-08T08:40:40.566+0000] {dag.py:3947} INFO - Setting next_dagrun for smart_city_traffic_batch_dag to 2026-05-08 01:00:00+00:00, run_after=2026-05-09 01:00:00+00:00
[2026-05-08T08:40:40.695+0000] {processor.py:183} INFO - Processing /opt/airflow/dags/smart_city_traffic_batch_dag.py took 1.459 seconds
[2026-05-08T08:41:11.678+0000] {processor.py:161} INFO - Started process (PID=299) to work on /opt/airflow/dags/smart_city_traffic_batch_dag.py
[2026-05-08T08:41:11.687+0000] {processor.py:830} INFO - Processing file /opt/airflow/dags/smart_city_traffic_batch_dag.py for tasks to queue
[2026-05-08T08:41:11.720+0000] {logging_mixin.py:188} INFO - [2026-05-08T08:41:11.715+0000] {dagbag.py:545} INFO - Filling up the DagBag from /opt/airflow/dags/smart_city_traffic_batch_dag.py
[2026-05-08T08:41:11.916+0000] {processor.py:840} INFO - DAG(s) 'smart_city_traffic_batch_dag' retrieved from /opt/airflow/dags/smart_city_traffic_batch_dag.py
[2026-05-08T08:41:12.187+0000] {logging_mixin.py:188} INFO - [2026-05-08T08:41:12.187+0000] {dag.py:3089} INFO - Sync 1 DAGs
[2026-05-08T08:41:12.308+0000] {logging_mixin.py:188} INFO - [2026-05-08T08:41:12.307+0000] {dag.py:3947} INFO - Setting next_dagrun for smart_city_traffic_batch_dag to 2026-05-08 01:00:00+00:00, run_after=2026-05-09 01:00:00+00:00
[2026-05-08T08:41:12.389+0000] {processor.py:183} INFO - Processing /opt/airflow/dags/smart_city_traffic_batch_dag.py took 0.803 seconds
[2026-05-08T08:41:42.778+0000] {processor.py:161} INFO - Started process (PID=304) to work on /opt/airflow/dags/smart_city_traffic_batch_dag.py
[2026-05-08T08:41:42.781+0000] {processor.py:830} INFO - Processing file /opt/airflow/dags/smart_city_traffic_batch_dag.py for tasks to queue
[2026-05-08T08:41:42.789+0000] {logging_mixin.py:188} INFO - [2026-05-08T08:41:42.788+0000] {dagbag.py:545} INFO - Filling up the DagBag from /opt/airflow/dags/smart_city_traffic_batch_dag.py
[2026-05-08T08:41:42.855+0000] {processor.py:840} INFO - DAG(s) 'smart_city_traffic_batch_dag' retrieved from /opt/airflow/dags/smart_city_traffic_batch_dag.py
[2026-05-08T08:41:42.983+0000] {logging_mixin.py:188} INFO - [2026-05-08T08:41:42.982+0000] {dag.py:3089} INFO - Sync 1 DAGs
[2026-05-08T08:41:43.048+0000] {logging_mixin.py:188} INFO - [2026-05-08T08:41:43.047+0000] {dag.py:3947} INFO - Setting next_dagrun for smart_city_traffic_batch_dag to 2026-05-08 01:00:00+00:00, run_after=2026-05-09 01:00:00+00:00
[2026-05-08T08:41:43.103+0000] {processor.py:183} INFO - Processing /opt/airflow/dags/smart_city_traffic_batch_dag.py took 0.341 seconds
[2026-05-08T08:42:13.451+0000] {processor.py:161} INFO - Started process (PID=309) to work on /opt/airflow/dags/smart_city_traffic_batch_dag.py
[2026-05-08T08:42:13.454+0000] {processor.py:830} INFO - Processing file /opt/airflow/dags/smart_city_traffic_batch_dag.py for tasks to queue
[2026-05-08T08:42:13.459+0000] {logging_mixin.py:188} INFO - [2026-05-08T08:42:13.459+0000] {dagbag.py:545} INFO - Filling up the DagBag from /opt/airflow/dags/smart_city_traffic_batch_dag.py
[2026-05-08T08:42:13.512+0000] {processor.py:840} INFO - DAG(s) 'smart_city_traffic_batch_dag' retrieved from /opt/airflow/dags/smart_city_traffic_batch_dag.py
[2026-05-08T08:42:13.611+0000] {logging_mixin.py:188} INFO - [2026-05-08T08:42:13.611+0000] {dag.py:3089} INFO - Sync 1 DAGs
[2026-05-08T08:42:13.667+0000] {logging_mixin.py:188} INFO - [2026-05-08T08:42:13.667+0000] {dag.py:3947} INFO - Setting next_dagrun for smart_city_traffic_batch_dag to 2026-05-08 01:00:00+00:00, run_after=2026-05-09 01:00:00+00:00
[2026-05-08T08:42:13.712+0000] {processor.py:183} INFO - Processing /opt/airflow/dags/smart_city_traffic_batch_dag.py took 0.280 seconds
[2026-05-08T08:42:44.473+0000] {processor.py:161} INFO - Started process (PID=314) to work on /opt/airflow/dags/smart_city_traffic_batch_dag.py
[2026-05-08T08:42:44.482+0000] {processor.py:830} INFO - Processing file /opt/airflow/dags/smart_city_traffic_batch_dag.py for tasks to queue
[2026-05-08T08:42:44.510+0000] {logging_mixin.py:188} INFO - [2026-05-08T08:42:44.506+0000] {dagbag.py:545} INFO - Filling up the DagBag from /opt/airflow/dags/smart_city_traffic_batch_dag.py
[2026-05-08T08:42:44.698+0000] {processor.py:840} INFO - DAG(s) 'smart_city_traffic_batch_dag' retrieved from /opt/airflow/dags/smart_city_traffic_batch_dag.py
[2026-05-08T08:42:44.947+0000] {logging_mixin.py:188} INFO - [2026-05-08T08:42:44.946+0000] {dag.py:3089} INFO - Sync 1 DAGs
[2026-05-08T08:42:45.060+0000] {logging_mixin.py:188} INFO - [2026-05-08T08:42:45.059+0000] {dag.py:3947} INFO - Setting next_dagrun for smart_city_traffic_batch_dag to 2026-05-08 01:00:00+00:00, run_after=2026-05-09 01:00:00+00:00
[2026-05-08T08:42:45.142+0000] {processor.py:183} INFO - Processing /opt/airflow/dags/smart_city_traffic_batch_dag.py took 0.732 seconds
[2026-05-08T08:43:15.997+0000] {processor.py:161} INFO - Started process (PID=325) to work on /opt/airflow/dags/smart_city_traffic_batch_dag.py
[2026-05-08T08:43:16.011+0000] {processor.py:830} INFO - Processing file /opt/airflow/dags/smart_city_traffic_batch_dag.py for tasks to queue
[2026-05-08T08:43:16.044+0000] {logging_mixin.py:188} INFO - [2026-05-08T08:43:16.042+0000] {dagbag.py:545} INFO - Filling up the DagBag from /opt/airflow/dags/smart_city_traffic_batch_dag.py
[2026-05-08T08:43:16.238+0000] {processor.py:840} INFO - DAG(s) 'smart_city_traffic_batch_dag' retrieved from /opt/airflow/dags/smart_city_traffic_batch_dag.py
[2026-05-08T08:43:16.682+0000] {logging_mixin.py:188} INFO - [2026-05-08T08:43:16.681+0000] {dag.py:3089} INFO - Sync 1 DAGs
[2026-05-08T08:43:16.844+0000] {logging_mixin.py:188} INFO - [2026-05-08T08:43:16.843+0000] {dag.py:3947} INFO - Setting next_dagrun for smart_city_traffic_batch_dag to 2026-05-08 01:00:00+00:00, run_after=2026-05-09 01:00:00+00:00
[2026-05-08T08:43:16.956+0000] {processor.py:183} INFO - Processing /opt/airflow/dags/smart_city_traffic_batch_dag.py took 1.048 seconds
[2026-05-08T08:43:48.739+0000] {processor.py:161} INFO - Started process (PID=330) to work on /opt/airflow/dags/smart_city_traffic_batch_dag.py
[2026-05-08T08:43:48.748+0000] {processor.py:830} INFO - Processing file /opt/airflow/dags/smart_city_traffic_batch_dag.py for tasks to queue
[2026-05-08T08:43:48.804+0000] {logging_mixin.py:188} INFO - [2026-05-08T08:43:48.796+0000] {dagbag.py:545} INFO - Filling up the DagBag from /opt/airflow/dags/smart_city_traffic_batch_dag.py
[2026-05-08T08:43:49.137+0000] {processor.py:840} INFO - DAG(s) 'smart_city_traffic_batch_dag' retrieved from /opt/airflow/dags/smart_city_traffic_batch_dag.py
[2026-05-08T08:43:49.459+0000] {logging_mixin.py:188} INFO - [2026-05-08T08:43:49.458+0000] {dag.py:3089} INFO - Sync 1 DAGs
[2026-05-08T08:43:49.628+0000] {logging_mixin.py:188} INFO - [2026-05-08T08:43:49.627+0000] {dag.py:3947} INFO - Setting next_dagrun for smart_city_traffic_batch_dag to 2026-05-08 01:00:00+00:00, run_after=2026-05-09 01:00:00+00:00
[2026-05-08T08:43:49.711+0000] {processor.py:183} INFO - Processing /opt/airflow/dags/smart_city_traffic_batch_dag.py took 1.150 seconds
[2026-05-08T08:44:20.131+0000] {processor.py:161} INFO - Started process (PID=335) to work on /opt/airflow/dags/smart_city_traffic_batch_dag.py
[2026-05-08T08:44:20.136+0000] {processor.py:830} INFO - Processing file /opt/airflow/dags/smart_city_traffic_batch_dag.py for tasks to queue
[2026-05-08T08:44:20.145+0000] {logging_mixin.py:188} INFO - [2026-05-08T08:44:20.144+0000] {dagbag.py:545} INFO - Filling up the DagBag from /opt/airflow/dags/smart_city_traffic_batch_dag.py
[2026-05-08T08:44:20.214+0000] {processor.py:840} INFO - DAG(s) 'smart_city_traffic_batch_dag' retrieved from /opt/airflow/dags/smart_city_traffic_batch_dag.py
[2026-05-08T08:44:20.371+0000] {logging_mixin.py:188} INFO - [2026-05-08T08:44:20.370+0000] {dag.py:3089} INFO - Sync 1 DAGs
[2026-05-08T08:44:20.509+0000] {logging_mixin.py:188} INFO - [2026-05-08T08:44:20.508+0000] {dag.py:3947} INFO - Setting next_dagrun for smart_city_traffic_batch_dag to 2026-05-08 01:00:00+00:00, run_after=2026-05-09 01:00:00+00:00
[2026-05-08T08:44:20.632+0000] {processor.py:183} INFO - Processing /opt/airflow/dags/smart_city_traffic_batch_dag.py took 0.534 seconds
[2026-05-08T08:44:51.142+0000] {processor.py:161} INFO - Started process (PID=340) to work on /opt/airflow/dags/smart_city_traffic_batch_dag.py
[2026-05-08T08:44:51.144+0000] {processor.py:830} INFO - Processing file /opt/airflow/dags/smart_city_traffic_batch_dag.py for tasks to queue
[2026-05-08T08:44:51.149+0000] {logging_mixin.py:188} INFO - [2026-05-08T08:44:51.148+0000] {dagbag.py:545} INFO - Filling up the DagBag from /opt/airflow/dags/smart_city_traffic_batch_dag.py
[2026-05-08T08:44:51.197+0000] {processor.py:840} INFO - DAG(s) 'smart_city_traffic_batch_dag' retrieved from /opt/airflow/dags/smart_city_traffic_batch_dag.py
[2026-05-08T08:44:51.280+0000] {logging_mixin.py:188} INFO - [2026-05-08T08:44:51.279+0000] {dag.py:3089} INFO - Sync 1 DAGs
[2026-05-08T08:44:51.334+0000] {logging_mixin.py:188} INFO - [2026-05-08T08:44:51.333+0000] {dag.py:3947} INFO - Setting next_dagrun for smart_city_traffic_batch_dag to 2026-05-08 01:00:00+00:00, run_after=2026-05-09 01:00:00+00:00
[2026-05-08T08:44:51.374+0000] {processor.py:183} INFO - Processing /opt/airflow/dags/smart_city_traffic_batch_dag.py took 0.256 seconds
[2026-05-08T08:45:21.888+0000] {processor.py:161} INFO - Started process (PID=345) to work on /opt/airflow/dags/smart_city_traffic_batch_dag.py
[2026-05-08T08:45:21.901+0000] {processor.py:830} INFO - Processing file /opt/airflow/dags/smart_city_traffic_batch_dag.py for tasks to queue
[2026-05-08T08:45:21.929+0000] {logging_mixin.py:188} INFO - [2026-05-08T08:45:21.925+0000] {dagbag.py:545} INFO - Filling up the DagBag from /opt/airflow/dags/smart_city_traffic_batch_dag.py
[2026-05-08T08:45:22.108+0000] {processor.py:840} INFO - DAG(s) 'smart_city_traffic_batch_dag' retrieved from /opt/airflow/dags/smart_city_traffic_batch_dag.py
[2026-05-08T08:45:22.477+0000] {logging_mixin.py:188} INFO - [2026-05-08T08:45:22.476+0000] {dag.py:3089} INFO - Sync 1 DAGs
[2026-05-08T08:45:22.678+0000] {logging_mixin.py:188} INFO - [2026-05-08T08:45:22.678+0000] {dag.py:3947} INFO - Setting next_dagrun for smart_city_traffic_batch_dag to 2026-05-08 01:00:00+00:00, run_after=2026-05-09 01:00:00+00:00
[2026-05-08T08:45:22.784+0000] {processor.py:183} INFO - Processing /opt/airflow/dags/smart_city_traffic_batch_dag.py took 0.962 seconds
[2026-05-08T08:45:53.396+0000] {processor.py:161} INFO - Started process (PID=350) to work on /opt/airflow/dags/smart_city_traffic_batch_dag.py
[2026-05-08T08:45:53.401+0000] {processor.py:830} INFO - Processing file /opt/airflow/dags/smart_city_traffic_batch_dag.py for tasks to queue
[2026-05-08T08:45:53.428+0000] {logging_mixin.py:188} INFO - [2026-05-08T08:45:53.424+0000] {dagbag.py:545} INFO - Filling up the DagBag from /opt/airflow/dags/smart_city_traffic_batch_dag.py
[2026-05-08T08:45:53.615+0000] {processor.py:840} INFO - DAG(s) 'smart_city_traffic_batch_dag' retrieved from /opt/airflow/dags/smart_city_traffic_batch_dag.py
[2026-05-08T08:45:53.948+0000] {logging_mixin.py:188} INFO - [2026-05-08T08:45:53.947+0000] {dag.py:3089} INFO - Sync 1 DAGs
[2026-05-08T08:45:54.104+0000] {logging_mixin.py:188} INFO - [2026-05-08T08:45:54.103+0000] {dag.py:3947} INFO - Setting next_dagrun for smart_city_traffic_batch_dag to 2026-05-08 01:00:00+00:00, run_after=2026-05-09 01:00:00+00:00
[2026-05-08T08:45:54.174+0000] {processor.py:183} INFO - Processing /opt/airflow/dags/smart_city_traffic_batch_dag.py took 0.831 seconds
[2026-05-08T08:46:24.639+0000] {processor.py:161} INFO - Started process (PID=355) to work on /opt/airflow/dags/smart_city_traffic_batch_dag.py
[2026-05-08T08:46:24.642+0000] {processor.py:830} INFO - Processing file /opt/airflow/dags/smart_city_traffic_batch_dag.py for tasks to queue
[2026-05-08T08:46:24.651+0000] {logging_mixin.py:188} INFO - [2026-05-08T08:46:24.650+0000] {dagbag.py:545} INFO - Filling up the DagBag from /opt/airflow/dags/smart_city_traffic_batch_dag.py
[2026-05-08T08:46:24.713+0000] {processor.py:840} INFO - DAG(s) 'smart_city_traffic_batch_dag' retrieved from /opt/airflow/dags/smart_city_traffic_batch_dag.py
[2026-05-08T08:46:24.805+0000] {logging_mixin.py:188} INFO - [2026-05-08T08:46:24.804+0000] {dag.py:3089} INFO - Sync 1 DAGs
[2026-05-08T08:46:24.856+0000] {logging_mixin.py:188} INFO - [2026-05-08T08:46:24.855+0000] {dag.py:3947} INFO - Setting next_dagrun for smart_city_traffic_batch_dag to 2026-05-08 01:00:00+00:00, run_after=2026-05-09 01:00:00+00:00
[2026-05-08T08:46:24.901+0000] {processor.py:183} INFO - Processing /opt/airflow/dags/smart_city_traffic_batch_dag.py took 0.282 seconds
[2026-05-08T08:46:55.259+0000] {processor.py:161} INFO - Started process (PID=360) to work on /opt/airflow/dags/smart_city_traffic_batch_dag.py
[2026-05-08T08:46:55.262+0000] {processor.py:830} INFO - Processing file /opt/airflow/dags/smart_city_traffic_batch_dag.py for tasks to queue
[2026-05-08T08:46:55.267+0000] {logging_mixin.py:188} INFO - [2026-05-08T08:46:55.267+0000] {dagbag.py:545} INFO - Filling up the DagBag from /opt/airflow/dags/smart_city_traffic_batch_dag.py
[2026-05-08T08:46:55.313+0000] {processor.py:840} INFO - DAG(s) 'smart_city_traffic_batch_dag' retrieved from /opt/airflow/dags/smart_city_traffic_batch_dag.py
[2026-05-08T08:46:55.389+0000] {logging_mixin.py:188} INFO - [2026-05-08T08:46:55.388+0000] {dag.py:3089} INFO - Sync 1 DAGs
[2026-05-08T08:46:55.431+0000] {logging_mixin.py:188} INFO - [2026-05-08T08:46:55.430+0000] {dag.py:3947} INFO - Setting next_dagrun for smart_city_traffic_batch_dag to 2026-05-08 01:00:00+00:00, run_after=2026-05-09 01:00:00+00:00
[2026-05-08T08:46:55.471+0000] {processor.py:183} INFO - Processing /opt/airflow/dags/smart_city_traffic_batch_dag.py took 0.224 seconds
[2026-05-08T08:47:25.793+0000] {processor.py:161} INFO - Started process (PID=365) to work on /opt/airflow/dags/smart_city_traffic_batch_dag.py
[2026-05-08T08:47:25.796+0000] {processor.py:830} INFO - Processing file /opt/airflow/dags/smart_city_traffic_batch_dag.py for tasks to queue
[2026-05-08T08:47:25.800+0000] {logging_mixin.py:188} INFO - [2026-05-08T08:47:25.800+0000] {dagbag.py:545} INFO - Filling up the DagBag from /opt/airflow/dags/smart_city_traffic_batch_dag.py
[2026-05-08T08:47:25.847+0000] {processor.py:840} INFO - DAG(s) 'smart_city_traffic_batch_dag' retrieved from /opt/airflow/dags/smart_city_traffic_batch_dag.py
[2026-05-08T08:47:25.938+0000] {logging_mixin.py:188} INFO - [2026-05-08T08:47:25.937+0000] {dag.py:3089} INFO - Sync 1 DAGs
[2026-05-08T08:47:25.995+0000] {logging_mixin.py:188} INFO - [2026-05-08T08:47:25.994+0000] {dag.py:3947} INFO - Setting next_dagrun for smart_city_traffic_batch_dag to 2026-05-08 01:00:00+00:00, run_after=2026-05-09 01:00:00+00:00
[2026-05-08T08:47:26.048+0000] {processor.py:183} INFO - Processing /opt/airflow/dags/smart_city_traffic_batch_dag.py took 0.268 seconds
[2026-05-08T08:47:56.428+0000] {processor.py:161} INFO - Started process (PID=370) to work on /opt/airflow/dags/smart_city_traffic_batch_dag.py
[2026-05-08T08:47:56.431+0000] {processor.py:830} INFO - Processing file /opt/airflow/dags/smart_city_traffic_batch_dag.py for tasks to queue
[2026-05-08T08:47:56.435+0000] {logging_mixin.py:188} INFO - [2026-05-08T08:47:56.434+0000] {dagbag.py:545} INFO - Filling up the DagBag from /opt/airflow/dags/smart_city_traffic_batch_dag.py
[2026-05-08T08:47:56.506+0000] {processor.py:840} INFO - DAG(s) 'smart_city_traffic_batch_dag' retrieved from /opt/airflow/dags/smart_city_traffic_batch_dag.py
[2026-05-08T08:47:56.627+0000] {logging_mixin.py:188} INFO - [2026-05-08T08:47:56.627+0000] {dag.py:3089} INFO - Sync 1 DAGs
[2026-05-08T08:47:56.676+0000] {logging_mixin.py:188} INFO - [2026-05-08T08:47:56.676+0000] {dag.py:3947} INFO - Setting next_dagrun for smart_city_traffic_batch_dag to 2026-05-08 01:00:00+00:00, run_after=2026-05-09 01:00:00+00:00
[2026-05-08T08:47:56.713+0000] {processor.py:183} INFO - Processing /opt/airflow/dags/smart_city_traffic_batch_dag.py took 0.299 seconds
[2026-05-08T08:48:27.044+0000] {processor.py:161} INFO - Started process (PID=375) to work on /opt/airflow/dags/smart_city_traffic_batch_dag.py
[2026-05-08T08:48:27.047+0000] {processor.py:830} INFO - Processing file /opt/airflow/dags/smart_city_traffic_batch_dag.py for tasks to queue
[2026-05-08T08:48:27.051+0000] {logging_mixin.py:188} INFO - [2026-05-08T08:48:27.051+0000] {dagbag.py:545} INFO - Filling up the DagBag from /opt/airflow/dags/smart_city_traffic_batch_dag.py
[2026-05-08T08:48:27.104+0000] {processor.py:840} INFO - DAG(s) 'smart_city_traffic_batch_dag' retrieved from /opt/airflow/dags/smart_city_traffic_batch_dag.py
[2026-05-08T08:48:27.196+0000] {logging_mixin.py:188} INFO - [2026-05-08T08:48:27.195+0000] {dag.py:3089} INFO - Sync 1 DAGs
[2026-05-08T08:48:27.245+0000] {logging_mixin.py:188} INFO - [2026-05-08T08:48:27.244+0000] {dag.py:3947} INFO - Setting next_dagrun for smart_city_traffic_batch_dag to 2026-05-08 01:00:00+00:00, run_after=2026-05-09 01:00:00+00:00
[2026-05-08T08:48:27.292+0000] {processor.py:183} INFO - Processing /opt/airflow/dags/smart_city_traffic_batch_dag.py took 0.268 seconds
[2026-05-08T08:48:57.680+0000] {processor.py:161} INFO - Started process (PID=380) to work on /opt/airflow/dags/smart_city_traffic_batch_dag.py
[2026-05-08T08:48:57.683+0000] {processor.py:830} INFO - Processing file /opt/airflow/dags/smart_city_traffic_batch_dag.py for tasks to queue
[2026-05-08T08:48:57.688+0000] {logging_mixin.py:188} INFO - [2026-05-08T08:48:57.687+0000] {dagbag.py:545} INFO - Filling up the DagBag from /opt/airflow/dags/smart_city_traffic_batch_dag.py
[2026-05-08T08:48:57.746+0000] {processor.py:840} INFO - DAG(s) 'smart_city_traffic_batch_dag' retrieved from /opt/airflow/dags/smart_city_traffic_batch_dag.py
[2026-05-08T08:48:57.825+0000] {logging_mixin.py:188} INFO - [2026-05-08T08:48:57.824+0000] {dag.py:3089} INFO - Sync 1 DAGs
[2026-05-08T08:48:57.866+0000] {logging_mixin.py:188} INFO - [2026-05-08T08:48:57.866+0000] {dag.py:3947} INFO - Setting next_dagrun for smart_city_traffic_batch_dag to 2026-05-08 01:00:00+00:00, run_after=2026-05-09 01:00:00+00:00
[2026-05-08T08:48:57.899+0000] {processor.py:183} INFO - Processing /opt/airflow/dags/smart_city_traffic_batch_dag.py took 0.247 seconds
[2026-05-08T08:49:28.174+0000] {processor.py:161} INFO - Started process (PID=385) to work on /opt/airflow/dags/smart_city_traffic_batch_dag.py
[2026-05-08T08:49:28.181+0000] {processor.py:830} INFO - Processing file /opt/airflow/dags/smart_city_traffic_batch_dag.py for tasks to queue
[2026-05-08T08:49:28.199+0000] {logging_mixin.py:188} INFO - [2026-05-08T08:49:28.196+0000] {dagbag.py:545} INFO - Filling up the DagBag from /opt/airflow/dags/smart_city_traffic_batch_dag.py
[2026-05-08T08:49:28.328+0000] {processor.py:840} INFO - DAG(s) 'smart_city_traffic_batch_dag' retrieved from /opt/airflow/dags/smart_city_traffic_batch_dag.py
[2026-05-08T08:49:28.451+0000] {logging_mixin.py:188} INFO - [2026-05-08T08:49:28.451+0000] {dag.py:3089} INFO - Sync 1 DAGs
[2026-05-08T08:49:28.542+0000] {logging_mixin.py:188} INFO - [2026-05-08T08:49:28.541+0000] {dag.py:3947} INFO - Setting next_dagrun for smart_city_traffic_batch_dag to 2026-05-08 01:00:00+00:00, run_after=2026-05-09 01:00:00+00:00
[2026-05-08T08:49:28.599+0000] {processor.py:183} INFO - Processing /opt/airflow/dags/smart_city_traffic_batch_dag.py took 0.508 seconds
[2026-05-08T08:49:58.992+0000] {processor.py:161} INFO - Started process (PID=390) to work on /opt/airflow/dags/smart_city_traffic_batch_dag.py
[2026-05-08T08:49:58.996+0000] {processor.py:830} INFO - Processing file /opt/airflow/dags/smart_city_traffic_batch_dag.py for tasks to queue
[2026-05-08T08:49:59.009+0000] {logging_mixin.py:188} INFO - [2026-05-08T08:49:59.008+0000] {dagbag.py:545} INFO - Filling up the DagBag from /opt/airflow/dags/smart_city_traffic_batch_dag.py
[2026-05-08T08:49:59.095+0000] {processor.py:840} INFO - DAG(s) 'smart_city_traffic_batch_dag' retrieved from /opt/airflow/dags/smart_city_traffic_batch_dag.py
[2026-05-08T08:49:59.182+0000] {logging_mixin.py:188} INFO - [2026-05-08T08:49:59.181+0000] {dag.py:3089} INFO - Sync 1 DAGs
[2026-05-08T08:49:59.236+0000] {logging_mixin.py:188} INFO - [2026-05-08T08:49:59.235+0000] {dag.py:3947} INFO - Setting next_dagrun for smart_city_traffic_batch_dag to 2026-05-08 01:00:00+00:00, run_after=2026-05-09 01:00:00+00:00
[2026-05-08T08:49:59.286+0000] {processor.py:183} INFO - Processing /opt/airflow/dags/smart_city_traffic_batch_dag.py took 0.319 seconds
[2026-05-08T08:50:29.622+0000] {processor.py:161} INFO - Started process (PID=395) to work on /opt/airflow/dags/smart_city_traffic_batch_dag.py
[2026-05-08T08:50:29.624+0000] {processor.py:830} INFO - Processing file /opt/airflow/dags/smart_city_traffic_batch_dag.py for tasks to queue
[2026-05-08T08:50:29.628+0000] {logging_mixin.py:188} INFO - [2026-05-08T08:50:29.627+0000] {dagbag.py:545} INFO - Filling up the DagBag from /opt/airflow/dags/smart_city_traffic_batch_dag.py
[2026-05-08T08:50:29.671+0000] {processor.py:840} INFO - DAG(s) 'smart_city_traffic_batch_dag' retrieved from /opt/airflow/dags/smart_city_traffic_batch_dag.py
[2026-05-08T08:50:29.741+0000] {logging_mixin.py:188} INFO - [2026-05-08T08:50:29.740+0000] {dag.py:3089} INFO - Sync 1 DAGs
[2026-05-08T08:50:29.786+0000] {logging_mixin.py:188} INFO - [2026-05-08T08:50:29.785+0000] {dag.py:3947} INFO - Setting next_dagrun for smart_city_traffic_batch_dag to 2026-05-08 01:00:00+00:00, run_after=2026-05-09 01:00:00+00:00
[2026-05-08T08:50:29.831+0000] {processor.py:183} INFO - Processing /opt/airflow/dags/smart_city_traffic_batch_dag.py took 0.220 seconds
[2026-05-08T08:51:00.209+0000] {processor.py:161} INFO - Started process (PID=400) to work on /opt/airflow/dags/smart_city_traffic_batch_dag.py
[2026-05-08T08:51:00.211+0000] {processor.py:830} INFO - Processing file /opt/airflow/dags/smart_city_traffic_batch_dag.py for tasks to queue
[2026-05-08T08:51:00.215+0000] {logging_mixin.py:188} INFO - [2026-05-08T08:51:00.214+0000] {dagbag.py:545} INFO - Filling up the DagBag from /opt/airflow/dags/smart_city_traffic_batch_dag.py
[2026-05-08T08:51:00.262+0000] {processor.py:840} INFO - DAG(s) 'smart_city_traffic_batch_dag' retrieved from /opt/airflow/dags/smart_city_traffic_batch_dag.py
[2026-05-08T08:51:00.334+0000] {logging_mixin.py:188} INFO - [2026-05-08T08:51:00.333+0000] {dag.py:3089} INFO - Sync 1 DAGs
[2026-05-08T08:51:00.378+0000] {logging_mixin.py:188} INFO - [2026-05-08T08:51:00.377+0000] {dag.py:3947} INFO - Setting next_dagrun for smart_city_traffic_batch_dag to 2026-05-08 01:00:00+00:00, run_after=2026-05-09 01:00:00+00:00
[2026-05-08T08:51:00.414+0000] {processor.py:183} INFO - Processing /opt/airflow/dags/smart_city_traffic_batch_dag.py took 0.217 seconds
[2026-05-08T08:51:30.724+0000] {processor.py:161} INFO - Started process (PID=405) to work on /opt/airflow/dags/smart_city_traffic_batch_dag.py
[2026-05-08T08:51:30.726+0000] {processor.py:830} INFO - Processing file /opt/airflow/dags/smart_city_traffic_batch_dag.py for tasks to queue
[2026-05-08T08:51:30.732+0000] {logging_mixin.py:188} INFO - [2026-05-08T08:51:30.731+0000] {dagbag.py:545} INFO - Filling up the DagBag from /opt/airflow/dags/smart_city_traffic_batch_dag.py
[2026-05-08T08:51:30.780+0000] {processor.py:840} INFO - DAG(s) 'smart_city_traffic_batch_dag' retrieved from /opt/airflow/dags/smart_city_traffic_batch_dag.py
[2026-05-08T08:51:30.862+0000] {logging_mixin.py:188} INFO - [2026-05-08T08:51:30.861+0000] {dag.py:3089} INFO - Sync 1 DAGs
[2026-05-08T08:51:30.919+0000] {logging_mixin.py:188} INFO - [2026-05-08T08:51:30.918+0000] {dag.py:3947} INFO - Setting next_dagrun for smart_city_traffic_batch_dag to 2026-05-08 01:00:00+00:00, run_after=2026-05-09 01:00:00+00:00
[2026-05-08T08:51:30.973+0000] {processor.py:183} INFO - Processing /opt/airflow/dags/smart_city_traffic_batch_dag.py took 0.263 seconds
[2026-05-08T08:52:01.316+0000] {processor.py:161} INFO - Started process (PID=410) to work on /opt/airflow/dags/smart_city_traffic_batch_dag.py
[2026-05-08T08:52:01.320+0000] {processor.py:830} INFO - Processing file /opt/airflow/dags/smart_city_traffic_batch_dag.py for tasks to queue
[2026-05-08T08:52:01.328+0000] {logging_mixin.py:188} INFO - [2026-05-08T08:52:01.327+0000] {dagbag.py:545} INFO - Filling up the DagBag from /opt/airflow/dags/smart_city_traffic_batch_dag.py
[2026-05-08T08:52:01.382+0000] {processor.py:840} INFO - DAG(s) 'smart_city_traffic_batch_dag' retrieved from /opt/airflow/dags/smart_city_traffic_batch_dag.py
[2026-05-08T08:52:01.468+0000] {logging_mixin.py:188} INFO - [2026-05-08T08:52:01.468+0000] {dag.py:3089} INFO - Sync 1 DAGs
[2026-05-08T08:52:01.530+0000] {logging_mixin.py:188} INFO - [2026-05-08T08:52:01.529+0000] {dag.py:3947} INFO - Setting next_dagrun for smart_city_traffic_batch_dag to 2026-05-08 01:00:00+00:00, run_after=2026-05-09 01:00:00+00:00
[2026-05-08T08:52:01.611+0000] {processor.py:183} INFO - Processing /opt/airflow/dags/smart_city_traffic_batch_dag.py took 0.310 seconds
[2026-05-08T08:52:32.314+0000] {processor.py:161} INFO - Started process (PID=415) to work on /opt/airflow/dags/smart_city_traffic_batch_dag.py
[2026-05-08T08:52:32.323+0000] {processor.py:830} INFO - Processing file /opt/airflow/dags/smart_city_traffic_batch_dag.py for tasks to queue
[2026-05-08T08:52:32.355+0000] {logging_mixin.py:188} INFO - [2026-05-08T08:52:32.350+0000] {dagbag.py:545} INFO - Filling up the DagBag from /opt/airflow/dags/smart_city_traffic_batch_dag.py
[2026-05-08T08:52:32.548+0000] {processor.py:840} INFO - DAG(s) 'smart_city_traffic_batch_dag' retrieved from /opt/airflow/dags/smart_city_traffic_batch_dag.py
[2026-05-08T08:52:32.846+0000] {logging_mixin.py:188} INFO - [2026-05-08T08:52:32.846+0000] {dag.py:3089} INFO - Sync 1 DAGs
[2026-05-08T08:52:32.993+0000] {logging_mixin.py:188} INFO - [2026-05-08T08:52:32.993+0000] {dag.py:3947} INFO - Setting next_dagrun for smart_city_traffic_batch_dag to 2026-05-08 01:00:00+00:00, run_after=2026-05-09 01:00:00+00:00
[2026-05-08T08:52:33.070+0000] {processor.py:183} INFO - Processing /opt/airflow/dags/smart_city_traffic_batch_dag.py took 0.842 seconds
[2026-05-08T08:53:03.480+0000] {processor.py:161} INFO - Started process (PID=420) to work on /opt/airflow/dags/smart_city_traffic_batch_dag.py
[2026-05-08T08:53:03.483+0000] {processor.py:830} INFO - Processing file /opt/airflow/dags/smart_city_traffic_batch_dag.py for tasks to queue
[2026-05-08T08:53:03.499+0000] {logging_mixin.py:188} INFO - [2026-05-08T08:53:03.495+0000] {dagbag.py:545} INFO - Filling up the DagBag from /opt/airflow/dags/smart_city_traffic_batch_dag.py
[2026-05-08T08:53:03.613+0000] {processor.py:840} INFO - DAG(s) 'smart_city_traffic_batch_dag' retrieved from /opt/airflow/dags/smart_city_traffic_batch_dag.py
[2026-05-08T08:53:03.803+0000] {logging_mixin.py:188} INFO - [2026-05-08T08:53:03.803+0000] {dag.py:3089} INFO - Sync 1 DAGs
[2026-05-08T08:53:03.881+0000] {logging_mixin.py:188} INFO - [2026-05-08T08:53:03.881+0000] {dag.py:3947} INFO - Setting next_dagrun for smart_city_traffic_batch_dag to 2026-05-08 01:00:00+00:00, run_after=2026-05-09 01:00:00+00:00
[2026-05-08T08:53:03.929+0000] {processor.py:183} INFO - Processing /opt/airflow/dags/smart_city_traffic_batch_dag.py took 0.482 seconds
[2026-05-08T08:53:34.260+0000] {processor.py:161} INFO - Started process (PID=425) to work on /opt/airflow/dags/smart_city_traffic_batch_dag.py
[2026-05-08T08:53:34.268+0000] {processor.py:830} INFO - Processing file /opt/airflow/dags/smart_city_traffic_batch_dag.py for tasks to queue
[2026-05-08T08:53:34.286+0000] {logging_mixin.py:188} INFO - [2026-05-08T08:53:34.283+0000] {dagbag.py:545} INFO - Filling up the DagBag from /opt/airflow/dags/smart_city_traffic_batch_dag.py
[2026-05-08T08:53:34.402+0000] {processor.py:840} INFO - DAG(s) 'smart_city_traffic_batch_dag' retrieved from /opt/airflow/dags/smart_city_traffic_batch_dag.py
[2026-05-08T08:53:34.622+0000] {logging_mixin.py:188} INFO - [2026-05-08T08:53:34.621+0000] {dag.py:3089} INFO - Sync 1 DAGs
[2026-05-08T08:53:34.731+0000] {logging_mixin.py:188} INFO - [2026-05-08T08:53:34.730+0000] {dag.py:3947} INFO - Setting next_dagrun for smart_city_traffic_batch_dag to 2026-05-08 01:00:00+00:00, run_after=2026-05-09 01:00:00+00:00
[2026-05-08T08:53:34.804+0000] {processor.py:183} INFO - Processing /opt/airflow/dags/smart_city_traffic_batch_dag.py took 0.583 seconds
[2026-05-08T08:54:05.370+0000] {processor.py:161} INFO - Started process (PID=430) to work on /opt/airflow/dags/smart_city_traffic_batch_dag.py
[2026-05-08T08:54:05.374+0000] {processor.py:830} INFO - Processing file /opt/airflow/dags/smart_city_traffic_batch_dag.py for tasks to queue
[2026-05-08T08:54:05.385+0000] {logging_mixin.py:188} INFO - [2026-05-08T08:54:05.382+0000] {dagbag.py:545} INFO - Filling up the DagBag from /opt/airflow/dags/smart_city_traffic_batch_dag.py
[2026-05-08T08:54:05.483+0000] {processor.py:840} INFO - DAG(s) 'smart_city_traffic_batch_dag' retrieved from /opt/airflow/dags/smart_city_traffic_batch_dag.py
[2026-05-08T08:54:05.633+0000] {logging_mixin.py:188} INFO - [2026-05-08T08:54:05.633+0000] {dag.py:3089} INFO - Sync 1 DAGs
[2026-05-08T08:54:05.699+0000] {logging_mixin.py:188} INFO - [2026-05-08T08:54:05.698+0000] {dag.py:3947} INFO - Setting next_dagrun for smart_city_traffic_batch_dag to 2026-05-08 01:00:00+00:00, run_after=2026-05-09 01:00:00+00:00
[2026-05-08T08:54:05.748+0000] {processor.py:183} INFO - Processing /opt/airflow/dags/smart_city_traffic_batch_dag.py took 0.405 seconds
[2026-05-08T08:54:36.726+0000] {processor.py:161} INFO - Started process (PID=435) to work on /opt/airflow/dags/smart_city_traffic_batch_dag.py
[2026-05-08T08:54:36.731+0000] {processor.py:830} INFO - Processing file /opt/airflow/dags/smart_city_traffic_batch_dag.py for tasks to queue
[2026-05-08T08:54:36.756+0000] {logging_mixin.py:188} INFO - [2026-05-08T08:54:36.751+0000] {dagbag.py:545} INFO - Filling up the DagBag from /opt/airflow/dags/smart_city_traffic_batch_dag.py
[2026-05-08T08:54:37.058+0000] {processor.py:840} INFO - DAG(s) 'smart_city_traffic_batch_dag' retrieved from /opt/airflow/dags/smart_city_traffic_batch_dag.py
[2026-05-08T08:54:37.590+0000] {logging_mixin.py:188} INFO - [2026-05-08T08:54:37.590+0000] {dag.py:3089} INFO - Sync 1 DAGs
[2026-05-08T08:54:37.844+0000] {logging_mixin.py:188} INFO - [2026-05-08T08:54:37.843+0000] {dag.py:3947} INFO - Setting next_dagrun for smart_city_traffic_batch_dag to 2026-05-08 01:00:00+00:00, run_after=2026-05-09 01:00:00+00:00
[2026-05-08T08:54:37.952+0000] {processor.py:183} INFO - Processing /opt/airflow/dags/smart_city_traffic_batch_dag.py took 1.298 seconds
[2026-05-08T08:55:08.337+0000] {processor.py:161} INFO - Started process (PID=440) to work on /opt/airflow/dags/smart_city_traffic_batch_dag.py
[2026-05-08T08:55:08.340+0000] {processor.py:830} INFO - Processing file /opt/airflow/dags/smart_city_traffic_batch_dag.py for tasks to queue
[2026-05-08T08:55:08.350+0000] {logging_mixin.py:188} INFO - [2026-05-08T08:55:08.348+0000] {dagbag.py:545} INFO - Filling up the DagBag from /opt/airflow/dags/smart_city_traffic_batch_dag.py
[2026-05-08T08:55:08.428+0000] {processor.py:840} INFO - DAG(s) 'smart_city_traffic_batch_dag' retrieved from /opt/airflow/dags/smart_city_traffic_batch_dag.py
[2026-05-08T08:55:08.558+0000] {logging_mixin.py:188} INFO - [2026-05-08T08:55:08.558+0000] {dag.py:3089} INFO - Sync 1 DAGs
[2026-05-08T08:55:08.605+0000] {logging_mixin.py:188} INFO - [2026-05-08T08:55:08.605+0000] {dag.py:3947} INFO - Setting next_dagrun for smart_city_traffic_batch_dag to 2026-05-08 01:00:00+00:00, run_after=2026-05-09 01:00:00+00:00
[2026-05-08T08:55:08.676+0000] {processor.py:183} INFO - Processing /opt/airflow/dags/smart_city_traffic_batch_dag.py took 0.364 seconds
[2026-05-08T08:55:39.086+0000] {processor.py:161} INFO - Started process (PID=445) to work on /opt/airflow/dags/smart_city_traffic_batch_dag.py
[2026-05-08T08:55:39.089+0000] {processor.py:830} INFO - Processing file /opt/airflow/dags/smart_city_traffic_batch_dag.py for tasks to queue
[2026-05-08T08:55:39.096+0000] {logging_mixin.py:188} INFO - [2026-05-08T08:55:39.095+0000] {dagbag.py:545} INFO - Filling up the DagBag from /opt/airflow/dags/smart_city_traffic_batch_dag.py
[2026-05-08T08:55:39.165+0000] {processor.py:840} INFO - DAG(s) 'smart_city_traffic_batch_dag' retrieved from /opt/airflow/dags/smart_city_traffic_batch_dag.py
[2026-05-08T08:55:39.290+0000] {logging_mixin.py:188} INFO - [2026-05-08T08:55:39.290+0000] {dag.py:3089} INFO - Sync 1 DAGs
[2026-05-08T08:55:39.387+0000] {logging_mixin.py:188} INFO - [2026-05-08T08:55:39.386+0000] {dag.py:3947} INFO - Setting next_dagrun for smart_city_traffic_batch_dag to 2026-05-08 01:00:00+00:00, run_after=2026-05-09 01:00:00+00:00
[2026-05-08T08:55:39.451+0000] {processor.py:183} INFO - Processing /opt/airflow/dags/smart_city_traffic_batch_dag.py took 0.384 seconds
[2026-05-08T08:56:09.778+0000] {processor.py:161} INFO - Started process (PID=450) to work on /opt/airflow/dags/smart_city_traffic_batch_dag.py
[2026-05-08T08:56:09.782+0000] {processor.py:830} INFO - Processing file /opt/airflow/dags/smart_city_traffic_batch_dag.py for tasks to queue
[2026-05-08T08:56:09.789+0000] {logging_mixin.py:188} INFO - [2026-05-08T08:56:09.788+0000] {dagbag.py:545} INFO - Filling up the DagBag from /opt/airflow/dags/smart_city_traffic_batch_dag.py
[2026-05-08T08:56:09.849+0000] {processor.py:840} INFO - DAG(s) 'smart_city_traffic_batch_dag' retrieved from /opt/airflow/dags/smart_city_traffic_batch_dag.py
[2026-05-08T08:56:09.931+0000] {logging_mixin.py:188} INFO - [2026-05-08T08:56:09.931+0000] {dag.py:3089} INFO - Sync 1 DAGs
[2026-05-08T08:56:09.980+0000] {logging_mixin.py:188} INFO - [2026-05-08T08:56:09.980+0000] {dag.py:3947} INFO - Setting next_dagrun for smart_city_traffic_batch_dag to 2026-05-08 01:00:00+00:00, run_after=2026-05-09 01:00:00+00:00
[2026-05-08T08:56:10.020+0000] {processor.py:183} INFO - Processing /opt/airflow/dags/smart_city_traffic_batch_dag.py took 0.258 seconds
[2026-05-08T08:56:40.343+0000] {processor.py:161} INFO - Started process (PID=455) to work on /opt/airflow/dags/smart_city_traffic_batch_dag.py
[2026-05-08T08:56:40.345+0000] {processor.py:830} INFO - Processing file /opt/airflow/dags/smart_city_traffic_batch_dag.py for tasks to queue
[2026-05-08T08:56:40.351+0000] {logging_mixin.py:188} INFO - [2026-05-08T08:56:40.350+0000] {dagbag.py:545} INFO - Filling up the DagBag from /opt/airflow/dags/smart_city_traffic_batch_dag.py
[2026-05-08T08:56:40.396+0000] {processor.py:840} INFO - DAG(s) 'smart_city_traffic_batch_dag' retrieved from /opt/airflow/dags/smart_city_traffic_batch_dag.py
[2026-05-08T08:56:40.477+0000] {logging_mixin.py:188} INFO - [2026-05-08T08:56:40.476+0000] {dag.py:3089} INFO - Sync 1 DAGs
[2026-05-08T08:56:40.526+0000] {logging_mixin.py:188} INFO - [2026-05-08T08:56:40.525+0000] {dag.py:3947} INFO - Setting next_dagrun for smart_city_traffic_batch_dag to 2026-05-08 01:00:00+00:00, run_after=2026-05-09 01:00:00+00:00
[2026-05-08T08:56:40.562+0000] {processor.py:183} INFO - Processing /opt/airflow/dags/smart_city_traffic_batch_dag.py took 0.235 seconds
[2026-05-08T08:57:10.885+0000] {processor.py:161} INFO - Started process (PID=460) to work on /opt/airflow/dags/smart_city_traffic_batch_dag.py
[2026-05-08T08:57:10.887+0000] {processor.py:830} INFO - Processing file /opt/airflow/dags/smart_city_traffic_batch_dag.py for tasks to queue
[2026-05-08T08:57:10.892+0000] {logging_mixin.py:188} INFO - [2026-05-08T08:57:10.892+0000] {dagbag.py:545} INFO - Filling up the DagBag from /opt/airflow/dags/smart_city_traffic_batch_dag.py
[2026-05-08T08:57:10.947+0000] {processor.py:840} INFO - DAG(s) 'smart_city_traffic_batch_dag' retrieved from /opt/airflow/dags/smart_city_traffic_batch_dag.py
[2026-05-08T08:57:11.039+0000] {logging_mixin.py:188} INFO - [2026-05-08T08:57:11.038+0000] {dag.py:3089} INFO - Sync 1 DAGs
[2026-05-08T08:57:11.080+0000] {logging_mixin.py:188} INFO - [2026-05-08T08:57:11.079+0000] {dag.py:3947} INFO - Setting next_dagrun for smart_city_traffic_batch_dag to 2026-05-08 01:00:00+00:00, run_after=2026-05-09 01:00:00+00:00
[2026-05-08T08:57:11.114+0000] {processor.py:183} INFO - Processing /opt/airflow/dags/smart_city_traffic_batch_dag.py took 0.243 seconds
[2026-05-08T08:57:41.411+0000] {processor.py:161} INFO - Started process (PID=465) to work on /opt/airflow/dags/smart_city_traffic_batch_dag.py
[2026-05-08T08:57:41.413+0000] {processor.py:830} INFO - Processing file /opt/airflow/dags/smart_city_traffic_batch_dag.py for tasks to queue
[2026-05-08T08:57:41.419+0000] {logging_mixin.py:188} INFO - [2026-05-08T08:57:41.418+0000] {dagbag.py:545} INFO - Filling up the DagBag from /opt/airflow/dags/smart_city_traffic_batch_dag.py
[2026-05-08T08:57:41.477+0000] {processor.py:840} INFO - DAG(s) 'smart_city_traffic_batch_dag' retrieved from /opt/airflow/dags/smart_city_traffic_batch_dag.py
[2026-05-08T08:57:41.566+0000] {logging_mixin.py:188} INFO - [2026-05-08T08:57:41.565+0000] {dag.py:3089} INFO - Sync 1 DAGs
[2026-05-08T08:57:41.610+0000] {logging_mixin.py:188} INFO - [2026-05-08T08:57:41.610+0000] {dag.py:3947} INFO - Setting next_dagrun for smart_city_traffic_batch_dag to 2026-05-08 01:00:00+00:00, run_after=2026-05-09 01:00:00+00:00
[2026-05-08T08:57:41.650+0000] {processor.py:183} INFO - Processing /opt/airflow/dags/smart_city_traffic_batch_dag.py took 0.250 seconds
[2026-05-08T08:58:11.942+0000] {processor.py:161} INFO - Started process (PID=470) to work on /opt/airflow/dags/smart_city_traffic_batch_dag.py
[2026-05-08T08:58:11.945+0000] {processor.py:830} INFO - Processing file /opt/airflow/dags/smart_city_traffic_batch_dag.py for tasks to queue
[2026-05-08T08:58:11.948+0000] {logging_mixin.py:188} INFO - [2026-05-08T08:58:11.948+0000] {dagbag.py:545} INFO - Filling up the DagBag from /opt/airflow/dags/smart_city_traffic_batch_dag.py
[2026-05-08T08:58:11.988+0000] {processor.py:840} INFO - DAG(s) 'smart_city_traffic_batch_dag' retrieved from /opt/airflow/dags/smart_city_traffic_batch_dag.py
[2026-05-08T08:58:12.063+0000] {logging_mixin.py:188} INFO - [2026-05-08T08:58:12.062+0000] {dag.py:3089} INFO - Sync 1 DAGs
[2026-05-08T08:58:12.114+0000] {logging_mixin.py:188} INFO - [2026-05-08T08:58:12.113+0000] {dag.py:3947} INFO - Setting next_dagrun for smart_city_traffic_batch_dag to 2026-05-08 01:00:00+00:00, run_after=2026-05-09 01:00:00+00:00
[2026-05-08T08:58:12.151+0000] {processor.py:183} INFO - Processing /opt/airflow/dags/smart_city_traffic_batch_dag.py took 0.219 seconds
[2026-05-08T08:58:42.832+0000] {processor.py:161} INFO - Started process (PID=475) to work on /opt/airflow/dags/smart_city_traffic_batch_dag.py
[2026-05-08T08:58:42.845+0000] {processor.py:830} INFO - Processing file /opt/airflow/dags/smart_city_traffic_batch_dag.py for tasks to queue
[2026-05-08T08:58:42.917+0000] {logging_mixin.py:188} INFO - [2026-05-08T08:58:42.908+0000] {dagbag.py:545} INFO - Filling up the DagBag from /opt/airflow/dags/smart_city_traffic_batch_dag.py
[2026-05-08T08:58:43.275+0000] {processor.py:840} INFO - DAG(s) 'smart_city_traffic_batch_dag' retrieved from /opt/airflow/dags/smart_city_traffic_batch_dag.py
[2026-05-08T08:58:43.799+0000] {logging_mixin.py:188} INFO - [2026-05-08T08:58:43.797+0000] {dag.py:3089} INFO - Sync 1 DAGs
[2026-05-08T08:58:44.024+0000] {logging_mixin.py:188} INFO - [2026-05-08T08:58:44.024+0000] {dag.py:3947} INFO - Setting next_dagrun for smart_city_traffic_batch_dag to 2026-05-08 01:00:00+00:00, run_after=2026-05-09 01:00:00+00:00
[2026-05-08T08:58:44.164+0000] {processor.py:183} INFO - Processing /opt/airflow/dags/smart_city_traffic_batch_dag.py took 1.388 seconds
[2026-05-08T08:58:59.994+0000] {processor.py:161} INFO - Started process (PID=480) to work on /opt/airflow/dags/smart_city_traffic_batch_dag.py
[2026-05-08T08:59:00.004+0000] {processor.py:830} INFO - Processing file /opt/airflow/dags/smart_city_traffic_batch_dag.py for tasks to queue
[2026-05-08T08:59:00.010+0000] {logging_mixin.py:188} INFO - [2026-05-08T08:59:00.009+0000] {dagbag.py:545} INFO - Filling up the DagBag from /opt/airflow/dags/smart_city_traffic_batch_dag.py
[2026-05-08T08:59:00.096+0000] {processor.py:840} INFO - DAG(s) 'smart_city_traffic_batch_dag' retrieved from /opt/airflow/dags/smart_city_traffic_batch_dag.py
[2026-05-08T08:59:00.198+0000] {logging_mixin.py:188} INFO - [2026-05-08T08:59:00.197+0000] {dag.py:3089} INFO - Sync 1 DAGs
[2026-05-08T08:59:00.345+0000] {logging_mixin.py:188} INFO - [2026-05-08T08:59:00.344+0000] {dag.py:3947} INFO - Setting next_dagrun for smart_city_traffic_batch_dag to 2026-05-08 01:00:00+00:00, run_after=2026-05-09 01:00:00+00:00
[2026-05-08T08:59:00.433+0000] {processor.py:183} INFO - Processing /opt/airflow/dags/smart_city_traffic_batch_dag.py took 0.462 seconds
[2026-05-08T08:59:51.846+0000] {processor.py:161} INFO - Started process (PID=172) to work on /opt/airflow/dags/smart_city_traffic_batch_dag.py
[2026-05-08T08:59:51.848+0000] {processor.py:830} INFO - Processing file /opt/airflow/dags/smart_city_traffic_batch_dag.py for tasks to queue
[2026-05-08T08:59:51.858+0000] {logging_mixin.py:188} INFO - [2026-05-08T08:59:51.853+0000] {dagbag.py:545} INFO - Filling up the DagBag from /opt/airflow/dags/smart_city_traffic_batch_dag.py
[2026-05-08T08:59:51.968+0000] {processor.py:840} INFO - DAG(s) 'smart_city_traffic_batch_dag' retrieved from /opt/airflow/dags/smart_city_traffic_batch_dag.py
[2026-05-08T08:59:52.180+0000] {logging_mixin.py:188} INFO - [2026-05-08T08:59:52.179+0000] {dag.py:3089} INFO - Sync 1 DAGs
[2026-05-08T08:59:52.280+0000] {logging_mixin.py:188} INFO - [2026-05-08T08:59:52.280+0000] {dag.py:3947} INFO - Setting next_dagrun for smart_city_traffic_batch_dag to 2026-05-08 01:00:00+00:00, run_after=2026-05-09 01:00:00+00:00
[2026-05-08T08:59:52.346+0000] {processor.py:183} INFO - Processing /opt/airflow/dags/smart_city_traffic_batch_dag.py took 0.514 seconds
[2026-05-08T09:00:22.688+0000] {processor.py:161} INFO - Started process (PID=177) to work on /opt/airflow/dags/smart_city_traffic_batch_dag.py
[2026-05-08T09:00:22.690+0000] {processor.py:830} INFO - Processing file /opt/airflow/dags/smart_city_traffic_batch_dag.py for tasks to queue
[2026-05-08T09:00:22.704+0000] {logging_mixin.py:188} INFO - [2026-05-08T09:00:22.703+0000] {dagbag.py:545} INFO - Filling up the DagBag from /opt/airflow/dags/smart_city_traffic_batch_dag.py
[2026-05-08T09:00:22.771+0000] {processor.py:840} INFO - DAG(s) 'smart_city_traffic_batch_dag' retrieved from /opt/airflow/dags/smart_city_traffic_batch_dag.py
[2026-05-08T09:00:22.861+0000] {logging_mixin.py:188} INFO - [2026-05-08T09:00:22.860+0000] {dag.py:3089} INFO - Sync 1 DAGs
[2026-05-08T09:00:22.923+0000] {logging_mixin.py:188} INFO - [2026-05-08T09:00:22.923+0000] {dag.py:3947} INFO - Setting next_dagrun for smart_city_traffic_batch_dag to 2026-05-08 01:00:00+00:00, run_after=2026-05-09 01:00:00+00:00
[2026-05-08T09:00:22.973+0000] {processor.py:183} INFO - Processing /opt/airflow/dags/smart_city_traffic_batch_dag.py took 0.306 seconds
[2026-05-08T09:00:53.298+0000] {processor.py:161} INFO - Started process (PID=182) to work on /opt/airflow/dags/smart_city_traffic_batch_dag.py
[2026-05-08T09:00:53.301+0000] {processor.py:830} INFO - Processing file /opt/airflow/dags/smart_city_traffic_batch_dag.py for tasks to queue
[2026-05-08T09:00:53.305+0000] {logging_mixin.py:188} INFO - [2026-05-08T09:00:53.304+0000] {dagbag.py:545} INFO - Filling up the DagBag from /opt/airflow/dags/smart_city_traffic_batch_dag.py
[2026-05-08T09:00:53.356+0000] {processor.py:840} INFO - DAG(s) 'smart_city_traffic_batch_dag' retrieved from /opt/airflow/dags/smart_city_traffic_batch_dag.py
[2026-05-08T09:00:53.441+0000] {logging_mixin.py:188} INFO - [2026-05-08T09:00:53.439+0000] {dag.py:3089} INFO - Sync 1 DAGs
[2026-05-08T09:00:53.490+0000] {logging_mixin.py:188} INFO - [2026-05-08T09:00:53.489+0000] {dag.py:3947} INFO - Setting next_dagrun for smart_city_traffic_batch_dag to 2026-05-08 01:00:00+00:00, run_after=2026-05-09 01:00:00+00:00
[2026-05-08T09:00:53.526+0000] {processor.py:183} INFO - Processing /opt/airflow/dags/smart_city_traffic_batch_dag.py took 0.241 seconds
[2026-05-08T09:01:23.967+0000] {processor.py:161} INFO - Started process (PID=193) to work on /opt/airflow/dags/smart_city_traffic_batch_dag.py
[2026-05-08T09:01:23.973+0000] {processor.py:830} INFO - Processing file /opt/airflow/dags/smart_city_traffic_batch_dag.py for tasks to queue
[2026-05-08T09:01:23.991+0000] {logging_mixin.py:188} INFO - [2026-05-08T09:01:23.986+0000] {dagbag.py:545} INFO - Filling up the DagBag from /opt/airflow/dags/smart_city_traffic_batch_dag.py
[2026-05-08T09:01:24.084+0000] {processor.py:840} INFO - DAG(s) 'smart_city_traffic_batch_dag' retrieved from /opt/airflow/dags/smart_city_traffic_batch_dag.py
[2026-05-08T09:01:24.222+0000] {logging_mixin.py:188} INFO - [2026-05-08T09:01:24.221+0000] {dag.py:3089} INFO - Sync 1 DAGs
[2026-05-08T09:01:24.282+0000] {logging_mixin.py:188} INFO - [2026-05-08T09:01:24.281+0000] {dag.py:3947} INFO - Setting next_dagrun for smart_city_traffic_batch_dag to 2026-05-08 01:00:00+00:00, run_after=2026-05-09 01:00:00+00:00
[2026-05-08T09:01:24.337+0000] {processor.py:183} INFO - Processing /opt/airflow/dags/smart_city_traffic_batch_dag.py took 0.428 seconds
[2026-05-08T09:01:54.666+0000] {processor.py:161} INFO - Started process (PID=198) to work on /opt/airflow/dags/smart_city_traffic_batch_dag.py
[2026-05-08T09:01:54.668+0000] {processor.py:830} INFO - Processing file /opt/airflow/dags/smart_city_traffic_batch_dag.py for tasks to queue
[2026-05-08T09:01:54.671+0000] {logging_mixin.py:188} INFO - [2026-05-08T09:01:54.671+0000] {dagbag.py:545} INFO - Filling up the DagBag from /opt/airflow/dags/smart_city_traffic_batch_dag.py
[2026-05-08T09:01:54.712+0000] {processor.py:840} INFO - DAG(s) 'smart_city_traffic_batch_dag' retrieved from /opt/airflow/dags/smart_city_traffic_batch_dag.py
[2026-05-08T09:01:54.779+0000] {logging_mixin.py:188} INFO - [2026-05-08T09:01:54.779+0000] {dag.py:3089} INFO - Sync 1 DAGs
[2026-05-08T09:01:54.827+0000] {logging_mixin.py:188} INFO - [2026-05-08T09:01:54.826+0000] {dag.py:3947} INFO - Setting next_dagrun for smart_city_traffic_batch_dag to 2026-05-08 01:00:00+00:00, run_after=2026-05-09 01:00:00+00:00
[2026-05-08T09:01:54.858+0000] {processor.py:183} INFO - Processing /opt/airflow/dags/smart_city_traffic_batch_dag.py took 0.204 seconds
[2026-05-08T09:02:24.962+0000] {processor.py:161} INFO - Started process (PID=203) to work on /opt/airflow/dags/smart_city_traffic_batch_dag.py
[2026-05-08T09:02:24.964+0000] {processor.py:830} INFO - Processing file /opt/airflow/dags/smart_city_traffic_batch_dag.py for tasks to queue
[2026-05-08T09:02:24.969+0000] {logging_mixin.py:188} INFO - [2026-05-08T09:02:24.968+0000] {dagbag.py:545} INFO - Filling up the DagBag from /opt/airflow/dags/smart_city_traffic_batch_dag.py
[2026-05-08T09:02:25.020+0000] {processor.py:840} INFO - DAG(s) 'smart_city_traffic_batch_dag' retrieved from /opt/airflow/dags/smart_city_traffic_batch_dag.py
[2026-05-08T09:02:25.110+0000] {logging_mixin.py:188} INFO - [2026-05-08T09:02:25.109+0000] {dag.py:3089} INFO - Sync 1 DAGs
[2026-05-08T09:02:25.166+0000] {logging_mixin.py:188} INFO - [2026-05-08T09:02:25.165+0000] {dag.py:3947} INFO - Setting next_dagrun for smart_city_traffic_batch_dag to 2026-05-08 01:00:00+00:00, run_after=2026-05-09 01:00:00+00:00
[2026-05-08T09:02:25.221+0000] {processor.py:183} INFO - Processing /opt/airflow/dags/smart_city_traffic_batch_dag.py took 0.273 seconds
[2026-05-08T09:02:55.379+0000] {processor.py:161} INFO - Started process (PID=208) to work on /opt/airflow/dags/smart_city_traffic_batch_dag.py
[2026-05-08T09:02:55.382+0000] {processor.py:830} INFO - Processing file /opt/airflow/dags/smart_city_traffic_batch_dag.py for tasks to queue
[2026-05-08T09:02:55.385+0000] {logging_mixin.py:188} INFO - [2026-05-08T09:02:55.385+0000] {dagbag.py:545} INFO - Filling up the DagBag from /opt/airflow/dags/smart_city_traffic_batch_dag.py
[2026-05-08T09:02:55.430+0000] {processor.py:840} INFO - DAG(s) 'smart_city_traffic_batch_dag' retrieved from /opt/airflow/dags/smart_city_traffic_batch_dag.py
[2026-05-08T09:02:55.502+0000] {logging_mixin.py:188} INFO - [2026-05-08T09:02:55.502+0000] {dag.py:3089} INFO - Sync 1 DAGs
[2026-05-08T09:02:55.553+0000] {logging_mixin.py:188} INFO - [2026-05-08T09:02:55.553+0000] {dag.py:3947} INFO - Setting next_dagrun for smart_city_traffic_batch_dag to 2026-05-08 01:00:00+00:00, run_after=2026-05-09 01:00:00+00:00
[2026-05-08T09:02:55.595+0000] {processor.py:183} INFO - Processing /opt/airflow/dags/smart_city_traffic_batch_dag.py took 0.228 seconds
[2026-05-08T09:03:25.751+0000] {processor.py:161} INFO - Started process (PID=213) to work on /opt/airflow/dags/smart_city_traffic_batch_dag.py
[2026-05-08T09:03:25.754+0000] {processor.py:830} INFO - Processing file /opt/airflow/dags/smart_city_traffic_batch_dag.py for tasks to queue
[2026-05-08T09:03:25.759+0000] {logging_mixin.py:188} INFO - [2026-05-08T09:03:25.758+0000] {dagbag.py:545} INFO - Filling up the DagBag from /opt/airflow/dags/smart_city_traffic_batch_dag.py
[2026-05-08T09:03:25.800+0000] {processor.py:840} INFO - DAG(s) 'smart_city_traffic_batch_dag' retrieved from /opt/airflow/dags/smart_city_traffic_batch_dag.py
[2026-05-08T09:03:25.869+0000] {logging_mixin.py:188} INFO - [2026-05-08T09:03:25.869+0000] {dag.py:3089} INFO - Sync 1 DAGs
[2026-05-08T09:03:25.913+0000] {logging_mixin.py:188} INFO - [2026-05-08T09:03:25.912+0000] {dag.py:3947} INFO - Setting next_dagrun for smart_city_traffic_batch_dag to 2026-05-08 01:00:00+00:00, run_after=2026-05-09 01:00:00+00:00
[2026-05-08T09:03:25.950+0000] {processor.py:183} INFO - Processing /opt/airflow/dags/smart_city_traffic_batch_dag.py took 0.211 seconds
[2026-05-08T09:03:56.145+0000] {processor.py:161} INFO - Started process (PID=218) to work on /opt/airflow/dags/smart_city_traffic_batch_dag.py
[2026-05-08T09:03:56.147+0000] {processor.py:830} INFO - Processing file /opt/airflow/dags/smart_city_traffic_batch_dag.py for tasks to queue
[2026-05-08T09:03:56.151+0000] {logging_mixin.py:188} INFO - [2026-05-08T09:03:56.150+0000] {dagbag.py:545} INFO - Filling up the DagBag from /opt/airflow/dags/smart_city_traffic_batch_dag.py
[2026-05-08T09:03:56.196+0000] {processor.py:840} INFO - DAG(s) 'smart_city_traffic_batch_dag' retrieved from /opt/airflow/dags/smart_city_traffic_batch_dag.py
[2026-05-08T09:03:56.267+0000] {logging_mixin.py:188} INFO - [2026-05-08T09:03:56.266+0000] {dag.py:3089} INFO - Sync 1 DAGs
[2026-05-08T09:03:56.313+0000] {logging_mixin.py:188} INFO - [2026-05-08T09:03:56.312+0000] {dag.py:3947} INFO - Setting next_dagrun for smart_city_traffic_batch_dag to 2026-05-08 01:00:00+00:00, run_after=2026-05-09 01:00:00+00:00
[2026-05-08T09:03:56.350+0000] {processor.py:183} INFO - Processing /opt/airflow/dags/smart_city_traffic_batch_dag.py took 0.220 seconds
[2026-05-08T09:04:26.504+0000] {processor.py:161} INFO - Started process (PID=223) to work on /opt/airflow/dags/smart_city_traffic_batch_dag.py
[2026-05-08T09:04:26.508+0000] {processor.py:830} INFO - Processing file /opt/airflow/dags/smart_city_traffic_batch_dag.py for tasks to queue
[2026-05-08T09:04:26.513+0000] {logging_mixin.py:188} INFO - [2026-05-08T09:04:26.512+0000] {dagbag.py:545} INFO - Filling up the DagBag from /opt/airflow/dags/smart_city_traffic_batch_dag.py
[2026-05-08T09:04:26.562+0000] {processor.py:840} INFO - DAG(s) 'smart_city_traffic_batch_dag' retrieved from /opt/airflow/dags/smart_city_traffic_batch_dag.py
[2026-05-08T09:04:26.637+0000] {logging_mixin.py:188} INFO - [2026-05-08T09:04:26.636+0000] {dag.py:3089} INFO - Sync 1 DAGs
[2026-05-08T09:04:26.683+0000] {logging_mixin.py:188} INFO - [2026-05-08T09:04:26.682+0000] {dag.py:3947} INFO - Setting next_dagrun for smart_city_traffic_batch_dag to 2026-05-08 01:00:00+00:00, run_after=2026-05-09 01:00:00+00:00
[2026-05-08T09:04:26.719+0000] {processor.py:183} INFO - Processing /opt/airflow/dags/smart_city_traffic_batch_dag.py took 0.239 seconds
[2026-05-08T09:04:57.023+0000] {processor.py:161} INFO - Started process (PID=228) to work on /opt/airflow/dags/smart_city_traffic_batch_dag.py
[2026-05-08T09:04:57.026+0000] {processor.py:830} INFO - Processing file /opt/airflow/dags/smart_city_traffic_batch_dag.py for tasks to queue
[2026-05-08T09:04:57.032+0000] {logging_mixin.py:188} INFO - [2026-05-08T09:04:57.031+0000] {dagbag.py:545} INFO - Filling up the DagBag from /opt/airflow/dags/smart_city_traffic_batch_dag.py
[2026-05-08T09:04:57.072+0000] {processor.py:840} INFO - DAG(s) 'smart_city_traffic_batch_dag' retrieved from /opt/airflow/dags/smart_city_traffic_batch_dag.py
[2026-05-08T09:04:57.139+0000] {logging_mixin.py:188} INFO - [2026-05-08T09:04:57.138+0000] {dag.py:3089} INFO - Sync 1 DAGs
[2026-05-08T09:04:57.211+0000] {logging_mixin.py:188} INFO - [2026-05-08T09:04:57.211+0000] {dag.py:3947} INFO - Setting next_dagrun for smart_city_traffic_batch_dag to 2026-05-08 01:00:00+00:00, run_after=2026-05-09 01:00:00+00:00
[2026-05-08T09:04:57.286+0000] {processor.py:183} INFO - Processing /opt/airflow/dags/smart_city_traffic_batch_dag.py took 0.274 seconds
[2026-05-08T09:05:27.582+0000] {processor.py:161} INFO - Started process (PID=233) to work on /opt/airflow/dags/smart_city_traffic_batch_dag.py
[2026-05-08T09:05:27.584+0000] {processor.py:830} INFO - Processing file /opt/airflow/dags/smart_city_traffic_batch_dag.py for tasks to queue
[2026-05-08T09:05:27.588+0000] {logging_mixin.py:188} INFO - [2026-05-08T09:05:27.587+0000] {dagbag.py:545} INFO - Filling up the DagBag from /opt/airflow/dags/smart_city_traffic_batch_dag.py
[2026-05-08T09:05:27.631+0000] {processor.py:840} INFO - DAG(s) 'smart_city_traffic_batch_dag' retrieved from /opt/airflow/dags/smart_city_traffic_batch_dag.py
[2026-05-08T09:05:27.706+0000] {logging_mixin.py:188} INFO - [2026-05-08T09:05:27.705+0000] {dag.py:3089} INFO - Sync 1 DAGs
[2026-05-08T09:05:27.749+0000] {logging_mixin.py:188} INFO - [2026-05-08T09:05:27.749+0000] {dag.py:3947} INFO - Setting next_dagrun for smart_city_traffic_batch_dag to 2026-05-08 01:00:00+00:00, run_after=2026-05-09 01:00:00+00:00
[2026-05-08T09:05:27.788+0000] {processor.py:183} INFO - Processing /opt/airflow/dags/smart_city_traffic_batch_dag.py took 0.217 seconds
[2026-05-08T09:05:58.107+0000] {processor.py:161} INFO - Started process (PID=238) to work on /opt/airflow/dags/smart_city_traffic_batch_dag.py
[2026-05-08T09:05:58.109+0000] {processor.py:830} INFO - Processing file /opt/airflow/dags/smart_city_traffic_batch_dag.py for tasks to queue
[2026-05-08T09:05:58.114+0000] {logging_mixin.py:188} INFO - [2026-05-08T09:05:58.113+0000] {dagbag.py:545} INFO - Filling up the DagBag from /opt/airflow/dags/smart_city_traffic_batch_dag.py
[2026-05-08T09:05:58.155+0000] {processor.py:840} INFO - DAG(s) 'smart_city_traffic_batch_dag' retrieved from /opt/airflow/dags/smart_city_traffic_batch_dag.py
[2026-05-08T09:05:58.227+0000] {logging_mixin.py:188} INFO - [2026-05-08T09:05:58.226+0000] {dag.py:3089} INFO - Sync 1 DAGs
[2026-05-08T09:05:58.290+0000] {logging_mixin.py:188} INFO - [2026-05-08T09:05:58.289+0000] {dag.py:3947} INFO - Setting next_dagrun for smart_city_traffic_batch_dag to 2026-05-08 01:00:00+00:00, run_after=2026-05-09 01:00:00+00:00
[2026-05-08T09:05:58.356+0000] {processor.py:183} INFO - Processing /opt/airflow/dags/smart_city_traffic_batch_dag.py took 0.264 seconds
[2026-05-08T09:06:18.264+0000] {processor.py:161} INFO - Started process (PID=243) to work on /opt/airflow/dags/smart_city_traffic_batch_dag.py
[2026-05-08T09:06:18.267+0000] {processor.py:830} INFO - Processing file /opt/airflow/dags/smart_city_traffic_batch_dag.py for tasks to queue
[2026-05-08T09:06:18.271+0000] {logging_mixin.py:188} INFO - [2026-05-08T09:06:18.270+0000] {dagbag.py:545} INFO - Filling up the DagBag from /opt/airflow/dags/smart_city_traffic_batch_dag.py
[2026-05-08T09:06:18.344+0000] {processor.py:840} INFO - DAG(s) 'smart_city_traffic_batch_dag' retrieved from /opt/airflow/dags/smart_city_traffic_batch_dag.py
[2026-05-08T09:06:18.442+0000] {logging_mixin.py:188} INFO - [2026-05-08T09:06:18.441+0000] {dag.py:3089} INFO - Sync 1 DAGs
[2026-05-08T09:06:18.500+0000] {logging_mixin.py:188} INFO - [2026-05-08T09:06:18.500+0000] {dag.py:3947} INFO - Setting next_dagrun for smart_city_traffic_batch_dag to 2026-05-08 01:00:00+00:00, run_after=2026-05-09 01:00:00+00:00
[2026-05-08T09:06:18.554+0000] {processor.py:183} INFO - Processing /opt/airflow/dags/smart_city_traffic_batch_dag.py took 0.301 seconds
[2026-05-08T09:07:08.029+0000] {processor.py:161} INFO - Started process (PID=172) to work on /opt/airflow/dags/smart_city_traffic_batch_dag.py
[2026-05-08T09:07:08.036+0000] {processor.py:830} INFO - Processing file /opt/airflow/dags/smart_city_traffic_batch_dag.py for tasks to queue
[2026-05-08T09:07:08.052+0000] {logging_mixin.py:188} INFO - [2026-05-08T09:07:08.050+0000] {dagbag.py:545} INFO - Filling up the DagBag from /opt/airflow/dags/smart_city_traffic_batch_dag.py
[2026-05-08T09:07:08.111+0000] {processor.py:840} INFO - DAG(s) 'smart_city_traffic_batch_dag' retrieved from /opt/airflow/dags/smart_city_traffic_batch_dag.py
[2026-05-08T09:07:08.313+0000] {logging_mixin.py:188} INFO - [2026-05-08T09:07:08.312+0000] {dag.py:3089} INFO - Sync 1 DAGs
[2026-05-08T09:07:08.367+0000] {logging_mixin.py:188} INFO - [2026-05-08T09:07:08.367+0000] {dag.py:3947} INFO - Setting next_dagrun for smart_city_traffic_batch_dag to 2026-05-08 01:00:00+00:00, run_after=2026-05-09 01:00:00+00:00
[2026-05-08T09:07:08.407+0000] {processor.py:183} INFO - Processing /opt/airflow/dags/smart_city_traffic_batch_dag.py took 0.399 seconds
[2026-05-08T09:07:38.726+0000] {processor.py:161} INFO - Started process (PID=177) to work on /opt/airflow/dags/smart_city_traffic_batch_dag.py
[2026-05-08T09:07:38.729+0000] {processor.py:830} INFO - Processing file /opt/airflow/dags/smart_city_traffic_batch_dag.py for tasks to queue
[2026-05-08T09:07:38.735+0000] {logging_mixin.py:188} INFO - [2026-05-08T09:07:38.734+0000] {dagbag.py:545} INFO - Filling up the DagBag from /opt/airflow/dags/smart_city_traffic_batch_dag.py
[2026-05-08T09:07:38.788+0000] {processor.py:840} INFO - DAG(s) 'smart_city_traffic_batch_dag' retrieved from /opt/airflow/dags/smart_city_traffic_batch_dag.py
[2026-05-08T09:07:38.869+0000] {logging_mixin.py:188} INFO - [2026-05-08T09:07:38.869+0000] {dag.py:3089} INFO - Sync 1 DAGs
[2026-05-08T09:07:38.935+0000] {logging_mixin.py:188} INFO - [2026-05-08T09:07:38.934+0000] {dag.py:3947} INFO - Setting next_dagrun for smart_city_traffic_batch_dag to 2026-05-08 01:00:00+00:00, run_after=2026-05-09 01:00:00+00:00
[2026-05-08T09:07:38.981+0000] {processor.py:183} INFO - Processing /opt/airflow/dags/smart_city_traffic_batch_dag.py took 0.271 seconds
[2026-05-08T09:08:09.304+0000] {processor.py:161} INFO - Started process (PID=192) to work on /opt/airflow/dags/smart_city_traffic_batch_dag.py
[2026-05-08T09:08:09.308+0000] {processor.py:830} INFO - Processing file /opt/airflow/dags/smart_city_traffic_batch_dag.py for tasks to queue
[2026-05-08T09:08:09.315+0000] {logging_mixin.py:188} INFO - [2026-05-08T09:08:09.314+0000] {dagbag.py:545} INFO - Filling up the DagBag from /opt/airflow/dags/smart_city_traffic_batch_dag.py
[2026-05-08T09:08:09.392+0000] {processor.py:840} INFO - DAG(s) 'smart_city_traffic_batch_dag' retrieved from /opt/airflow/dags/smart_city_traffic_batch_dag.py
[2026-05-08T09:08:09.474+0000] {logging_mixin.py:188} INFO - [2026-05-08T09:08:09.473+0000] {dag.py:3089} INFO - Sync 1 DAGs
[2026-05-08T09:08:09.550+0000] {logging_mixin.py:188} INFO - [2026-05-08T09:08:09.549+0000] {dag.py:3947} INFO - Setting next_dagrun for smart_city_traffic_batch_dag to 2026-05-08 01:00:00+00:00, run_after=2026-05-09 01:00:00+00:00
[2026-05-08T09:08:09.618+0000] {processor.py:183} INFO - Processing /opt/airflow/dags/smart_city_traffic_batch_dag.py took 0.341 seconds
[2026-05-08T09:08:39.939+0000] {processor.py:161} INFO - Started process (PID=213) to work on /opt/airflow/dags/smart_city_traffic_batch_dag.py
[2026-05-08T09:08:39.941+0000] {processor.py:830} INFO - Processing file /opt/airflow/dags/smart_city_traffic_batch_dag.py for tasks to queue
[2026-05-08T09:08:39.953+0000] {logging_mixin.py:188} INFO - [2026-05-08T09:08:39.945+0000] {dagbag.py:545} INFO - Filling up the DagBag from /opt/airflow/dags/smart_city_traffic_batch_dag.py
[2026-05-08T09:08:40.043+0000] {processor.py:840} INFO - DAG(s) 'smart_city_traffic_batch_dag' retrieved from /opt/airflow/dags/smart_city_traffic_batch_dag.py
[2026-05-08T09:08:40.171+0000] {logging_mixin.py:188} INFO - [2026-05-08T09:08:40.170+0000] {dag.py:3089} INFO - Sync 1 DAGs
[2026-05-08T09:08:40.227+0000] {logging_mixin.py:188} INFO - [2026-05-08T09:08:40.227+0000] {dag.py:3947} INFO - Setting next_dagrun for smart_city_traffic_batch_dag to 2026-05-08 01:00:00+00:00, run_after=2026-05-09 01:00:00+00:00
[2026-05-08T09:08:40.260+0000] {processor.py:183} INFO - Processing /opt/airflow/dags/smart_city_traffic_batch_dag.py took 0.335 seconds
[2026-05-08T09:09:10.877+0000] {processor.py:161} INFO - Started process (PID=221) to work on /opt/airflow/dags/smart_city_traffic_batch_dag.py
[2026-05-08T09:09:10.882+0000] {processor.py:830} INFO - Processing file /opt/airflow/dags/smart_city_traffic_batch_dag.py for tasks to queue
[2026-05-08T09:09:10.894+0000] {logging_mixin.py:188} INFO - [2026-05-08T09:09:10.891+0000] {dagbag.py:545} INFO - Filling up the DagBag from /opt/airflow/dags/smart_city_traffic_batch_dag.py
[2026-05-08T09:09:10.986+0000] {processor.py:840} INFO - DAG(s) 'smart_city_traffic_batch_dag' retrieved from /opt/airflow/dags/smart_city_traffic_batch_dag.py
[2026-05-08T09:09:11.196+0000] {logging_mixin.py:188} INFO - [2026-05-08T09:09:11.195+0000] {dag.py:3089} INFO - Sync 1 DAGs
[2026-05-08T09:09:11.286+0000] {logging_mixin.py:188} INFO - [2026-05-08T09:09:11.285+0000] {dag.py:3947} INFO - Setting next_dagrun for smart_city_traffic_batch_dag to 2026-05-08 01:00:00+00:00, run_after=2026-05-09 01:00:00+00:00
[2026-05-08T09:09:11.346+0000] {processor.py:183} INFO - Processing /opt/airflow/dags/smart_city_traffic_batch_dag.py took 0.515 seconds
[2026-05-08T09:09:41.710+0000] {processor.py:161} INFO - Started process (PID=231) to work on /opt/airflow/dags/smart_city_traffic_batch_dag.py
[2026-05-08T09:09:41.712+0000] {processor.py:830} INFO - Processing file /opt/airflow/dags/smart_city_traffic_batch_dag.py for tasks to queue
[2026-05-08T09:09:41.717+0000] {logging_mixin.py:188} INFO - [2026-05-08T09:09:41.717+0000] {dagbag.py:545} INFO - Filling up the DagBag from /opt/airflow/dags/smart_city_traffic_batch_dag.py
[2026-05-08T09:09:41.765+0000] {processor.py:840} INFO - DAG(s) 'smart_city_traffic_batch_dag' retrieved from /opt/airflow/dags/smart_city_traffic_batch_dag.py
[2026-05-08T09:09:41.835+0000] {logging_mixin.py:188} INFO - [2026-05-08T09:09:41.834+0000] {dag.py:3089} INFO - Sync 1 DAGs
[2026-05-08T09:09:41.887+0000] {logging_mixin.py:188} INFO - [2026-05-08T09:09:41.887+0000] {dag.py:3947} INFO - Setting next_dagrun for smart_city_traffic_batch_dag to 2026-05-08 01:00:00+00:00, run_after=2026-05-09 01:00:00+00:00
[2026-05-08T09:09:41.938+0000] {processor.py:183} INFO - Processing /opt/airflow/dags/smart_city_traffic_batch_dag.py took 0.243 seconds
[2026-05-08T09:10:12.349+0000] {processor.py:161} INFO - Started process (PID=236) to work on /opt/airflow/dags/smart_city_traffic_batch_dag.py
[2026-05-08T09:10:12.355+0000] {processor.py:830} INFO - Processing file /opt/airflow/dags/smart_city_traffic_batch_dag.py for tasks to queue
[2026-05-08T09:10:12.368+0000] {logging_mixin.py:188} INFO - [2026-05-08T09:10:12.366+0000] {dagbag.py:545} INFO - Filling up the DagBag from /opt/airflow/dags/smart_city_traffic_batch_dag.py
[2026-05-08T09:10:12.526+0000] {processor.py:840} INFO - DAG(s) 'smart_city_traffic_batch_dag' retrieved from /opt/airflow/dags/smart_city_traffic_batch_dag.py
[2026-05-08T09:10:12.680+0000] {logging_mixin.py:188} INFO - [2026-05-08T09:10:12.679+0000] {dag.py:3089} INFO - Sync 1 DAGs
[2026-05-08T09:10:12.758+0000] {logging_mixin.py:188} INFO - [2026-05-08T09:10:12.751+0000] {dag.py:3947} INFO - Setting next_dagrun for smart_city_traffic_batch_dag to 2026-05-08 01:00:00+00:00, run_after=2026-05-09 01:00:00+00:00
[2026-05-08T09:10:12.824+0000] {processor.py:183} INFO - Processing /opt/airflow/dags/smart_city_traffic_batch_dag.py took 0.514 seconds
[2026-05-08T09:10:43.142+0000] {processor.py:161} INFO - Started process (PID=241) to work on /opt/airflow/dags/smart_city_traffic_batch_dag.py
[2026-05-08T09:10:43.144+0000] {processor.py:830} INFO - Processing file /opt/airflow/dags/smart_city_traffic_batch_dag.py for tasks to queue
[2026-05-08T09:10:43.147+0000] {logging_mixin.py:188} INFO - [2026-05-08T09:10:43.147+0000] {dagbag.py:545} INFO - Filling up the DagBag from /opt/airflow/dags/smart_city_traffic_batch_dag.py
[2026-05-08T09:10:43.189+0000] {processor.py:840} INFO - DAG(s) 'smart_city_traffic_batch_dag' retrieved from /opt/airflow/dags/smart_city_traffic_batch_dag.py
[2026-05-08T09:10:43.259+0000] {logging_mixin.py:188} INFO - [2026-05-08T09:10:43.258+0000] {dag.py:3089} INFO - Sync 1 DAGs
[2026-05-08T09:10:43.309+0000] {logging_mixin.py:188} INFO - [2026-05-08T09:10:43.309+0000] {dag.py:3947} INFO - Setting next_dagrun for smart_city_traffic_batch_dag to 2026-05-08 01:00:00+00:00, run_after=2026-05-09 01:00:00+00:00
[2026-05-08T09:10:43.347+0000] {processor.py:183} INFO - Processing /opt/airflow/dags/smart_city_traffic_batch_dag.py took 0.220 seconds
[2026-05-08T09:11:13.638+0000] {processor.py:161} INFO - Started process (PID=246) to work on /opt/airflow/dags/smart_city_traffic_batch_dag.py
[2026-05-08T09:11:13.640+0000] {processor.py:830} INFO - Processing file /opt/airflow/dags/smart_city_traffic_batch_dag.py for tasks to queue
[2026-05-08T09:11:13.643+0000] {logging_mixin.py:188} INFO - [2026-05-08T09:11:13.643+0000] {dagbag.py:545} INFO - Filling up the DagBag from /opt/airflow/dags/smart_city_traffic_batch_dag.py
[2026-05-08T09:11:13.682+0000] {processor.py:840} INFO - DAG(s) 'smart_city_traffic_batch_dag' retrieved from /opt/airflow/dags/smart_city_traffic_batch_dag.py
[2026-05-08T09:11:13.748+0000] {logging_mixin.py:188} INFO - [2026-05-08T09:11:13.747+0000] {dag.py:3089} INFO - Sync 1 DAGs
[2026-05-08T09:11:13.788+0000] {logging_mixin.py:188} INFO - [2026-05-08T09:11:13.788+0000] {dag.py:3947} INFO - Setting next_dagrun for smart_city_traffic_batch_dag to 2026-05-08 01:00:00+00:00, run_after=2026-05-09 01:00:00+00:00
[2026-05-08T09:11:13.826+0000] {processor.py:183} INFO - Processing /opt/airflow/dags/smart_city_traffic_batch_dag.py took 0.198 seconds
[2026-05-08T09:11:44.163+0000] {processor.py:161} INFO - Started process (PID=251) to work on /opt/airflow/dags/smart_city_traffic_batch_dag.py
[2026-05-08T09:11:44.165+0000] {processor.py:830} INFO - Processing file /opt/airflow/dags/smart_city_traffic_batch_dag.py for tasks to queue
[2026-05-08T09:11:44.168+0000] {logging_mixin.py:188} INFO - [2026-05-08T09:11:44.168+0000] {dagbag.py:545} INFO - Filling up the DagBag from /opt/airflow/dags/smart_city_traffic_batch_dag.py
[2026-05-08T09:11:44.229+0000] {processor.py:840} INFO - DAG(s) 'smart_city_traffic_batch_dag' retrieved from /opt/airflow/dags/smart_city_traffic_batch_dag.py
[2026-05-08T09:11:44.323+0000] {logging_mixin.py:188} INFO - [2026-05-08T09:11:44.322+0000] {dag.py:3089} INFO - Sync 1 DAGs
[2026-05-08T09:11:44.371+0000] {logging_mixin.py:188} INFO - [2026-05-08T09:11:44.370+0000] {dag.py:3947} INFO - Setting next_dagrun for smart_city_traffic_batch_dag to 2026-05-08 01:00:00+00:00, run_after=2026-05-09 01:00:00+00:00
[2026-05-08T09:11:44.406+0000] {processor.py:183} INFO - Processing /opt/airflow/dags/smart_city_traffic_batch_dag.py took 0.253 seconds
[2026-05-08T09:12:14.529+0000] {processor.py:161} INFO - Started process (PID=256) to work on /opt/airflow/dags/smart_city_traffic_batch_dag.py
[2026-05-08T09:12:14.531+0000] {processor.py:830} INFO - Processing file /opt/airflow/dags/smart_city_traffic_batch_dag.py for tasks to queue
[2026-05-08T09:12:14.535+0000] {logging_mixin.py:188} INFO - [2026-05-08T09:12:14.534+0000] {dagbag.py:545} INFO - Filling up the DagBag from /opt/airflow/dags/smart_city_traffic_batch_dag.py
[2026-05-08T09:12:14.575+0000] {processor.py:840} INFO - DAG(s) 'smart_city_traffic_batch_dag' retrieved from /opt/airflow/dags/smart_city_traffic_batch_dag.py
[2026-05-08T09:12:14.640+0000] {logging_mixin.py:188} INFO - [2026-05-08T09:12:14.640+0000] {dag.py:3089} INFO - Sync 1 DAGs
[2026-05-08T09:12:14.687+0000] {logging_mixin.py:188} INFO - [2026-05-08T09:12:14.687+0000] {dag.py:3947} INFO - Setting next_dagrun for smart_city_traffic_batch_dag to 2026-05-08 01:00:00+00:00, run_after=2026-05-09 01:00:00+00:00
[2026-05-08T09:12:14.721+0000] {processor.py:183} INFO - Processing /opt/airflow/dags/smart_city_traffic_batch_dag.py took 0.205 seconds
[2026-05-08T09:12:44.922+0000] {processor.py:161} INFO - Started process (PID=261) to work on /opt/airflow/dags/smart_city_traffic_batch_dag.py
[2026-05-08T09:12:44.924+0000] {processor.py:830} INFO - Processing file /opt/airflow/dags/smart_city_traffic_batch_dag.py for tasks to queue
[2026-05-08T09:12:44.928+0000] {logging_mixin.py:188} INFO - [2026-05-08T09:12:44.928+0000] {dagbag.py:545} INFO - Filling up the DagBag from /opt/airflow/dags/smart_city_traffic_batch_dag.py
[2026-05-08T09:12:44.969+0000] {processor.py:840} INFO - DAG(s) 'smart_city_traffic_batch_dag' retrieved from /opt/airflow/dags/smart_city_traffic_batch_dag.py
[2026-05-08T09:12:45.032+0000] {logging_mixin.py:188} INFO - [2026-05-08T09:12:45.031+0000] {dag.py:3089} INFO - Sync 1 DAGs
[2026-05-08T09:12:45.075+0000] {logging_mixin.py:188} INFO - [2026-05-08T09:12:45.074+0000] {dag.py:3947} INFO - Setting next_dagrun for smart_city_traffic_batch_dag to 2026-05-08 01:00:00+00:00, run_after=2026-05-09 01:00:00+00:00
[2026-05-08T09:12:45.116+0000] {processor.py:183} INFO - Processing /opt/airflow/dags/smart_city_traffic_batch_dag.py took 0.206 seconds
[2026-05-08T09:13:15.264+0000] {processor.py:161} INFO - Started process (PID=266) to work on /opt/airflow/dags/smart_city_traffic_batch_dag.py
[2026-05-08T09:13:15.266+0000] {processor.py:830} INFO - Processing file /opt/airflow/dags/smart_city_traffic_batch_dag.py for tasks to queue
[2026-05-08T09:13:15.269+0000] {logging_mixin.py:188} INFO - [2026-05-08T09:13:15.268+0000] {dagbag.py:545} INFO - Filling up the DagBag from /opt/airflow/dags/smart_city_traffic_batch_dag.py
[2026-05-08T09:13:15.307+0000] {processor.py:840} INFO - DAG(s) 'smart_city_traffic_batch_dag' retrieved from /opt/airflow/dags/smart_city_traffic_batch_dag.py
[2026-05-08T09:13:15.367+0000] {logging_mixin.py:188} INFO - [2026-05-08T09:13:15.367+0000] {dag.py:3089} INFO - Sync 1 DAGs
[2026-05-08T09:13:15.411+0000] {logging_mixin.py:188} INFO - [2026-05-08T09:13:15.410+0000] {dag.py:3947} INFO - Setting next_dagrun for smart_city_traffic_batch_dag to 2026-05-08 01:00:00+00:00, run_after=2026-05-09 01:00:00+00:00
[2026-05-08T09:13:15.452+0000] {processor.py:183} INFO - Processing /opt/airflow/dags/smart_city_traffic_batch_dag.py took 0.198 seconds
[2026-05-08T09:13:45.652+0000] {processor.py:161} INFO - Started process (PID=271) to work on /opt/airflow/dags/smart_city_traffic_batch_dag.py
[2026-05-08T09:13:45.654+0000] {processor.py:830} INFO - Processing file /opt/airflow/dags/smart_city_traffic_batch_dag.py for tasks to queue
[2026-05-08T09:13:45.657+0000] {logging_mixin.py:188} INFO - [2026-05-08T09:13:45.657+0000] {dagbag.py:545} INFO - Filling up the DagBag from /opt/airflow/dags/smart_city_traffic_batch_dag.py
[2026-05-08T09:13:45.698+0000] {processor.py:840} INFO - DAG(s) 'smart_city_traffic_batch_dag' retrieved from /opt/airflow/dags/smart_city_traffic_batch_dag.py
[2026-05-08T09:13:45.758+0000] {logging_mixin.py:188} INFO - [2026-05-08T09:13:45.758+0000] {dag.py:3089} INFO - Sync 1 DAGs
[2026-05-08T09:13:45.802+0000] {logging_mixin.py:188} INFO - [2026-05-08T09:13:45.802+0000] {dag.py:3947} INFO - Setting next_dagrun for smart_city_traffic_batch_dag to 2026-05-08 01:00:00+00:00, run_after=2026-05-09 01:00:00+00:00
[2026-05-08T09:13:45.850+0000] {processor.py:183} INFO - Processing /opt/airflow/dags/smart_city_traffic_batch_dag.py took 0.208 seconds
[2026-05-08T09:14:15.943+0000] {processor.py:161} INFO - Started process (PID=276) to work on /opt/airflow/dags/smart_city_traffic_batch_dag.py
[2026-05-08T09:14:15.945+0000] {processor.py:830} INFO - Processing file /opt/airflow/dags/smart_city_traffic_batch_dag.py for tasks to queue
[2026-05-08T09:14:15.949+0000] {logging_mixin.py:188} INFO - [2026-05-08T09:14:15.949+0000] {dagbag.py:545} INFO - Filling up the DagBag from /opt/airflow/dags/smart_city_traffic_batch_dag.py
[2026-05-08T09:14:15.991+0000] {processor.py:840} INFO - DAG(s) 'smart_city_traffic_batch_dag' retrieved from /opt/airflow/dags/smart_city_traffic_batch_dag.py
[2026-05-08T09:14:16.059+0000] {logging_mixin.py:188} INFO - [2026-05-08T09:14:16.059+0000] {dag.py:3089} INFO - Sync 1 DAGs
[2026-05-08T09:14:16.097+0000] {logging_mixin.py:188} INFO - [2026-05-08T09:14:16.097+0000] {dag.py:3947} INFO - Setting next_dagrun for smart_city_traffic_batch_dag to 2026-05-08 01:00:00+00:00, run_after=2026-05-09 01:00:00+00:00
[2026-05-08T09:14:16.130+0000] {processor.py:183} INFO - Processing /opt/airflow/dags/smart_city_traffic_batch_dag.py took 0.199 seconds
[2026-05-08T09:14:46.428+0000] {processor.py:161} INFO - Started process (PID=281) to work on /opt/airflow/dags/smart_city_traffic_batch_dag.py
[2026-05-08T09:14:46.430+0000] {processor.py:830} INFO - Processing file /opt/airflow/dags/smart_city_traffic_batch_dag.py for tasks to queue
[2026-05-08T09:14:46.434+0000] {logging_mixin.py:188} INFO - [2026-05-08T09:14:46.434+0000] {dagbag.py:545} INFO - Filling up the DagBag from /opt/airflow/dags/smart_city_traffic_batch_dag.py
[2026-05-08T09:14:46.478+0000] {processor.py:840} INFO - DAG(s) 'smart_city_traffic_batch_dag' retrieved from /opt/airflow/dags/smart_city_traffic_batch_dag.py
[2026-05-08T09:14:46.543+0000] {logging_mixin.py:188} INFO - [2026-05-08T09:14:46.542+0000] {dag.py:3089} INFO - Sync 1 DAGs
[2026-05-08T09:14:46.588+0000] {logging_mixin.py:188} INFO - [2026-05-08T09:14:46.587+0000] {dag.py:3947} INFO - Setting next_dagrun for smart_city_traffic_batch_dag to 2026-05-08 01:00:00+00:00, run_after=2026-05-09 01:00:00+00:00
[2026-05-08T09:14:46.623+0000] {processor.py:183} INFO - Processing /opt/airflow/dags/smart_city_traffic_batch_dag.py took 0.206 seconds
[2026-05-08T09:15:16.910+0000] {processor.py:161} INFO - Started process (PID=286) to work on /opt/airflow/dags/smart_city_traffic_batch_dag.py
[2026-05-08T09:15:16.912+0000] {processor.py:830} INFO - Processing file /opt/airflow/dags/smart_city_traffic_batch_dag.py for tasks to queue
[2026-05-08T09:15:16.915+0000] {logging_mixin.py:188} INFO - [2026-05-08T09:15:16.914+0000] {dagbag.py:545} INFO - Filling up the DagBag from /opt/airflow/dags/smart_city_traffic_batch_dag.py
[2026-05-08T09:15:16.953+0000] {processor.py:840} INFO - DAG(s) 'smart_city_traffic_batch_dag' retrieved from /opt/airflow/dags/smart_city_traffic_batch_dag.py
[2026-05-08T09:15:17.012+0000] {logging_mixin.py:188} INFO - [2026-05-08T09:15:17.012+0000] {dag.py:3089} INFO - Sync 1 DAGs
[2026-05-08T09:15:17.056+0000] {logging_mixin.py:188} INFO - [2026-05-08T09:15:17.056+0000] {dag.py:3947} INFO - Setting next_dagrun for smart_city_traffic_batch_dag to 2026-05-08 01:00:00+00:00, run_after=2026-05-09 01:00:00+00:00
[2026-05-08T09:15:17.088+0000] {processor.py:183} INFO - Processing /opt/airflow/dags/smart_city_traffic_batch_dag.py took 0.190 seconds
[2026-05-08T09:15:47.362+0000] {processor.py:161} INFO - Started process (PID=291) to work on /opt/airflow/dags/smart_city_traffic_batch_dag.py
[2026-05-08T09:15:47.364+0000] {processor.py:830} INFO - Processing file /opt/airflow/dags/smart_city_traffic_batch_dag.py for tasks to queue
[2026-05-08T09:15:47.367+0000] {logging_mixin.py:188} INFO - [2026-05-08T09:15:47.367+0000] {dagbag.py:545} INFO - Filling up the DagBag from /opt/airflow/dags/smart_city_traffic_batch_dag.py
[2026-05-08T09:15:47.414+0000] {processor.py:840} INFO - DAG(s) 'smart_city_traffic_batch_dag' retrieved from /opt/airflow/dags/smart_city_traffic_batch_dag.py
[2026-05-08T09:15:47.481+0000] {logging_mixin.py:188} INFO - [2026-05-08T09:15:47.480+0000] {dag.py:3089} INFO - Sync 1 DAGs
[2026-05-08T09:15:47.525+0000] {logging_mixin.py:188} INFO - [2026-05-08T09:15:47.525+0000] {dag.py:3947} INFO - Setting next_dagrun for smart_city_traffic_batch_dag to 2026-05-08 01:00:00+00:00, run_after=2026-05-09 01:00:00+00:00
[2026-05-08T09:15:47.564+0000] {processor.py:183} INFO - Processing /opt/airflow/dags/smart_city_traffic_batch_dag.py took 0.211 seconds
[2026-05-08T09:16:17.870+0000] {processor.py:161} INFO - Started process (PID=296) to work on /opt/airflow/dags/smart_city_traffic_batch_dag.py
[2026-05-08T09:16:17.873+0000] {processor.py:830} INFO - Processing file /opt/airflow/dags/smart_city_traffic_batch_dag.py for tasks to queue
[2026-05-08T09:16:17.878+0000] {logging_mixin.py:188} INFO - [2026-05-08T09:16:17.877+0000] {dagbag.py:545} INFO - Filling up the DagBag from /opt/airflow/dags/smart_city_traffic_batch_dag.py
[2026-05-08T09:16:17.933+0000] {processor.py:840} INFO - DAG(s) 'smart_city_traffic_batch_dag' retrieved from /opt/airflow/dags/smart_city_traffic_batch_dag.py
[2026-05-08T09:16:18.004+0000] {logging_mixin.py:188} INFO - [2026-05-08T09:16:18.004+0000] {dag.py:3089} INFO - Sync 1 DAGs
[2026-05-08T09:16:18.047+0000] {logging_mixin.py:188} INFO - [2026-05-08T09:16:18.047+0000] {dag.py:3947} INFO - Setting next_dagrun for smart_city_traffic_batch_dag to 2026-05-08 01:00:00+00:00, run_after=2026-05-09 01:00:00+00:00
[2026-05-08T09:16:18.085+0000] {processor.py:183} INFO - Processing /opt/airflow/dags/smart_city_traffic_batch_dag.py took 0.236 seconds
[2026-05-08T09:16:48.378+0000] {processor.py:161} INFO - Started process (PID=301) to work on /opt/airflow/dags/smart_city_traffic_batch_dag.py
[2026-05-08T09:16:48.381+0000] {processor.py:830} INFO - Processing file /opt/airflow/dags/smart_city_traffic_batch_dag.py for tasks to queue
[2026-05-08T09:16:48.385+0000] {logging_mixin.py:188} INFO - [2026-05-08T09:16:48.385+0000] {dagbag.py:545} INFO - Filling up the DagBag from /opt/airflow/dags/smart_city_traffic_batch_dag.py
[2026-05-08T09:16:48.425+0000] {processor.py:840} INFO - DAG(s) 'smart_city_traffic_batch_dag' retrieved from /opt/airflow/dags/smart_city_traffic_batch_dag.py
[2026-05-08T09:16:48.500+0000] {logging_mixin.py:188} INFO - [2026-05-08T09:16:48.499+0000] {dag.py:3089} INFO - Sync 1 DAGs
[2026-05-08T09:16:48.555+0000] {logging_mixin.py:188} INFO - [2026-05-08T09:16:48.554+0000] {dag.py:3947} INFO - Setting next_dagrun for smart_city_traffic_batch_dag to 2026-05-08 01:00:00+00:00, run_after=2026-05-09 01:00:00+00:00
[2026-05-08T09:16:48.593+0000] {processor.py:183} INFO - Processing /opt/airflow/dags/smart_city_traffic_batch_dag.py took 0.227 seconds
[2026-05-08T09:17:18.871+0000] {processor.py:161} INFO - Started process (PID=306) to work on /opt/airflow/dags/smart_city_traffic_batch_dag.py
[2026-05-08T09:17:18.873+0000] {processor.py:830} INFO - Processing file /opt/airflow/dags/smart_city_traffic_batch_dag.py for tasks to queue
[2026-05-08T09:17:18.876+0000] {logging_mixin.py:188} INFO - [2026-05-08T09:17:18.876+0000] {dagbag.py:545} INFO - Filling up the DagBag from /opt/airflow/dags/smart_city_traffic_batch_dag.py
[2026-05-08T09:17:18.916+0000] {processor.py:840} INFO - DAG(s) 'smart_city_traffic_batch_dag' retrieved from /opt/airflow/dags/smart_city_traffic_batch_dag.py
[2026-05-08T09:17:18.976+0000] {logging_mixin.py:188} INFO - [2026-05-08T09:17:18.976+0000] {dag.py:3089} INFO - Sync 1 DAGs
[2026-05-08T09:17:19.014+0000] {logging_mixin.py:188} INFO - [2026-05-08T09:17:19.013+0000] {dag.py:3947} INFO - Setting next_dagrun for smart_city_traffic_batch_dag to 2026-05-08 01:00:00+00:00, run_after=2026-05-09 01:00:00+00:00
[2026-05-08T09:17:19.047+0000] {processor.py:183} INFO - Processing /opt/airflow/dags/smart_city_traffic_batch_dag.py took 0.186 seconds
[2026-05-08T09:17:49.323+0000] {processor.py:161} INFO - Started process (PID=311) to work on /opt/airflow/dags/smart_city_traffic_batch_dag.py
[2026-05-08T09:17:49.325+0000] {processor.py:830} INFO - Processing file /opt/airflow/dags/smart_city_traffic_batch_dag.py for tasks to queue
[2026-05-08T09:17:49.328+0000] {logging_mixin.py:188} INFO - [2026-05-08T09:17:49.328+0000] {dagbag.py:545} INFO - Filling up the DagBag from /opt/airflow/dags/smart_city_traffic_batch_dag.py
[2026-05-08T09:17:49.365+0000] {processor.py:840} INFO - DAG(s) 'smart_city_traffic_batch_dag' retrieved from /opt/airflow/dags/smart_city_traffic_batch_dag.py
[2026-05-08T09:17:49.445+0000] {logging_mixin.py:188} INFO - [2026-05-08T09:17:49.445+0000] {dag.py:3089} INFO - Sync 1 DAGs
[2026-05-08T09:17:49.498+0000] {logging_mixin.py:188} INFO - [2026-05-08T09:17:49.497+0000] {dag.py:3947} INFO - Setting next_dagrun for smart_city_traffic_batch_dag to 2026-05-08 01:00:00+00:00, run_after=2026-05-09 01:00:00+00:00
[2026-05-08T09:17:49.571+0000] {processor.py:183} INFO - Processing /opt/airflow/dags/smart_city_traffic_batch_dag.py took 0.257 seconds
[2026-05-08T09:18:19.980+0000] {processor.py:161} INFO - Started process (PID=316) to work on /opt/airflow/dags/smart_city_traffic_batch_dag.py
[2026-05-08T09:18:19.982+0000] {processor.py:830} INFO - Processing file /opt/airflow/dags/smart_city_traffic_batch_dag.py for tasks to queue
[2026-05-08T09:18:19.988+0000] {logging_mixin.py:188} INFO - [2026-05-08T09:18:19.987+0000] {dagbag.py:545} INFO - Filling up the DagBag from /opt/airflow/dags/smart_city_traffic_batch_dag.py
[2026-05-08T09:18:20.032+0000] {processor.py:840} INFO - DAG(s) 'smart_city_traffic_batch_dag' retrieved from /opt/airflow/dags/smart_city_traffic_batch_dag.py
[2026-05-08T09:18:20.139+0000] {logging_mixin.py:188} INFO - [2026-05-08T09:18:20.139+0000] {dag.py:3089} INFO - Sync 1 DAGs
[2026-05-08T09:18:20.200+0000] {logging_mixin.py:188} INFO - [2026-05-08T09:18:20.199+0000] {dag.py:3947} INFO - Setting next_dagrun for smart_city_traffic_batch_dag to 2026-05-08 01:00:00+00:00, run_after=2026-05-09 01:00:00+00:00
[2026-05-08T09:18:20.233+0000] {processor.py:183} INFO - Processing /opt/airflow/dags/smart_city_traffic_batch_dag.py took 0.268 seconds
[2026-05-08T09:18:50.562+0000] {processor.py:161} INFO - Started process (PID=321) to work on /opt/airflow/dags/smart_city_traffic_batch_dag.py
[2026-05-08T09:18:50.565+0000] {processor.py:830} INFO - Processing file /opt/airflow/dags/smart_city_traffic_batch_dag.py for tasks to queue
[2026-05-08T09:18:50.569+0000] {logging_mixin.py:188} INFO - [2026-05-08T09:18:50.569+0000] {dagbag.py:545} INFO - Filling up the DagBag from /opt/airflow/dags/smart_city_traffic_batch_dag.py
[2026-05-08T09:18:50.625+0000] {processor.py:840} INFO - DAG(s) 'smart_city_traffic_batch_dag' retrieved from /opt/airflow/dags/smart_city_traffic_batch_dag.py
[2026-05-08T09:18:50.683+0000] {logging_mixin.py:188} INFO - [2026-05-08T09:18:50.683+0000] {dag.py:3089} INFO - Sync 1 DAGs
[2026-05-08T09:18:50.746+0000] {logging_mixin.py:188} INFO - [2026-05-08T09:18:50.745+0000] {dag.py:3947} INFO - Setting next_dagrun for smart_city_traffic_batch_dag to 2026-05-08 01:00:00+00:00, run_after=2026-05-09 01:00:00+00:00
[2026-05-08T09:18:50.790+0000] {processor.py:183} INFO - Processing /opt/airflow/dags/smart_city_traffic_batch_dag.py took 0.247 seconds
[2026-05-08T09:19:21.082+0000] {processor.py:161} INFO - Started process (PID=326) to work on /opt/airflow/dags/smart_city_traffic_batch_dag.py
[2026-05-08T09:19:21.084+0000] {processor.py:830} INFO - Processing file /opt/airflow/dags/smart_city_traffic_batch_dag.py for tasks to queue
[2026-05-08T09:19:21.089+0000] {logging_mixin.py:188} INFO - [2026-05-08T09:19:21.088+0000] {dagbag.py:545} INFO - Filling up the DagBag from /opt/airflow/dags/smart_city_traffic_batch_dag.py
[2026-05-08T09:19:21.129+0000] {processor.py:840} INFO - DAG(s) 'smart_city_traffic_batch_dag' retrieved from /opt/airflow/dags/smart_city_traffic_batch_dag.py
[2026-05-08T09:19:21.190+0000] {logging_mixin.py:188} INFO - [2026-05-08T09:19:21.189+0000] {dag.py:3089} INFO - Sync 1 DAGs
[2026-05-08T09:19:21.233+0000] {logging_mixin.py:188} INFO - [2026-05-08T09:19:21.232+0000] {dag.py:3947} INFO - Setting next_dagrun for smart_city_traffic_batch_dag to 2026-05-08 01:00:00+00:00, run_after=2026-05-09 01:00:00+00:00
[2026-05-08T09:19:21.265+0000] {processor.py:183} INFO - Processing /opt/airflow/dags/smart_city_traffic_batch_dag.py took 0.194 seconds
[2026-05-08T09:19:51.565+0000] {processor.py:161} INFO - Started process (PID=331) to work on /opt/airflow/dags/smart_city_traffic_batch_dag.py
[2026-05-08T09:19:51.567+0000] {processor.py:830} INFO - Processing file /opt/airflow/dags/smart_city_traffic_batch_dag.py for tasks to queue
[2026-05-08T09:19:51.570+0000] {logging_mixin.py:188} INFO - [2026-05-08T09:19:51.570+0000] {dagbag.py:545} INFO - Filling up the DagBag from /opt/airflow/dags/smart_city_traffic_batch_dag.py
[2026-05-08T09:19:51.607+0000] {processor.py:840} INFO - DAG(s) 'smart_city_traffic_batch_dag' retrieved from /opt/airflow/dags/smart_city_traffic_batch_dag.py
[2026-05-08T09:19:51.669+0000] {logging_mixin.py:188} INFO - [2026-05-08T09:19:51.668+0000] {dag.py:3089} INFO - Sync 1 DAGs
[2026-05-08T09:19:51.710+0000] {logging_mixin.py:188} INFO - [2026-05-08T09:19:51.710+0000] {dag.py:3947} INFO - Setting next_dagrun for smart_city_traffic_batch_dag to 2026-05-08 01:00:00+00:00, run_after=2026-05-09 01:00:00+00:00
[2026-05-08T09:19:51.750+0000] {processor.py:183} INFO - Processing /opt/airflow/dags/smart_city_traffic_batch_dag.py took 0.195 seconds
[2026-05-08T09:20:22.060+0000] {processor.py:161} INFO - Started process (PID=336) to work on /opt/airflow/dags/smart_city_traffic_batch_dag.py
[2026-05-08T09:20:22.062+0000] {processor.py:830} INFO - Processing file /opt/airflow/dags/smart_city_traffic_batch_dag.py for tasks to queue
[2026-05-08T09:20:22.069+0000] {logging_mixin.py:188} INFO - [2026-05-08T09:20:22.068+0000] {dagbag.py:545} INFO - Filling up the DagBag from /opt/airflow/dags/smart_city_traffic_batch_dag.py
[2026-05-08T09:20:22.113+0000] {processor.py:840} INFO - DAG(s) 'smart_city_traffic_batch_dag' retrieved from /opt/airflow/dags/smart_city_traffic_batch_dag.py
[2026-05-08T09:20:22.188+0000] {logging_mixin.py:188} INFO - [2026-05-08T09:20:22.187+0000] {dag.py:3089} INFO - Sync 1 DAGs
[2026-05-08T09:20:22.237+0000] {logging_mixin.py:188} INFO - [2026-05-08T09:20:22.237+0000] {dag.py:3947} INFO - Setting next_dagrun for smart_city_traffic_batch_dag to 2026-05-08 01:00:00+00:00, run_after=2026-05-09 01:00:00+00:00
[2026-05-08T09:20:22.277+0000] {processor.py:183} INFO - Processing /opt/airflow/dags/smart_city_traffic_batch_dag.py took 0.229 seconds
[2026-05-08T09:20:52.584+0000] {processor.py:161} INFO - Started process (PID=341) to work on /opt/airflow/dags/smart_city_traffic_batch_dag.py
[2026-05-08T09:20:52.587+0000] {processor.py:830} INFO - Processing file /opt/airflow/dags/smart_city_traffic_batch_dag.py for tasks to queue
[2026-05-08T09:20:52.590+0000] {logging_mixin.py:188} INFO - [2026-05-08T09:20:52.589+0000] {dagbag.py:545} INFO - Filling up the DagBag from /opt/airflow/dags/smart_city_traffic_batch_dag.py
[2026-05-08T09:20:52.635+0000] {processor.py:840} INFO - DAG(s) 'smart_city_traffic_batch_dag' retrieved from /opt/airflow/dags/smart_city_traffic_batch_dag.py
[2026-05-08T09:20:52.695+0000] {logging_mixin.py:188} INFO - [2026-05-08T09:20:52.695+0000] {dag.py:3089} INFO - Sync 1 DAGs
[2026-05-08T09:20:52.740+0000] {logging_mixin.py:188} INFO - [2026-05-08T09:20:52.739+0000] {dag.py:3947} INFO - Setting next_dagrun for smart_city_traffic_batch_dag to 2026-05-08 01:00:00+00:00, run_after=2026-05-09 01:00:00+00:00
[2026-05-08T09:20:52.774+0000] {processor.py:183} INFO - Processing /opt/airflow/dags/smart_city_traffic_batch_dag.py took 0.202 seconds
[2026-05-08T09:21:23.058+0000] {processor.py:161} INFO - Started process (PID=346) to work on /opt/airflow/dags/smart_city_traffic_batch_dag.py
[2026-05-08T09:21:23.059+0000] {processor.py:830} INFO - Processing file /opt/airflow/dags/smart_city_traffic_batch_dag.py for tasks to queue
[2026-05-08T09:21:23.062+0000] {logging_mixin.py:188} INFO - [2026-05-08T09:21:23.062+0000] {dagbag.py:545} INFO - Filling up the DagBag from /opt/airflow/dags/smart_city_traffic_batch_dag.py
[2026-05-08T09:21:23.101+0000] {processor.py:840} INFO - DAG(s) 'smart_city_traffic_batch_dag' retrieved from /opt/airflow/dags/smart_city_traffic_batch_dag.py
[2026-05-08T09:21:23.159+0000] {logging_mixin.py:188} INFO - [2026-05-08T09:21:23.159+0000] {dag.py:3089} INFO - Sync 1 DAGs
[2026-05-08T09:21:23.197+0000] {logging_mixin.py:188} INFO - [2026-05-08T09:21:23.197+0000] {dag.py:3947} INFO - Setting next_dagrun for smart_city_traffic_batch_dag to 2026-05-08 01:00:00+00:00, run_after=2026-05-09 01:00:00+00:00
[2026-05-08T09:21:23.230+0000] {processor.py:183} INFO - Processing /opt/airflow/dags/smart_city_traffic_batch_dag.py took 0.184 seconds
[2026-05-08T09:21:53.521+0000] {processor.py:161} INFO - Started process (PID=351) to work on /opt/airflow/dags/smart_city_traffic_batch_dag.py
[2026-05-08T09:21:53.523+0000] {processor.py:830} INFO - Processing file /opt/airflow/dags/smart_city_traffic_batch_dag.py for tasks to queue
[2026-05-08T09:21:53.526+0000] {logging_mixin.py:188} INFO - [2026-05-08T09:21:53.525+0000] {dagbag.py:545} INFO - Filling up the DagBag from /opt/airflow/dags/smart_city_traffic_batch_dag.py
[2026-05-08T09:21:53.566+0000] {processor.py:840} INFO - DAG(s) 'smart_city_traffic_batch_dag' retrieved from /opt/airflow/dags/smart_city_traffic_batch_dag.py
[2026-05-08T09:21:53.621+0000] {logging_mixin.py:188} INFO - [2026-05-08T09:21:53.620+0000] {dag.py:3089} INFO - Sync 1 DAGs
[2026-05-08T09:21:53.668+0000] {logging_mixin.py:188} INFO - [2026-05-08T09:21:53.667+0000] {dag.py:3947} INFO - Setting next_dagrun for smart_city_traffic_batch_dag to 2026-05-08 01:00:00+00:00, run_after=2026-05-09 01:00:00+00:00
[2026-05-08T09:21:53.746+0000] {processor.py:183} INFO - Processing /opt/airflow/dags/smart_city_traffic_batch_dag.py took 0.235 seconds
[2026-05-08T09:22:24.037+0000] {processor.py:161} INFO - Started process (PID=356) to work on /opt/airflow/dags/smart_city_traffic_batch_dag.py
[2026-05-08T09:22:24.040+0000] {processor.py:830} INFO - Processing file /opt/airflow/dags/smart_city_traffic_batch_dag.py for tasks to queue
[2026-05-08T09:22:24.043+0000] {logging_mixin.py:188} INFO - [2026-05-08T09:22:24.042+0000] {dagbag.py:545} INFO - Filling up the DagBag from /opt/airflow/dags/smart_city_traffic_batch_dag.py
[2026-05-08T09:22:24.082+0000] {processor.py:840} INFO - DAG(s) 'smart_city_traffic_batch_dag' retrieved from /opt/airflow/dags/smart_city_traffic_batch_dag.py
[2026-05-08T09:22:24.144+0000] {logging_mixin.py:188} INFO - [2026-05-08T09:22:24.144+0000] {dag.py:3089} INFO - Sync 1 DAGs
[2026-05-08T09:22:24.185+0000] {logging_mixin.py:188} INFO - [2026-05-08T09:22:24.185+0000] {dag.py:3947} INFO - Setting next_dagrun for smart_city_traffic_batch_dag to 2026-05-08 01:00:00+00:00, run_after=2026-05-09 01:00:00+00:00
[2026-05-08T09:22:24.216+0000] {processor.py:183} INFO - Processing /opt/airflow/dags/smart_city_traffic_batch_dag.py took 0.192 seconds
[2026-05-08T09:22:54.490+0000] {processor.py:161} INFO - Started process (PID=361) to work on /opt/airflow/dags/smart_city_traffic_batch_dag.py
[2026-05-08T09:22:54.492+0000] {processor.py:830} INFO - Processing file /opt/airflow/dags/smart_city_traffic_batch_dag.py for tasks to queue
[2026-05-08T09:22:54.496+0000] {logging_mixin.py:188} INFO - [2026-05-08T09:22:54.496+0000] {dagbag.py:545} INFO - Filling up the DagBag from /opt/airflow/dags/smart_city_traffic_batch_dag.py
[2026-05-08T09:22:54.531+0000] {processor.py:840} INFO - DAG(s) 'smart_city_traffic_batch_dag' retrieved from /opt/airflow/dags/smart_city_traffic_batch_dag.py
[2026-05-08T09:22:54.591+0000] {logging_mixin.py:188} INFO - [2026-05-08T09:22:54.591+0000] {dag.py:3089} INFO - Sync 1 DAGs
[2026-05-08T09:22:54.635+0000] {logging_mixin.py:188} INFO - [2026-05-08T09:22:54.635+0000] {dag.py:3947} INFO - Setting next_dagrun for smart_city_traffic_batch_dag to 2026-05-08 01:00:00+00:00, run_after=2026-05-09 01:00:00+00:00
[2026-05-08T09:22:54.676+0000] {processor.py:183} INFO - Processing /opt/airflow/dags/smart_city_traffic_batch_dag.py took 0.198 seconds
[2026-05-08T09:23:24.955+0000] {processor.py:161} INFO - Started process (PID=366) to work on /opt/airflow/dags/smart_city_traffic_batch_dag.py
[2026-05-08T09:23:24.957+0000] {processor.py:830} INFO - Processing file /opt/airflow/dags/smart_city_traffic_batch_dag.py for tasks to queue
[2026-05-08T09:23:24.960+0000] {logging_mixin.py:188} INFO - [2026-05-08T09:23:24.959+0000] {dagbag.py:545} INFO - Filling up the DagBag from /opt/airflow/dags/smart_city_traffic_batch_dag.py
[2026-05-08T09:23:25.000+0000] {processor.py:840} INFO - DAG(s) 'smart_city_traffic_batch_dag' retrieved from /opt/airflow/dags/smart_city_traffic_batch_dag.py
[2026-05-08T09:23:25.068+0000] {logging_mixin.py:188} INFO - [2026-05-08T09:23:25.067+0000] {dag.py:3089} INFO - Sync 1 DAGs
[2026-05-08T09:23:25.107+0000] {logging_mixin.py:188} INFO - [2026-05-08T09:23:25.107+0000] {dag.py:3947} INFO - Setting next_dagrun for smart_city_traffic_batch_dag to 2026-05-08 01:00:00+00:00, run_after=2026-05-09 01:00:00+00:00
[2026-05-08T09:23:25.147+0000] {processor.py:183} INFO - Processing /opt/airflow/dags/smart_city_traffic_batch_dag.py took 0.202 seconds
[2026-05-08T09:23:55.412+0000] {processor.py:161} INFO - Started process (PID=371) to work on /opt/airflow/dags/smart_city_traffic_batch_dag.py
[2026-05-08T09:23:55.414+0000] {processor.py:830} INFO - Processing file /opt/airflow/dags/smart_city_traffic_batch_dag.py for tasks to queue
[2026-05-08T09:23:55.418+0000] {logging_mixin.py:188} INFO - [2026-05-08T09:23:55.418+0000] {dagbag.py:545} INFO - Filling up the DagBag from /opt/airflow/dags/smart_city_traffic_batch_dag.py
[2026-05-08T09:23:55.460+0000] {processor.py:840} INFO - DAG(s) 'smart_city_traffic_batch_dag' retrieved from /opt/airflow/dags/smart_city_traffic_batch_dag.py
[2026-05-08T09:23:55.522+0000] {logging_mixin.py:188} INFO - [2026-05-08T09:23:55.521+0000] {dag.py:3089} INFO - Sync 1 DAGs
[2026-05-08T09:23:55.571+0000] {logging_mixin.py:188} INFO - [2026-05-08T09:23:55.571+0000] {dag.py:3947} INFO - Setting next_dagrun for smart_city_traffic_batch_dag to 2026-05-08 01:00:00+00:00, run_after=2026-05-09 01:00:00+00:00
[2026-05-08T09:23:55.609+0000] {processor.py:183} INFO - Processing /opt/airflow/dags/smart_city_traffic_batch_dag.py took 0.214 seconds
[2026-05-08T09:24:26.103+0000] {processor.py:161} INFO - Started process (PID=376) to work on /opt/airflow/dags/smart_city_traffic_batch_dag.py
[2026-05-08T09:24:26.106+0000] {processor.py:830} INFO - Processing file /opt/airflow/dags/smart_city_traffic_batch_dag.py for tasks to queue
[2026-05-08T09:24:26.110+0000] {logging_mixin.py:188} INFO - [2026-05-08T09:24:26.110+0000] {dagbag.py:545} INFO - Filling up the DagBag from /opt/airflow/dags/smart_city_traffic_batch_dag.py
[2026-05-08T09:24:26.158+0000] {processor.py:840} INFO - DAG(s) 'smart_city_traffic_batch_dag' retrieved from /opt/airflow/dags/smart_city_traffic_batch_dag.py
[2026-05-08T09:24:26.235+0000] {logging_mixin.py:188} INFO - [2026-05-08T09:24:26.234+0000] {dag.py:3089} INFO - Sync 1 DAGs
[2026-05-08T09:24:26.277+0000] {logging_mixin.py:188} INFO - [2026-05-08T09:24:26.276+0000] {dag.py:3947} INFO - Setting next_dagrun for smart_city_traffic_batch_dag to 2026-05-08 01:00:00+00:00, run_after=2026-05-09 01:00:00+00:00
[2026-05-08T09:24:26.310+0000] {processor.py:183} INFO - Processing /opt/airflow/dags/smart_city_traffic_batch_dag.py took 0.221 seconds
[2026-05-08T09:24:56.622+0000] {processor.py:161} INFO - Started process (PID=381) to work on /opt/airflow/dags/smart_city_traffic_batch_dag.py
[2026-05-08T09:24:56.624+0000] {processor.py:830} INFO - Processing file /opt/airflow/dags/smart_city_traffic_batch_dag.py for tasks to queue
[2026-05-08T09:24:56.627+0000] {logging_mixin.py:188} INFO - [2026-05-08T09:24:56.626+0000] {dagbag.py:545} INFO - Filling up the DagBag from /opt/airflow/dags/smart_city_traffic_batch_dag.py
[2026-05-08T09:24:56.663+0000] {processor.py:840} INFO - DAG(s) 'smart_city_traffic_batch_dag' retrieved from /opt/airflow/dags/smart_city_traffic_batch_dag.py
[2026-05-08T09:24:56.727+0000] {logging_mixin.py:188} INFO - [2026-05-08T09:24:56.726+0000] {dag.py:3089} INFO - Sync 1 DAGs
[2026-05-08T09:24:56.769+0000] {logging_mixin.py:188} INFO - [2026-05-08T09:24:56.769+0000] {dag.py:3947} INFO - Setting next_dagrun for smart_city_traffic_batch_dag to 2026-05-08 01:00:00+00:00, run_after=2026-05-09 01:00:00+00:00
[2026-05-08T09:24:56.805+0000] {processor.py:183} INFO - Processing /opt/airflow/dags/smart_city_traffic_batch_dag.py took 0.193 seconds
[2026-05-08T09:25:27.115+0000] {processor.py:161} INFO - Started process (PID=386) to work on /opt/airflow/dags/smart_city_traffic_batch_dag.py
[2026-05-08T09:25:27.118+0000] {processor.py:830} INFO - Processing file /opt/airflow/dags/smart_city_traffic_batch_dag.py for tasks to queue
[2026-05-08T09:25:27.121+0000] {logging_mixin.py:188} INFO - [2026-05-08T09:25:27.121+0000] {dagbag.py:545} INFO - Filling up the DagBag from /opt/airflow/dags/smart_city_traffic_batch_dag.py
[2026-05-08T09:25:27.158+0000] {processor.py:840} INFO - DAG(s) 'smart_city_traffic_batch_dag' retrieved from /opt/airflow/dags/smart_city_traffic_batch_dag.py
[2026-05-08T09:25:27.230+0000] {logging_mixin.py:188} INFO - [2026-05-08T09:25:27.229+0000] {dag.py:3089} INFO - Sync 1 DAGs
[2026-05-08T09:25:27.291+0000] {logging_mixin.py:188} INFO - [2026-05-08T09:25:27.291+0000] {dag.py:3947} INFO - Setting next_dagrun for smart_city_traffic_batch_dag to 2026-05-08 01:00:00+00:00, run_after=2026-05-09 01:00:00+00:00
[2026-05-08T09:25:27.326+0000] {processor.py:183} INFO - Processing /opt/airflow/dags/smart_city_traffic_batch_dag.py took 0.221 seconds
[2026-05-08T09:25:57.613+0000] {processor.py:161} INFO - Started process (PID=391) to work on /opt/airflow/dags/smart_city_traffic_batch_dag.py
[2026-05-08T09:25:57.615+0000] {processor.py:830} INFO - Processing file /opt/airflow/dags/smart_city_traffic_batch_dag.py for tasks to queue
[2026-05-08T09:25:57.618+0000] {logging_mixin.py:188} INFO - [2026-05-08T09:25:57.617+0000] {dagbag.py:545} INFO - Filling up the DagBag from /opt/airflow/dags/smart_city_traffic_batch_dag.py
[2026-05-08T09:25:57.662+0000] {processor.py:840} INFO - DAG(s) 'smart_city_traffic_batch_dag' retrieved from /opt/airflow/dags/smart_city_traffic_batch_dag.py
[2026-05-08T09:25:57.733+0000] {logging_mixin.py:188} INFO - [2026-05-08T09:25:57.733+0000] {dag.py:3089} INFO - Sync 1 DAGs
[2026-05-08T09:25:57.794+0000] {logging_mixin.py:188} INFO - [2026-05-08T09:25:57.794+0000] {dag.py:3947} INFO - Setting next_dagrun for smart_city_traffic_batch_dag to 2026-05-08 01:00:00+00:00, run_after=2026-05-09 01:00:00+00:00
[2026-05-08T09:25:57.852+0000] {processor.py:183} INFO - Processing /opt/airflow/dags/smart_city_traffic_batch_dag.py took 0.250 seconds
[2026-05-08T09:26:28.148+0000] {processor.py:161} INFO - Started process (PID=396) to work on /opt/airflow/dags/smart_city_traffic_batch_dag.py
[2026-05-08T09:26:28.150+0000] {processor.py:830} INFO - Processing file /opt/airflow/dags/smart_city_traffic_batch_dag.py for tasks to queue
[2026-05-08T09:26:28.154+0000] {logging_mixin.py:188} INFO - [2026-05-08T09:26:28.153+0000] {dagbag.py:545} INFO - Filling up the DagBag from /opt/airflow/dags/smart_city_traffic_batch_dag.py
[2026-05-08T09:26:28.197+0000] {processor.py:840} INFO - DAG(s) 'smart_city_traffic_batch_dag' retrieved from /opt/airflow/dags/smart_city_traffic_batch_dag.py
[2026-05-08T09:26:28.264+0000] {logging_mixin.py:188} INFO - [2026-05-08T09:26:28.263+0000] {dag.py:3089} INFO - Sync 1 DAGs
[2026-05-08T09:26:28.303+0000] {logging_mixin.py:188} INFO - [2026-05-08T09:26:28.303+0000] {dag.py:3947} INFO - Setting next_dagrun for smart_city_traffic_batch_dag to 2026-05-08 01:00:00+00:00, run_after=2026-05-09 01:00:00+00:00
[2026-05-08T09:26:28.340+0000] {processor.py:183} INFO - Processing /opt/airflow/dags/smart_city_traffic_batch_dag.py took 0.202 seconds
[2026-05-08T09:26:58.610+0000] {processor.py:161} INFO - Started process (PID=401) to work on /opt/airflow/dags/smart_city_traffic_batch_dag.py
[2026-05-08T09:26:58.611+0000] {processor.py:830} INFO - Processing file /opt/airflow/dags/smart_city_traffic_batch_dag.py for tasks to queue
[2026-05-08T09:26:58.614+0000] {logging_mixin.py:188} INFO - [2026-05-08T09:26:58.614+0000] {dagbag.py:545} INFO - Filling up the DagBag from /opt/airflow/dags/smart_city_traffic_batch_dag.py
[2026-05-08T09:26:58.652+0000] {processor.py:840} INFO - DAG(s) 'smart_city_traffic_batch_dag' retrieved from /opt/airflow/dags/smart_city_traffic_batch_dag.py
[2026-05-08T09:26:58.721+0000] {logging_mixin.py:188} INFO - [2026-05-08T09:26:58.721+0000] {dag.py:3089} INFO - Sync 1 DAGs
[2026-05-08T09:26:58.761+0000] {logging_mixin.py:188} INFO - [2026-05-08T09:26:58.761+0000] {dag.py:3947} INFO - Setting next_dagrun for smart_city_traffic_batch_dag to 2026-05-08 01:00:00+00:00, run_after=2026-05-09 01:00:00+00:00
[2026-05-08T09:26:58.794+0000] {processor.py:183} INFO - Processing /opt/airflow/dags/smart_city_traffic_batch_dag.py took 0.194 seconds
[2026-05-08T09:27:28.886+0000] {processor.py:161} INFO - Started process (PID=406) to work on /opt/airflow/dags/smart_city_traffic_batch_dag.py
[2026-05-08T09:27:28.888+0000] {processor.py:830} INFO - Processing file /opt/airflow/dags/smart_city_traffic_batch_dag.py for tasks to queue
[2026-05-08T09:27:28.892+0000] {logging_mixin.py:188} INFO - [2026-05-08T09:27:28.892+0000] {dagbag.py:545} INFO - Filling up the DagBag from /opt/airflow/dags/smart_city_traffic_batch_dag.py
[2026-05-08T09:27:28.929+0000] {processor.py:840} INFO - DAG(s) 'smart_city_traffic_batch_dag' retrieved from /opt/airflow/dags/smart_city_traffic_batch_dag.py
[2026-05-08T09:27:28.989+0000] {logging_mixin.py:188} INFO - [2026-05-08T09:27:28.989+0000] {dag.py:3089} INFO - Sync 1 DAGs
[2026-05-08T09:27:29.033+0000] {logging_mixin.py:188} INFO - [2026-05-08T09:27:29.032+0000] {dag.py:3947} INFO - Setting next_dagrun for smart_city_traffic_batch_dag to 2026-05-08 01:00:00+00:00, run_after=2026-05-09 01:00:00+00:00
[2026-05-08T09:27:29.069+0000] {processor.py:183} INFO - Processing /opt/airflow/dags/smart_city_traffic_batch_dag.py took 0.192 seconds
[2026-05-08T09:27:59.310+0000] {processor.py:161} INFO - Started process (PID=411) to work on /opt/airflow/dags/smart_city_traffic_batch_dag.py
[2026-05-08T09:27:59.311+0000] {processor.py:830} INFO - Processing file /opt/airflow/dags/smart_city_traffic_batch_dag.py for tasks to queue
[2026-05-08T09:27:59.316+0000] {logging_mixin.py:188} INFO - [2026-05-08T09:27:59.315+0000] {dagbag.py:545} INFO - Filling up the DagBag from /opt/airflow/dags/smart_city_traffic_batch_dag.py
[2026-05-08T09:27:59.351+0000] {processor.py:840} INFO - DAG(s) 'smart_city_traffic_batch_dag' retrieved from /opt/airflow/dags/smart_city_traffic_batch_dag.py
[2026-05-08T09:27:59.413+0000] {logging_mixin.py:188} INFO - [2026-05-08T09:27:59.413+0000] {dag.py:3089} INFO - Sync 1 DAGs
[2026-05-08T09:27:59.454+0000] {logging_mixin.py:188} INFO - [2026-05-08T09:27:59.453+0000] {dag.py:3947} INFO - Setting next_dagrun for smart_city_traffic_batch_dag to 2026-05-08 01:00:00+00:00, run_after=2026-05-09 01:00:00+00:00
[2026-05-08T09:27:59.486+0000] {processor.py:183} INFO - Processing /opt/airflow/dags/smart_city_traffic_batch_dag.py took 0.187 seconds
[2026-05-08T09:28:29.582+0000] {processor.py:161} INFO - Started process (PID=416) to work on /opt/airflow/dags/smart_city_traffic_batch_dag.py
[2026-05-08T09:28:29.584+0000] {processor.py:830} INFO - Processing file /opt/airflow/dags/smart_city_traffic_batch_dag.py for tasks to queue
[2026-05-08T09:28:29.588+0000] {logging_mixin.py:188} INFO - [2026-05-08T09:28:29.587+0000] {dagbag.py:545} INFO - Filling up the DagBag from /opt/airflow/dags/smart_city_traffic_batch_dag.py
[2026-05-08T09:28:29.627+0000] {processor.py:840} INFO - DAG(s) 'smart_city_traffic_batch_dag' retrieved from /opt/airflow/dags/smart_city_traffic_batch_dag.py
[2026-05-08T09:28:29.694+0000] {logging_mixin.py:188} INFO - [2026-05-08T09:28:29.694+0000] {dag.py:3089} INFO - Sync 1 DAGs
[2026-05-08T09:28:29.736+0000] {logging_mixin.py:188} INFO - [2026-05-08T09:28:29.736+0000] {dag.py:3947} INFO - Setting next_dagrun for smart_city_traffic_batch_dag to 2026-05-08 01:00:00+00:00, run_after=2026-05-09 01:00:00+00:00
[2026-05-08T09:28:29.769+0000] {processor.py:183} INFO - Processing /opt/airflow/dags/smart_city_traffic_batch_dag.py took 0.197 seconds
[2026-05-08T09:28:59.982+0000] {processor.py:161} INFO - Started process (PID=421) to work on /opt/airflow/dags/smart_city_traffic_batch_dag.py
[2026-05-08T09:28:59.984+0000] {processor.py:830} INFO - Processing file /opt/airflow/dags/smart_city_traffic_batch_dag.py for tasks to queue
[2026-05-08T09:28:59.988+0000] {logging_mixin.py:188} INFO - [2026-05-08T09:28:59.988+0000] {dagbag.py:545} INFO - Filling up the DagBag from /opt/airflow/dags/smart_city_traffic_batch_dag.py
[2026-05-08T09:29:00.069+0000] {processor.py:840} INFO - DAG(s) 'smart_city_traffic_batch_dag' retrieved from /opt/airflow/dags/smart_city_traffic_batch_dag.py
[2026-05-08T09:29:00.222+0000] {logging_mixin.py:188} INFO - [2026-05-08T09:29:00.221+0000] {dag.py:3089} INFO - Sync 1 DAGs
[2026-05-08T09:29:00.270+0000] {logging_mixin.py:188} INFO - [2026-05-08T09:29:00.270+0000] {dag.py:3947} INFO - Setting next_dagrun for smart_city_traffic_batch_dag to 2026-05-08 01:00:00+00:00, run_after=2026-05-09 01:00:00+00:00
[2026-05-08T09:29:00.306+0000] {processor.py:183} INFO - Processing /opt/airflow/dags/smart_city_traffic_batch_dag.py took 0.337 seconds
[2026-05-08T09:29:30.772+0000] {processor.py:161} INFO - Started process (PID=426) to work on /opt/airflow/dags/smart_city_traffic_batch_dag.py
[2026-05-08T09:29:30.774+0000] {processor.py:830} INFO - Processing file /opt/airflow/dags/smart_city_traffic_batch_dag.py for tasks to queue
[2026-05-08T09:29:30.779+0000] {logging_mixin.py:188} INFO - [2026-05-08T09:29:30.778+0000] {dagbag.py:545} INFO - Filling up the DagBag from /opt/airflow/dags/smart_city_traffic_batch_dag.py
[2026-05-08T09:29:30.829+0000] {processor.py:840} INFO - DAG(s) 'smart_city_traffic_batch_dag' retrieved from /opt/airflow/dags/smart_city_traffic_batch_dag.py
[2026-05-08T09:29:30.903+0000] {logging_mixin.py:188} INFO - [2026-05-08T09:29:30.902+0000] {dag.py:3089} INFO - Sync 1 DAGs
[2026-05-08T09:29:31.003+0000] {logging_mixin.py:188} INFO - [2026-05-08T09:29:31.003+0000] {dag.py:3947} INFO - Setting next_dagrun for smart_city_traffic_batch_dag to 2026-05-08 01:00:00+00:00, run_after=2026-05-09 01:00:00+00:00
[2026-05-08T09:29:31.058+0000] {processor.py:183} INFO - Processing /opt/airflow/dags/smart_city_traffic_batch_dag.py took 0.297 seconds
[2026-05-08T09:30:01.364+0000] {processor.py:161} INFO - Started process (PID=431) to work on /opt/airflow/dags/smart_city_traffic_batch_dag.py
[2026-05-08T09:30:01.366+0000] {processor.py:830} INFO - Processing file /opt/airflow/dags/smart_city_traffic_batch_dag.py for tasks to queue
[2026-05-08T09:30:01.370+0000] {logging_mixin.py:188} INFO - [2026-05-08T09:30:01.369+0000] {dagbag.py:545} INFO - Filling up the DagBag from /opt/airflow/dags/smart_city_traffic_batch_dag.py
[2026-05-08T09:30:01.407+0000] {processor.py:840} INFO - DAG(s) 'smart_city_traffic_batch_dag' retrieved from /opt/airflow/dags/smart_city_traffic_batch_dag.py
[2026-05-08T09:30:01.467+0000] {logging_mixin.py:188} INFO - [2026-05-08T09:30:01.467+0000] {dag.py:3089} INFO - Sync 1 DAGs
[2026-05-08T09:30:01.512+0000] {logging_mixin.py:188} INFO - [2026-05-08T09:30:01.511+0000] {dag.py:3947} INFO - Setting next_dagrun for smart_city_traffic_batch_dag to 2026-05-08 01:00:00+00:00, run_after=2026-05-09 01:00:00+00:00
[2026-05-08T09:30:01.549+0000] {processor.py:183} INFO - Processing /opt/airflow/dags/smart_city_traffic_batch_dag.py took 0.197 seconds
[2026-05-08T09:30:31.837+0000] {processor.py:161} INFO - Started process (PID=436) to work on /opt/airflow/dags/smart_city_traffic_batch_dag.py
[2026-05-08T09:30:31.839+0000] {processor.py:830} INFO - Processing file /opt/airflow/dags/smart_city_traffic_batch_dag.py for tasks to queue
[2026-05-08T09:30:31.843+0000] {logging_mixin.py:188} INFO - [2026-05-08T09:30:31.842+0000] {dagbag.py:545} INFO - Filling up the DagBag from /opt/airflow/dags/smart_city_traffic_batch_dag.py
[2026-05-08T09:30:31.890+0000] {processor.py:840} INFO - DAG(s) 'smart_city_traffic_batch_dag' retrieved from /opt/airflow/dags/smart_city_traffic_batch_dag.py
[2026-05-08T09:30:31.952+0000] {logging_mixin.py:188} INFO - [2026-05-08T09:30:31.952+0000] {dag.py:3089} INFO - Sync 1 DAGs
[2026-05-08T09:30:31.996+0000] {logging_mixin.py:188} INFO - [2026-05-08T09:30:31.995+0000] {dag.py:3947} INFO - Setting next_dagrun for smart_city_traffic_batch_dag to 2026-05-08 01:00:00+00:00, run_after=2026-05-09 01:00:00+00:00
[2026-05-08T09:30:32.032+0000] {processor.py:183} INFO - Processing /opt/airflow/dags/smart_city_traffic_batch_dag.py took 0.208 seconds
[2026-05-08T09:31:02.362+0000] {processor.py:161} INFO - Started process (PID=441) to work on /opt/airflow/dags/smart_city_traffic_batch_dag.py
[2026-05-08T09:31:02.364+0000] {processor.py:830} INFO - Processing file /opt/airflow/dags/smart_city_traffic_batch_dag.py for tasks to queue
[2026-05-08T09:31:02.368+0000] {logging_mixin.py:188} INFO - [2026-05-08T09:31:02.367+0000] {dagbag.py:545} INFO - Filling up the DagBag from /opt/airflow/dags/smart_city_traffic_batch_dag.py
[2026-05-08T09:31:02.404+0000] {processor.py:840} INFO - DAG(s) 'smart_city_traffic_batch_dag' retrieved from /opt/airflow/dags/smart_city_traffic_batch_dag.py
[2026-05-08T09:31:02.470+0000] {logging_mixin.py:188} INFO - [2026-05-08T09:31:02.470+0000] {dag.py:3089} INFO - Sync 1 DAGs
[2026-05-08T09:31:02.532+0000] {logging_mixin.py:188} INFO - [2026-05-08T09:31:02.532+0000] {dag.py:3947} INFO - Setting next_dagrun for smart_city_traffic_batch_dag to 2026-05-08 01:00:00+00:00, run_after=2026-05-09 01:00:00+00:00
[2026-05-08T09:31:02.566+0000] {processor.py:183} INFO - Processing /opt/airflow/dags/smart_city_traffic_batch_dag.py took 0.214 seconds
[2026-05-08T09:31:32.843+0000] {processor.py:161} INFO - Started process (PID=446) to work on /opt/airflow/dags/smart_city_traffic_batch_dag.py
[2026-05-08T09:31:32.844+0000] {processor.py:830} INFO - Processing file /opt/airflow/dags/smart_city_traffic_batch_dag.py for tasks to queue
[2026-05-08T09:31:32.847+0000] {logging_mixin.py:188} INFO - [2026-05-08T09:31:32.847+0000] {dagbag.py:545} INFO - Filling up the DagBag from /opt/airflow/dags/smart_city_traffic_batch_dag.py
[2026-05-08T09:31:32.882+0000] {processor.py:840} INFO - DAG(s) 'smart_city_traffic_batch_dag' retrieved from /opt/airflow/dags/smart_city_traffic_batch_dag.py
[2026-05-08T09:31:32.946+0000] {logging_mixin.py:188} INFO - [2026-05-08T09:31:32.946+0000] {dag.py:3089} INFO - Sync 1 DAGs
[2026-05-08T09:31:32.995+0000] {logging_mixin.py:188} INFO - [2026-05-08T09:31:32.995+0000] {dag.py:3947} INFO - Setting next_dagrun for smart_city_traffic_batch_dag to 2026-05-08 01:00:00+00:00, run_after=2026-05-09 01:00:00+00:00
[2026-05-08T09:31:33.026+0000] {processor.py:183} INFO - Processing /opt/airflow/dags/smart_city_traffic_batch_dag.py took 0.194 seconds
[2026-05-08T09:32:03.334+0000] {processor.py:161} INFO - Started process (PID=451) to work on /opt/airflow/dags/smart_city_traffic_batch_dag.py
[2026-05-08T09:32:03.336+0000] {processor.py:830} INFO - Processing file /opt/airflow/dags/smart_city_traffic_batch_dag.py for tasks to queue
[2026-05-08T09:32:03.344+0000] {logging_mixin.py:188} INFO - [2026-05-08T09:32:03.343+0000] {dagbag.py:545} INFO - Filling up the DagBag from /opt/airflow/dags/smart_city_traffic_batch_dag.py
[2026-05-08T09:32:03.383+0000] {processor.py:840} INFO - DAG(s) 'smart_city_traffic_batch_dag' retrieved from /opt/airflow/dags/smart_city_traffic_batch_dag.py
[2026-05-08T09:32:03.455+0000] {logging_mixin.py:188} INFO - [2026-05-08T09:32:03.455+0000] {dag.py:3089} INFO - Sync 1 DAGs
[2026-05-08T09:32:03.503+0000] {logging_mixin.py:188} INFO - [2026-05-08T09:32:03.503+0000] {dag.py:3947} INFO - Setting next_dagrun for smart_city_traffic_batch_dag to 2026-05-08 01:00:00+00:00, run_after=2026-05-09 01:00:00+00:00
[2026-05-08T09:32:03.541+0000] {processor.py:183} INFO - Processing /opt/airflow/dags/smart_city_traffic_batch_dag.py took 0.222 seconds
[2026-05-08T09:32:33.864+0000] {processor.py:161} INFO - Started process (PID=456) to work on /opt/airflow/dags/smart_city_traffic_batch_dag.py
[2026-05-08T09:32:33.866+0000] {processor.py:830} INFO - Processing file /opt/airflow/dags/smart_city_traffic_batch_dag.py for tasks to queue
[2026-05-08T09:32:33.870+0000] {logging_mixin.py:188} INFO - [2026-05-08T09:32:33.870+0000] {dagbag.py:545} INFO - Filling up the DagBag from /opt/airflow/dags/smart_city_traffic_batch_dag.py
[2026-05-08T09:32:33.918+0000] {processor.py:840} INFO - DAG(s) 'smart_city_traffic_batch_dag' retrieved from /opt/airflow/dags/smart_city_traffic_batch_dag.py
[2026-05-08T09:32:33.979+0000] {logging_mixin.py:188} INFO - [2026-05-08T09:32:33.978+0000] {dag.py:3089} INFO - Sync 1 DAGs
[2026-05-08T09:32:34.020+0000] {logging_mixin.py:188} INFO - [2026-05-08T09:32:34.020+0000] {dag.py:3947} INFO - Setting next_dagrun for smart_city_traffic_batch_dag to 2026-05-08 01:00:00+00:00, run_after=2026-05-09 01:00:00+00:00
[2026-05-08T09:32:34.053+0000] {processor.py:183} INFO - Processing /opt/airflow/dags/smart_city_traffic_batch_dag.py took 0.202 seconds
[2026-05-08T09:33:04.360+0000] {processor.py:161} INFO - Started process (PID=461) to work on /opt/airflow/dags/smart_city_traffic_batch_dag.py
[2026-05-08T09:33:04.363+0000] {processor.py:830} INFO - Processing file /opt/airflow/dags/smart_city_traffic_batch_dag.py for tasks to queue
[2026-05-08T09:33:04.367+0000] {logging_mixin.py:188} INFO - [2026-05-08T09:33:04.367+0000] {dagbag.py:545} INFO - Filling up the DagBag from /opt/airflow/dags/smart_city_traffic_batch_dag.py
[2026-05-08T09:33:04.404+0000] {processor.py:840} INFO - DAG(s) 'smart_city_traffic_batch_dag' retrieved from /opt/airflow/dags/smart_city_traffic_batch_dag.py
[2026-05-08T09:33:04.469+0000] {logging_mixin.py:188} INFO - [2026-05-08T09:33:04.468+0000] {dag.py:3089} INFO - Sync 1 DAGs
[2026-05-08T09:33:04.510+0000] {logging_mixin.py:188} INFO - [2026-05-08T09:33:04.510+0000] {dag.py:3947} INFO - Setting next_dagrun for smart_city_traffic_batch_dag to 2026-05-08 01:00:00+00:00, run_after=2026-05-09 01:00:00+00:00
[2026-05-08T09:33:04.543+0000] {processor.py:183} INFO - Processing /opt/airflow/dags/smart_city_traffic_batch_dag.py took 0.193 seconds
[2026-05-08T09:33:34.835+0000] {processor.py:161} INFO - Started process (PID=466) to work on /opt/airflow/dags/smart_city_traffic_batch_dag.py
[2026-05-08T09:33:34.838+0000] {processor.py:830} INFO - Processing file /opt/airflow/dags/smart_city_traffic_batch_dag.py for tasks to queue
[2026-05-08T09:33:34.843+0000] {logging_mixin.py:188} INFO - [2026-05-08T09:33:34.842+0000] {dagbag.py:545} INFO - Filling up the DagBag from /opt/airflow/dags/smart_city_traffic_batch_dag.py
[2026-05-08T09:33:34.884+0000] {processor.py:840} INFO - DAG(s) 'smart_city_traffic_batch_dag' retrieved from /opt/airflow/dags/smart_city_traffic_batch_dag.py
[2026-05-08T09:33:34.947+0000] {logging_mixin.py:188} INFO - [2026-05-08T09:33:34.946+0000] {dag.py:3089} INFO - Sync 1 DAGs
[2026-05-08T09:33:34.991+0000] {logging_mixin.py:188} INFO - [2026-05-08T09:33:34.991+0000] {dag.py:3947} INFO - Setting next_dagrun for smart_city_traffic_batch_dag to 2026-05-08 01:00:00+00:00, run_after=2026-05-09 01:00:00+00:00
[2026-05-08T09:33:35.026+0000] {processor.py:183} INFO - Processing /opt/airflow/dags/smart_city_traffic_batch_dag.py took 0.204 seconds
[2026-05-08T09:34:05.150+0000] {processor.py:161} INFO - Started process (PID=471) to work on /opt/airflow/dags/smart_city_traffic_batch_dag.py
[2026-05-08T09:34:05.151+0000] {processor.py:830} INFO - Processing file /opt/airflow/dags/smart_city_traffic_batch_dag.py for tasks to queue
[2026-05-08T09:34:05.155+0000] {logging_mixin.py:188} INFO - [2026-05-08T09:34:05.155+0000] {dagbag.py:545} INFO - Filling up the DagBag from /opt/airflow/dags/smart_city_traffic_batch_dag.py
[2026-05-08T09:34:05.196+0000] {processor.py:840} INFO - DAG(s) 'smart_city_traffic_batch_dag' retrieved from /opt/airflow/dags/smart_city_traffic_batch_dag.py
[2026-05-08T09:34:05.265+0000] {logging_mixin.py:188} INFO - [2026-05-08T09:34:05.264+0000] {dag.py:3089} INFO - Sync 1 DAGs
[2026-05-08T09:34:05.306+0000] {logging_mixin.py:188} INFO - [2026-05-08T09:34:05.306+0000] {dag.py:3947} INFO - Setting next_dagrun for smart_city_traffic_batch_dag to 2026-05-08 01:00:00+00:00, run_after=2026-05-09 01:00:00+00:00
[2026-05-08T09:34:05.344+0000] {processor.py:183} INFO - Processing /opt/airflow/dags/smart_city_traffic_batch_dag.py took 0.204 seconds
[2026-05-08T09:34:35.548+0000] {processor.py:161} INFO - Started process (PID=476) to work on /opt/airflow/dags/smart_city_traffic_batch_dag.py
[2026-05-08T09:34:35.551+0000] {processor.py:830} INFO - Processing file /opt/airflow/dags/smart_city_traffic_batch_dag.py for tasks to queue
[2026-05-08T09:34:35.555+0000] {logging_mixin.py:188} INFO - [2026-05-08T09:34:35.555+0000] {dagbag.py:545} INFO - Filling up the DagBag from /opt/airflow/dags/smart_city_traffic_batch_dag.py
[2026-05-08T09:34:35.596+0000] {processor.py:840} INFO - DAG(s) 'smart_city_traffic_batch_dag' retrieved from /opt/airflow/dags/smart_city_traffic_batch_dag.py
[2026-05-08T09:34:35.662+0000] {logging_mixin.py:188} INFO - [2026-05-08T09:34:35.662+0000] {dag.py:3089} INFO - Sync 1 DAGs
[2026-05-08T09:34:35.736+0000] {logging_mixin.py:188} INFO - [2026-05-08T09:34:35.735+0000] {dag.py:3947} INFO - Setting next_dagrun for smart_city_traffic_batch_dag to 2026-05-08 01:00:00+00:00, run_after=2026-05-09 01:00:00+00:00
[2026-05-08T09:34:35.768+0000] {processor.py:183} INFO - Processing /opt/airflow/dags/smart_city_traffic_batch_dag.py took 0.232 seconds
[2026-05-08T09:35:06.068+0000] {processor.py:161} INFO - Started process (PID=481) to work on /opt/airflow/dags/smart_city_traffic_batch_dag.py
[2026-05-08T09:35:06.070+0000] {processor.py:830} INFO - Processing file /opt/airflow/dags/smart_city_traffic_batch_dag.py for tasks to queue
[2026-05-08T09:35:06.074+0000] {logging_mixin.py:188} INFO - [2026-05-08T09:35:06.073+0000] {dagbag.py:545} INFO - Filling up the DagBag from /opt/airflow/dags/smart_city_traffic_batch_dag.py
[2026-05-08T09:35:06.118+0000] {processor.py:840} INFO - DAG(s) 'smart_city_traffic_batch_dag' retrieved from /opt/airflow/dags/smart_city_traffic_batch_dag.py
[2026-05-08T09:35:06.180+0000] {logging_mixin.py:188} INFO - [2026-05-08T09:35:06.179+0000] {dag.py:3089} INFO - Sync 1 DAGs
[2026-05-08T09:35:06.218+0000] {logging_mixin.py:188} INFO - [2026-05-08T09:35:06.217+0000] {dag.py:3947} INFO - Setting next_dagrun for smart_city_traffic_batch_dag to 2026-05-08 01:00:00+00:00, run_after=2026-05-09 01:00:00+00:00
[2026-05-08T09:35:06.253+0000] {processor.py:183} INFO - Processing /opt/airflow/dags/smart_city_traffic_batch_dag.py took 0.197 seconds
[2026-05-08T09:35:36.535+0000] {processor.py:161} INFO - Started process (PID=486) to work on /opt/airflow/dags/smart_city_traffic_batch_dag.py
[2026-05-08T09:35:36.537+0000] {processor.py:830} INFO - Processing file /opt/airflow/dags/smart_city_traffic_batch_dag.py for tasks to queue
[2026-05-08T09:35:36.541+0000] {logging_mixin.py:188} INFO - [2026-05-08T09:35:36.540+0000] {dagbag.py:545} INFO - Filling up the DagBag from /opt/airflow/dags/smart_city_traffic_batch_dag.py
[2026-05-08T09:35:36.581+0000] {processor.py:840} INFO - DAG(s) 'smart_city_traffic_batch_dag' retrieved from /opt/airflow/dags/smart_city_traffic_batch_dag.py
[2026-05-08T09:35:36.646+0000] {logging_mixin.py:188} INFO - [2026-05-08T09:35:36.645+0000] {dag.py:3089} INFO - Sync 1 DAGs
[2026-05-08T09:35:36.697+0000] {logging_mixin.py:188} INFO - [2026-05-08T09:35:36.697+0000] {dag.py:3947} INFO - Setting next_dagrun for smart_city_traffic_batch_dag to 2026-05-08 01:00:00+00:00, run_after=2026-05-09 01:00:00+00:00
[2026-05-08T09:35:36.729+0000] {processor.py:183} INFO - Processing /opt/airflow/dags/smart_city_traffic_batch_dag.py took 0.206 seconds
[2026-05-08T09:36:07.010+0000] {processor.py:161} INFO - Started process (PID=491) to work on /opt/airflow/dags/smart_city_traffic_batch_dag.py
[2026-05-08T09:36:07.012+0000] {processor.py:830} INFO - Processing file /opt/airflow/dags/smart_city_traffic_batch_dag.py for tasks to queue
[2026-05-08T09:36:07.016+0000] {logging_mixin.py:188} INFO - [2026-05-08T09:36:07.015+0000] {dagbag.py:545} INFO - Filling up the DagBag from /opt/airflow/dags/smart_city_traffic_batch_dag.py
[2026-05-08T09:36:07.055+0000] {processor.py:840} INFO - DAG(s) 'smart_city_traffic_batch_dag' retrieved from /opt/airflow/dags/smart_city_traffic_batch_dag.py
[2026-05-08T09:36:07.146+0000] {logging_mixin.py:188} INFO - [2026-05-08T09:36:07.146+0000] {dag.py:3089} INFO - Sync 1 DAGs
[2026-05-08T09:36:07.185+0000] {logging_mixin.py:188} INFO - [2026-05-08T09:36:07.185+0000] {dag.py:3947} INFO - Setting next_dagrun for smart_city_traffic_batch_dag to 2026-05-08 01:00:00+00:00, run_after=2026-05-09 01:00:00+00:00
[2026-05-08T09:36:07.217+0000] {processor.py:183} INFO - Processing /opt/airflow/dags/smart_city_traffic_batch_dag.py took 0.217 seconds
[2026-05-08T09:36:37.616+0000] {processor.py:161} INFO - Started process (PID=496) to work on /opt/airflow/dags/smart_city_traffic_batch_dag.py
[2026-05-08T09:36:37.619+0000] {processor.py:830} INFO - Processing file /opt/airflow/dags/smart_city_traffic_batch_dag.py for tasks to queue
[2026-05-08T09:36:37.623+0000] {logging_mixin.py:188} INFO - [2026-05-08T09:36:37.622+0000] {dagbag.py:545} INFO - Filling up the DagBag from /opt/airflow/dags/smart_city_traffic_batch_dag.py
[2026-05-08T09:36:37.663+0000] {processor.py:840} INFO - DAG(s) 'smart_city_traffic_batch_dag' retrieved from /opt/airflow/dags/smart_city_traffic_batch_dag.py
[2026-05-08T09:36:37.734+0000] {logging_mixin.py:188} INFO - [2026-05-08T09:36:37.734+0000] {dag.py:3089} INFO - Sync 1 DAGs
[2026-05-08T09:36:37.772+0000] {logging_mixin.py:188} INFO - [2026-05-08T09:36:37.772+0000] {dag.py:3947} INFO - Setting next_dagrun for smart_city_traffic_batch_dag to 2026-05-08 01:00:00+00:00, run_after=2026-05-09 01:00:00+00:00
[2026-05-08T09:36:37.847+0000] {processor.py:183} INFO - Processing /opt/airflow/dags/smart_city_traffic_batch_dag.py took 0.241 seconds
[2026-05-08T09:37:08.254+0000] {processor.py:161} INFO - Started process (PID=501) to work on /opt/airflow/dags/smart_city_traffic_batch_dag.py
[2026-05-08T09:37:08.264+0000] {processor.py:830} INFO - Processing file /opt/airflow/dags/smart_city_traffic_batch_dag.py for tasks to queue
[2026-05-08T09:37:08.271+0000] {logging_mixin.py:188} INFO - [2026-05-08T09:37:08.270+0000] {dagbag.py:545} INFO - Filling up the DagBag from /opt/airflow/dags/smart_city_traffic_batch_dag.py
[2026-05-08T09:37:08.311+0000] {processor.py:840} INFO - DAG(s) 'smart_city_traffic_batch_dag' retrieved from /opt/airflow/dags/smart_city_traffic_batch_dag.py
[2026-05-08T09:37:08.372+0000] {logging_mixin.py:188} INFO - [2026-05-08T09:37:08.371+0000] {dag.py:3089} INFO - Sync 1 DAGs
[2026-05-08T09:37:08.412+0000] {logging_mixin.py:188} INFO - [2026-05-08T09:37:08.411+0000] {dag.py:3947} INFO - Setting next_dagrun for smart_city_traffic_batch_dag to 2026-05-08 01:00:00+00:00, run_after=2026-05-09 01:00:00+00:00
[2026-05-08T09:37:08.452+0000] {processor.py:183} INFO - Processing /opt/airflow/dags/smart_city_traffic_batch_dag.py took 0.231 seconds
[2026-05-08T09:37:38.805+0000] {processor.py:161} INFO - Started process (PID=506) to work on /opt/airflow/dags/smart_city_traffic_batch_dag.py
[2026-05-08T09:37:38.807+0000] {processor.py:830} INFO - Processing file /opt/airflow/dags/smart_city_traffic_batch_dag.py for tasks to queue
[2026-05-08T09:37:38.811+0000] {logging_mixin.py:188} INFO - [2026-05-08T09:37:38.811+0000] {dagbag.py:545} INFO - Filling up the DagBag from /opt/airflow/dags/smart_city_traffic_batch_dag.py
[2026-05-08T09:37:38.851+0000] {processor.py:840} INFO - DAG(s) 'smart_city_traffic_batch_dag' retrieved from /opt/airflow/dags/smart_city_traffic_batch_dag.py
[2026-05-08T09:37:38.914+0000] {logging_mixin.py:188} INFO - [2026-05-08T09:37:38.913+0000] {dag.py:3089} INFO - Sync 1 DAGs
[2026-05-08T09:37:38.959+0000] {logging_mixin.py:188} INFO - [2026-05-08T09:37:38.958+0000] {dag.py:3947} INFO - Setting next_dagrun for smart_city_traffic_batch_dag to 2026-05-08 01:00:00+00:00, run_after=2026-05-09 01:00:00+00:00
[2026-05-08T09:37:38.996+0000] {processor.py:183} INFO - Processing /opt/airflow/dags/smart_city_traffic_batch_dag.py took 0.203 seconds
[2026-05-08T09:38:09.334+0000] {processor.py:161} INFO - Started process (PID=511) to work on /opt/airflow/dags/smart_city_traffic_batch_dag.py
[2026-05-08T09:38:09.337+0000] {processor.py:830} INFO - Processing file /opt/airflow/dags/smart_city_traffic_batch_dag.py for tasks to queue
[2026-05-08T09:38:09.342+0000] {logging_mixin.py:188} INFO - [2026-05-08T09:38:09.341+0000] {dagbag.py:545} INFO - Filling up the DagBag from /opt/airflow/dags/smart_city_traffic_batch_dag.py
[2026-05-08T09:38:09.389+0000] {processor.py:840} INFO - DAG(s) 'smart_city_traffic_batch_dag' retrieved from /opt/airflow/dags/smart_city_traffic_batch_dag.py
[2026-05-08T09:38:09.460+0000] {logging_mixin.py:188} INFO - [2026-05-08T09:38:09.460+0000] {dag.py:3089} INFO - Sync 1 DAGs
[2026-05-08T09:38:09.502+0000] {logging_mixin.py:188} INFO - [2026-05-08T09:38:09.502+0000] {dag.py:3947} INFO - Setting next_dagrun for smart_city_traffic_batch_dag to 2026-05-08 01:00:00+00:00, run_after=2026-05-09 01:00:00+00:00
[2026-05-08T09:38:09.537+0000] {processor.py:183} INFO - Processing /opt/airflow/dags/smart_city_traffic_batch_dag.py took 0.213 seconds
[2026-05-08T09:38:39.813+0000] {processor.py:161} INFO - Started process (PID=516) to work on /opt/airflow/dags/smart_city_traffic_batch_dag.py
[2026-05-08T09:38:39.816+0000] {processor.py:830} INFO - Processing file /opt/airflow/dags/smart_city_traffic_batch_dag.py for tasks to queue
[2026-05-08T09:38:39.822+0000] {logging_mixin.py:188} INFO - [2026-05-08T09:38:39.821+0000] {dagbag.py:545} INFO - Filling up the DagBag from /opt/airflow/dags/smart_city_traffic_batch_dag.py
[2026-05-08T09:38:39.880+0000] {processor.py:840} INFO - DAG(s) 'smart_city_traffic_batch_dag' retrieved from /opt/airflow/dags/smart_city_traffic_batch_dag.py
[2026-05-08T09:38:39.947+0000] {logging_mixin.py:188} INFO - [2026-05-08T09:38:39.947+0000] {dag.py:3089} INFO - Sync 1 DAGs
[2026-05-08T09:38:39.993+0000] {logging_mixin.py:188} INFO - [2026-05-08T09:38:39.993+0000] {dag.py:3947} INFO - Setting next_dagrun for smart_city_traffic_batch_dag to 2026-05-08 01:00:00+00:00, run_after=2026-05-09 01:00:00+00:00
[2026-05-08T09:38:40.026+0000] {processor.py:183} INFO - Processing /opt/airflow/dags/smart_city_traffic_batch_dag.py took 0.226 seconds
[2026-05-08T09:39:10.311+0000] {processor.py:161} INFO - Started process (PID=521) to work on /opt/airflow/dags/smart_city_traffic_batch_dag.py
[2026-05-08T09:39:10.313+0000] {processor.py:830} INFO - Processing file /opt/airflow/dags/smart_city_traffic_batch_dag.py for tasks to queue
[2026-05-08T09:39:10.318+0000] {logging_mixin.py:188} INFO - [2026-05-08T09:39:10.317+0000] {dagbag.py:545} INFO - Filling up the DagBag from /opt/airflow/dags/smart_city_traffic_batch_dag.py
[2026-05-08T09:39:10.360+0000] {processor.py:840} INFO - DAG(s) 'smart_city_traffic_batch_dag' retrieved from /opt/airflow/dags/smart_city_traffic_batch_dag.py
[2026-05-08T09:39:10.428+0000] {logging_mixin.py:188} INFO - [2026-05-08T09:39:10.428+0000] {dag.py:3089} INFO - Sync 1 DAGs
[2026-05-08T09:39:10.490+0000] {logging_mixin.py:188} INFO - [2026-05-08T09:39:10.490+0000] {dag.py:3947} INFO - Setting next_dagrun for smart_city_traffic_batch_dag to 2026-05-08 01:00:00+00:00, run_after=2026-05-09 01:00:00+00:00
[2026-05-08T09:39:10.555+0000] {processor.py:183} INFO - Processing /opt/airflow/dags/smart_city_traffic_batch_dag.py took 0.255 seconds
[2026-05-08T09:39:41.179+0000] {processor.py:161} INFO - Started process (PID=526) to work on /opt/airflow/dags/smart_city_traffic_batch_dag.py
[2026-05-08T09:39:41.187+0000] {processor.py:830} INFO - Processing file /opt/airflow/dags/smart_city_traffic_batch_dag.py for tasks to queue
[2026-05-08T09:39:41.230+0000] {logging_mixin.py:188} INFO - [2026-05-08T09:39:41.229+0000] {dagbag.py:545} INFO - Filling up the DagBag from /opt/airflow/dags/smart_city_traffic_batch_dag.py
[2026-05-08T09:39:41.604+0000] {processor.py:840} INFO - DAG(s) 'smart_city_traffic_batch_dag' retrieved from /opt/airflow/dags/smart_city_traffic_batch_dag.py
[2026-05-08T09:39:41.961+0000] {logging_mixin.py:188} INFO - [2026-05-08T09:39:41.960+0000] {dag.py:3089} INFO - Sync 1 DAGs
[2026-05-08T09:39:42.113+0000] {logging_mixin.py:188} INFO - [2026-05-08T09:39:42.111+0000] {dag.py:3947} INFO - Setting next_dagrun for smart_city_traffic_batch_dag to 2026-05-08 01:00:00+00:00, run_after=2026-05-09 01:00:00+00:00
[2026-05-08T09:39:42.218+0000] {processor.py:183} INFO - Processing /opt/airflow/dags/smart_city_traffic_batch_dag.py took 1.081 seconds
[2026-05-08T09:40:12.952+0000] {processor.py:161} INFO - Started process (PID=531) to work on /opt/airflow/dags/smart_city_traffic_batch_dag.py
[2026-05-08T09:40:12.962+0000] {processor.py:830} INFO - Processing file /opt/airflow/dags/smart_city_traffic_batch_dag.py for tasks to queue
[2026-05-08T09:40:12.996+0000] {logging_mixin.py:188} INFO - [2026-05-08T09:40:12.990+0000] {dagbag.py:545} INFO - Filling up the DagBag from /opt/airflow/dags/smart_city_traffic_batch_dag.py
[2026-05-08T09:40:13.204+0000] {processor.py:840} INFO - DAG(s) 'smart_city_traffic_batch_dag' retrieved from /opt/airflow/dags/smart_city_traffic_batch_dag.py
[2026-05-08T09:40:13.464+0000] {logging_mixin.py:188} INFO - [2026-05-08T09:40:13.463+0000] {dag.py:3089} INFO - Sync 1 DAGs
[2026-05-08T09:40:13.620+0000] {logging_mixin.py:188} INFO - [2026-05-08T09:40:13.619+0000] {dag.py:3947} INFO - Setting next_dagrun for smart_city_traffic_batch_dag to 2026-05-08 01:00:00+00:00, run_after=2026-05-09 01:00:00+00:00
[2026-05-08T09:40:13.723+0000] {processor.py:183} INFO - Processing /opt/airflow/dags/smart_city_traffic_batch_dag.py took 0.859 seconds
[2026-05-08T09:40:44.208+0000] {processor.py:161} INFO - Started process (PID=536) to work on /opt/airflow/dags/smart_city_traffic_batch_dag.py
[2026-05-08T09:40:44.212+0000] {processor.py:830} INFO - Processing file /opt/airflow/dags/smart_city_traffic_batch_dag.py for tasks to queue
[2026-05-08T09:40:44.223+0000] {logging_mixin.py:188} INFO - [2026-05-08T09:40:44.222+0000] {dagbag.py:545} INFO - Filling up the DagBag from /opt/airflow/dags/smart_city_traffic_batch_dag.py
[2026-05-08T09:40:44.286+0000] {processor.py:840} INFO - DAG(s) 'smart_city_traffic_batch_dag' retrieved from /opt/airflow/dags/smart_city_traffic_batch_dag.py
[2026-05-08T09:40:44.411+0000] {logging_mixin.py:188} INFO - [2026-05-08T09:40:44.410+0000] {dag.py:3089} INFO - Sync 1 DAGs
[2026-05-08T09:40:44.504+0000] {logging_mixin.py:188} INFO - [2026-05-08T09:40:44.497+0000] {dag.py:3947} INFO - Setting next_dagrun for smart_city_traffic_batch_dag to 2026-05-08 01:00:00+00:00, run_after=2026-05-09 01:00:00+00:00
[2026-05-08T09:40:44.559+0000] {processor.py:183} INFO - Processing /opt/airflow/dags/smart_city_traffic_batch_dag.py took 0.376 seconds
[2026-05-08T09:41:14.948+0000] {processor.py:161} INFO - Started process (PID=541) to work on /opt/airflow/dags/smart_city_traffic_batch_dag.py
[2026-05-08T09:41:14.951+0000] {processor.py:830} INFO - Processing file /opt/airflow/dags/smart_city_traffic_batch_dag.py for tasks to queue
[2026-05-08T09:41:14.957+0000] {logging_mixin.py:188} INFO - [2026-05-08T09:41:14.956+0000] {dagbag.py:545} INFO - Filling up the DagBag from /opt/airflow/dags/smart_city_traffic_batch_dag.py
[2026-05-08T09:41:15.014+0000] {processor.py:840} INFO - DAG(s) 'smart_city_traffic_batch_dag' retrieved from /opt/airflow/dags/smart_city_traffic_batch_dag.py
[2026-05-08T09:41:15.126+0000] {logging_mixin.py:188} INFO - [2026-05-08T09:41:15.125+0000] {dag.py:3089} INFO - Sync 1 DAGs
[2026-05-08T09:41:15.173+0000] {logging_mixin.py:188} INFO - [2026-05-08T09:41:15.173+0000] {dag.py:3947} INFO - Setting next_dagrun for smart_city_traffic_batch_dag to 2026-05-08 01:00:00+00:00, run_after=2026-05-09 01:00:00+00:00
[2026-05-08T09:41:15.213+0000] {processor.py:183} INFO - Processing /opt/airflow/dags/smart_city_traffic_batch_dag.py took 0.283 seconds
[2026-05-08T09:41:45.601+0000] {processor.py:161} INFO - Started process (PID=546) to work on /opt/airflow/dags/smart_city_traffic_batch_dag.py
[2026-05-08T09:41:45.604+0000] {processor.py:830} INFO - Processing file /opt/airflow/dags/smart_city_traffic_batch_dag.py for tasks to queue
[2026-05-08T09:41:45.608+0000] {logging_mixin.py:188} INFO - [2026-05-08T09:41:45.607+0000] {dagbag.py:545} INFO - Filling up the DagBag from /opt/airflow/dags/smart_city_traffic_batch_dag.py
[2026-05-08T09:41:45.651+0000] {processor.py:840} INFO - DAG(s) 'smart_city_traffic_batch_dag' retrieved from /opt/airflow/dags/smart_city_traffic_batch_dag.py
[2026-05-08T09:41:45.721+0000] {logging_mixin.py:188} INFO - [2026-05-08T09:41:45.721+0000] {dag.py:3089} INFO - Sync 1 DAGs
[2026-05-08T09:41:45.774+0000] {logging_mixin.py:188} INFO - [2026-05-08T09:41:45.773+0000] {dag.py:3947} INFO - Setting next_dagrun for smart_city_traffic_batch_dag to 2026-05-08 01:00:00+00:00, run_after=2026-05-09 01:00:00+00:00
[2026-05-08T09:41:45.829+0000] {processor.py:183} INFO - Processing /opt/airflow/dags/smart_city_traffic_batch_dag.py took 0.241 seconds
[2026-05-08T09:42:15.949+0000] {processor.py:161} INFO - Started process (PID=551) to work on /opt/airflow/dags/smart_city_traffic_batch_dag.py
[2026-05-08T09:42:15.951+0000] {processor.py:830} INFO - Processing file /opt/airflow/dags/smart_city_traffic_batch_dag.py for tasks to queue
[2026-05-08T09:42:15.955+0000] {logging_mixin.py:188} INFO - [2026-05-08T09:42:15.955+0000] {dagbag.py:545} INFO - Filling up the DagBag from /opt/airflow/dags/smart_city_traffic_batch_dag.py
[2026-05-08T09:42:15.999+0000] {processor.py:840} INFO - DAG(s) 'smart_city_traffic_batch_dag' retrieved from /opt/airflow/dags/smart_city_traffic_batch_dag.py
[2026-05-08T09:42:16.081+0000] {logging_mixin.py:188} INFO - [2026-05-08T09:42:16.080+0000] {dag.py:3089} INFO - Sync 1 DAGs
[2026-05-08T09:42:16.135+0000] {logging_mixin.py:188} INFO - [2026-05-08T09:42:16.134+0000] {dag.py:3947} INFO - Setting next_dagrun for smart_city_traffic_batch_dag to 2026-05-08 01:00:00+00:00, run_after=2026-05-09 01:00:00+00:00
[2026-05-08T09:42:16.174+0000] {processor.py:183} INFO - Processing /opt/airflow/dags/smart_city_traffic_batch_dag.py took 0.236 seconds
[2026-05-08T09:42:46.469+0000] {processor.py:161} INFO - Started process (PID=556) to work on /opt/airflow/dags/smart_city_traffic_batch_dag.py
[2026-05-08T09:42:46.471+0000] {processor.py:830} INFO - Processing file /opt/airflow/dags/smart_city_traffic_batch_dag.py for tasks to queue
[2026-05-08T09:42:46.475+0000] {logging_mixin.py:188} INFO - [2026-05-08T09:42:46.474+0000] {dagbag.py:545} INFO - Filling up the DagBag from /opt/airflow/dags/smart_city_traffic_batch_dag.py
[2026-05-08T09:42:46.514+0000] {processor.py:840} INFO - DAG(s) 'smart_city_traffic_batch_dag' retrieved from /opt/airflow/dags/smart_city_traffic_batch_dag.py
[2026-05-08T09:42:46.589+0000] {logging_mixin.py:188} INFO - [2026-05-08T09:42:46.588+0000] {dag.py:3089} INFO - Sync 1 DAGs
[2026-05-08T09:42:46.651+0000] {logging_mixin.py:188} INFO - [2026-05-08T09:42:46.651+0000] {dag.py:3947} INFO - Setting next_dagrun for smart_city_traffic_batch_dag to 2026-05-08 01:00:00+00:00, run_after=2026-05-09 01:00:00+00:00
[2026-05-08T09:42:46.688+0000] {processor.py:183} INFO - Processing /opt/airflow/dags/smart_city_traffic_batch_dag.py took 0.228 seconds
[2026-05-08T09:43:16.819+0000] {processor.py:161} INFO - Started process (PID=561) to work on /opt/airflow/dags/smart_city_traffic_batch_dag.py
[2026-05-08T09:43:16.820+0000] {processor.py:830} INFO - Processing file /opt/airflow/dags/smart_city_traffic_batch_dag.py for tasks to queue
[2026-05-08T09:43:16.824+0000] {logging_mixin.py:188} INFO - [2026-05-08T09:43:16.823+0000] {dagbag.py:545} INFO - Filling up the DagBag from /opt/airflow/dags/smart_city_traffic_batch_dag.py
[2026-05-08T09:43:16.869+0000] {processor.py:840} INFO - DAG(s) 'smart_city_traffic_batch_dag' retrieved from /opt/airflow/dags/smart_city_traffic_batch_dag.py
[2026-05-08T09:43:16.937+0000] {logging_mixin.py:188} INFO - [2026-05-08T09:43:16.937+0000] {dag.py:3089} INFO - Sync 1 DAGs
[2026-05-08T09:43:16.979+0000] {logging_mixin.py:188} INFO - [2026-05-08T09:43:16.979+0000] {dag.py:3947} INFO - Setting next_dagrun for smart_city_traffic_batch_dag to 2026-05-08 01:00:00+00:00, run_after=2026-05-09 01:00:00+00:00
[2026-05-08T09:43:17.018+0000] {processor.py:183} INFO - Processing /opt/airflow/dags/smart_city_traffic_batch_dag.py took 0.211 seconds
[2026-05-08T09:43:47.221+0000] {processor.py:161} INFO - Started process (PID=566) to work on /opt/airflow/dags/smart_city_traffic_batch_dag.py
[2026-05-08T09:43:47.223+0000] {processor.py:830} INFO - Processing file /opt/airflow/dags/smart_city_traffic_batch_dag.py for tasks to queue
[2026-05-08T09:43:47.227+0000] {logging_mixin.py:188} INFO - [2026-05-08T09:43:47.227+0000] {dagbag.py:545} INFO - Filling up the DagBag from /opt/airflow/dags/smart_city_traffic_batch_dag.py
[2026-05-08T09:43:47.276+0000] {processor.py:840} INFO - DAG(s) 'smart_city_traffic_batch_dag' retrieved from /opt/airflow/dags/smart_city_traffic_batch_dag.py
[2026-05-08T09:43:47.368+0000] {logging_mixin.py:188} INFO - [2026-05-08T09:43:47.367+0000] {dag.py:3089} INFO - Sync 1 DAGs
[2026-05-08T09:43:47.407+0000] {logging_mixin.py:188} INFO - [2026-05-08T09:43:47.406+0000] {dag.py:3947} INFO - Setting next_dagrun for smart_city_traffic_batch_dag to 2026-05-08 01:00:00+00:00, run_after=2026-05-09 01:00:00+00:00
[2026-05-08T09:43:47.445+0000] {processor.py:183} INFO - Processing /opt/airflow/dags/smart_city_traffic_batch_dag.py took 0.234 seconds
[2026-05-08T09:44:17.575+0000] {processor.py:161} INFO - Started process (PID=571) to work on /opt/airflow/dags/smart_city_traffic_batch_dag.py
[2026-05-08T09:44:17.577+0000] {processor.py:830} INFO - Processing file /opt/airflow/dags/smart_city_traffic_batch_dag.py for tasks to queue
[2026-05-08T09:44:17.581+0000] {logging_mixin.py:188} INFO - [2026-05-08T09:44:17.580+0000] {dagbag.py:545} INFO - Filling up the DagBag from /opt/airflow/dags/smart_city_traffic_batch_dag.py
[2026-05-08T09:44:17.627+0000] {processor.py:840} INFO - DAG(s) 'smart_city_traffic_batch_dag' retrieved from /opt/airflow/dags/smart_city_traffic_batch_dag.py
[2026-05-08T09:44:17.698+0000] {logging_mixin.py:188} INFO - [2026-05-08T09:44:17.697+0000] {dag.py:3089} INFO - Sync 1 DAGs
[2026-05-08T09:44:17.737+0000] {logging_mixin.py:188} INFO - [2026-05-08T09:44:17.737+0000] {dag.py:3947} INFO - Setting next_dagrun for smart_city_traffic_batch_dag to 2026-05-08 01:00:00+00:00, run_after=2026-05-09 01:00:00+00:00
[2026-05-08T09:44:17.782+0000] {processor.py:183} INFO - Processing /opt/airflow/dags/smart_city_traffic_batch_dag.py took 0.217 seconds
[2026-05-08T09:44:47.981+0000] {processor.py:161} INFO - Started process (PID=576) to work on /opt/airflow/dags/smart_city_traffic_batch_dag.py
[2026-05-08T09:44:47.983+0000] {processor.py:830} INFO - Processing file /opt/airflow/dags/smart_city_traffic_batch_dag.py for tasks to queue
[2026-05-08T09:44:47.987+0000] {logging_mixin.py:188} INFO - [2026-05-08T09:44:47.987+0000] {dagbag.py:545} INFO - Filling up the DagBag from /opt/airflow/dags/smart_city_traffic_batch_dag.py
[2026-05-08T09:44:48.028+0000] {processor.py:840} INFO - DAG(s) 'smart_city_traffic_batch_dag' retrieved from /opt/airflow/dags/smart_city_traffic_batch_dag.py
[2026-05-08T09:44:48.096+0000] {logging_mixin.py:188} INFO - [2026-05-08T09:44:48.096+0000] {dag.py:3089} INFO - Sync 1 DAGs
[2026-05-08T09:44:48.135+0000] {logging_mixin.py:188} INFO - [2026-05-08T09:44:48.135+0000] {dag.py:3947} INFO - Setting next_dagrun for smart_city_traffic_batch_dag to 2026-05-08 01:00:00+00:00, run_after=2026-05-09 01:00:00+00:00
[2026-05-08T09:44:48.169+0000] {processor.py:183} INFO - Processing /opt/airflow/dags/smart_city_traffic_batch_dag.py took 0.198 seconds
[2026-05-08T09:45:18.455+0000] {processor.py:161} INFO - Started process (PID=581) to work on /opt/airflow/dags/smart_city_traffic_batch_dag.py
[2026-05-08T09:45:18.458+0000] {processor.py:830} INFO - Processing file /opt/airflow/dags/smart_city_traffic_batch_dag.py for tasks to queue
[2026-05-08T09:45:18.464+0000] {logging_mixin.py:188} INFO - [2026-05-08T09:45:18.463+0000] {dagbag.py:545} INFO - Filling up the DagBag from /opt/airflow/dags/smart_city_traffic_batch_dag.py
[2026-05-08T09:45:18.524+0000] {processor.py:840} INFO - DAG(s) 'smart_city_traffic_batch_dag' retrieved from /opt/airflow/dags/smart_city_traffic_batch_dag.py
[2026-05-08T09:45:18.620+0000] {logging_mixin.py:188} INFO - [2026-05-08T09:45:18.620+0000] {dag.py:3089} INFO - Sync 1 DAGs
[2026-05-08T09:45:18.673+0000] {logging_mixin.py:188} INFO - [2026-05-08T09:45:18.672+0000] {dag.py:3947} INFO - Setting next_dagrun for smart_city_traffic_batch_dag to 2026-05-08 01:00:00+00:00, run_after=2026-05-09 01:00:00+00:00
[2026-05-08T09:45:18.725+0000] {processor.py:183} INFO - Processing /opt/airflow/dags/smart_city_traffic_batch_dag.py took 0.288 seconds
[2026-05-08T09:45:49.015+0000] {processor.py:161} INFO - Started process (PID=586) to work on /opt/airflow/dags/smart_city_traffic_batch_dag.py
[2026-05-08T09:45:49.019+0000] {processor.py:830} INFO - Processing file /opt/airflow/dags/smart_city_traffic_batch_dag.py for tasks to queue
[2026-05-08T09:45:49.028+0000] {logging_mixin.py:188} INFO - [2026-05-08T09:45:49.027+0000] {dagbag.py:545} INFO - Filling up the DagBag from /opt/airflow/dags/smart_city_traffic_batch_dag.py
[2026-05-08T09:45:49.093+0000] {processor.py:840} INFO - DAG(s) 'smart_city_traffic_batch_dag' retrieved from /opt/airflow/dags/smart_city_traffic_batch_dag.py
[2026-05-08T09:45:49.185+0000] {logging_mixin.py:188} INFO - [2026-05-08T09:45:49.185+0000] {dag.py:3089} INFO - Sync 1 DAGs
[2026-05-08T09:45:49.242+0000] {logging_mixin.py:188} INFO - [2026-05-08T09:45:49.242+0000] {dag.py:3947} INFO - Setting next_dagrun for smart_city_traffic_batch_dag to 2026-05-08 01:00:00+00:00, run_after=2026-05-09 01:00:00+00:00
[2026-05-08T09:45:49.289+0000] {processor.py:183} INFO - Processing /opt/airflow/dags/smart_city_traffic_batch_dag.py took 0.297 seconds
[2026-05-08T09:46:20.328+0000] {processor.py:161} INFO - Started process (PID=591) to work on /opt/airflow/dags/smart_city_traffic_batch_dag.py
[2026-05-08T09:46:20.334+0000] {processor.py:830} INFO - Processing file /opt/airflow/dags/smart_city_traffic_batch_dag.py for tasks to queue
[2026-05-08T09:46:20.362+0000] {logging_mixin.py:188} INFO - [2026-05-08T09:46:20.358+0000] {dagbag.py:545} INFO - Filling up the DagBag from /opt/airflow/dags/smart_city_traffic_batch_dag.py
[2026-05-08T09:46:20.545+0000] {processor.py:840} INFO - DAG(s) 'smart_city_traffic_batch_dag' retrieved from /opt/airflow/dags/smart_city_traffic_batch_dag.py
[2026-05-08T09:46:20.805+0000] {logging_mixin.py:188} INFO - [2026-05-08T09:46:20.804+0000] {dag.py:3089} INFO - Sync 1 DAGs
[2026-05-08T09:46:20.947+0000] {logging_mixin.py:188} INFO - [2026-05-08T09:46:20.946+0000] {dag.py:3947} INFO - Setting next_dagrun for smart_city_traffic_batch_dag to 2026-05-08 01:00:00+00:00, run_after=2026-05-09 01:00:00+00:00
[2026-05-08T09:46:21.081+0000] {processor.py:183} INFO - Processing /opt/airflow/dags/smart_city_traffic_batch_dag.py took 0.837 seconds
[2026-05-08T09:46:52.790+0000] {processor.py:161} INFO - Started process (PID=596) to work on /opt/airflow/dags/smart_city_traffic_batch_dag.py
[2026-05-08T09:46:52.798+0000] {processor.py:830} INFO - Processing file /opt/airflow/dags/smart_city_traffic_batch_dag.py for tasks to queue
[2026-05-08T09:46:52.839+0000] {logging_mixin.py:188} INFO - [2026-05-08T09:46:52.830+0000] {dagbag.py:545} INFO - Filling up the DagBag from /opt/airflow/dags/smart_city_traffic_batch_dag.py
[2026-05-08T09:46:53.139+0000] {processor.py:840} INFO - DAG(s) 'smart_city_traffic_batch_dag' retrieved from /opt/airflow/dags/smart_city_traffic_batch_dag.py
[2026-05-08T09:46:54.502+0000] {logging_mixin.py:188} INFO - [2026-05-08T09:46:54.501+0000] {dag.py:3089} INFO - Sync 1 DAGs
[2026-05-08T09:46:55.069+0000] {logging_mixin.py:188} INFO - [2026-05-08T09:46:55.067+0000] {dag.py:3947} INFO - Setting next_dagrun for smart_city_traffic_batch_dag to 2026-05-08 01:00:00+00:00, run_after=2026-05-09 01:00:00+00:00
[2026-05-08T09:46:55.367+0000] {processor.py:183} INFO - Processing /opt/airflow/dags/smart_city_traffic_batch_dag.py took 2.765 seconds
[2026-05-08T09:47:26.688+0000] {processor.py:161} INFO - Started process (PID=601) to work on /opt/airflow/dags/smart_city_traffic_batch_dag.py
[2026-05-08T09:47:26.699+0000] {processor.py:830} INFO - Processing file /opt/airflow/dags/smart_city_traffic_batch_dag.py for tasks to queue
[2026-05-08T09:47:26.727+0000] {logging_mixin.py:188} INFO - [2026-05-08T09:47:26.723+0000] {dagbag.py:545} INFO - Filling up the DagBag from /opt/airflow/dags/smart_city_traffic_batch_dag.py
[2026-05-08T09:47:26.909+0000] {processor.py:840} INFO - DAG(s) 'smart_city_traffic_batch_dag' retrieved from /opt/airflow/dags/smart_city_traffic_batch_dag.py
[2026-05-08T09:47:27.115+0000] {logging_mixin.py:188} INFO - [2026-05-08T09:47:27.114+0000] {dag.py:3089} INFO - Sync 1 DAGs
[2026-05-08T09:47:27.214+0000] {logging_mixin.py:188} INFO - [2026-05-08T09:47:27.213+0000] {dag.py:3947} INFO - Setting next_dagrun for smart_city_traffic_batch_dag to 2026-05-08 01:00:00+00:00, run_after=2026-05-09 01:00:00+00:00
[2026-05-08T09:47:27.292+0000] {processor.py:183} INFO - Processing /opt/airflow/dags/smart_city_traffic_batch_dag.py took 0.687 seconds
[2026-05-08T09:47:58.657+0000] {processor.py:161} INFO - Started process (PID=606) to work on /opt/airflow/dags/smart_city_traffic_batch_dag.py
[2026-05-08T09:47:58.666+0000] {processor.py:830} INFO - Processing file /opt/airflow/dags/smart_city_traffic_batch_dag.py for tasks to queue
[2026-05-08T09:47:58.690+0000] {logging_mixin.py:188} INFO - [2026-05-08T09:47:58.686+0000] {dagbag.py:545} INFO - Filling up the DagBag from /opt/airflow/dags/smart_city_traffic_batch_dag.py
[2026-05-08T09:47:58.864+0000] {processor.py:840} INFO - DAG(s) 'smart_city_traffic_batch_dag' retrieved from /opt/airflow/dags/smart_city_traffic_batch_dag.py
[2026-05-08T09:47:59.192+0000] {logging_mixin.py:188} INFO - [2026-05-08T09:47:59.191+0000] {dag.py:3089} INFO - Sync 1 DAGs
[2026-05-08T09:47:59.424+0000] {logging_mixin.py:188} INFO - [2026-05-08T09:47:59.423+0000] {dag.py:3947} INFO - Setting next_dagrun for smart_city_traffic_batch_dag to 2026-05-08 01:00:00+00:00, run_after=2026-05-09 01:00:00+00:00
[2026-05-08T09:47:59.583+0000] {processor.py:183} INFO - Processing /opt/airflow/dags/smart_city_traffic_batch_dag.py took 0.993 seconds
[2026-05-08T09:48:31.107+0000] {processor.py:161} INFO - Started process (PID=611) to work on /opt/airflow/dags/smart_city_traffic_batch_dag.py
[2026-05-08T09:48:31.117+0000] {processor.py:830} INFO - Processing file /opt/airflow/dags/smart_city_traffic_batch_dag.py for tasks to queue
[2026-05-08T09:48:31.156+0000] {logging_mixin.py:188} INFO - [2026-05-08T09:48:31.149+0000] {dagbag.py:545} INFO - Filling up the DagBag from /opt/airflow/dags/smart_city_traffic_batch_dag.py
[2026-05-08T09:48:31.515+0000] {processor.py:840} INFO - DAG(s) 'smart_city_traffic_batch_dag' retrieved from /opt/airflow/dags/smart_city_traffic_batch_dag.py
[2026-05-08T09:48:32.101+0000] {logging_mixin.py:188} INFO - [2026-05-08T09:48:32.100+0000] {dag.py:3089} INFO - Sync 1 DAGs
[2026-05-08T09:48:32.370+0000] {logging_mixin.py:188} INFO - [2026-05-08T09:48:32.369+0000] {dag.py:3947} INFO - Setting next_dagrun for smart_city_traffic_batch_dag to 2026-05-08 01:00:00+00:00, run_after=2026-05-09 01:00:00+00:00
[2026-05-08T09:48:32.481+0000] {processor.py:183} INFO - Processing /opt/airflow/dags/smart_city_traffic_batch_dag.py took 1.598 seconds
[2026-05-08T09:49:04.015+0000] {processor.py:161} INFO - Started process (PID=616) to work on /opt/airflow/dags/smart_city_traffic_batch_dag.py
[2026-05-08T09:49:04.040+0000] {processor.py:830} INFO - Processing file /opt/airflow/dags/smart_city_traffic_batch_dag.py for tasks to queue
[2026-05-08T09:49:04.105+0000] {logging_mixin.py:188} INFO - [2026-05-08T09:49:04.097+0000] {dagbag.py:545} INFO - Filling up the DagBag from /opt/airflow/dags/smart_city_traffic_batch_dag.py
[2026-05-08T09:49:04.727+0000] {processor.py:840} INFO - DAG(s) 'smart_city_traffic_batch_dag' retrieved from /opt/airflow/dags/smart_city_traffic_batch_dag.py
[2026-05-08T09:49:05.263+0000] {logging_mixin.py:188} INFO - [2026-05-08T09:49:05.262+0000] {dag.py:3089} INFO - Sync 1 DAGs
[2026-05-08T09:49:05.639+0000] {logging_mixin.py:188} INFO - [2026-05-08T09:49:05.638+0000] {dag.py:3947} INFO - Setting next_dagrun for smart_city_traffic_batch_dag to 2026-05-08 01:00:00+00:00, run_after=2026-05-09 01:00:00+00:00
[2026-05-08T09:49:05.795+0000] {processor.py:183} INFO - Processing /opt/airflow/dags/smart_city_traffic_batch_dag.py took 2.005 seconds
[2026-05-08T09:49:37.608+0000] {processor.py:161} INFO - Started process (PID=621) to work on /opt/airflow/dags/smart_city_traffic_batch_dag.py
[2026-05-08T09:49:37.642+0000] {processor.py:830} INFO - Processing file /opt/airflow/dags/smart_city_traffic_batch_dag.py for tasks to queue
[2026-05-08T09:49:37.726+0000] {logging_mixin.py:188} INFO - [2026-05-08T09:49:37.716+0000] {dagbag.py:545} INFO - Filling up the DagBag from /opt/airflow/dags/smart_city_traffic_batch_dag.py
[2026-05-08T09:49:38.295+0000] {processor.py:840} INFO - DAG(s) 'smart_city_traffic_batch_dag' retrieved from /opt/airflow/dags/smart_city_traffic_batch_dag.py
[2026-05-08T09:49:39.360+0000] {logging_mixin.py:188} INFO - [2026-05-08T09:49:39.356+0000] {dag.py:3089} INFO - Sync 1 DAGs
[2026-05-08T09:49:39.902+0000] {logging_mixin.py:188} INFO - [2026-05-08T09:49:39.901+0000] {dag.py:3947} INFO - Setting next_dagrun for smart_city_traffic_batch_dag to 2026-05-08 01:00:00+00:00, run_after=2026-05-09 01:00:00+00:00
[2026-05-08T09:49:40.093+0000] {processor.py:183} INFO - Processing /opt/airflow/dags/smart_city_traffic_batch_dag.py took 2.729 seconds
[2026-05-08T09:50:11.295+0000] {processor.py:161} INFO - Started process (PID=626) to work on /opt/airflow/dags/smart_city_traffic_batch_dag.py
[2026-05-08T09:50:11.311+0000] {processor.py:830} INFO - Processing file /opt/airflow/dags/smart_city_traffic_batch_dag.py for tasks to queue
[2026-05-08T09:50:11.352+0000] {logging_mixin.py:188} INFO - [2026-05-08T09:50:11.346+0000] {dagbag.py:545} INFO - Filling up the DagBag from /opt/airflow/dags/smart_city_traffic_batch_dag.py
[2026-05-08T09:50:11.557+0000] {processor.py:840} INFO - DAG(s) 'smart_city_traffic_batch_dag' retrieved from /opt/airflow/dags/smart_city_traffic_batch_dag.py
[2026-05-08T09:50:11.848+0000] {logging_mixin.py:188} INFO - [2026-05-08T09:50:11.848+0000] {dag.py:3089} INFO - Sync 1 DAGs
[2026-05-08T09:50:11.970+0000] {logging_mixin.py:188} INFO - [2026-05-08T09:50:11.969+0000] {dag.py:3947} INFO - Setting next_dagrun for smart_city_traffic_batch_dag to 2026-05-08 01:00:00+00:00, run_after=2026-05-09 01:00:00+00:00
[2026-05-08T09:50:12.045+0000] {processor.py:183} INFO - Processing /opt/airflow/dags/smart_city_traffic_batch_dag.py took 0.860 seconds
[2026-05-08T09:50:43.133+0000] {processor.py:161} INFO - Started process (PID=631) to work on /opt/airflow/dags/smart_city_traffic_batch_dag.py
[2026-05-08T09:50:43.151+0000] {processor.py:830} INFO - Processing file /opt/airflow/dags/smart_city_traffic_batch_dag.py for tasks to queue
[2026-05-08T09:50:43.181+0000] {logging_mixin.py:188} INFO - [2026-05-08T09:50:43.176+0000] {dagbag.py:545} INFO - Filling up the DagBag from /opt/airflow/dags/smart_city_traffic_batch_dag.py
[2026-05-08T09:50:43.404+0000] {processor.py:840} INFO - DAG(s) 'smart_city_traffic_batch_dag' retrieved from /opt/airflow/dags/smart_city_traffic_batch_dag.py
[2026-05-08T09:50:43.764+0000] {logging_mixin.py:188} INFO - [2026-05-08T09:50:43.764+0000] {dag.py:3089} INFO - Sync 1 DAGs
[2026-05-08T09:50:43.894+0000] {logging_mixin.py:188} INFO - [2026-05-08T09:50:43.893+0000] {dag.py:3947} INFO - Setting next_dagrun for smart_city_traffic_batch_dag to 2026-05-08 01:00:00+00:00, run_after=2026-05-09 01:00:00+00:00
[2026-05-08T09:50:43.987+0000] {processor.py:183} INFO - Processing /opt/airflow/dags/smart_city_traffic_batch_dag.py took 0.931 seconds
[2026-05-08T09:51:15.163+0000] {processor.py:161} INFO - Started process (PID=636) to work on /opt/airflow/dags/smart_city_traffic_batch_dag.py
[2026-05-08T09:51:15.171+0000] {processor.py:830} INFO - Processing file /opt/airflow/dags/smart_city_traffic_batch_dag.py for tasks to queue
[2026-05-08T09:51:15.210+0000] {logging_mixin.py:188} INFO - [2026-05-08T09:51:15.205+0000] {dagbag.py:545} INFO - Filling up the DagBag from /opt/airflow/dags/smart_city_traffic_batch_dag.py
[2026-05-08T09:51:15.429+0000] {processor.py:840} INFO - DAG(s) 'smart_city_traffic_batch_dag' retrieved from /opt/airflow/dags/smart_city_traffic_batch_dag.py
[2026-05-08T09:51:15.679+0000] {logging_mixin.py:188} INFO - [2026-05-08T09:51:15.679+0000] {dag.py:3089} INFO - Sync 1 DAGs
[2026-05-08T09:51:15.806+0000] {logging_mixin.py:188} INFO - [2026-05-08T09:51:15.805+0000] {dag.py:3947} INFO - Setting next_dagrun for smart_city_traffic_batch_dag to 2026-05-08 01:00:00+00:00, run_after=2026-05-09 01:00:00+00:00
[2026-05-08T09:51:15.882+0000] {processor.py:183} INFO - Processing /opt/airflow/dags/smart_city_traffic_batch_dag.py took 0.813 seconds
[2026-05-08T09:51:47.480+0000] {processor.py:161} INFO - Started process (PID=641) to work on /opt/airflow/dags/smart_city_traffic_batch_dag.py
[2026-05-08T09:51:47.486+0000] {processor.py:830} INFO - Processing file /opt/airflow/dags/smart_city_traffic_batch_dag.py for tasks to queue
[2026-05-08T09:51:47.511+0000] {logging_mixin.py:188} INFO - [2026-05-08T09:51:47.507+0000] {dagbag.py:545} INFO - Filling up the DagBag from /opt/airflow/dags/smart_city_traffic_batch_dag.py
[2026-05-08T09:51:47.705+0000] {processor.py:840} INFO - DAG(s) 'smart_city_traffic_batch_dag' retrieved from /opt/airflow/dags/smart_city_traffic_batch_dag.py
[2026-05-08T09:51:48.002+0000] {logging_mixin.py:188} INFO - [2026-05-08T09:51:48.002+0000] {dag.py:3089} INFO - Sync 1 DAGs
[2026-05-08T09:51:48.168+0000] {logging_mixin.py:188} INFO - [2026-05-08T09:51:48.167+0000] {dag.py:3947} INFO - Setting next_dagrun for smart_city_traffic_batch_dag to 2026-05-08 01:00:00+00:00, run_after=2026-05-09 01:00:00+00:00
[2026-05-08T09:51:48.265+0000] {processor.py:183} INFO - Processing /opt/airflow/dags/smart_city_traffic_batch_dag.py took 0.852 seconds
[2026-05-08T09:52:19.494+0000] {processor.py:161} INFO - Started process (PID=646) to work on /opt/airflow/dags/smart_city_traffic_batch_dag.py
[2026-05-08T09:52:19.503+0000] {processor.py:830} INFO - Processing file /opt/airflow/dags/smart_city_traffic_batch_dag.py for tasks to queue
[2026-05-08T09:52:19.531+0000] {logging_mixin.py:188} INFO - [2026-05-08T09:52:19.528+0000] {dagbag.py:545} INFO - Filling up the DagBag from /opt/airflow/dags/smart_city_traffic_batch_dag.py
[2026-05-08T09:52:19.723+0000] {processor.py:840} INFO - DAG(s) 'smart_city_traffic_batch_dag' retrieved from /opt/airflow/dags/smart_city_traffic_batch_dag.py
[2026-05-08T09:52:19.937+0000] {logging_mixin.py:188} INFO - [2026-05-08T09:52:19.936+0000] {dag.py:3089} INFO - Sync 1 DAGs
[2026-05-08T09:52:20.039+0000] {logging_mixin.py:188} INFO - [2026-05-08T09:52:20.039+0000] {dag.py:3947} INFO - Setting next_dagrun for smart_city_traffic_batch_dag to 2026-05-08 01:00:00+00:00, run_after=2026-05-09 01:00:00+00:00
[2026-05-08T09:52:20.105+0000] {processor.py:183} INFO - Processing /opt/airflow/dags/smart_city_traffic_batch_dag.py took 0.690 seconds
[2026-05-08T09:52:51.140+0000] {processor.py:161} INFO - Started process (PID=651) to work on /opt/airflow/dags/smart_city_traffic_batch_dag.py
[2026-05-08T09:52:51.149+0000] {processor.py:830} INFO - Processing file /opt/airflow/dags/smart_city_traffic_batch_dag.py for tasks to queue
[2026-05-08T09:52:51.180+0000] {logging_mixin.py:188} INFO - [2026-05-08T09:52:51.176+0000] {dagbag.py:545} INFO - Filling up the DagBag from /opt/airflow/dags/smart_city_traffic_batch_dag.py
[2026-05-08T09:52:51.394+0000] {processor.py:840} INFO - DAG(s) 'smart_city_traffic_batch_dag' retrieved from /opt/airflow/dags/smart_city_traffic_batch_dag.py
[2026-05-08T09:52:51.735+0000] {logging_mixin.py:188} INFO - [2026-05-08T09:52:51.734+0000] {dag.py:3089} INFO - Sync 1 DAGs
[2026-05-08T09:52:51.861+0000] {logging_mixin.py:188} INFO - [2026-05-08T09:52:51.860+0000] {dag.py:3947} INFO - Setting next_dagrun for smart_city_traffic_batch_dag to 2026-05-08 01:00:00+00:00, run_after=2026-05-09 01:00:00+00:00
[2026-05-08T09:52:51.932+0000] {processor.py:183} INFO - Processing /opt/airflow/dags/smart_city_traffic_batch_dag.py took 0.883 seconds
[2026-05-08T09:53:22.577+0000] {processor.py:161} INFO - Started process (PID=656) to work on /opt/airflow/dags/smart_city_traffic_batch_dag.py
[2026-05-08T09:53:22.583+0000] {processor.py:830} INFO - Processing file /opt/airflow/dags/smart_city_traffic_batch_dag.py for tasks to queue
[2026-05-08T09:53:22.605+0000] {logging_mixin.py:188} INFO - [2026-05-08T09:53:22.603+0000] {dagbag.py:545} INFO - Filling up the DagBag from /opt/airflow/dags/smart_city_traffic_batch_dag.py
[2026-05-08T09:53:22.733+0000] {processor.py:840} INFO - DAG(s) 'smart_city_traffic_batch_dag' retrieved from /opt/airflow/dags/smart_city_traffic_batch_dag.py
[2026-05-08T09:53:22.907+0000] {logging_mixin.py:188} INFO - [2026-05-08T09:53:22.907+0000] {dag.py:3089} INFO - Sync 1 DAGs
[2026-05-08T09:53:23.019+0000] {logging_mixin.py:188} INFO - [2026-05-08T09:53:23.017+0000] {dag.py:3947} INFO - Setting next_dagrun for smart_city_traffic_batch_dag to 2026-05-08 01:00:00+00:00, run_after=2026-05-09 01:00:00+00:00
[2026-05-08T09:53:23.144+0000] {processor.py:183} INFO - Processing /opt/airflow/dags/smart_city_traffic_batch_dag.py took 0.639 seconds
[2026-05-08T09:53:54.325+0000] {processor.py:161} INFO - Started process (PID=661) to work on /opt/airflow/dags/smart_city_traffic_batch_dag.py
[2026-05-08T09:53:54.330+0000] {processor.py:830} INFO - Processing file /opt/airflow/dags/smart_city_traffic_batch_dag.py for tasks to queue
[2026-05-08T09:53:54.354+0000] {logging_mixin.py:188} INFO - [2026-05-08T09:53:54.351+0000] {dagbag.py:545} INFO - Filling up the DagBag from /opt/airflow/dags/smart_city_traffic_batch_dag.py
[2026-05-08T09:53:54.545+0000] {processor.py:840} INFO - DAG(s) 'smart_city_traffic_batch_dag' retrieved from /opt/airflow/dags/smart_city_traffic_batch_dag.py
[2026-05-08T09:53:54.772+0000] {logging_mixin.py:188} INFO - [2026-05-08T09:53:54.771+0000] {dag.py:3089} INFO - Sync 1 DAGs
[2026-05-08T09:53:54.872+0000] {logging_mixin.py:188} INFO - [2026-05-08T09:53:54.871+0000] {dag.py:3947} INFO - Setting next_dagrun for smart_city_traffic_batch_dag to 2026-05-08 01:00:00+00:00, run_after=2026-05-09 01:00:00+00:00
[2026-05-08T09:53:54.937+0000] {processor.py:183} INFO - Processing /opt/airflow/dags/smart_city_traffic_batch_dag.py took 0.690 seconds
[2026-05-08T09:54:25.902+0000] {processor.py:161} INFO - Started process (PID=666) to work on /opt/airflow/dags/smart_city_traffic_batch_dag.py
[2026-05-08T09:54:25.906+0000] {processor.py:830} INFO - Processing file /opt/airflow/dags/smart_city_traffic_batch_dag.py for tasks to queue
[2026-05-08T09:54:25.924+0000] {logging_mixin.py:188} INFO - [2026-05-08T09:54:25.921+0000] {dagbag.py:545} INFO - Filling up the DagBag from /opt/airflow/dags/smart_city_traffic_batch_dag.py
[2026-05-08T09:54:26.105+0000] {processor.py:840} INFO - DAG(s) 'smart_city_traffic_batch_dag' retrieved from /opt/airflow/dags/smart_city_traffic_batch_dag.py
[2026-05-08T09:54:26.406+0000] {logging_mixin.py:188} INFO - [2026-05-08T09:54:26.406+0000] {dag.py:3089} INFO - Sync 1 DAGs
[2026-05-08T09:54:26.528+0000] {logging_mixin.py:188} INFO - [2026-05-08T09:54:26.527+0000] {dag.py:3947} INFO - Setting next_dagrun for smart_city_traffic_batch_dag to 2026-05-08 01:00:00+00:00, run_after=2026-05-09 01:00:00+00:00
[2026-05-08T09:54:26.588+0000] {processor.py:183} INFO - Processing /opt/airflow/dags/smart_city_traffic_batch_dag.py took 0.735 seconds
[2026-05-08T09:54:57.913+0000] {processor.py:161} INFO - Started process (PID=671) to work on /opt/airflow/dags/smart_city_traffic_batch_dag.py
[2026-05-08T09:54:57.927+0000] {processor.py:830} INFO - Processing file /opt/airflow/dags/smart_city_traffic_batch_dag.py for tasks to queue
[2026-05-08T09:54:58.009+0000] {logging_mixin.py:188} INFO - [2026-05-08T09:54:57.985+0000] {dagbag.py:545} INFO - Filling up the DagBag from /opt/airflow/dags/smart_city_traffic_batch_dag.py
[2026-05-08T09:54:58.490+0000] {processor.py:840} INFO - DAG(s) 'smart_city_traffic_batch_dag' retrieved from /opt/airflow/dags/smart_city_traffic_batch_dag.py
[2026-05-08T09:54:59.261+0000] {logging_mixin.py:188} INFO - [2026-05-08T09:54:59.260+0000] {dag.py:3089} INFO - Sync 1 DAGs
[2026-05-08T09:54:59.518+0000] {logging_mixin.py:188} INFO - [2026-05-08T09:54:59.517+0000] {dag.py:3947} INFO - Setting next_dagrun for smart_city_traffic_batch_dag to 2026-05-08 01:00:00+00:00, run_after=2026-05-09 01:00:00+00:00
[2026-05-08T09:54:59.727+0000] {processor.py:183} INFO - Processing /opt/airflow/dags/smart_city_traffic_batch_dag.py took 2.018 seconds
[2026-05-08T09:55:31.130+0000] {processor.py:161} INFO - Started process (PID=676) to work on /opt/airflow/dags/smart_city_traffic_batch_dag.py
[2026-05-08T09:55:31.151+0000] {processor.py:830} INFO - Processing file /opt/airflow/dags/smart_city_traffic_batch_dag.py for tasks to queue
[2026-05-08T09:55:31.204+0000] {logging_mixin.py:188} INFO - [2026-05-08T09:55:31.196+0000] {dagbag.py:545} INFO - Filling up the DagBag from /opt/airflow/dags/smart_city_traffic_batch_dag.py
[2026-05-08T09:55:31.696+0000] {processor.py:840} INFO - DAG(s) 'smart_city_traffic_batch_dag' retrieved from /opt/airflow/dags/smart_city_traffic_batch_dag.py
[2026-05-08T09:55:32.434+0000] {logging_mixin.py:188} INFO - [2026-05-08T09:55:32.433+0000] {dag.py:3089} INFO - Sync 1 DAGs
[2026-05-08T09:55:32.681+0000] {logging_mixin.py:188} INFO - [2026-05-08T09:55:32.679+0000] {dag.py:3947} INFO - Setting next_dagrun for smart_city_traffic_batch_dag to 2026-05-08 01:00:00+00:00, run_after=2026-05-09 01:00:00+00:00
[2026-05-08T09:55:32.851+0000] {processor.py:183} INFO - Processing /opt/airflow/dags/smart_city_traffic_batch_dag.py took 1.842 seconds
[2026-05-08T09:56:03.852+0000] {processor.py:161} INFO - Started process (PID=681) to work on /opt/airflow/dags/smart_city_traffic_batch_dag.py
[2026-05-08T09:56:03.860+0000] {processor.py:830} INFO - Processing file /opt/airflow/dags/smart_city_traffic_batch_dag.py for tasks to queue
[2026-05-08T09:56:03.903+0000] {logging_mixin.py:188} INFO - [2026-05-08T09:56:03.898+0000] {dagbag.py:545} INFO - Filling up the DagBag from /opt/airflow/dags/smart_city_traffic_batch_dag.py
[2026-05-08T09:56:04.146+0000] {processor.py:840} INFO - DAG(s) 'smart_city_traffic_batch_dag' retrieved from /opt/airflow/dags/smart_city_traffic_batch_dag.py
[2026-05-08T09:56:04.535+0000] {logging_mixin.py:188} INFO - [2026-05-08T09:56:04.535+0000] {dag.py:3089} INFO - Sync 1 DAGs
[2026-05-08T09:56:04.704+0000] {logging_mixin.py:188} INFO - [2026-05-08T09:56:04.704+0000] {dag.py:3947} INFO - Setting next_dagrun for smart_city_traffic_batch_dag to 2026-05-08 01:00:00+00:00, run_after=2026-05-09 01:00:00+00:00
[2026-05-08T09:56:04.821+0000] {processor.py:183} INFO - Processing /opt/airflow/dags/smart_city_traffic_batch_dag.py took 1.043 seconds
[2026-05-08T09:56:38.116+0000] {processor.py:161} INFO - Started process (PID=686) to work on /opt/airflow/dags/smart_city_traffic_batch_dag.py
[2026-05-08T09:56:38.142+0000] {processor.py:830} INFO - Processing file /opt/airflow/dags/smart_city_traffic_batch_dag.py for tasks to queue
[2026-05-08T09:56:38.304+0000] {logging_mixin.py:188} INFO - [2026-05-08T09:56:38.277+0000] {dagbag.py:545} INFO - Filling up the DagBag from /opt/airflow/dags/smart_city_traffic_batch_dag.py
[2026-05-08T09:56:39.013+0000] {processor.py:840} INFO - DAG(s) 'smart_city_traffic_batch_dag' retrieved from /opt/airflow/dags/smart_city_traffic_batch_dag.py
[2026-05-08T09:56:40.077+0000] {logging_mixin.py:188} INFO - [2026-05-08T09:56:40.077+0000] {dag.py:3089} INFO - Sync 1 DAGs
[2026-05-08T09:56:40.433+0000] {logging_mixin.py:188} INFO - [2026-05-08T09:56:40.432+0000] {dag.py:3947} INFO - Setting next_dagrun for smart_city_traffic_batch_dag to 2026-05-08 01:00:00+00:00, run_after=2026-05-09 01:00:00+00:00
[2026-05-08T09:56:40.568+0000] {processor.py:183} INFO - Processing /opt/airflow/dags/smart_city_traffic_batch_dag.py took 2.790 seconds
[2026-05-08T09:57:12.929+0000] {processor.py:161} INFO - Started process (PID=691) to work on /opt/airflow/dags/smart_city_traffic_batch_dag.py
[2026-05-08T09:57:12.992+0000] {processor.py:830} INFO - Processing file /opt/airflow/dags/smart_city_traffic_batch_dag.py for tasks to queue
[2026-05-08T09:57:13.158+0000] {logging_mixin.py:188} INFO - [2026-05-08T09:57:13.139+0000] {dagbag.py:545} INFO - Filling up the DagBag from /opt/airflow/dags/smart_city_traffic_batch_dag.py
[2026-05-08T09:57:13.668+0000] {processor.py:840} INFO - DAG(s) 'smart_city_traffic_batch_dag' retrieved from /opt/airflow/dags/smart_city_traffic_batch_dag.py
[2026-05-08T09:57:14.110+0000] {logging_mixin.py:188} INFO - [2026-05-08T09:57:14.109+0000] {dag.py:3089} INFO - Sync 1 DAGs
[2026-05-08T09:57:14.238+0000] {logging_mixin.py:188} INFO - [2026-05-08T09:57:14.237+0000] {dag.py:3947} INFO - Setting next_dagrun for smart_city_traffic_batch_dag to 2026-05-08 01:00:00+00:00, run_after=2026-05-09 01:00:00+00:00
[2026-05-08T09:57:14.312+0000] {processor.py:183} INFO - Processing /opt/airflow/dags/smart_city_traffic_batch_dag.py took 1.780 seconds
[2026-05-08T09:57:46.365+0000] {processor.py:161} INFO - Started process (PID=696) to work on /opt/airflow/dags/smart_city_traffic_batch_dag.py
[2026-05-08T09:57:46.403+0000] {processor.py:830} INFO - Processing file /opt/airflow/dags/smart_city_traffic_batch_dag.py for tasks to queue
[2026-05-08T09:57:46.481+0000] {logging_mixin.py:188} INFO - [2026-05-08T09:57:46.465+0000] {dagbag.py:545} INFO - Filling up the DagBag from /opt/airflow/dags/smart_city_traffic_batch_dag.py
[2026-05-08T09:57:46.931+0000] {processor.py:840} INFO - DAG(s) 'smart_city_traffic_batch_dag' retrieved from /opt/airflow/dags/smart_city_traffic_batch_dag.py
[2026-05-08T09:57:47.475+0000] {logging_mixin.py:188} INFO - [2026-05-08T09:57:47.474+0000] {dag.py:3089} INFO - Sync 1 DAGs
[2026-05-08T09:57:47.745+0000] {logging_mixin.py:188} INFO - [2026-05-08T09:57:47.744+0000] {dag.py:3947} INFO - Setting next_dagrun for smart_city_traffic_batch_dag to 2026-05-08 01:00:00+00:00, run_after=2026-05-09 01:00:00+00:00
[2026-05-08T09:57:47.873+0000] {processor.py:183} INFO - Processing /opt/airflow/dags/smart_city_traffic_batch_dag.py took 1.726 seconds
[2026-05-08T09:58:20.246+0000] {processor.py:161} INFO - Started process (PID=701) to work on /opt/airflow/dags/smart_city_traffic_batch_dag.py
[2026-05-08T09:58:20.268+0000] {processor.py:830} INFO - Processing file /opt/airflow/dags/smart_city_traffic_batch_dag.py for tasks to queue
[2026-05-08T09:58:20.336+0000] {logging_mixin.py:188} INFO - [2026-05-08T09:58:20.326+0000] {dagbag.py:545} INFO - Filling up the DagBag from /opt/airflow/dags/smart_city_traffic_batch_dag.py
[2026-05-08T09:58:20.742+0000] {processor.py:840} INFO - DAG(s) 'smart_city_traffic_batch_dag' retrieved from /opt/airflow/dags/smart_city_traffic_batch_dag.py
[2026-05-08T09:58:21.242+0000] {logging_mixin.py:188} INFO - [2026-05-08T09:58:21.241+0000] {dag.py:3089} INFO - Sync 1 DAGs
[2026-05-08T09:58:21.570+0000] {logging_mixin.py:188} INFO - [2026-05-08T09:58:21.569+0000] {dag.py:3947} INFO - Setting next_dagrun for smart_city_traffic_batch_dag to 2026-05-08 01:00:00+00:00, run_after=2026-05-09 01:00:00+00:00
[2026-05-08T09:58:21.717+0000] {processor.py:183} INFO - Processing /opt/airflow/dags/smart_city_traffic_batch_dag.py took 1.654 seconds
[2026-05-08T09:58:53.672+0000] {processor.py:161} INFO - Started process (PID=706) to work on /opt/airflow/dags/smart_city_traffic_batch_dag.py
[2026-05-08T09:58:53.679+0000] {processor.py:830} INFO - Processing file /opt/airflow/dags/smart_city_traffic_batch_dag.py for tasks to queue
[2026-05-08T09:58:53.737+0000] {logging_mixin.py:188} INFO - [2026-05-08T09:58:53.728+0000] {dagbag.py:545} INFO - Filling up the DagBag from /opt/airflow/dags/smart_city_traffic_batch_dag.py
[2026-05-08T09:58:54.102+0000] {processor.py:840} INFO - DAG(s) 'smart_city_traffic_batch_dag' retrieved from /opt/airflow/dags/smart_city_traffic_batch_dag.py
[2026-05-08T09:58:55.120+0000] {logging_mixin.py:188} INFO - [2026-05-08T09:58:55.119+0000] {dag.py:3089} INFO - Sync 1 DAGs
[2026-05-08T09:58:55.463+0000] {logging_mixin.py:188} INFO - [2026-05-08T09:58:55.461+0000] {dag.py:3947} INFO - Setting next_dagrun for smart_city_traffic_batch_dag to 2026-05-08 01:00:00+00:00, run_after=2026-05-09 01:00:00+00:00
[2026-05-08T09:58:55.641+0000] {processor.py:183} INFO - Processing /opt/airflow/dags/smart_city_traffic_batch_dag.py took 2.150 seconds
[2026-05-08T09:59:26.120+0000] {processor.py:161} INFO - Started process (PID=711) to work on /opt/airflow/dags/smart_city_traffic_batch_dag.py
[2026-05-08T09:59:26.127+0000] {processor.py:830} INFO - Processing file /opt/airflow/dags/smart_city_traffic_batch_dag.py for tasks to queue
[2026-05-08T09:59:26.156+0000] {logging_mixin.py:188} INFO - [2026-05-08T09:59:26.153+0000] {dagbag.py:545} INFO - Filling up the DagBag from /opt/airflow/dags/smart_city_traffic_batch_dag.py
[2026-05-08T09:59:26.318+0000] {processor.py:840} INFO - DAG(s) 'smart_city_traffic_batch_dag' retrieved from /opt/airflow/dags/smart_city_traffic_batch_dag.py
[2026-05-08T09:59:26.551+0000] {logging_mixin.py:188} INFO - [2026-05-08T09:59:26.551+0000] {dag.py:3089} INFO - Sync 1 DAGs
[2026-05-08T09:59:26.731+0000] {logging_mixin.py:188} INFO - [2026-05-08T09:59:26.730+0000] {dag.py:3947} INFO - Setting next_dagrun for smart_city_traffic_batch_dag to 2026-05-08 01:00:00+00:00, run_after=2026-05-09 01:00:00+00:00
[2026-05-08T09:59:26.825+0000] {processor.py:183} INFO - Processing /opt/airflow/dags/smart_city_traffic_batch_dag.py took 0.771 seconds
[2026-05-08T10:00:00.000+0000] {processor.py:161} INFO - Started process (PID=716) to work on /opt/airflow/dags/smart_city_traffic_batch_dag.py
[2026-05-08T10:00:00.013+0000] {processor.py:830} INFO - Processing file /opt/airflow/dags/smart_city_traffic_batch_dag.py for tasks to queue
[2026-05-08T10:00:00.136+0000] {logging_mixin.py:188} INFO - [2026-05-08T10:00:00.116+0000] {dagbag.py:545} INFO - Filling up the DagBag from /opt/airflow/dags/smart_city_traffic_batch_dag.py
[2026-05-08T10:00:00.542+0000] {processor.py:840} INFO - DAG(s) 'smart_city_traffic_batch_dag' retrieved from /opt/airflow/dags/smart_city_traffic_batch_dag.py
[2026-05-08T10:00:01.178+0000] {logging_mixin.py:188} INFO - [2026-05-08T10:00:01.177+0000] {dag.py:3089} INFO - Sync 1 DAGs
[2026-05-08T10:00:01.485+0000] {logging_mixin.py:188} INFO - [2026-05-08T10:00:01.484+0000] {dag.py:3947} INFO - Setting next_dagrun for smart_city_traffic_batch_dag to 2026-05-08 01:00:00+00:00, run_after=2026-05-09 01:00:00+00:00
[2026-05-08T10:00:01.601+0000] {processor.py:183} INFO - Processing /opt/airflow/dags/smart_city_traffic_batch_dag.py took 1.912 seconds
[2026-05-08T10:00:33.599+0000] {processor.py:161} INFO - Started process (PID=721) to work on /opt/airflow/dags/smart_city_traffic_batch_dag.py
[2026-05-08T10:00:33.624+0000] {processor.py:830} INFO - Processing file /opt/airflow/dags/smart_city_traffic_batch_dag.py for tasks to queue
[2026-05-08T10:00:33.694+0000] {logging_mixin.py:188} INFO - [2026-05-08T10:00:33.682+0000] {dagbag.py:545} INFO - Filling up the DagBag from /opt/airflow/dags/smart_city_traffic_batch_dag.py
[2026-05-08T10:00:34.188+0000] {processor.py:840} INFO - DAG(s) 'smart_city_traffic_batch_dag' retrieved from /opt/airflow/dags/smart_city_traffic_batch_dag.py
[2026-05-08T10:00:35.448+0000] {logging_mixin.py:188} INFO - [2026-05-08T10:00:35.447+0000] {dag.py:3089} INFO - Sync 1 DAGs
[2026-05-08T10:00:35.685+0000] {logging_mixin.py:188} INFO - [2026-05-08T10:00:35.684+0000] {dag.py:3947} INFO - Setting next_dagrun for smart_city_traffic_batch_dag to 2026-05-08 01:00:00+00:00, run_after=2026-05-09 01:00:00+00:00
[2026-05-08T10:00:35.812+0000] {processor.py:183} INFO - Processing /opt/airflow/dags/smart_city_traffic_batch_dag.py took 2.420 seconds
[2026-05-08T10:01:08.008+0000] {processor.py:161} INFO - Started process (PID=726) to work on /opt/airflow/dags/smart_city_traffic_batch_dag.py
[2026-05-08T10:01:08.039+0000] {processor.py:830} INFO - Processing file /opt/airflow/dags/smart_city_traffic_batch_dag.py for tasks to queue
[2026-05-08T10:01:08.159+0000] {logging_mixin.py:188} INFO - [2026-05-08T10:01:08.131+0000] {dagbag.py:545} INFO - Filling up the DagBag from /opt/airflow/dags/smart_city_traffic_batch_dag.py
[2026-05-08T10:01:08.796+0000] {processor.py:840} INFO - DAG(s) 'smart_city_traffic_batch_dag' retrieved from /opt/airflow/dags/smart_city_traffic_batch_dag.py
[2026-05-08T10:01:09.693+0000] {logging_mixin.py:188} INFO - [2026-05-08T10:01:09.692+0000] {dag.py:3089} INFO - Sync 1 DAGs
[2026-05-08T10:01:09.951+0000] {logging_mixin.py:188} INFO - [2026-05-08T10:01:09.950+0000] {dag.py:3947} INFO - Setting next_dagrun for smart_city_traffic_batch_dag to 2026-05-08 01:00:00+00:00, run_after=2026-05-09 01:00:00+00:00
[2026-05-08T10:01:10.077+0000] {processor.py:183} INFO - Processing /opt/airflow/dags/smart_city_traffic_batch_dag.py took 2.426 seconds
[2026-05-08T10:01:41.907+0000] {processor.py:161} INFO - Started process (PID=731) to work on /opt/airflow/dags/smart_city_traffic_batch_dag.py
[2026-05-08T10:01:41.923+0000] {processor.py:830} INFO - Processing file /opt/airflow/dags/smart_city_traffic_batch_dag.py for tasks to queue
[2026-05-08T10:01:42.014+0000] {logging_mixin.py:188} INFO - [2026-05-08T10:01:42.003+0000] {dagbag.py:545} INFO - Filling up the DagBag from /opt/airflow/dags/smart_city_traffic_batch_dag.py
[2026-05-08T10:01:42.566+0000] {processor.py:840} INFO - DAG(s) 'smart_city_traffic_batch_dag' retrieved from /opt/airflow/dags/smart_city_traffic_batch_dag.py
[2026-05-08T10:01:43.717+0000] {logging_mixin.py:188} INFO - [2026-05-08T10:01:43.716+0000] {dag.py:3089} INFO - Sync 1 DAGs
[2026-05-08T10:01:44.235+0000] {logging_mixin.py:188} INFO - [2026-05-08T10:01:44.233+0000] {dag.py:3947} INFO - Setting next_dagrun for smart_city_traffic_batch_dag to 2026-05-08 01:00:00+00:00, run_after=2026-05-09 01:00:00+00:00
[2026-05-08T10:01:44.509+0000] {processor.py:183} INFO - Processing /opt/airflow/dags/smart_city_traffic_batch_dag.py took 2.788 seconds
[2026-05-08T10:02:15.198+0000] {processor.py:161} INFO - Started process (PID=736) to work on /opt/airflow/dags/smart_city_traffic_batch_dag.py
[2026-05-08T10:02:15.206+0000] {processor.py:830} INFO - Processing file /opt/airflow/dags/smart_city_traffic_batch_dag.py for tasks to queue
[2026-05-08T10:02:15.234+0000] {logging_mixin.py:188} INFO - [2026-05-08T10:02:15.231+0000] {dagbag.py:545} INFO - Filling up the DagBag from /opt/airflow/dags/smart_city_traffic_batch_dag.py
[2026-05-08T10:02:15.399+0000] {processor.py:840} INFO - DAG(s) 'smart_city_traffic_batch_dag' retrieved from /opt/airflow/dags/smart_city_traffic_batch_dag.py
[2026-05-08T10:02:15.625+0000] {logging_mixin.py:188} INFO - [2026-05-08T10:02:15.624+0000] {dag.py:3089} INFO - Sync 1 DAGs
[2026-05-08T10:02:15.760+0000] {logging_mixin.py:188} INFO - [2026-05-08T10:02:15.759+0000] {dag.py:3947} INFO - Setting next_dagrun for smart_city_traffic_batch_dag to 2026-05-08 01:00:00+00:00, run_after=2026-05-09 01:00:00+00:00
[2026-05-08T10:02:15.842+0000] {processor.py:183} INFO - Processing /opt/airflow/dags/smart_city_traffic_batch_dag.py took 0.722 seconds
[2026-05-08T10:02:48.939+0000] {processor.py:161} INFO - Started process (PID=741) to work on /opt/airflow/dags/smart_city_traffic_batch_dag.py
[2026-05-08T10:02:48.970+0000] {processor.py:830} INFO - Processing file /opt/airflow/dags/smart_city_traffic_batch_dag.py for tasks to queue
[2026-05-08T10:02:49.062+0000] {logging_mixin.py:188} INFO - [2026-05-08T10:02:49.049+0000] {dagbag.py:545} INFO - Filling up the DagBag from /opt/airflow/dags/smart_city_traffic_batch_dag.py
[2026-05-08T10:02:50.436+0000] {processor.py:840} INFO - DAG(s) 'smart_city_traffic_batch_dag' retrieved from /opt/airflow/dags/smart_city_traffic_batch_dag.py
[2026-05-08T10:02:51.507+0000] {logging_mixin.py:188} INFO - [2026-05-08T10:02:51.506+0000] {dag.py:3089} INFO - Sync 1 DAGs
[2026-05-08T10:02:52.001+0000] {logging_mixin.py:188} INFO - [2026-05-08T10:02:51.999+0000] {dag.py:3947} INFO - Setting next_dagrun for smart_city_traffic_batch_dag to 2026-05-08 01:00:00+00:00, run_after=2026-05-09 01:00:00+00:00
[2026-05-08T10:02:52.221+0000] {processor.py:183} INFO - Processing /opt/airflow/dags/smart_city_traffic_batch_dag.py took 3.606 seconds
[2026-05-08T10:03:23.678+0000] {processor.py:161} INFO - Started process (PID=746) to work on /opt/airflow/dags/smart_city_traffic_batch_dag.py
[2026-05-08T10:03:23.704+0000] {processor.py:830} INFO - Processing file /opt/airflow/dags/smart_city_traffic_batch_dag.py for tasks to queue
[2026-05-08T10:03:23.765+0000] {logging_mixin.py:188} INFO - [2026-05-08T10:03:23.753+0000] {dagbag.py:545} INFO - Filling up the DagBag from /opt/airflow/dags/smart_city_traffic_batch_dag.py
[2026-05-08T10:03:24.144+0000] {processor.py:840} INFO - DAG(s) 'smart_city_traffic_batch_dag' retrieved from /opt/airflow/dags/smart_city_traffic_batch_dag.py
[2026-05-08T10:03:24.778+0000] {logging_mixin.py:188} INFO - [2026-05-08T10:03:24.777+0000] {dag.py:3089} INFO - Sync 1 DAGs
[2026-05-08T10:03:24.975+0000] {logging_mixin.py:188} INFO - [2026-05-08T10:03:24.975+0000] {dag.py:3947} INFO - Setting next_dagrun for smart_city_traffic_batch_dag to 2026-05-08 01:00:00+00:00, run_after=2026-05-09 01:00:00+00:00
[2026-05-08T10:03:25.070+0000] {processor.py:183} INFO - Processing /opt/airflow/dags/smart_city_traffic_batch_dag.py took 1.571 seconds
[2026-05-08T10:03:56.943+0000] {processor.py:161} INFO - Started process (PID=751) to work on /opt/airflow/dags/smart_city_traffic_batch_dag.py
[2026-05-08T10:03:56.954+0000] {processor.py:830} INFO - Processing file /opt/airflow/dags/smart_city_traffic_batch_dag.py for tasks to queue
[2026-05-08T10:03:57.020+0000] {logging_mixin.py:188} INFO - [2026-05-08T10:03:57.012+0000] {dagbag.py:545} INFO - Filling up the DagBag from /opt/airflow/dags/smart_city_traffic_batch_dag.py
[2026-05-08T10:03:57.620+0000] {processor.py:840} INFO - DAG(s) 'smart_city_traffic_batch_dag' retrieved from /opt/airflow/dags/smart_city_traffic_batch_dag.py
[2026-05-08T10:03:58.684+0000] {logging_mixin.py:188} INFO - [2026-05-08T10:03:58.683+0000] {dag.py:3089} INFO - Sync 1 DAGs
[2026-05-08T10:03:59.094+0000] {logging_mixin.py:188} INFO - [2026-05-08T10:03:59.093+0000] {dag.py:3947} INFO - Setting next_dagrun for smart_city_traffic_batch_dag to 2026-05-08 01:00:00+00:00, run_after=2026-05-09 01:00:00+00:00
[2026-05-08T10:03:59.267+0000] {processor.py:183} INFO - Processing /opt/airflow/dags/smart_city_traffic_batch_dag.py took 2.490 seconds
[2026-05-08T10:04:32.326+0000] {processor.py:161} INFO - Started process (PID=756) to work on /opt/airflow/dags/smart_city_traffic_batch_dag.py
[2026-05-08T10:04:32.350+0000] {processor.py:830} INFO - Processing file /opt/airflow/dags/smart_city_traffic_batch_dag.py for tasks to queue
[2026-05-08T10:04:32.461+0000] {logging_mixin.py:188} INFO - [2026-05-08T10:04:32.449+0000] {dagbag.py:545} INFO - Filling up the DagBag from /opt/airflow/dags/smart_city_traffic_batch_dag.py
[2026-05-08T10:04:32.915+0000] {processor.py:840} INFO - DAG(s) 'smart_city_traffic_batch_dag' retrieved from /opt/airflow/dags/smart_city_traffic_batch_dag.py
[2026-05-08T10:04:33.559+0000] {logging_mixin.py:188} INFO - [2026-05-08T10:04:33.558+0000] {dag.py:3089} INFO - Sync 1 DAGs
[2026-05-08T10:04:33.832+0000] {logging_mixin.py:188} INFO - [2026-05-08T10:04:33.830+0000] {dag.py:3947} INFO - Setting next_dagrun for smart_city_traffic_batch_dag to 2026-05-08 01:00:00+00:00, run_after=2026-05-09 01:00:00+00:00
[2026-05-08T10:04:33.947+0000] {processor.py:183} INFO - Processing /opt/airflow/dags/smart_city_traffic_batch_dag.py took 1.947 seconds
[2026-05-08T10:05:05.470+0000] {processor.py:161} INFO - Started process (PID=761) to work on /opt/airflow/dags/smart_city_traffic_batch_dag.py
[2026-05-08T10:05:05.526+0000] {processor.py:830} INFO - Processing file /opt/airflow/dags/smart_city_traffic_batch_dag.py for tasks to queue
[2026-05-08T10:05:05.665+0000] {logging_mixin.py:188} INFO - [2026-05-08T10:05:05.649+0000] {dagbag.py:545} INFO - Filling up the DagBag from /opt/airflow/dags/smart_city_traffic_batch_dag.py
[2026-05-08T10:05:06.354+0000] {processor.py:840} INFO - DAG(s) 'smart_city_traffic_batch_dag' retrieved from /opt/airflow/dags/smart_city_traffic_batch_dag.py
[2026-05-08T10:05:07.194+0000] {logging_mixin.py:188} INFO - [2026-05-08T10:05:07.191+0000] {dag.py:3089} INFO - Sync 1 DAGs
[2026-05-08T10:05:07.636+0000] {logging_mixin.py:188} INFO - [2026-05-08T10:05:07.633+0000] {dag.py:3947} INFO - Setting next_dagrun for smart_city_traffic_batch_dag to 2026-05-08 01:00:00+00:00, run_after=2026-05-09 01:00:00+00:00
[2026-05-08T10:05:07.880+0000] {processor.py:183} INFO - Processing /opt/airflow/dags/smart_city_traffic_batch_dag.py took 2.744 seconds
[2026-05-08T10:05:41.639+0000] {processor.py:161} INFO - Started process (PID=766) to work on /opt/airflow/dags/smart_city_traffic_batch_dag.py
[2026-05-08T10:05:41.675+0000] {processor.py:830} INFO - Processing file /opt/airflow/dags/smart_city_traffic_batch_dag.py for tasks to queue
[2026-05-08T10:05:41.793+0000] {logging_mixin.py:188} INFO - [2026-05-08T10:05:41.772+0000] {dagbag.py:545} INFO - Filling up the DagBag from /opt/airflow/dags/smart_city_traffic_batch_dag.py
[2026-05-08T10:05:43.521+0000] {processor.py:840} INFO - DAG(s) 'smart_city_traffic_batch_dag' retrieved from /opt/airflow/dags/smart_city_traffic_batch_dag.py
[2026-05-08T10:05:44.680+0000] {logging_mixin.py:188} INFO - [2026-05-08T10:05:44.680+0000] {dag.py:3089} INFO - Sync 1 DAGs
[2026-05-08T10:05:45.159+0000] {logging_mixin.py:188} INFO - [2026-05-08T10:05:45.158+0000] {dag.py:3947} INFO - Setting next_dagrun for smart_city_traffic_batch_dag to 2026-05-08 01:00:00+00:00, run_after=2026-05-09 01:00:00+00:00
[2026-05-08T10:05:45.488+0000] {processor.py:183} INFO - Processing /opt/airflow/dags/smart_city_traffic_batch_dag.py took 4.362 seconds
[2026-05-08T10:06:16.842+0000] {processor.py:161} INFO - Started process (PID=771) to work on /opt/airflow/dags/smart_city_traffic_batch_dag.py
[2026-05-08T10:06:16.859+0000] {processor.py:830} INFO - Processing file /opt/airflow/dags/smart_city_traffic_batch_dag.py for tasks to queue
[2026-05-08T10:06:16.931+0000] {logging_mixin.py:188} INFO - [2026-05-08T10:06:16.920+0000] {dagbag.py:545} INFO - Filling up the DagBag from /opt/airflow/dags/smart_city_traffic_batch_dag.py
[2026-05-08T10:06:17.315+0000] {processor.py:840} INFO - DAG(s) 'smart_city_traffic_batch_dag' retrieved from /opt/airflow/dags/smart_city_traffic_batch_dag.py
[2026-05-08T10:06:17.859+0000] {logging_mixin.py:188} INFO - [2026-05-08T10:06:17.858+0000] {dag.py:3089} INFO - Sync 1 DAGs
[2026-05-08T10:06:18.125+0000] {logging_mixin.py:188} INFO - [2026-05-08T10:06:18.124+0000] {dag.py:3947} INFO - Setting next_dagrun for smart_city_traffic_batch_dag to 2026-05-08 01:00:00+00:00, run_after=2026-05-09 01:00:00+00:00
[2026-05-08T10:06:18.256+0000] {processor.py:183} INFO - Processing /opt/airflow/dags/smart_city_traffic_batch_dag.py took 1.595 seconds
[2026-05-08T10:06:50.421+0000] {processor.py:161} INFO - Started process (PID=776) to work on /opt/airflow/dags/smart_city_traffic_batch_dag.py
[2026-05-08T10:06:50.444+0000] {processor.py:830} INFO - Processing file /opt/airflow/dags/smart_city_traffic_batch_dag.py for tasks to queue
[2026-05-08T10:06:50.524+0000] {logging_mixin.py:188} INFO - [2026-05-08T10:06:50.513+0000] {dagbag.py:545} INFO - Filling up the DagBag from /opt/airflow/dags/smart_city_traffic_batch_dag.py
[2026-05-08T10:06:51.150+0000] {processor.py:840} INFO - DAG(s) 'smart_city_traffic_batch_dag' retrieved from /opt/airflow/dags/smart_city_traffic_batch_dag.py
[2026-05-08T10:06:51.781+0000] {logging_mixin.py:188} INFO - [2026-05-08T10:06:51.780+0000] {dag.py:3089} INFO - Sync 1 DAGs
[2026-05-08T10:06:52.044+0000] {logging_mixin.py:188} INFO - [2026-05-08T10:06:52.043+0000] {dag.py:3947} INFO - Setting next_dagrun for smart_city_traffic_batch_dag to 2026-05-08 01:00:00+00:00, run_after=2026-05-09 01:00:00+00:00
[2026-05-08T10:06:52.198+0000] {processor.py:183} INFO - Processing /opt/airflow/dags/smart_city_traffic_batch_dag.py took 2.029 seconds
[2026-05-08T10:07:24.317+0000] {processor.py:161} INFO - Started process (PID=781) to work on /opt/airflow/dags/smart_city_traffic_batch_dag.py
[2026-05-08T10:07:24.332+0000] {processor.py:830} INFO - Processing file /opt/airflow/dags/smart_city_traffic_batch_dag.py for tasks to queue
[2026-05-08T10:07:24.445+0000] {logging_mixin.py:188} INFO - [2026-05-08T10:07:24.412+0000] {dagbag.py:545} INFO - Filling up the DagBag from /opt/airflow/dags/smart_city_traffic_batch_dag.py
[2026-05-08T10:07:25.658+0000] {processor.py:840} INFO - DAG(s) 'smart_city_traffic_batch_dag' retrieved from /opt/airflow/dags/smart_city_traffic_batch_dag.py
[2026-05-08T10:07:26.923+0000] {logging_mixin.py:188} INFO - [2026-05-08T10:07:26.922+0000] {dag.py:3089} INFO - Sync 1 DAGs
[2026-05-08T10:07:27.258+0000] {logging_mixin.py:188} INFO - [2026-05-08T10:07:27.257+0000] {dag.py:3947} INFO - Setting next_dagrun for smart_city_traffic_batch_dag to 2026-05-08 01:00:00+00:00, run_after=2026-05-09 01:00:00+00:00
[2026-05-08T10:07:27.412+0000] {processor.py:183} INFO - Processing /opt/airflow/dags/smart_city_traffic_batch_dag.py took 3.340 seconds
[2026-05-08T10:07:58.796+0000] {processor.py:161} INFO - Started process (PID=786) to work on /opt/airflow/dags/smart_city_traffic_batch_dag.py
[2026-05-08T10:07:58.810+0000] {processor.py:830} INFO - Processing file /opt/airflow/dags/smart_city_traffic_batch_dag.py for tasks to queue
[2026-05-08T10:07:58.885+0000] {logging_mixin.py:188} INFO - [2026-05-08T10:07:58.877+0000] {dagbag.py:545} INFO - Filling up the DagBag from /opt/airflow/dags/smart_city_traffic_batch_dag.py
[2026-05-08T10:07:59.399+0000] {processor.py:840} INFO - DAG(s) 'smart_city_traffic_batch_dag' retrieved from /opt/airflow/dags/smart_city_traffic_batch_dag.py
[2026-05-08T10:08:00.076+0000] {logging_mixin.py:188} INFO - [2026-05-08T10:08:00.075+0000] {dag.py:3089} INFO - Sync 1 DAGs
[2026-05-08T10:08:00.383+0000] {logging_mixin.py:188} INFO - [2026-05-08T10:08:00.381+0000] {dag.py:3947} INFO - Setting next_dagrun for smart_city_traffic_batch_dag to 2026-05-08 01:00:00+00:00, run_after=2026-05-09 01:00:00+00:00
[2026-05-08T10:08:00.513+0000] {processor.py:183} INFO - Processing /opt/airflow/dags/smart_city_traffic_batch_dag.py took 1.879 seconds
[2026-05-08T10:08:31.980+0000] {processor.py:161} INFO - Started process (PID=791) to work on /opt/airflow/dags/smart_city_traffic_batch_dag.py
[2026-05-08T10:08:32.006+0000] {processor.py:830} INFO - Processing file /opt/airflow/dags/smart_city_traffic_batch_dag.py for tasks to queue
[2026-05-08T10:08:32.131+0000] {logging_mixin.py:188} INFO - [2026-05-08T10:08:32.110+0000] {dagbag.py:545} INFO - Filling up the DagBag from /opt/airflow/dags/smart_city_traffic_batch_dag.py
[2026-05-08T10:08:32.815+0000] {processor.py:840} INFO - DAG(s) 'smart_city_traffic_batch_dag' retrieved from /opt/airflow/dags/smart_city_traffic_batch_dag.py
[2026-05-08T10:08:34.024+0000] {logging_mixin.py:188} INFO - [2026-05-08T10:08:34.023+0000] {dag.py:3089} INFO - Sync 1 DAGs
[2026-05-08T10:08:34.397+0000] {logging_mixin.py:188} INFO - [2026-05-08T10:08:34.396+0000] {dag.py:3947} INFO - Setting next_dagrun for smart_city_traffic_batch_dag to 2026-05-08 01:00:00+00:00, run_after=2026-05-09 01:00:00+00:00
[2026-05-08T10:08:34.586+0000] {processor.py:183} INFO - Processing /opt/airflow/dags/smart_city_traffic_batch_dag.py took 2.945 seconds
[2026-05-08T10:51:56.156+0000] {processor.py:161} INFO - Started process (PID=796) to work on /opt/airflow/dags/smart_city_traffic_batch_dag.py
[2026-05-08T10:51:56.163+0000] {processor.py:830} INFO - Processing file /opt/airflow/dags/smart_city_traffic_batch_dag.py for tasks to queue
[2026-05-08T10:51:56.233+0000] {logging_mixin.py:188} INFO - [2026-05-08T10:51:56.223+0000] {dagbag.py:545} INFO - Filling up the DagBag from /opt/airflow/dags/smart_city_traffic_batch_dag.py
[2026-05-08T10:51:58.465+0000] {processor.py:840} INFO - DAG(s) 'smart_city_traffic_batch_dag' retrieved from /opt/airflow/dags/smart_city_traffic_batch_dag.py
[2026-05-08T10:52:00.164+0000] {logging_mixin.py:188} INFO - [2026-05-08T10:52:00.163+0000] {dag.py:3089} INFO - Sync 1 DAGs
[2026-05-08T10:52:00.643+0000] {logging_mixin.py:188} INFO - [2026-05-08T10:52:00.641+0000] {dag.py:3947} INFO - Setting next_dagrun for smart_city_traffic_batch_dag to 2026-05-08 01:00:00+00:00, run_after=2026-05-09 01:00:00+00:00
[2026-05-08T10:52:00.834+0000] {processor.py:183} INFO - Processing /opt/airflow/dags/smart_city_traffic_batch_dag.py took 4.886 seconds
[2026-05-08T12:45:05.188+0000] {processor.py:161} INFO - Started process (PID=801) to work on /opt/airflow/dags/smart_city_traffic_batch_dag.py
[2026-05-08T12:45:05.262+0000] {processor.py:830} INFO - Processing file /opt/airflow/dags/smart_city_traffic_batch_dag.py for tasks to queue
[2026-05-08T12:45:05.966+0000] {logging_mixin.py:188} INFO - [2026-05-08T12:45:05.933+0000] {dagbag.py:545} INFO - Filling up the DagBag from /opt/airflow/dags/smart_city_traffic_batch_dag.py
[2026-05-08T12:45:07.220+0000] {processor.py:840} INFO - DAG(s) 'smart_city_traffic_batch_dag' retrieved from /opt/airflow/dags/smart_city_traffic_batch_dag.py
[2026-05-08T12:45:08.676+0000] {logging_mixin.py:188} INFO - [2026-05-08T12:45:08.675+0000] {dag.py:3089} INFO - Sync 1 DAGs
[2026-05-08T12:45:09.364+0000] {logging_mixin.py:188} INFO - [2026-05-08T12:45:09.363+0000] {dag.py:3947} INFO - Setting next_dagrun for smart_city_traffic_batch_dag to 2026-05-08 01:00:00+00:00, run_after=2026-05-09 01:00:00+00:00
[2026-05-08T12:45:09.924+0000] {processor.py:183} INFO - Processing /opt/airflow/dags/smart_city_traffic_batch_dag.py took 5.143 seconds
[2026-05-08T12:45:40.765+0000] {processor.py:161} INFO - Started process (PID=806) to work on /opt/airflow/dags/smart_city_traffic_batch_dag.py
[2026-05-08T12:45:40.771+0000] {processor.py:830} INFO - Processing file /opt/airflow/dags/smart_city_traffic_batch_dag.py for tasks to queue
[2026-05-08T12:45:40.808+0000] {logging_mixin.py:188} INFO - [2026-05-08T12:45:40.803+0000] {dagbag.py:545} INFO - Filling up the DagBag from /opt/airflow/dags/smart_city_traffic_batch_dag.py
[2026-05-08T12:45:41.023+0000] {processor.py:840} INFO - DAG(s) 'smart_city_traffic_batch_dag' retrieved from /opt/airflow/dags/smart_city_traffic_batch_dag.py
[2026-05-08T12:45:41.311+0000] {logging_mixin.py:188} INFO - [2026-05-08T12:45:41.310+0000] {dag.py:3089} INFO - Sync 1 DAGs
[2026-05-08T12:45:41.438+0000] {logging_mixin.py:188} INFO - [2026-05-08T12:45:41.438+0000] {dag.py:3947} INFO - Setting next_dagrun for smart_city_traffic_batch_dag to 2026-05-08 01:00:00+00:00, run_after=2026-05-09 01:00:00+00:00
[2026-05-08T12:45:41.533+0000] {processor.py:183} INFO - Processing /opt/airflow/dags/smart_city_traffic_batch_dag.py took 0.859 seconds
[2026-05-08T12:46:12.093+0000] {processor.py:161} INFO - Started process (PID=811) to work on /opt/airflow/dags/smart_city_traffic_batch_dag.py
[2026-05-08T12:46:12.096+0000] {processor.py:830} INFO - Processing file /opt/airflow/dags/smart_city_traffic_batch_dag.py for tasks to queue
[2026-05-08T12:46:12.107+0000] {logging_mixin.py:188} INFO - [2026-05-08T12:46:12.106+0000] {dagbag.py:545} INFO - Filling up the DagBag from /opt/airflow/dags/smart_city_traffic_batch_dag.py
[2026-05-08T12:46:12.210+0000] {processor.py:840} INFO - DAG(s) 'smart_city_traffic_batch_dag' retrieved from /opt/airflow/dags/smart_city_traffic_batch_dag.py
[2026-05-08T12:46:12.709+0000] {logging_mixin.py:188} INFO - [2026-05-08T12:46:12.708+0000] {dag.py:3089} INFO - Sync 1 DAGs
[2026-05-08T12:46:12.809+0000] {logging_mixin.py:188} INFO - [2026-05-08T12:46:12.808+0000] {dag.py:3947} INFO - Setting next_dagrun for smart_city_traffic_batch_dag to 2026-05-08 01:00:00+00:00, run_after=2026-05-09 01:00:00+00:00
[2026-05-08T12:46:12.864+0000] {processor.py:183} INFO - Processing /opt/airflow/dags/smart_city_traffic_batch_dag.py took 0.800 seconds
[2026-05-08T12:46:43.590+0000] {processor.py:161} INFO - Started process (PID=816) to work on /opt/airflow/dags/smart_city_traffic_batch_dag.py
[2026-05-08T12:46:43.597+0000] {processor.py:830} INFO - Processing file /opt/airflow/dags/smart_city_traffic_batch_dag.py for tasks to queue
[2026-05-08T12:46:43.628+0000] {logging_mixin.py:188} INFO - [2026-05-08T12:46:43.624+0000] {dagbag.py:545} INFO - Filling up the DagBag from /opt/airflow/dags/smart_city_traffic_batch_dag.py
[2026-05-08T12:46:43.800+0000] {processor.py:840} INFO - DAG(s) 'smart_city_traffic_batch_dag' retrieved from /opt/airflow/dags/smart_city_traffic_batch_dag.py
[2026-05-08T12:46:44.118+0000] {logging_mixin.py:188} INFO - [2026-05-08T12:46:44.117+0000] {dag.py:3089} INFO - Sync 1 DAGs
[2026-05-08T12:46:44.241+0000] {logging_mixin.py:188} INFO - [2026-05-08T12:46:44.240+0000] {dag.py:3947} INFO - Setting next_dagrun for smart_city_traffic_batch_dag to 2026-05-08 01:00:00+00:00, run_after=2026-05-09 01:00:00+00:00
[2026-05-08T12:46:44.314+0000] {processor.py:183} INFO - Processing /opt/airflow/dags/smart_city_traffic_batch_dag.py took 0.807 seconds
[2026-05-08T12:47:15.322+0000] {processor.py:161} INFO - Started process (PID=821) to work on /opt/airflow/dags/smart_city_traffic_batch_dag.py
[2026-05-08T12:47:15.331+0000] {processor.py:830} INFO - Processing file /opt/airflow/dags/smart_city_traffic_batch_dag.py for tasks to queue
[2026-05-08T12:47:15.397+0000] {logging_mixin.py:188} INFO - [2026-05-08T12:47:15.392+0000] {dagbag.py:545} INFO - Filling up the DagBag from /opt/airflow/dags/smart_city_traffic_batch_dag.py
[2026-05-08T12:47:15.676+0000] {processor.py:840} INFO - DAG(s) 'smart_city_traffic_batch_dag' retrieved from /opt/airflow/dags/smart_city_traffic_batch_dag.py
[2026-05-08T12:47:16.042+0000] {logging_mixin.py:188} INFO - [2026-05-08T12:47:16.041+0000] {dag.py:3089} INFO - Sync 1 DAGs
[2026-05-08T12:47:16.204+0000] {logging_mixin.py:188} INFO - [2026-05-08T12:47:16.203+0000] {dag.py:3947} INFO - Setting next_dagrun for smart_city_traffic_batch_dag to 2026-05-08 01:00:00+00:00, run_after=2026-05-09 01:00:00+00:00
[2026-05-08T12:47:16.285+0000] {processor.py:183} INFO - Processing /opt/airflow/dags/smart_city_traffic_batch_dag.py took 1.094 seconds
[2026-05-08T12:47:46.891+0000] {processor.py:161} INFO - Started process (PID=826) to work on /opt/airflow/dags/smart_city_traffic_batch_dag.py
[2026-05-08T12:47:46.895+0000] {processor.py:830} INFO - Processing file /opt/airflow/dags/smart_city_traffic_batch_dag.py for tasks to queue
[2026-05-08T12:47:46.908+0000] {logging_mixin.py:188} INFO - [2026-05-08T12:47:46.906+0000] {dagbag.py:545} INFO - Filling up the DagBag from /opt/airflow/dags/smart_city_traffic_batch_dag.py
[2026-05-08T12:47:46.988+0000] {processor.py:840} INFO - DAG(s) 'smart_city_traffic_batch_dag' retrieved from /opt/airflow/dags/smart_city_traffic_batch_dag.py
[2026-05-08T12:47:47.130+0000] {logging_mixin.py:188} INFO - [2026-05-08T12:47:47.129+0000] {dag.py:3089} INFO - Sync 1 DAGs
[2026-05-08T12:47:47.208+0000] {logging_mixin.py:188} INFO - [2026-05-08T12:47:47.208+0000] {dag.py:3947} INFO - Setting next_dagrun for smart_city_traffic_batch_dag to 2026-05-08 01:00:00+00:00, run_after=2026-05-09 01:00:00+00:00
[2026-05-08T12:47:47.271+0000] {processor.py:183} INFO - Processing /opt/airflow/dags/smart_city_traffic_batch_dag.py took 0.448 seconds
[2026-05-08T12:48:19.214+0000] {processor.py:161} INFO - Started process (PID=831) to work on /opt/airflow/dags/smart_city_traffic_batch_dag.py
[2026-05-08T12:48:19.251+0000] {processor.py:830} INFO - Processing file /opt/airflow/dags/smart_city_traffic_batch_dag.py for tasks to queue
[2026-05-08T12:48:19.324+0000] {logging_mixin.py:188} INFO - [2026-05-08T12:48:19.313+0000] {dagbag.py:545} INFO - Filling up the DagBag from /opt/airflow/dags/smart_city_traffic_batch_dag.py
[2026-05-08T12:48:19.857+0000] {processor.py:840} INFO - DAG(s) 'smart_city_traffic_batch_dag' retrieved from /opt/airflow/dags/smart_city_traffic_batch_dag.py
[2026-05-08T12:48:20.595+0000] {logging_mixin.py:188} INFO - [2026-05-08T12:48:20.594+0000] {dag.py:3089} INFO - Sync 1 DAGs
[2026-05-08T12:48:20.922+0000] {logging_mixin.py:188} INFO - [2026-05-08T12:48:20.921+0000] {dag.py:3947} INFO - Setting next_dagrun for smart_city_traffic_batch_dag to 2026-05-08 01:00:00+00:00, run_after=2026-05-09 01:00:00+00:00
[2026-05-08T12:48:21.062+0000] {processor.py:183} INFO - Processing /opt/airflow/dags/smart_city_traffic_batch_dag.py took 2.118 seconds
[2026-05-08T12:48:52.532+0000] {processor.py:161} INFO - Started process (PID=836) to work on /opt/airflow/dags/smart_city_traffic_batch_dag.py
[2026-05-08T12:48:52.557+0000] {processor.py:830} INFO - Processing file /opt/airflow/dags/smart_city_traffic_batch_dag.py for tasks to queue
[2026-05-08T12:48:52.619+0000] {logging_mixin.py:188} INFO - [2026-05-08T12:48:52.611+0000] {dagbag.py:545} INFO - Filling up the DagBag from /opt/airflow/dags/smart_city_traffic_batch_dag.py
[2026-05-08T12:48:53.119+0000] {processor.py:840} INFO - DAG(s) 'smart_city_traffic_batch_dag' retrieved from /opt/airflow/dags/smart_city_traffic_batch_dag.py
[2026-05-08T12:48:54.039+0000] {logging_mixin.py:188} INFO - [2026-05-08T12:48:54.038+0000] {dag.py:3089} INFO - Sync 1 DAGs
[2026-05-08T12:48:54.270+0000] {logging_mixin.py:188} INFO - [2026-05-08T12:48:54.268+0000] {dag.py:3947} INFO - Setting next_dagrun for smart_city_traffic_batch_dag to 2026-05-08 01:00:00+00:00, run_after=2026-05-09 01:00:00+00:00
[2026-05-08T12:48:54.440+0000] {processor.py:183} INFO - Processing /opt/airflow/dags/smart_city_traffic_batch_dag.py took 2.123 seconds
[2026-05-08T12:49:25.237+0000] {processor.py:161} INFO - Started process (PID=841) to work on /opt/airflow/dags/smart_city_traffic_batch_dag.py
[2026-05-08T12:49:25.251+0000] {processor.py:830} INFO - Processing file /opt/airflow/dags/smart_city_traffic_batch_dag.py for tasks to queue
[2026-05-08T12:49:25.328+0000] {logging_mixin.py:188} INFO - [2026-05-08T12:49:25.320+0000] {dagbag.py:545} INFO - Filling up the DagBag from /opt/airflow/dags/smart_city_traffic_batch_dag.py
[2026-05-08T12:49:25.788+0000] {processor.py:840} INFO - DAG(s) 'smart_city_traffic_batch_dag' retrieved from /opt/airflow/dags/smart_city_traffic_batch_dag.py
[2026-05-08T12:49:26.410+0000] {logging_mixin.py:188} INFO - [2026-05-08T12:49:26.409+0000] {dag.py:3089} INFO - Sync 1 DAGs
[2026-05-08T12:49:26.944+0000] {logging_mixin.py:188} INFO - [2026-05-08T12:49:26.942+0000] {dag.py:3947} INFO - Setting next_dagrun for smart_city_traffic_batch_dag to 2026-05-08 01:00:00+00:00, run_after=2026-05-09 01:00:00+00:00
[2026-05-08T12:49:27.169+0000] {processor.py:183} INFO - Processing /opt/airflow/dags/smart_city_traffic_batch_dag.py took 2.094 seconds
[2026-05-08T12:49:58.406+0000] {processor.py:161} INFO - Started process (PID=846) to work on /opt/airflow/dags/smart_city_traffic_batch_dag.py
[2026-05-08T12:49:58.422+0000] {processor.py:830} INFO - Processing file /opt/airflow/dags/smart_city_traffic_batch_dag.py for tasks to queue
[2026-05-08T12:49:58.480+0000] {logging_mixin.py:188} INFO - [2026-05-08T12:49:58.473+0000] {dagbag.py:545} INFO - Filling up the DagBag from /opt/airflow/dags/smart_city_traffic_batch_dag.py
[2026-05-08T12:49:58.969+0000] {processor.py:840} INFO - DAG(s) 'smart_city_traffic_batch_dag' retrieved from /opt/airflow/dags/smart_city_traffic_batch_dag.py
[2026-05-08T12:49:59.926+0000] {logging_mixin.py:188} INFO - [2026-05-08T12:49:59.925+0000] {dag.py:3089} INFO - Sync 1 DAGs
[2026-05-08T12:50:00.332+0000] {logging_mixin.py:188} INFO - [2026-05-08T12:50:00.330+0000] {dag.py:3947} INFO - Setting next_dagrun for smart_city_traffic_batch_dag to 2026-05-08 01:00:00+00:00, run_after=2026-05-09 01:00:00+00:00
[2026-05-08T12:50:00.471+0000] {processor.py:183} INFO - Processing /opt/airflow/dags/smart_city_traffic_batch_dag.py took 2.308 seconds
[2026-05-08T12:50:32.530+0000] {processor.py:161} INFO - Started process (PID=851) to work on /opt/airflow/dags/smart_city_traffic_batch_dag.py
[2026-05-08T12:50:32.576+0000] {processor.py:830} INFO - Processing file /opt/airflow/dags/smart_city_traffic_batch_dag.py for tasks to queue
[2026-05-08T12:50:32.757+0000] {logging_mixin.py:188} INFO - [2026-05-08T12:50:32.724+0000] {dagbag.py:545} INFO - Filling up the DagBag from /opt/airflow/dags/smart_city_traffic_batch_dag.py
[2026-05-08T12:50:34.355+0000] {processor.py:840} INFO - DAG(s) 'smart_city_traffic_batch_dag' retrieved from /opt/airflow/dags/smart_city_traffic_batch_dag.py
[2026-05-08T12:50:35.804+0000] {logging_mixin.py:188} INFO - [2026-05-08T12:50:35.802+0000] {dag.py:3089} INFO - Sync 1 DAGs
[2026-05-08T12:50:36.481+0000] {logging_mixin.py:188} INFO - [2026-05-08T12:50:36.479+0000] {dag.py:3947} INFO - Setting next_dagrun for smart_city_traffic_batch_dag to 2026-05-08 01:00:00+00:00, run_after=2026-05-09 01:00:00+00:00
[2026-05-08T12:50:36.968+0000] {processor.py:183} INFO - Processing /opt/airflow/dags/smart_city_traffic_batch_dag.py took 4.837 seconds
[2026-05-08T12:51:08.955+0000] {processor.py:161} INFO - Started process (PID=856) to work on /opt/airflow/dags/smart_city_traffic_batch_dag.py
[2026-05-08T12:51:08.963+0000] {processor.py:830} INFO - Processing file /opt/airflow/dags/smart_city_traffic_batch_dag.py for tasks to queue
[2026-05-08T12:51:09.047+0000] {logging_mixin.py:188} INFO - [2026-05-08T12:51:09.037+0000] {dagbag.py:545} INFO - Filling up the DagBag from /opt/airflow/dags/smart_city_traffic_batch_dag.py
[2026-05-08T12:51:09.532+0000] {processor.py:840} INFO - DAG(s) 'smart_city_traffic_batch_dag' retrieved from /opt/airflow/dags/smart_city_traffic_batch_dag.py
[2026-05-08T12:51:10.250+0000] {logging_mixin.py:188} INFO - [2026-05-08T12:51:10.249+0000] {dag.py:3089} INFO - Sync 1 DAGs
[2026-05-08T12:51:11.129+0000] {logging_mixin.py:188} INFO - [2026-05-08T12:51:11.128+0000] {dag.py:3947} INFO - Setting next_dagrun for smart_city_traffic_batch_dag to 2026-05-08 01:00:00+00:00, run_after=2026-05-09 01:00:00+00:00
[2026-05-08T12:51:11.656+0000] {processor.py:183} INFO - Processing /opt/airflow/dags/smart_city_traffic_batch_dag.py took 3.255 seconds
[2026-05-08T12:51:43.292+0000] {processor.py:161} INFO - Started process (PID=861) to work on /opt/airflow/dags/smart_city_traffic_batch_dag.py
[2026-05-08T12:51:43.303+0000] {processor.py:830} INFO - Processing file /opt/airflow/dags/smart_city_traffic_batch_dag.py for tasks to queue
[2026-05-08T12:51:43.356+0000] {logging_mixin.py:188} INFO - [2026-05-08T12:51:43.349+0000] {dagbag.py:545} INFO - Filling up the DagBag from /opt/airflow/dags/smart_city_traffic_batch_dag.py
[2026-05-08T12:51:43.852+0000] {processor.py:840} INFO - DAG(s) 'smart_city_traffic_batch_dag' retrieved from /opt/airflow/dags/smart_city_traffic_batch_dag.py
[2026-05-08T12:51:44.367+0000] {logging_mixin.py:188} INFO - [2026-05-08T12:51:44.366+0000] {dag.py:3089} INFO - Sync 1 DAGs
[2026-05-08T12:51:44.550+0000] {logging_mixin.py:188} INFO - [2026-05-08T12:51:44.549+0000] {dag.py:3947} INFO - Setting next_dagrun for smart_city_traffic_batch_dag to 2026-05-08 01:00:00+00:00, run_after=2026-05-09 01:00:00+00:00
[2026-05-08T12:51:44.676+0000] {processor.py:183} INFO - Processing /opt/airflow/dags/smart_city_traffic_batch_dag.py took 1.525 seconds
[2026-05-08T12:52:15.715+0000] {processor.py:161} INFO - Started process (PID=866) to work on /opt/airflow/dags/smart_city_traffic_batch_dag.py
[2026-05-08T12:52:15.720+0000] {processor.py:830} INFO - Processing file /opt/airflow/dags/smart_city_traffic_batch_dag.py for tasks to queue
[2026-05-08T12:52:15.750+0000] {logging_mixin.py:188} INFO - [2026-05-08T12:52:15.744+0000] {dagbag.py:545} INFO - Filling up the DagBag from /opt/airflow/dags/smart_city_traffic_batch_dag.py
[2026-05-08T12:52:16.020+0000] {processor.py:840} INFO - DAG(s) 'smart_city_traffic_batch_dag' retrieved from /opt/airflow/dags/smart_city_traffic_batch_dag.py
[2026-05-08T12:52:16.366+0000] {logging_mixin.py:188} INFO - [2026-05-08T12:52:16.365+0000] {dag.py:3089} INFO - Sync 1 DAGs
[2026-05-08T12:52:16.651+0000] {logging_mixin.py:188} INFO - [2026-05-08T12:52:16.651+0000] {dag.py:3947} INFO - Setting next_dagrun for smart_city_traffic_batch_dag to 2026-05-08 01:00:00+00:00, run_after=2026-05-09 01:00:00+00:00
[2026-05-08T12:52:16.769+0000] {processor.py:183} INFO - Processing /opt/airflow/dags/smart_city_traffic_batch_dag.py took 1.139 seconds
[2026-05-08T12:52:48.409+0000] {processor.py:161} INFO - Started process (PID=871) to work on /opt/airflow/dags/smart_city_traffic_batch_dag.py
[2026-05-08T12:52:48.420+0000] {processor.py:830} INFO - Processing file /opt/airflow/dags/smart_city_traffic_batch_dag.py for tasks to queue
[2026-05-08T12:52:48.480+0000] {logging_mixin.py:188} INFO - [2026-05-08T12:52:48.472+0000] {dagbag.py:545} INFO - Filling up the DagBag from /opt/airflow/dags/smart_city_traffic_batch_dag.py
[2026-05-08T12:52:48.856+0000] {processor.py:840} INFO - DAG(s) 'smart_city_traffic_batch_dag' retrieved from /opt/airflow/dags/smart_city_traffic_batch_dag.py
[2026-05-08T12:52:49.429+0000] {logging_mixin.py:188} INFO - [2026-05-08T12:52:49.428+0000] {dag.py:3089} INFO - Sync 1 DAGs
[2026-05-08T12:52:49.689+0000] {logging_mixin.py:188} INFO - [2026-05-08T12:52:49.688+0000] {dag.py:3947} INFO - Setting next_dagrun for smart_city_traffic_batch_dag to 2026-05-08 01:00:00+00:00, run_after=2026-05-09 01:00:00+00:00
[2026-05-08T12:52:49.818+0000] {processor.py:183} INFO - Processing /opt/airflow/dags/smart_city_traffic_batch_dag.py took 1.548 seconds
[2026-05-08T12:53:21.454+0000] {processor.py:161} INFO - Started process (PID=876) to work on /opt/airflow/dags/smart_city_traffic_batch_dag.py
[2026-05-08T12:53:21.471+0000] {processor.py:830} INFO - Processing file /opt/airflow/dags/smart_city_traffic_batch_dag.py for tasks to queue
[2026-05-08T12:53:21.592+0000] {logging_mixin.py:188} INFO - [2026-05-08T12:53:21.581+0000] {dagbag.py:545} INFO - Filling up the DagBag from /opt/airflow/dags/smart_city_traffic_batch_dag.py
[2026-05-08T12:53:22.102+0000] {processor.py:840} INFO - DAG(s) 'smart_city_traffic_batch_dag' retrieved from /opt/airflow/dags/smart_city_traffic_batch_dag.py
[2026-05-08T12:53:22.690+0000] {logging_mixin.py:188} INFO - [2026-05-08T12:53:22.689+0000] {dag.py:3089} INFO - Sync 1 DAGs
[2026-05-08T12:53:23.029+0000] {logging_mixin.py:188} INFO - [2026-05-08T12:53:23.028+0000] {dag.py:3947} INFO - Setting next_dagrun for smart_city_traffic_batch_dag to 2026-05-08 01:00:00+00:00, run_after=2026-05-09 01:00:00+00:00
[2026-05-08T12:53:23.170+0000] {processor.py:183} INFO - Processing /opt/airflow/dags/smart_city_traffic_batch_dag.py took 1.888 seconds
[2026-05-08T12:53:54.965+0000] {processor.py:161} INFO - Started process (PID=881) to work on /opt/airflow/dags/smart_city_traffic_batch_dag.py
[2026-05-08T12:53:54.977+0000] {processor.py:830} INFO - Processing file /opt/airflow/dags/smart_city_traffic_batch_dag.py for tasks to queue
[2026-05-08T12:53:55.043+0000] {logging_mixin.py:188} INFO - [2026-05-08T12:53:55.032+0000] {dagbag.py:545} INFO - Filling up the DagBag from /opt/airflow/dags/smart_city_traffic_batch_dag.py
[2026-05-08T12:53:55.481+0000] {processor.py:840} INFO - DAG(s) 'smart_city_traffic_batch_dag' retrieved from /opt/airflow/dags/smart_city_traffic_batch_dag.py
[2026-05-08T12:53:56.092+0000] {logging_mixin.py:188} INFO - [2026-05-08T12:53:56.088+0000] {dag.py:3089} INFO - Sync 1 DAGs
[2026-05-08T12:53:56.464+0000] {logging_mixin.py:188} INFO - [2026-05-08T12:53:56.463+0000] {dag.py:3947} INFO - Setting next_dagrun for smart_city_traffic_batch_dag to 2026-05-08 01:00:00+00:00, run_after=2026-05-09 01:00:00+00:00
[2026-05-08T12:53:56.592+0000] {processor.py:183} INFO - Processing /opt/airflow/dags/smart_city_traffic_batch_dag.py took 1.824 seconds
[2026-05-08T12:54:27.383+0000] {processor.py:161} INFO - Started process (PID=886) to work on /opt/airflow/dags/smart_city_traffic_batch_dag.py
[2026-05-08T12:54:27.391+0000] {processor.py:830} INFO - Processing file /opt/airflow/dags/smart_city_traffic_batch_dag.py for tasks to queue
[2026-05-08T12:54:27.414+0000] {logging_mixin.py:188} INFO - [2026-05-08T12:54:27.412+0000] {dagbag.py:545} INFO - Filling up the DagBag from /opt/airflow/dags/smart_city_traffic_batch_dag.py
[2026-05-08T12:54:27.621+0000] {processor.py:840} INFO - DAG(s) 'smart_city_traffic_batch_dag' retrieved from /opt/airflow/dags/smart_city_traffic_batch_dag.py
[2026-05-08T12:54:27.918+0000] {logging_mixin.py:188} INFO - [2026-05-08T12:54:27.917+0000] {dag.py:3089} INFO - Sync 1 DAGs
[2026-05-08T12:54:28.117+0000] {logging_mixin.py:188} INFO - [2026-05-08T12:54:28.116+0000] {dag.py:3947} INFO - Setting next_dagrun for smart_city_traffic_batch_dag to 2026-05-08 01:00:00+00:00, run_after=2026-05-09 01:00:00+00:00
[2026-05-08T12:54:28.208+0000] {processor.py:183} INFO - Processing /opt/airflow/dags/smart_city_traffic_batch_dag.py took 0.891 seconds
[2026-05-08T12:54:58.860+0000] {processor.py:161} INFO - Started process (PID=891) to work on /opt/airflow/dags/smart_city_traffic_batch_dag.py
[2026-05-08T12:54:58.869+0000] {processor.py:830} INFO - Processing file /opt/airflow/dags/smart_city_traffic_batch_dag.py for tasks to queue
[2026-05-08T12:54:58.892+0000] {logging_mixin.py:188} INFO - [2026-05-08T12:54:58.889+0000] {dagbag.py:545} INFO - Filling up the DagBag from /opt/airflow/dags/smart_city_traffic_batch_dag.py
[2026-05-08T12:54:59.027+0000] {processor.py:840} INFO - DAG(s) 'smart_city_traffic_batch_dag' retrieved from /opt/airflow/dags/smart_city_traffic_batch_dag.py
[2026-05-08T12:54:59.252+0000] {logging_mixin.py:188} INFO - [2026-05-08T12:54:59.251+0000] {dag.py:3089} INFO - Sync 1 DAGs
[2026-05-08T12:54:59.340+0000] {logging_mixin.py:188} INFO - [2026-05-08T12:54:59.339+0000] {dag.py:3947} INFO - Setting next_dagrun for smart_city_traffic_batch_dag to 2026-05-08 01:00:00+00:00, run_after=2026-05-09 01:00:00+00:00
[2026-05-08T12:54:59.406+0000] {processor.py:183} INFO - Processing /opt/airflow/dags/smart_city_traffic_batch_dag.py took 0.603 seconds
[2026-05-08T12:55:32.592+0000] {processor.py:161} INFO - Started process (PID=896) to work on /opt/airflow/dags/smart_city_traffic_batch_dag.py
[2026-05-08T12:55:32.641+0000] {processor.py:830} INFO - Processing file /opt/airflow/dags/smart_city_traffic_batch_dag.py for tasks to queue
[2026-05-08T12:55:32.763+0000] {logging_mixin.py:188} INFO - [2026-05-08T12:55:32.745+0000] {dagbag.py:545} INFO - Filling up the DagBag from /opt/airflow/dags/smart_city_traffic_batch_dag.py
[2026-05-08T12:55:33.416+0000] {processor.py:840} INFO - DAG(s) 'smart_city_traffic_batch_dag' retrieved from /opt/airflow/dags/smart_city_traffic_batch_dag.py
[2026-05-08T12:55:34.352+0000] {logging_mixin.py:188} INFO - [2026-05-08T12:55:34.350+0000] {dag.py:3089} INFO - Sync 1 DAGs
[2026-05-08T12:55:34.733+0000] {logging_mixin.py:188} INFO - [2026-05-08T12:55:34.732+0000] {dag.py:3947} INFO - Setting next_dagrun for smart_city_traffic_batch_dag to 2026-05-08 01:00:00+00:00, run_after=2026-05-09 01:00:00+00:00
[2026-05-08T12:55:34.901+0000] {processor.py:183} INFO - Processing /opt/airflow/dags/smart_city_traffic_batch_dag.py took 2.637 seconds
[2026-05-08T12:56:05.769+0000] {processor.py:161} INFO - Started process (PID=901) to work on /opt/airflow/dags/smart_city_traffic_batch_dag.py
[2026-05-08T12:56:05.775+0000] {processor.py:830} INFO - Processing file /opt/airflow/dags/smart_city_traffic_batch_dag.py for tasks to queue
[2026-05-08T12:56:05.790+0000] {logging_mixin.py:188} INFO - [2026-05-08T12:56:05.788+0000] {dagbag.py:545} INFO - Filling up the DagBag from /opt/airflow/dags/smart_city_traffic_batch_dag.py
[2026-05-08T12:56:05.944+0000] {processor.py:840} INFO - DAG(s) 'smart_city_traffic_batch_dag' retrieved from /opt/airflow/dags/smart_city_traffic_batch_dag.py
[2026-05-08T12:56:06.169+0000] {logging_mixin.py:188} INFO - [2026-05-08T12:56:06.168+0000] {dag.py:3089} INFO - Sync 1 DAGs
[2026-05-08T12:56:06.265+0000] {logging_mixin.py:188} INFO - [2026-05-08T12:56:06.264+0000] {dag.py:3947} INFO - Setting next_dagrun for smart_city_traffic_batch_dag to 2026-05-08 01:00:00+00:00, run_after=2026-05-09 01:00:00+00:00
[2026-05-08T12:56:06.333+0000] {processor.py:183} INFO - Processing /opt/airflow/dags/smart_city_traffic_batch_dag.py took 0.608 seconds
[2026-05-08T12:56:36.990+0000] {processor.py:161} INFO - Started process (PID=906) to work on /opt/airflow/dags/smart_city_traffic_batch_dag.py
[2026-05-08T12:56:36.998+0000] {processor.py:830} INFO - Processing file /opt/airflow/dags/smart_city_traffic_batch_dag.py for tasks to queue
[2026-05-08T12:56:37.018+0000] {logging_mixin.py:188} INFO - [2026-05-08T12:56:37.014+0000] {dagbag.py:545} INFO - Filling up the DagBag from /opt/airflow/dags/smart_city_traffic_batch_dag.py
[2026-05-08T12:56:37.151+0000] {processor.py:840} INFO - DAG(s) 'smart_city_traffic_batch_dag' retrieved from /opt/airflow/dags/smart_city_traffic_batch_dag.py
[2026-05-08T12:56:37.374+0000] {logging_mixin.py:188} INFO - [2026-05-08T12:56:37.374+0000] {dag.py:3089} INFO - Sync 1 DAGs
[2026-05-08T12:56:37.461+0000] {logging_mixin.py:188} INFO - [2026-05-08T12:56:37.460+0000] {dag.py:3947} INFO - Setting next_dagrun for smart_city_traffic_batch_dag to 2026-05-08 01:00:00+00:00, run_after=2026-05-09 01:00:00+00:00
[2026-05-08T12:56:37.514+0000] {processor.py:183} INFO - Processing /opt/airflow/dags/smart_city_traffic_batch_dag.py took 0.604 seconds
[2026-05-08T12:57:08.072+0000] {processor.py:161} INFO - Started process (PID=911) to work on /opt/airflow/dags/smart_city_traffic_batch_dag.py
[2026-05-08T12:57:08.077+0000] {processor.py:830} INFO - Processing file /opt/airflow/dags/smart_city_traffic_batch_dag.py for tasks to queue
[2026-05-08T12:57:08.100+0000] {logging_mixin.py:188} INFO - [2026-05-08T12:57:08.097+0000] {dagbag.py:545} INFO - Filling up the DagBag from /opt/airflow/dags/smart_city_traffic_batch_dag.py
[2026-05-08T12:57:08.228+0000] {processor.py:840} INFO - DAG(s) 'smart_city_traffic_batch_dag' retrieved from /opt/airflow/dags/smart_city_traffic_batch_dag.py
[2026-05-08T12:57:08.477+0000] {logging_mixin.py:188} INFO - [2026-05-08T12:57:08.476+0000] {dag.py:3089} INFO - Sync 1 DAGs
[2026-05-08T12:57:08.581+0000] {logging_mixin.py:188} INFO - [2026-05-08T12:57:08.581+0000] {dag.py:3947} INFO - Setting next_dagrun for smart_city_traffic_batch_dag to 2026-05-08 01:00:00+00:00, run_after=2026-05-09 01:00:00+00:00
[2026-05-08T12:57:08.650+0000] {processor.py:183} INFO - Processing /opt/airflow/dags/smart_city_traffic_batch_dag.py took 0.628 seconds
[2026-05-08T12:57:39.685+0000] {processor.py:161} INFO - Started process (PID=916) to work on /opt/airflow/dags/smart_city_traffic_batch_dag.py
[2026-05-08T12:57:39.693+0000] {processor.py:830} INFO - Processing file /opt/airflow/dags/smart_city_traffic_batch_dag.py for tasks to queue
[2026-05-08T12:57:39.747+0000] {logging_mixin.py:188} INFO - [2026-05-08T12:57:39.740+0000] {dagbag.py:545} INFO - Filling up the DagBag from /opt/airflow/dags/smart_city_traffic_batch_dag.py
[2026-05-08T12:57:40.191+0000] {processor.py:840} INFO - DAG(s) 'smart_city_traffic_batch_dag' retrieved from /opt/airflow/dags/smart_city_traffic_batch_dag.py
[2026-05-08T12:57:40.903+0000] {logging_mixin.py:188} INFO - [2026-05-08T12:57:40.902+0000] {dag.py:3089} INFO - Sync 1 DAGs
[2026-05-08T12:57:41.145+0000] {logging_mixin.py:188} INFO - [2026-05-08T12:57:41.144+0000] {dag.py:3947} INFO - Setting next_dagrun for smart_city_traffic_batch_dag to 2026-05-08 01:00:00+00:00, run_after=2026-05-09 01:00:00+00:00
[2026-05-08T12:57:41.258+0000] {processor.py:183} INFO - Processing /opt/airflow/dags/smart_city_traffic_batch_dag.py took 1.714 seconds
[2026-05-08T12:58:13.076+0000] {processor.py:161} INFO - Started process (PID=921) to work on /opt/airflow/dags/smart_city_traffic_batch_dag.py
[2026-05-08T12:58:13.089+0000] {processor.py:830} INFO - Processing file /opt/airflow/dags/smart_city_traffic_batch_dag.py for tasks to queue
[2026-05-08T12:58:13.147+0000] {logging_mixin.py:188} INFO - [2026-05-08T12:58:13.139+0000] {dagbag.py:545} INFO - Filling up the DagBag from /opt/airflow/dags/smart_city_traffic_batch_dag.py
[2026-05-08T12:58:13.555+0000] {processor.py:840} INFO - DAG(s) 'smart_city_traffic_batch_dag' retrieved from /opt/airflow/dags/smart_city_traffic_batch_dag.py
[2026-05-08T12:58:14.444+0000] {logging_mixin.py:188} INFO - [2026-05-08T12:58:14.443+0000] {dag.py:3089} INFO - Sync 1 DAGs
[2026-05-08T12:58:14.696+0000] {logging_mixin.py:188} INFO - [2026-05-08T12:58:14.695+0000] {dag.py:3947} INFO - Setting next_dagrun for smart_city_traffic_batch_dag to 2026-05-08 01:00:00+00:00, run_after=2026-05-09 01:00:00+00:00
[2026-05-08T12:58:14.820+0000] {processor.py:183} INFO - Processing /opt/airflow/dags/smart_city_traffic_batch_dag.py took 1.940 seconds
[2026-05-08T12:58:46.044+0000] {processor.py:161} INFO - Started process (PID=926) to work on /opt/airflow/dags/smart_city_traffic_batch_dag.py
[2026-05-08T12:58:46.054+0000] {processor.py:830} INFO - Processing file /opt/airflow/dags/smart_city_traffic_batch_dag.py for tasks to queue
[2026-05-08T12:58:46.127+0000] {logging_mixin.py:188} INFO - [2026-05-08T12:58:46.117+0000] {dagbag.py:545} INFO - Filling up the DagBag from /opt/airflow/dags/smart_city_traffic_batch_dag.py
[2026-05-08T12:58:46.550+0000] {processor.py:840} INFO - DAG(s) 'smart_city_traffic_batch_dag' retrieved from /opt/airflow/dags/smart_city_traffic_batch_dag.py
[2026-05-08T12:58:47.336+0000] {logging_mixin.py:188} INFO - [2026-05-08T12:58:47.335+0000] {dag.py:3089} INFO - Sync 1 DAGs
[2026-05-08T12:58:47.715+0000] {logging_mixin.py:188} INFO - [2026-05-08T12:58:47.714+0000] {dag.py:3947} INFO - Setting next_dagrun for smart_city_traffic_batch_dag to 2026-05-08 01:00:00+00:00, run_after=2026-05-09 01:00:00+00:00
[2026-05-08T12:58:47.860+0000] {processor.py:183} INFO - Processing /opt/airflow/dags/smart_city_traffic_batch_dag.py took 2.075 seconds
[2026-05-08T12:59:19.978+0000] {processor.py:161} INFO - Started process (PID=931) to work on /opt/airflow/dags/smart_city_traffic_batch_dag.py
[2026-05-08T12:59:20.003+0000] {processor.py:830} INFO - Processing file /opt/airflow/dags/smart_city_traffic_batch_dag.py for tasks to queue
[2026-05-08T12:59:20.094+0000] {logging_mixin.py:188} INFO - [2026-05-08T12:59:20.082+0000] {dagbag.py:545} INFO - Filling up the DagBag from /opt/airflow/dags/smart_city_traffic_batch_dag.py
[2026-05-08T12:59:20.682+0000] {processor.py:840} INFO - DAG(s) 'smart_city_traffic_batch_dag' retrieved from /opt/airflow/dags/smart_city_traffic_batch_dag.py
[2026-05-08T12:59:22.108+0000] {logging_mixin.py:188} INFO - [2026-05-08T12:59:22.107+0000] {dag.py:3089} INFO - Sync 1 DAGs
[2026-05-08T12:59:22.899+0000] {logging_mixin.py:188} INFO - [2026-05-08T12:59:22.896+0000] {dag.py:3947} INFO - Setting next_dagrun for smart_city_traffic_batch_dag to 2026-05-08 01:00:00+00:00, run_after=2026-05-09 01:00:00+00:00
[2026-05-08T12:59:23.227+0000] {processor.py:183} INFO - Processing /opt/airflow/dags/smart_city_traffic_batch_dag.py took 3.495 seconds
[2026-05-08T12:59:53.958+0000] {processor.py:161} INFO - Started process (PID=936) to work on /opt/airflow/dags/smart_city_traffic_batch_dag.py
[2026-05-08T12:59:53.971+0000] {processor.py:830} INFO - Processing file /opt/airflow/dags/smart_city_traffic_batch_dag.py for tasks to queue
[2026-05-08T12:59:53.999+0000] {logging_mixin.py:188} INFO - [2026-05-08T12:59:53.995+0000] {dagbag.py:545} INFO - Filling up the DagBag from /opt/airflow/dags/smart_city_traffic_batch_dag.py
[2026-05-08T12:59:54.171+0000] {processor.py:840} INFO - DAG(s) 'smart_city_traffic_batch_dag' retrieved from /opt/airflow/dags/smart_city_traffic_batch_dag.py
[2026-05-08T12:59:54.453+0000] {logging_mixin.py:188} INFO - [2026-05-08T12:59:54.453+0000] {dag.py:3089} INFO - Sync 1 DAGs
[2026-05-08T12:59:54.573+0000] {logging_mixin.py:188} INFO - [2026-05-08T12:59:54.573+0000] {dag.py:3947} INFO - Setting next_dagrun for smart_city_traffic_batch_dag to 2026-05-08 01:00:00+00:00, run_after=2026-05-09 01:00:00+00:00
[2026-05-08T12:59:54.640+0000] {processor.py:183} INFO - Processing /opt/airflow/dags/smart_city_traffic_batch_dag.py took 0.759 seconds
[2026-05-08T13:00:27.379+0000] {processor.py:161} INFO - Started process (PID=941) to work on /opt/airflow/dags/smart_city_traffic_batch_dag.py
[2026-05-08T13:00:27.404+0000] {processor.py:830} INFO - Processing file /opt/airflow/dags/smart_city_traffic_batch_dag.py for tasks to queue
[2026-05-08T13:00:27.505+0000] {logging_mixin.py:188} INFO - [2026-05-08T13:00:27.490+0000] {dagbag.py:545} INFO - Filling up the DagBag from /opt/airflow/dags/smart_city_traffic_batch_dag.py
[2026-05-08T13:00:28.251+0000] {processor.py:840} INFO - DAG(s) 'smart_city_traffic_batch_dag' retrieved from /opt/airflow/dags/smart_city_traffic_batch_dag.py
[2026-05-08T13:00:30.134+0000] {logging_mixin.py:188} INFO - [2026-05-08T13:00:30.133+0000] {dag.py:3089} INFO - Sync 1 DAGs
[2026-05-08T13:00:30.615+0000] {logging_mixin.py:188} INFO - [2026-05-08T13:00:30.613+0000] {dag.py:3947} INFO - Setting next_dagrun for smart_city_traffic_batch_dag to 2026-05-08 01:00:00+00:00, run_after=2026-05-09 01:00:00+00:00
[2026-05-08T13:00:30.846+0000] {processor.py:183} INFO - Processing /opt/airflow/dags/smart_city_traffic_batch_dag.py took 3.737 seconds
[2026-05-08T13:01:02.963+0000] {processor.py:161} INFO - Started process (PID=946) to work on /opt/airflow/dags/smart_city_traffic_batch_dag.py
[2026-05-08T13:01:02.992+0000] {processor.py:830} INFO - Processing file /opt/airflow/dags/smart_city_traffic_batch_dag.py for tasks to queue
[2026-05-08T13:01:03.095+0000] {logging_mixin.py:188} INFO - [2026-05-08T13:01:03.085+0000] {dagbag.py:545} INFO - Filling up the DagBag from /opt/airflow/dags/smart_city_traffic_batch_dag.py
[2026-05-08T13:01:03.576+0000] {processor.py:840} INFO - DAG(s) 'smart_city_traffic_batch_dag' retrieved from /opt/airflow/dags/smart_city_traffic_batch_dag.py
[2026-05-08T13:01:04.261+0000] {logging_mixin.py:188} INFO - [2026-05-08T13:01:04.261+0000] {dag.py:3089} INFO - Sync 1 DAGs
[2026-05-08T13:01:04.529+0000] {logging_mixin.py:188} INFO - [2026-05-08T13:01:04.527+0000] {dag.py:3947} INFO - Setting next_dagrun for smart_city_traffic_batch_dag to 2026-05-08 01:00:00+00:00, run_after=2026-05-09 01:00:00+00:00
[2026-05-08T13:01:04.643+0000] {processor.py:183} INFO - Processing /opt/airflow/dags/smart_city_traffic_batch_dag.py took 2.156 seconds
[2026-05-08T13:01:36.892+0000] {processor.py:161} INFO - Started process (PID=951) to work on /opt/airflow/dags/smart_city_traffic_batch_dag.py
[2026-05-08T13:01:36.940+0000] {processor.py:830} INFO - Processing file /opt/airflow/dags/smart_city_traffic_batch_dag.py for tasks to queue
[2026-05-08T13:01:37.084+0000] {logging_mixin.py:188} INFO - [2026-05-08T13:01:37.067+0000] {dagbag.py:545} INFO - Filling up the DagBag from /opt/airflow/dags/smart_city_traffic_batch_dag.py
[2026-05-08T13:01:38.025+0000] {processor.py:840} INFO - DAG(s) 'smart_city_traffic_batch_dag' retrieved from /opt/airflow/dags/smart_city_traffic_batch_dag.py
[2026-05-08T13:01:39.284+0000] {logging_mixin.py:188} INFO - [2026-05-08T13:01:39.282+0000] {dag.py:3089} INFO - Sync 1 DAGs
[2026-05-08T13:01:39.931+0000] {logging_mixin.py:188} INFO - [2026-05-08T13:01:39.929+0000] {dag.py:3947} INFO - Setting next_dagrun for smart_city_traffic_batch_dag to 2026-05-08 01:00:00+00:00, run_after=2026-05-09 01:00:00+00:00
[2026-05-08T13:01:40.098+0000] {processor.py:183} INFO - Processing /opt/airflow/dags/smart_city_traffic_batch_dag.py took 3.531 seconds
[2026-05-08T13:02:12.836+0000] {processor.py:161} INFO - Started process (PID=956) to work on /opt/airflow/dags/smart_city_traffic_batch_dag.py
[2026-05-08T13:02:12.884+0000] {processor.py:830} INFO - Processing file /opt/airflow/dags/smart_city_traffic_batch_dag.py for tasks to queue
[2026-05-08T13:02:12.998+0000] {logging_mixin.py:188} INFO - [2026-05-08T13:02:12.981+0000] {dagbag.py:545} INFO - Filling up the DagBag from /opt/airflow/dags/smart_city_traffic_batch_dag.py
[2026-05-08T13:02:13.589+0000] {processor.py:840} INFO - DAG(s) 'smart_city_traffic_batch_dag' retrieved from /opt/airflow/dags/smart_city_traffic_batch_dag.py
[2026-05-08T13:02:14.255+0000] {logging_mixin.py:188} INFO - [2026-05-08T13:02:14.254+0000] {dag.py:3089} INFO - Sync 1 DAGs
[2026-05-08T13:02:14.540+0000] {logging_mixin.py:188} INFO - [2026-05-08T13:02:14.539+0000] {dag.py:3947} INFO - Setting next_dagrun for smart_city_traffic_batch_dag to 2026-05-08 01:00:00+00:00, run_after=2026-05-09 01:00:00+00:00
[2026-05-08T13:02:14.679+0000] {processor.py:183} INFO - Processing /opt/airflow/dags/smart_city_traffic_batch_dag.py took 2.202 seconds
[2026-05-08T13:02:46.269+0000] {processor.py:161} INFO - Started process (PID=961) to work on /opt/airflow/dags/smart_city_traffic_batch_dag.py
[2026-05-08T13:02:46.283+0000] {processor.py:830} INFO - Processing file /opt/airflow/dags/smart_city_traffic_batch_dag.py for tasks to queue
[2026-05-08T13:02:46.478+0000] {logging_mixin.py:188} INFO - [2026-05-08T13:02:46.398+0000] {dagbag.py:545} INFO - Filling up the DagBag from /opt/airflow/dags/smart_city_traffic_batch_dag.py
[2026-05-08T13:02:47.117+0000] {processor.py:840} INFO - DAG(s) 'smart_city_traffic_batch_dag' retrieved from /opt/airflow/dags/smart_city_traffic_batch_dag.py
[2026-05-08T13:02:47.799+0000] {logging_mixin.py:188} INFO - [2026-05-08T13:02:47.797+0000] {dag.py:3089} INFO - Sync 1 DAGs
[2026-05-08T13:02:48.049+0000] {logging_mixin.py:188} INFO - [2026-05-08T13:02:48.048+0000] {dag.py:3947} INFO - Setting next_dagrun for smart_city_traffic_batch_dag to 2026-05-08 01:00:00+00:00, run_after=2026-05-09 01:00:00+00:00
[2026-05-08T13:02:48.181+0000] {processor.py:183} INFO - Processing /opt/airflow/dags/smart_city_traffic_batch_dag.py took 2.186 seconds
[2026-05-08T13:03:19.455+0000] {processor.py:161} INFO - Started process (PID=966) to work on /opt/airflow/dags/smart_city_traffic_batch_dag.py
[2026-05-08T13:03:19.538+0000] {processor.py:830} INFO - Processing file /opt/airflow/dags/smart_city_traffic_batch_dag.py for tasks to queue
[2026-05-08T13:03:19.656+0000] {logging_mixin.py:188} INFO - [2026-05-08T13:03:19.635+0000] {dagbag.py:545} INFO - Filling up the DagBag from /opt/airflow/dags/smart_city_traffic_batch_dag.py
[2026-05-08T13:03:20.186+0000] {processor.py:840} INFO - DAG(s) 'smart_city_traffic_batch_dag' retrieved from /opt/airflow/dags/smart_city_traffic_batch_dag.py
[2026-05-08T13:03:21.090+0000] {logging_mixin.py:188} INFO - [2026-05-08T13:03:21.089+0000] {dag.py:3089} INFO - Sync 1 DAGs
[2026-05-08T13:03:21.386+0000] {logging_mixin.py:188} INFO - [2026-05-08T13:03:21.384+0000] {dag.py:3947} INFO - Setting next_dagrun for smart_city_traffic_batch_dag to 2026-05-08 01:00:00+00:00, run_after=2026-05-09 01:00:00+00:00
[2026-05-08T13:03:21.531+0000] {processor.py:183} INFO - Processing /opt/airflow/dags/smart_city_traffic_batch_dag.py took 2.357 seconds
[2026-05-08T13:03:52.183+0000] {processor.py:161} INFO - Started process (PID=971) to work on /opt/airflow/dags/smart_city_traffic_batch_dag.py
[2026-05-08T13:03:52.199+0000] {processor.py:830} INFO - Processing file /opt/airflow/dags/smart_city_traffic_batch_dag.py for tasks to queue
[2026-05-08T13:03:52.270+0000] {logging_mixin.py:188} INFO - [2026-05-08T13:03:52.266+0000] {dagbag.py:545} INFO - Filling up the DagBag from /opt/airflow/dags/smart_city_traffic_batch_dag.py
[2026-05-08T13:03:52.649+0000] {processor.py:840} INFO - DAG(s) 'smart_city_traffic_batch_dag' retrieved from /opt/airflow/dags/smart_city_traffic_batch_dag.py
[2026-05-08T13:03:53.518+0000] {logging_mixin.py:188} INFO - [2026-05-08T13:03:53.517+0000] {dag.py:3089} INFO - Sync 1 DAGs
[2026-05-08T13:03:53.883+0000] {logging_mixin.py:188} INFO - [2026-05-08T13:03:53.882+0000] {dag.py:3947} INFO - Setting next_dagrun for smart_city_traffic_batch_dag to 2026-05-08 01:00:00+00:00, run_after=2026-05-09 01:00:00+00:00
[2026-05-08T13:03:54.078+0000] {processor.py:183} INFO - Processing /opt/airflow/dags/smart_city_traffic_batch_dag.py took 2.038 seconds
[2026-05-08T13:04:28.673+0000] {processor.py:161} INFO - Started process (PID=976) to work on /opt/airflow/dags/smart_city_traffic_batch_dag.py
[2026-05-08T13:04:28.733+0000] {processor.py:830} INFO - Processing file /opt/airflow/dags/smart_city_traffic_batch_dag.py for tasks to queue
[2026-05-08T13:04:28.911+0000] {logging_mixin.py:188} INFO - [2026-05-08T13:04:28.888+0000] {dagbag.py:545} INFO - Filling up the DagBag from /opt/airflow/dags/smart_city_traffic_batch_dag.py
[2026-05-08T13:04:29.993+0000] {processor.py:840} INFO - DAG(s) 'smart_city_traffic_batch_dag' retrieved from /opt/airflow/dags/smart_city_traffic_batch_dag.py
[2026-05-08T13:04:31.257+0000] {logging_mixin.py:188} INFO - [2026-05-08T13:04:31.256+0000] {dag.py:3089} INFO - Sync 1 DAGs
[2026-05-08T13:04:31.661+0000] {logging_mixin.py:188} INFO - [2026-05-08T13:04:31.659+0000] {dag.py:3947} INFO - Setting next_dagrun for smart_city_traffic_batch_dag to 2026-05-08 01:00:00+00:00, run_after=2026-05-09 01:00:00+00:00
[2026-05-08T13:04:31.868+0000] {processor.py:183} INFO - Processing /opt/airflow/dags/smart_city_traffic_batch_dag.py took 4.060 seconds
[2026-05-08T13:05:04.149+0000] {processor.py:161} INFO - Started process (PID=981) to work on /opt/airflow/dags/smart_city_traffic_batch_dag.py
[2026-05-08T13:05:04.180+0000] {processor.py:830} INFO - Processing file /opt/airflow/dags/smart_city_traffic_batch_dag.py for tasks to queue
[2026-05-08T13:05:04.312+0000] {logging_mixin.py:188} INFO - [2026-05-08T13:05:04.293+0000] {dagbag.py:545} INFO - Filling up the DagBag from /opt/airflow/dags/smart_city_traffic_batch_dag.py
[2026-05-08T13:05:04.999+0000] {processor.py:840} INFO - DAG(s) 'smart_city_traffic_batch_dag' retrieved from /opt/airflow/dags/smart_city_traffic_batch_dag.py
[2026-05-08T13:05:06.731+0000] {logging_mixin.py:188} INFO - [2026-05-08T13:05:06.728+0000] {dag.py:3089} INFO - Sync 1 DAGs
[2026-05-08T13:05:07.253+0000] {logging_mixin.py:188} INFO - [2026-05-08T13:05:07.252+0000] {dag.py:3947} INFO - Setting next_dagrun for smart_city_traffic_batch_dag to 2026-05-08 01:00:00+00:00, run_after=2026-05-09 01:00:00+00:00
[2026-05-08T13:05:07.424+0000] {processor.py:183} INFO - Processing /opt/airflow/dags/smart_city_traffic_batch_dag.py took 3.650 seconds
[2026-05-08T13:05:39.878+0000] {processor.py:161} INFO - Started process (PID=986) to work on /opt/airflow/dags/smart_city_traffic_batch_dag.py
[2026-05-08T13:05:40.272+0000] {processor.py:830} INFO - Processing file /opt/airflow/dags/smart_city_traffic_batch_dag.py for tasks to queue
[2026-05-08T13:05:40.741+0000] {logging_mixin.py:188} INFO - [2026-05-08T13:05:40.716+0000] {dagbag.py:545} INFO - Filling up the DagBag from /opt/airflow/dags/smart_city_traffic_batch_dag.py
[2026-05-08T13:05:41.925+0000] {processor.py:840} INFO - DAG(s) 'smart_city_traffic_batch_dag' retrieved from /opt/airflow/dags/smart_city_traffic_batch_dag.py
[2026-05-08T13:05:43.659+0000] {logging_mixin.py:188} INFO - [2026-05-08T13:05:43.657+0000] {dag.py:3089} INFO - Sync 1 DAGs
[2026-05-08T13:05:44.550+0000] {logging_mixin.py:188} INFO - [2026-05-08T13:05:44.548+0000] {dag.py:3947} INFO - Setting next_dagrun for smart_city_traffic_batch_dag to 2026-05-08 01:00:00+00:00, run_after=2026-05-09 01:00:00+00:00
[2026-05-08T13:05:44.928+0000] {processor.py:183} INFO - Processing /opt/airflow/dags/smart_city_traffic_batch_dag.py took 5.316 seconds
[2026-05-08T13:06:16.528+0000] {processor.py:161} INFO - Started process (PID=991) to work on /opt/airflow/dags/smart_city_traffic_batch_dag.py
[2026-05-08T13:06:16.571+0000] {processor.py:830} INFO - Processing file /opt/airflow/dags/smart_city_traffic_batch_dag.py for tasks to queue
[2026-05-08T13:06:16.664+0000] {logging_mixin.py:188} INFO - [2026-05-08T13:06:16.650+0000] {dagbag.py:545} INFO - Filling up the DagBag from /opt/airflow/dags/smart_city_traffic_batch_dag.py
[2026-05-08T13:06:17.371+0000] {processor.py:840} INFO - DAG(s) 'smart_city_traffic_batch_dag' retrieved from /opt/airflow/dags/smart_city_traffic_batch_dag.py
[2026-05-08T13:06:18.682+0000] {logging_mixin.py:188} INFO - [2026-05-08T13:06:18.682+0000] {dag.py:3089} INFO - Sync 1 DAGs
[2026-05-08T13:06:19.078+0000] {logging_mixin.py:188} INFO - [2026-05-08T13:06:19.077+0000] {dag.py:3947} INFO - Setting next_dagrun for smart_city_traffic_batch_dag to 2026-05-08 01:00:00+00:00, run_after=2026-05-09 01:00:00+00:00
[2026-05-08T13:06:19.265+0000] {processor.py:183} INFO - Processing /opt/airflow/dags/smart_city_traffic_batch_dag.py took 2.974 seconds
[2026-05-08T13:06:51.044+0000] {processor.py:161} INFO - Started process (PID=996) to work on /opt/airflow/dags/smart_city_traffic_batch_dag.py
[2026-05-08T13:06:51.069+0000] {processor.py:830} INFO - Processing file /opt/airflow/dags/smart_city_traffic_batch_dag.py for tasks to queue
[2026-05-08T13:06:51.195+0000] {logging_mixin.py:188} INFO - [2026-05-08T13:06:51.178+0000] {dagbag.py:545} INFO - Filling up the DagBag from /opt/airflow/dags/smart_city_traffic_batch_dag.py
[2026-05-08T13:06:52.050+0000] {processor.py:840} INFO - DAG(s) 'smart_city_traffic_batch_dag' retrieved from /opt/airflow/dags/smart_city_traffic_batch_dag.py
[2026-05-08T13:06:53.328+0000] {logging_mixin.py:188} INFO - [2026-05-08T13:06:53.326+0000] {dag.py:3089} INFO - Sync 1 DAGs
[2026-05-08T13:06:53.710+0000] {logging_mixin.py:188} INFO - [2026-05-08T13:06:53.708+0000] {dag.py:3947} INFO - Setting next_dagrun for smart_city_traffic_batch_dag to 2026-05-08 01:00:00+00:00, run_after=2026-05-09 01:00:00+00:00
[2026-05-08T13:06:53.881+0000] {processor.py:183} INFO - Processing /opt/airflow/dags/smart_city_traffic_batch_dag.py took 3.198 seconds
[2026-05-08T13:07:25.088+0000] {processor.py:161} INFO - Started process (PID=1001) to work on /opt/airflow/dags/smart_city_traffic_batch_dag.py
[2026-05-08T13:07:25.106+0000] {processor.py:830} INFO - Processing file /opt/airflow/dags/smart_city_traffic_batch_dag.py for tasks to queue
[2026-05-08T13:07:25.239+0000] {logging_mixin.py:188} INFO - [2026-05-08T13:07:25.220+0000] {dagbag.py:545} INFO - Filling up the DagBag from /opt/airflow/dags/smart_city_traffic_batch_dag.py
[2026-05-08T13:07:25.959+0000] {processor.py:840} INFO - DAG(s) 'smart_city_traffic_batch_dag' retrieved from /opt/airflow/dags/smart_city_traffic_batch_dag.py
[2026-05-08T13:07:26.812+0000] {logging_mixin.py:188} INFO - [2026-05-08T13:07:26.811+0000] {dag.py:3089} INFO - Sync 1 DAGs
[2026-05-08T13:07:27.107+0000] {logging_mixin.py:188} INFO - [2026-05-08T13:07:27.106+0000] {dag.py:3947} INFO - Setting next_dagrun for smart_city_traffic_batch_dag to 2026-05-08 01:00:00+00:00, run_after=2026-05-09 01:00:00+00:00
[2026-05-08T13:07:27.249+0000] {processor.py:183} INFO - Processing /opt/airflow/dags/smart_city_traffic_batch_dag.py took 2.442 seconds
[2026-05-08T13:07:59.131+0000] {processor.py:161} INFO - Started process (PID=1006) to work on /opt/airflow/dags/smart_city_traffic_batch_dag.py
[2026-05-08T13:07:59.150+0000] {processor.py:830} INFO - Processing file /opt/airflow/dags/smart_city_traffic_batch_dag.py for tasks to queue
[2026-05-08T13:07:59.253+0000] {logging_mixin.py:188} INFO - [2026-05-08T13:07:59.238+0000] {dagbag.py:545} INFO - Filling up the DagBag from /opt/airflow/dags/smart_city_traffic_batch_dag.py
[2026-05-08T13:07:59.871+0000] {processor.py:840} INFO - DAG(s) 'smart_city_traffic_batch_dag' retrieved from /opt/airflow/dags/smart_city_traffic_batch_dag.py
[2026-05-08T13:08:00.849+0000] {logging_mixin.py:188} INFO - [2026-05-08T13:08:00.847+0000] {dag.py:3089} INFO - Sync 1 DAGs
[2026-05-08T13:08:01.606+0000] {logging_mixin.py:188} INFO - [2026-05-08T13:08:01.605+0000] {dag.py:3947} INFO - Setting next_dagrun for smart_city_traffic_batch_dag to 2026-05-08 01:00:00+00:00, run_after=2026-05-09 01:00:00+00:00
[2026-05-08T13:08:01.845+0000] {processor.py:183} INFO - Processing /opt/airflow/dags/smart_city_traffic_batch_dag.py took 3.033 seconds
[2026-05-08T13:08:33.521+0000] {processor.py:161} INFO - Started process (PID=1011) to work on /opt/airflow/dags/smart_city_traffic_batch_dag.py
[2026-05-08T13:08:33.531+0000] {processor.py:830} INFO - Processing file /opt/airflow/dags/smart_city_traffic_batch_dag.py for tasks to queue
[2026-05-08T13:08:33.598+0000] {logging_mixin.py:188} INFO - [2026-05-08T13:08:33.595+0000] {dagbag.py:545} INFO - Filling up the DagBag from /opt/airflow/dags/smart_city_traffic_batch_dag.py
[2026-05-08T13:08:34.029+0000] {processor.py:840} INFO - DAG(s) 'smart_city_traffic_batch_dag' retrieved from /opt/airflow/dags/smart_city_traffic_batch_dag.py
[2026-05-08T13:08:34.676+0000] {logging_mixin.py:188} INFO - [2026-05-08T13:08:34.675+0000] {dag.py:3089} INFO - Sync 1 DAGs
[2026-05-08T13:08:34.991+0000] {logging_mixin.py:188} INFO - [2026-05-08T13:08:34.990+0000] {dag.py:3947} INFO - Setting next_dagrun for smart_city_traffic_batch_dag to 2026-05-08 01:00:00+00:00, run_after=2026-05-09 01:00:00+00:00
[2026-05-08T13:08:35.141+0000] {processor.py:183} INFO - Processing /opt/airflow/dags/smart_city_traffic_batch_dag.py took 1.896 seconds
[2026-05-08T13:09:07.261+0000] {processor.py:161} INFO - Started process (PID=1016) to work on /opt/airflow/dags/smart_city_traffic_batch_dag.py
[2026-05-08T13:09:07.282+0000] {processor.py:830} INFO - Processing file /opt/airflow/dags/smart_city_traffic_batch_dag.py for tasks to queue
[2026-05-08T13:09:07.368+0000] {logging_mixin.py:188} INFO - [2026-05-08T13:09:07.355+0000] {dagbag.py:545} INFO - Filling up the DagBag from /opt/airflow/dags/smart_city_traffic_batch_dag.py
[2026-05-08T13:09:07.901+0000] {processor.py:840} INFO - DAG(s) 'smart_city_traffic_batch_dag' retrieved from /opt/airflow/dags/smart_city_traffic_batch_dag.py
[2026-05-08T13:09:08.978+0000] {logging_mixin.py:188} INFO - [2026-05-08T13:09:08.978+0000] {dag.py:3089} INFO - Sync 1 DAGs
[2026-05-08T13:09:09.300+0000] {logging_mixin.py:188} INFO - [2026-05-08T13:09:09.297+0000] {dag.py:3947} INFO - Setting next_dagrun for smart_city_traffic_batch_dag to 2026-05-08 01:00:00+00:00, run_after=2026-05-09 01:00:00+00:00
[2026-05-08T13:09:09.453+0000] {processor.py:183} INFO - Processing /opt/airflow/dags/smart_city_traffic_batch_dag.py took 2.413 seconds
[2026-05-08T13:09:42.323+0000] {processor.py:161} INFO - Started process (PID=1021) to work on /opt/airflow/dags/smart_city_traffic_batch_dag.py
[2026-05-08T13:09:42.407+0000] {processor.py:830} INFO - Processing file /opt/airflow/dags/smart_city_traffic_batch_dag.py for tasks to queue
[2026-05-08T13:09:42.541+0000] {logging_mixin.py:188} INFO - [2026-05-08T13:09:42.523+0000] {dagbag.py:545} INFO - Filling up the DagBag from /opt/airflow/dags/smart_city_traffic_batch_dag.py
[2026-05-08T13:09:43.229+0000] {processor.py:840} INFO - DAG(s) 'smart_city_traffic_batch_dag' retrieved from /opt/airflow/dags/smart_city_traffic_batch_dag.py
[2026-05-08T13:09:44.430+0000] {logging_mixin.py:188} INFO - [2026-05-08T13:09:44.428+0000] {dag.py:3089} INFO - Sync 1 DAGs
[2026-05-08T13:09:44.858+0000] {logging_mixin.py:188} INFO - [2026-05-08T13:09:44.857+0000] {dag.py:3947} INFO - Setting next_dagrun for smart_city_traffic_batch_dag to 2026-05-08 01:00:00+00:00, run_after=2026-05-09 01:00:00+00:00
[2026-05-08T13:09:45.034+0000] {processor.py:183} INFO - Processing /opt/airflow/dags/smart_city_traffic_batch_dag.py took 3.099 seconds
[2026-05-08T13:10:17.213+0000] {processor.py:161} INFO - Started process (PID=1026) to work on /opt/airflow/dags/smart_city_traffic_batch_dag.py
[2026-05-08T13:10:17.232+0000] {processor.py:830} INFO - Processing file /opt/airflow/dags/smart_city_traffic_batch_dag.py for tasks to queue
[2026-05-08T13:10:17.322+0000] {logging_mixin.py:188} INFO - [2026-05-08T13:10:17.308+0000] {dagbag.py:545} INFO - Filling up the DagBag from /opt/airflow/dags/smart_city_traffic_batch_dag.py
[2026-05-08T13:10:17.837+0000] {processor.py:840} INFO - DAG(s) 'smart_city_traffic_batch_dag' retrieved from /opt/airflow/dags/smart_city_traffic_batch_dag.py
[2026-05-08T13:10:18.665+0000] {logging_mixin.py:188} INFO - [2026-05-08T13:10:18.665+0000] {dag.py:3089} INFO - Sync 1 DAGs
[2026-05-08T13:10:19.025+0000] {logging_mixin.py:188} INFO - [2026-05-08T13:10:19.023+0000] {dag.py:3947} INFO - Setting next_dagrun for smart_city_traffic_batch_dag to 2026-05-08 01:00:00+00:00, run_after=2026-05-09 01:00:00+00:00
[2026-05-08T13:10:19.183+0000] {processor.py:183} INFO - Processing /opt/airflow/dags/smart_city_traffic_batch_dag.py took 2.195 seconds
[2026-05-08T13:10:52.255+0000] {processor.py:161} INFO - Started process (PID=1031) to work on /opt/airflow/dags/smart_city_traffic_batch_dag.py
[2026-05-08T13:10:52.279+0000] {processor.py:830} INFO - Processing file /opt/airflow/dags/smart_city_traffic_batch_dag.py for tasks to queue
[2026-05-08T13:10:52.399+0000] {logging_mixin.py:188} INFO - [2026-05-08T13:10:52.381+0000] {dagbag.py:545} INFO - Filling up the DagBag from /opt/airflow/dags/smart_city_traffic_batch_dag.py
[2026-05-08T13:10:53.138+0000] {processor.py:840} INFO - DAG(s) 'smart_city_traffic_batch_dag' retrieved from /opt/airflow/dags/smart_city_traffic_batch_dag.py
[2026-05-08T13:10:54.037+0000] {logging_mixin.py:188} INFO - [2026-05-08T13:10:54.034+0000] {dag.py:3089} INFO - Sync 1 DAGs
[2026-05-08T13:10:54.408+0000] {logging_mixin.py:188} INFO - [2026-05-08T13:10:54.406+0000] {dag.py:3947} INFO - Setting next_dagrun for smart_city_traffic_batch_dag to 2026-05-08 01:00:00+00:00, run_after=2026-05-09 01:00:00+00:00
[2026-05-08T13:10:54.547+0000] {processor.py:183} INFO - Processing /opt/airflow/dags/smart_city_traffic_batch_dag.py took 2.612 seconds
[2026-05-08T13:11:26.488+0000] {processor.py:161} INFO - Started process (PID=1036) to work on /opt/airflow/dags/smart_city_traffic_batch_dag.py
[2026-05-08T13:11:26.509+0000] {processor.py:830} INFO - Processing file /opt/airflow/dags/smart_city_traffic_batch_dag.py for tasks to queue
[2026-05-08T13:11:26.623+0000] {logging_mixin.py:188} INFO - [2026-05-08T13:11:26.598+0000] {dagbag.py:545} INFO - Filling up the DagBag from /opt/airflow/dags/smart_city_traffic_batch_dag.py
[2026-05-08T13:11:27.254+0000] {processor.py:840} INFO - DAG(s) 'smart_city_traffic_batch_dag' retrieved from /opt/airflow/dags/smart_city_traffic_batch_dag.py
[2026-05-08T13:11:28.320+0000] {logging_mixin.py:188} INFO - [2026-05-08T13:11:28.318+0000] {dag.py:3089} INFO - Sync 1 DAGs
[2026-05-08T13:11:28.881+0000] {logging_mixin.py:188} INFO - [2026-05-08T13:11:28.880+0000] {dag.py:3947} INFO - Setting next_dagrun for smart_city_traffic_batch_dag to 2026-05-08 01:00:00+00:00, run_after=2026-05-09 01:00:00+00:00
[2026-05-08T13:11:29.112+0000] {processor.py:183} INFO - Processing /opt/airflow/dags/smart_city_traffic_batch_dag.py took 2.954 seconds
[2026-05-08T13:12:00.810+0000] {processor.py:161} INFO - Started process (PID=1041) to work on /opt/airflow/dags/smart_city_traffic_batch_dag.py
[2026-05-08T13:12:00.839+0000] {processor.py:830} INFO - Processing file /opt/airflow/dags/smart_city_traffic_batch_dag.py for tasks to queue
[2026-05-08T13:12:01.001+0000] {logging_mixin.py:188} INFO - [2026-05-08T13:12:00.952+0000] {dagbag.py:545} INFO - Filling up the DagBag from /opt/airflow/dags/smart_city_traffic_batch_dag.py
[2026-05-08T13:12:01.937+0000] {processor.py:840} INFO - DAG(s) 'smart_city_traffic_batch_dag' retrieved from /opt/airflow/dags/smart_city_traffic_batch_dag.py
[2026-05-08T13:12:03.232+0000] {logging_mixin.py:188} INFO - [2026-05-08T13:12:03.231+0000] {dag.py:3089} INFO - Sync 1 DAGs
[2026-05-08T13:12:03.590+0000] {logging_mixin.py:188} INFO - [2026-05-08T13:12:03.588+0000] {dag.py:3947} INFO - Setting next_dagrun for smart_city_traffic_batch_dag to 2026-05-08 01:00:00+00:00, run_after=2026-05-09 01:00:00+00:00
[2026-05-08T13:12:03.745+0000] {processor.py:183} INFO - Processing /opt/airflow/dags/smart_city_traffic_batch_dag.py took 3.558 seconds
[2026-05-08T13:12:36.159+0000] {processor.py:161} INFO - Started process (PID=1046) to work on /opt/airflow/dags/smart_city_traffic_batch_dag.py
[2026-05-08T13:12:36.211+0000] {processor.py:830} INFO - Processing file /opt/airflow/dags/smart_city_traffic_batch_dag.py for tasks to queue
[2026-05-08T13:12:36.345+0000] {logging_mixin.py:188} INFO - [2026-05-08T13:12:36.325+0000] {dagbag.py:545} INFO - Filling up the DagBag from /opt/airflow/dags/smart_city_traffic_batch_dag.py
[2026-05-08T13:12:37.695+0000] {processor.py:840} INFO - DAG(s) 'smart_city_traffic_batch_dag' retrieved from /opt/airflow/dags/smart_city_traffic_batch_dag.py
[2026-05-08T13:12:39.021+0000] {logging_mixin.py:188} INFO - [2026-05-08T13:12:39.019+0000] {dag.py:3089} INFO - Sync 1 DAGs
[2026-05-08T13:12:39.620+0000] {logging_mixin.py:188} INFO - [2026-05-08T13:12:39.619+0000] {dag.py:3947} INFO - Setting next_dagrun for smart_city_traffic_batch_dag to 2026-05-08 01:00:00+00:00, run_after=2026-05-09 01:00:00+00:00
[2026-05-08T13:12:39.867+0000] {processor.py:183} INFO - Processing /opt/airflow/dags/smart_city_traffic_batch_dag.py took 4.155 seconds
[2026-05-08T13:13:12.353+0000] {processor.py:161} INFO - Started process (PID=1051) to work on /opt/airflow/dags/smart_city_traffic_batch_dag.py
[2026-05-08T13:13:12.372+0000] {processor.py:830} INFO - Processing file /opt/airflow/dags/smart_city_traffic_batch_dag.py for tasks to queue
[2026-05-08T13:13:12.517+0000] {logging_mixin.py:188} INFO - [2026-05-08T13:13:12.497+0000] {dagbag.py:545} INFO - Filling up the DagBag from /opt/airflow/dags/smart_city_traffic_batch_dag.py
[2026-05-08T13:13:13.522+0000] {processor.py:840} INFO - DAG(s) 'smart_city_traffic_batch_dag' retrieved from /opt/airflow/dags/smart_city_traffic_batch_dag.py
[2026-05-08T13:13:14.919+0000] {logging_mixin.py:188} INFO - [2026-05-08T13:13:14.918+0000] {dag.py:3089} INFO - Sync 1 DAGs
[2026-05-08T13:13:15.586+0000] {logging_mixin.py:188} INFO - [2026-05-08T13:13:15.585+0000] {dag.py:3947} INFO - Setting next_dagrun for smart_city_traffic_batch_dag to 2026-05-08 01:00:00+00:00, run_after=2026-05-09 01:00:00+00:00
[2026-05-08T13:13:16.026+0000] {processor.py:183} INFO - Processing /opt/airflow/dags/smart_city_traffic_batch_dag.py took 4.053 seconds
[2026-05-08T13:13:48.043+0000] {processor.py:161} INFO - Started process (PID=1056) to work on /opt/airflow/dags/smart_city_traffic_batch_dag.py
[2026-05-08T13:13:48.108+0000] {processor.py:830} INFO - Processing file /opt/airflow/dags/smart_city_traffic_batch_dag.py for tasks to queue
[2026-05-08T13:13:48.245+0000] {logging_mixin.py:188} INFO - [2026-05-08T13:13:48.226+0000] {dagbag.py:545} INFO - Filling up the DagBag from /opt/airflow/dags/smart_city_traffic_batch_dag.py
[2026-05-08T13:13:49.141+0000] {processor.py:840} INFO - DAG(s) 'smart_city_traffic_batch_dag' retrieved from /opt/airflow/dags/smart_city_traffic_batch_dag.py
[2026-05-08T13:13:50.761+0000] {logging_mixin.py:188} INFO - [2026-05-08T13:13:50.757+0000] {dag.py:3089} INFO - Sync 1 DAGs
[2026-05-08T13:13:51.450+0000] {logging_mixin.py:188} INFO - [2026-05-08T13:13:51.448+0000] {dag.py:3947} INFO - Setting next_dagrun for smart_city_traffic_batch_dag to 2026-05-08 01:00:00+00:00, run_after=2026-05-09 01:00:00+00:00
[2026-05-08T13:13:51.688+0000] {processor.py:183} INFO - Processing /opt/airflow/dags/smart_city_traffic_batch_dag.py took 4.052 seconds
[2026-05-08T13:14:23.450+0000] {processor.py:161} INFO - Started process (PID=1061) to work on /opt/airflow/dags/smart_city_traffic_batch_dag.py
[2026-05-08T13:14:23.482+0000] {processor.py:830} INFO - Processing file /opt/airflow/dags/smart_city_traffic_batch_dag.py for tasks to queue
[2026-05-08T13:14:23.564+0000] {logging_mixin.py:188} INFO - [2026-05-08T13:14:23.551+0000] {dagbag.py:545} INFO - Filling up the DagBag from /opt/airflow/dags/smart_city_traffic_batch_dag.py
[2026-05-08T13:14:24.049+0000] {processor.py:840} INFO - DAG(s) 'smart_city_traffic_batch_dag' retrieved from /opt/airflow/dags/smart_city_traffic_batch_dag.py
[2026-05-08T13:14:24.725+0000] {logging_mixin.py:188} INFO - [2026-05-08T13:14:24.724+0000] {dag.py:3089} INFO - Sync 1 DAGs
[2026-05-08T13:14:25.052+0000] {logging_mixin.py:188} INFO - [2026-05-08T13:14:25.051+0000] {dag.py:3947} INFO - Setting next_dagrun for smart_city_traffic_batch_dag to 2026-05-08 01:00:00+00:00, run_after=2026-05-09 01:00:00+00:00
[2026-05-08T13:14:25.191+0000] {processor.py:183} INFO - Processing /opt/airflow/dags/smart_city_traffic_batch_dag.py took 1.951 seconds
