[2026-01-25T06:09:38.634+0000] {processor.py:161} INFO - Started process (PID=171) to work on /opt/airflow/dags/smart_city_traffic_batch_dag.py
[2026-01-25T06:09:38.637+0000] {processor.py:830} INFO - Processing file /opt/airflow/dags/smart_city_traffic_batch_dag.py for tasks to queue
[2026-01-25T06:09:38.642+0000] {logging_mixin.py:188} INFO - [2026-01-25T06:09:38.641+0000] {dagbag.py:545} INFO - Filling up the DagBag from /opt/airflow/dags/smart_city_traffic_batch_dag.py
[2026-01-25T06:09:47.563+0000] {processor.py:840} INFO - DAG(s) 'smart_city_traffic_batch_dag' retrieved from /opt/airflow/dags/smart_city_traffic_batch_dag.py
[2026-01-25T06:09:51.056+0000] {logging_mixin.py:188} INFO - [2026-01-25T06:09:50.954+0000] {dag.py:3089} INFO - Sync 1 DAGs
[2026-01-25T06:10:08.047+0000] {logging_mixin.py:188} INFO - [2026-01-25T06:10:08.034+0000] {dag.py:3947} INFO - Setting next_dagrun for smart_city_traffic_batch_dag to 2026-01-25 01:00:00+00:00, run_after=2026-01-26 01:00:00+00:00
[2026-01-25T06:10:08.173+0000] {processor.py:183} INFO - Processing /opt/airflow/dags/smart_city_traffic_batch_dag.py took 29.612 seconds
[2026-01-25T06:10:41.030+0000] {processor.py:161} INFO - Started process (PID=208) to work on /opt/airflow/dags/smart_city_traffic_batch_dag.py
[2026-01-25T06:10:41.056+0000] {processor.py:830} INFO - Processing file /opt/airflow/dags/smart_city_traffic_batch_dag.py for tasks to queue
[2026-01-25T06:10:41.171+0000] {logging_mixin.py:188} INFO - [2026-01-25T06:10:41.143+0000] {dagbag.py:545} INFO - Filling up the DagBag from /opt/airflow/dags/smart_city_traffic_batch_dag.py
[2026-01-25T06:10:45.213+0000] {processor.py:840} INFO - DAG(s) 'smart_city_traffic_batch_dag' retrieved from /opt/airflow/dags/smart_city_traffic_batch_dag.py
[2026-01-25T06:10:45.909+0000] {logging_mixin.py:188} INFO - [2026-01-25T06:10:45.907+0000] {dag.py:3089} INFO - Sync 1 DAGs
[2026-01-25T06:10:46.359+0000] {logging_mixin.py:188} INFO - [2026-01-25T06:10:46.358+0000] {dag.py:3947} INFO - Setting next_dagrun for smart_city_traffic_batch_dag to 2026-01-25 01:00:00+00:00, run_after=2026-01-26 01:00:00+00:00
[2026-01-25T06:10:46.585+0000] {processor.py:183} INFO - Processing /opt/airflow/dags/smart_city_traffic_batch_dag.py took 6.031 seconds
[2026-01-25T06:11:19.151+0000] {processor.py:161} INFO - Started process (PID=214) to work on /opt/airflow/dags/smart_city_traffic_batch_dag.py
[2026-01-25T06:11:19.186+0000] {processor.py:830} INFO - Processing file /opt/airflow/dags/smart_city_traffic_batch_dag.py for tasks to queue
[2026-01-25T06:11:19.502+0000] {logging_mixin.py:188} INFO - [2026-01-25T06:11:19.400+0000] {dagbag.py:545} INFO - Filling up the DagBag from /opt/airflow/dags/smart_city_traffic_batch_dag.py
[2026-01-25T06:11:26.004+0000] {processor.py:840} INFO - DAG(s) 'smart_city_traffic_batch_dag' retrieved from /opt/airflow/dags/smart_city_traffic_batch_dag.py
[2026-01-25T06:11:26.437+0000] {logging_mixin.py:188} INFO - [2026-01-25T06:11:26.435+0000] {dag.py:3089} INFO - Sync 1 DAGs
[2026-01-25T06:11:26.654+0000] {logging_mixin.py:188} INFO - [2026-01-25T06:11:26.653+0000] {dag.py:3947} INFO - Setting next_dagrun for smart_city_traffic_batch_dag to 2026-01-25 01:00:00+00:00, run_after=2026-01-26 01:00:00+00:00
[2026-01-25T06:11:26.741+0000] {processor.py:183} INFO - Processing /opt/airflow/dags/smart_city_traffic_batch_dag.py took 8.701 seconds
[2026-01-25T06:11:58.621+0000] {processor.py:161} INFO - Started process (PID=220) to work on /opt/airflow/dags/smart_city_traffic_batch_dag.py
[2026-01-25T06:11:58.652+0000] {processor.py:830} INFO - Processing file /opt/airflow/dags/smart_city_traffic_batch_dag.py for tasks to queue
[2026-01-25T06:11:58.744+0000] {logging_mixin.py:188} INFO - [2026-01-25T06:11:58.726+0000] {dagbag.py:545} INFO - Filling up the DagBag from /opt/airflow/dags/smart_city_traffic_batch_dag.py
[2026-01-25T06:12:04.635+0000] {processor.py:840} INFO - DAG(s) 'smart_city_traffic_batch_dag' retrieved from /opt/airflow/dags/smart_city_traffic_batch_dag.py
[2026-01-25T06:12:05.021+0000] {logging_mixin.py:188} INFO - [2026-01-25T06:12:05.020+0000] {dag.py:3089} INFO - Sync 1 DAGs
[2026-01-25T06:12:05.142+0000] {logging_mixin.py:188} INFO - [2026-01-25T06:12:05.141+0000] {dag.py:3947} INFO - Setting next_dagrun for smart_city_traffic_batch_dag to 2026-01-25 01:00:00+00:00, run_after=2026-01-26 01:00:00+00:00
[2026-01-25T06:12:05.221+0000] {processor.py:183} INFO - Processing /opt/airflow/dags/smart_city_traffic_batch_dag.py took 6.912 seconds
[2026-01-25T06:12:36.106+0000] {processor.py:161} INFO - Started process (PID=226) to work on /opt/airflow/dags/smart_city_traffic_batch_dag.py
[2026-01-25T06:12:36.118+0000] {processor.py:830} INFO - Processing file /opt/airflow/dags/smart_city_traffic_batch_dag.py for tasks to queue
[2026-01-25T06:12:36.169+0000] {logging_mixin.py:188} INFO - [2026-01-25T06:12:36.158+0000] {dagbag.py:545} INFO - Filling up the DagBag from /opt/airflow/dags/smart_city_traffic_batch_dag.py
[2026-01-25T06:12:38.888+0000] {processor.py:840} INFO - DAG(s) 'smart_city_traffic_batch_dag' retrieved from /opt/airflow/dags/smart_city_traffic_batch_dag.py
[2026-01-25T06:12:39.173+0000] {logging_mixin.py:188} INFO - [2026-01-25T06:12:39.173+0000] {dag.py:3089} INFO - Sync 1 DAGs
[2026-01-25T06:12:39.287+0000] {logging_mixin.py:188} INFO - [2026-01-25T06:12:39.286+0000] {dag.py:3947} INFO - Setting next_dagrun for smart_city_traffic_batch_dag to 2026-01-25 01:00:00+00:00, run_after=2026-01-26 01:00:00+00:00
[2026-01-25T06:12:39.370+0000] {processor.py:183} INFO - Processing /opt/airflow/dags/smart_city_traffic_batch_dag.py took 3.395 seconds
[2026-01-25T06:13:10.679+0000] {processor.py:161} INFO - Started process (PID=232) to work on /opt/airflow/dags/smart_city_traffic_batch_dag.py
[2026-01-25T06:13:10.699+0000] {processor.py:830} INFO - Processing file /opt/airflow/dags/smart_city_traffic_batch_dag.py for tasks to queue
[2026-01-25T06:13:10.758+0000] {logging_mixin.py:188} INFO - [2026-01-25T06:13:10.747+0000] {dagbag.py:545} INFO - Filling up the DagBag from /opt/airflow/dags/smart_city_traffic_batch_dag.py
[2026-01-25T06:13:13.695+0000] {processor.py:840} INFO - DAG(s) 'smart_city_traffic_batch_dag' retrieved from /opt/airflow/dags/smart_city_traffic_batch_dag.py
[2026-01-25T06:13:14.288+0000] {logging_mixin.py:188} INFO - [2026-01-25T06:13:14.286+0000] {dag.py:3089} INFO - Sync 1 DAGs
[2026-01-25T06:13:14.488+0000] {logging_mixin.py:188} INFO - [2026-01-25T06:13:14.487+0000] {dag.py:3947} INFO - Setting next_dagrun for smart_city_traffic_batch_dag to 2026-01-25 01:00:00+00:00, run_after=2026-01-26 01:00:00+00:00
[2026-01-25T06:13:19.129+0000] {processor.py:183} INFO - Processing /opt/airflow/dags/smart_city_traffic_batch_dag.py took 8.575 seconds
[2026-01-25T06:13:51.227+0000] {processor.py:161} INFO - Started process (PID=238) to work on /opt/airflow/dags/smart_city_traffic_batch_dag.py
[2026-01-25T06:13:51.245+0000] {processor.py:830} INFO - Processing file /opt/airflow/dags/smart_city_traffic_batch_dag.py for tasks to queue
[2026-01-25T06:13:51.327+0000] {logging_mixin.py:188} INFO - [2026-01-25T06:13:51.310+0000] {dagbag.py:545} INFO - Filling up the DagBag from /opt/airflow/dags/smart_city_traffic_batch_dag.py
[2026-01-25T06:13:56.958+0000] {processor.py:840} INFO - DAG(s) 'smart_city_traffic_batch_dag' retrieved from /opt/airflow/dags/smart_city_traffic_batch_dag.py
[2026-01-25T06:13:57.955+0000] {logging_mixin.py:188} INFO - [2026-01-25T06:13:57.953+0000] {dag.py:3089} INFO - Sync 1 DAGs
[2026-01-25T06:13:58.349+0000] {logging_mixin.py:188} INFO - [2026-01-25T06:13:58.347+0000] {dag.py:3947} INFO - Setting next_dagrun for smart_city_traffic_batch_dag to 2026-01-25 01:00:00+00:00, run_after=2026-01-26 01:00:00+00:00
[2026-01-25T06:13:58.582+0000] {processor.py:183} INFO - Processing /opt/airflow/dags/smart_city_traffic_batch_dag.py took 7.669 seconds
[2026-01-25T06:14:29.971+0000] {processor.py:161} INFO - Started process (PID=244) to work on /opt/airflow/dags/smart_city_traffic_batch_dag.py
[2026-01-25T06:14:29.983+0000] {processor.py:830} INFO - Processing file /opt/airflow/dags/smart_city_traffic_batch_dag.py for tasks to queue
[2026-01-25T06:14:30.033+0000] {logging_mixin.py:188} INFO - [2026-01-25T06:14:30.022+0000] {dagbag.py:545} INFO - Filling up the DagBag from /opt/airflow/dags/smart_city_traffic_batch_dag.py
[2026-01-25T06:14:33.339+0000] {processor.py:840} INFO - DAG(s) 'smart_city_traffic_batch_dag' retrieved from /opt/airflow/dags/smart_city_traffic_batch_dag.py
[2026-01-25T06:14:33.923+0000] {logging_mixin.py:188} INFO - [2026-01-25T06:14:33.920+0000] {dag.py:3089} INFO - Sync 1 DAGs
[2026-01-25T06:14:34.169+0000] {logging_mixin.py:188} INFO - [2026-01-25T06:14:34.167+0000] {dag.py:3947} INFO - Setting next_dagrun for smart_city_traffic_batch_dag to 2026-01-25 01:00:00+00:00, run_after=2026-01-26 01:00:00+00:00
[2026-01-25T06:14:34.284+0000] {processor.py:183} INFO - Processing /opt/airflow/dags/smart_city_traffic_batch_dag.py took 4.457 seconds
[2026-01-25T06:15:05.539+0000] {processor.py:161} INFO - Started process (PID=250) to work on /opt/airflow/dags/smart_city_traffic_batch_dag.py
[2026-01-25T06:15:05.557+0000] {processor.py:830} INFO - Processing file /opt/airflow/dags/smart_city_traffic_batch_dag.py for tasks to queue
[2026-01-25T06:15:05.604+0000] {logging_mixin.py:188} INFO - [2026-01-25T06:15:05.592+0000] {dagbag.py:545} INFO - Filling up the DagBag from /opt/airflow/dags/smart_city_traffic_batch_dag.py
[2026-01-25T06:15:11.742+0000] {processor.py:840} INFO - DAG(s) 'smart_city_traffic_batch_dag' retrieved from /opt/airflow/dags/smart_city_traffic_batch_dag.py
[2026-01-25T06:15:12.267+0000] {logging_mixin.py:188} INFO - [2026-01-25T06:15:12.266+0000] {dag.py:3089} INFO - Sync 1 DAGs
[2026-01-25T06:15:12.963+0000] {logging_mixin.py:188} INFO - [2026-01-25T06:15:12.962+0000] {dag.py:3947} INFO - Setting next_dagrun for smart_city_traffic_batch_dag to 2026-01-25 01:00:00+00:00, run_after=2026-01-26 01:00:00+00:00
[2026-01-25T06:15:13.124+0000] {processor.py:183} INFO - Processing /opt/airflow/dags/smart_city_traffic_batch_dag.py took 7.736 seconds
[2026-01-25T06:15:44.346+0000] {processor.py:161} INFO - Started process (PID=307) to work on /opt/airflow/dags/smart_city_traffic_batch_dag.py
[2026-01-25T06:15:44.361+0000] {processor.py:830} INFO - Processing file /opt/airflow/dags/smart_city_traffic_batch_dag.py for tasks to queue
[2026-01-25T06:15:44.439+0000] {logging_mixin.py:188} INFO - [2026-01-25T06:15:44.427+0000] {dagbag.py:545} INFO - Filling up the DagBag from /opt/airflow/dags/smart_city_traffic_batch_dag.py
[2026-01-25T06:15:51.167+0000] {processor.py:840} INFO - DAG(s) 'smart_city_traffic_batch_dag' retrieved from /opt/airflow/dags/smart_city_traffic_batch_dag.py
[2026-01-25T06:15:51.720+0000] {logging_mixin.py:188} INFO - [2026-01-25T06:15:51.719+0000] {dag.py:3089} INFO - Sync 1 DAGs
[2026-01-25T06:15:52.146+0000] {logging_mixin.py:188} INFO - [2026-01-25T06:15:52.144+0000] {dag.py:3947} INFO - Setting next_dagrun for smart_city_traffic_batch_dag to 2026-01-25 01:00:00+00:00, run_after=2026-01-26 01:00:00+00:00
[2026-01-25T06:15:57.125+0000] {processor.py:183} INFO - Processing /opt/airflow/dags/smart_city_traffic_batch_dag.py took 13.177 seconds
[2026-01-25T06:16:29.074+0000] {processor.py:161} INFO - Started process (PID=313) to work on /opt/airflow/dags/smart_city_traffic_batch_dag.py
[2026-01-25T06:16:29.103+0000] {processor.py:830} INFO - Processing file /opt/airflow/dags/smart_city_traffic_batch_dag.py for tasks to queue
[2026-01-25T06:16:29.219+0000] {logging_mixin.py:188} INFO - [2026-01-25T06:16:29.196+0000] {dagbag.py:545} INFO - Filling up the DagBag from /opt/airflow/dags/smart_city_traffic_batch_dag.py
[2026-01-25T06:16:44.061+0000] {processor.py:840} INFO - DAG(s) 'smart_city_traffic_batch_dag' retrieved from /opt/airflow/dags/smart_city_traffic_batch_dag.py
[2026-01-25T06:16:45.684+0000] {logging_mixin.py:188} INFO - [2026-01-25T06:16:45.672+0000] {dag.py:3089} INFO - Sync 1 DAGs
[2026-01-25T06:16:47.676+0000] {logging_mixin.py:188} INFO - [2026-01-25T06:16:47.674+0000] {dag.py:3947} INFO - Setting next_dagrun for smart_city_traffic_batch_dag to 2026-01-25 01:00:00+00:00, run_after=2026-01-26 01:00:00+00:00
[2026-01-25T06:16:48.075+0000] {processor.py:183} INFO - Processing /opt/airflow/dags/smart_city_traffic_batch_dag.py took 19.235 seconds
[2026-01-25T06:17:19.794+0000] {processor.py:161} INFO - Started process (PID=319) to work on /opt/airflow/dags/smart_city_traffic_batch_dag.py
[2026-01-25T06:17:19.807+0000] {processor.py:830} INFO - Processing file /opt/airflow/dags/smart_city_traffic_batch_dag.py for tasks to queue
[2026-01-25T06:17:19.909+0000] {logging_mixin.py:188} INFO - [2026-01-25T06:17:19.892+0000] {dagbag.py:545} INFO - Filling up the DagBag from /opt/airflow/dags/smart_city_traffic_batch_dag.py
[2026-01-25T06:17:36.361+0000] {processor.py:840} INFO - DAG(s) 'smart_city_traffic_batch_dag' retrieved from /opt/airflow/dags/smart_city_traffic_batch_dag.py
[2026-01-25T06:17:37.885+0000] {logging_mixin.py:188} INFO - [2026-01-25T06:17:37.875+0000] {dag.py:3089} INFO - Sync 1 DAGs
[2026-01-25T06:17:40.046+0000] {logging_mixin.py:188} INFO - [2026-01-25T06:17:40.044+0000] {dag.py:3947} INFO - Setting next_dagrun for smart_city_traffic_batch_dag to 2026-01-25 01:00:00+00:00, run_after=2026-01-26 01:00:00+00:00
[2026-01-25T06:17:40.409+0000] {processor.py:183} INFO - Processing /opt/airflow/dags/smart_city_traffic_batch_dag.py took 20.983 seconds
[2026-01-25T06:18:14.067+0000] {processor.py:161} INFO - Started process (PID=325) to work on /opt/airflow/dags/smart_city_traffic_batch_dag.py
[2026-01-25T06:18:14.288+0000] {processor.py:830} INFO - Processing file /opt/airflow/dags/smart_city_traffic_batch_dag.py for tasks to queue
[2026-01-25T06:18:14.588+0000] {logging_mixin.py:188} INFO - [2026-01-25T06:18:14.549+0000] {dagbag.py:545} INFO - Filling up the DagBag from /opt/airflow/dags/smart_city_traffic_batch_dag.py
[2026-01-25T06:18:28.805+0000] {processor.py:840} INFO - DAG(s) 'smart_city_traffic_batch_dag' retrieved from /opt/airflow/dags/smart_city_traffic_batch_dag.py
[2026-01-25T06:18:29.955+0000] {logging_mixin.py:188} INFO - [2026-01-25T06:18:29.944+0000] {dag.py:3089} INFO - Sync 1 DAGs
[2026-01-25T06:18:30.283+0000] {logging_mixin.py:188} INFO - [2026-01-25T06:18:30.273+0000] {dag.py:3947} INFO - Setting next_dagrun for smart_city_traffic_batch_dag to 2026-01-25 01:00:00+00:00, run_after=2026-01-26 01:00:00+00:00
[2026-01-25T06:18:38.971+0000] {processor.py:183} INFO - Processing /opt/airflow/dags/smart_city_traffic_batch_dag.py took 25.859 seconds
[2026-01-25T06:19:13.509+0000] {processor.py:161} INFO - Started process (PID=331) to work on /opt/airflow/dags/smart_city_traffic_batch_dag.py
[2026-01-25T06:19:13.592+0000] {processor.py:830} INFO - Processing file /opt/airflow/dags/smart_city_traffic_batch_dag.py for tasks to queue
[2026-01-25T06:19:13.827+0000] {logging_mixin.py:188} INFO - [2026-01-25T06:19:13.796+0000] {dagbag.py:545} INFO - Filling up the DagBag from /opt/airflow/dags/smart_city_traffic_batch_dag.py
[2026-01-25T06:19:25.173+0000] {processor.py:840} INFO - DAG(s) 'smart_city_traffic_batch_dag' retrieved from /opt/airflow/dags/smart_city_traffic_batch_dag.py
[2026-01-25T06:19:26.327+0000] {logging_mixin.py:188} INFO - [2026-01-25T06:19:26.324+0000] {dag.py:3089} INFO - Sync 1 DAGs
[2026-01-25T06:19:26.891+0000] {logging_mixin.py:188} INFO - [2026-01-25T06:19:26.889+0000] {dag.py:3947} INFO - Setting next_dagrun for smart_city_traffic_batch_dag to 2026-01-25 01:00:00+00:00, run_after=2026-01-26 01:00:00+00:00
[2026-01-25T06:19:27.414+0000] {processor.py:183} INFO - Processing /opt/airflow/dags/smart_city_traffic_batch_dag.py took 14.495 seconds
[2026-01-25T06:19:59.906+0000] {processor.py:161} INFO - Started process (PID=337) to work on /opt/airflow/dags/smart_city_traffic_batch_dag.py
[2026-01-25T06:19:59.939+0000] {processor.py:830} INFO - Processing file /opt/airflow/dags/smart_city_traffic_batch_dag.py for tasks to queue
[2026-01-25T06:20:00.024+0000] {logging_mixin.py:188} INFO - [2026-01-25T06:20:00.020+0000] {dagbag.py:545} INFO - Filling up the DagBag from /opt/airflow/dags/smart_city_traffic_batch_dag.py
[2026-01-25T06:20:05.324+0000] {processor.py:840} INFO - DAG(s) 'smart_city_traffic_batch_dag' retrieved from /opt/airflow/dags/smart_city_traffic_batch_dag.py
[2026-01-25T06:20:06.120+0000] {logging_mixin.py:188} INFO - [2026-01-25T06:20:06.116+0000] {dag.py:3089} INFO - Sync 1 DAGs
[2026-01-25T06:20:06.418+0000] {logging_mixin.py:188} INFO - [2026-01-25T06:20:06.416+0000] {dag.py:3947} INFO - Setting next_dagrun for smart_city_traffic_batch_dag to 2026-01-25 01:00:00+00:00, run_after=2026-01-26 01:00:00+00:00
[2026-01-25T06:20:06.597+0000] {processor.py:183} INFO - Processing /opt/airflow/dags/smart_city_traffic_batch_dag.py took 7.019 seconds
[2026-01-25T06:20:37.534+0000] {processor.py:161} INFO - Started process (PID=359) to work on /opt/airflow/dags/smart_city_traffic_batch_dag.py
[2026-01-25T06:20:37.545+0000] {processor.py:830} INFO - Processing file /opt/airflow/dags/smart_city_traffic_batch_dag.py for tasks to queue
[2026-01-25T06:20:37.583+0000] {logging_mixin.py:188} INFO - [2026-01-25T06:20:37.578+0000] {dagbag.py:545} INFO - Filling up the DagBag from /opt/airflow/dags/smart_city_traffic_batch_dag.py
[2026-01-25T06:20:40.469+0000] {processor.py:840} INFO - DAG(s) 'smart_city_traffic_batch_dag' retrieved from /opt/airflow/dags/smart_city_traffic_batch_dag.py
[2026-01-25T06:20:41.059+0000] {logging_mixin.py:188} INFO - [2026-01-25T06:20:41.056+0000] {dag.py:3089} INFO - Sync 1 DAGs
[2026-01-25T06:20:41.429+0000] {logging_mixin.py:188} INFO - [2026-01-25T06:20:41.428+0000] {dag.py:3947} INFO - Setting next_dagrun for smart_city_traffic_batch_dag to 2026-01-25 01:00:00+00:00, run_after=2026-01-26 01:00:00+00:00
[2026-01-25T06:20:41.604+0000] {processor.py:183} INFO - Processing /opt/airflow/dags/smart_city_traffic_batch_dag.py took 4.209 seconds
[2026-01-25T06:21:13.743+0000] {processor.py:161} INFO - Started process (PID=373) to work on /opt/airflow/dags/smart_city_traffic_batch_dag.py
[2026-01-25T06:21:13.816+0000] {processor.py:830} INFO - Processing file /opt/airflow/dags/smart_city_traffic_batch_dag.py for tasks to queue
[2026-01-25T06:21:13.962+0000] {logging_mixin.py:188} INFO - [2026-01-25T06:21:13.938+0000] {dagbag.py:545} INFO - Filling up the DagBag from /opt/airflow/dags/smart_city_traffic_batch_dag.py
[2026-01-25T06:21:22.886+0000] {processor.py:840} INFO - DAG(s) 'smart_city_traffic_batch_dag' retrieved from /opt/airflow/dags/smart_city_traffic_batch_dag.py
[2026-01-25T06:21:23.810+0000] {logging_mixin.py:188} INFO - [2026-01-25T06:21:23.808+0000] {dag.py:3089} INFO - Sync 1 DAGs
[2026-01-25T06:21:31.876+0000] {logging_mixin.py:188} INFO - [2026-01-25T06:21:31.869+0000] {dag.py:3947} INFO - Setting next_dagrun for smart_city_traffic_batch_dag to 2026-01-25 01:00:00+00:00, run_after=2026-01-26 01:00:00+00:00
[2026-01-25T06:21:32.045+0000] {processor.py:183} INFO - Processing /opt/airflow/dags/smart_city_traffic_batch_dag.py took 18.750 seconds
[2026-01-25T06:22:04.617+0000] {processor.py:161} INFO - Started process (PID=379) to work on /opt/airflow/dags/smart_city_traffic_batch_dag.py
[2026-01-25T06:22:04.666+0000] {processor.py:830} INFO - Processing file /opt/airflow/dags/smart_city_traffic_batch_dag.py for tasks to queue
[2026-01-25T06:22:04.797+0000] {logging_mixin.py:188} INFO - [2026-01-25T06:22:04.770+0000] {dagbag.py:545} INFO - Filling up the DagBag from /opt/airflow/dags/smart_city_traffic_batch_dag.py
[2026-01-25T06:22:14.358+0000] {processor.py:840} INFO - DAG(s) 'smart_city_traffic_batch_dag' retrieved from /opt/airflow/dags/smart_city_traffic_batch_dag.py
[2026-01-25T06:22:15.577+0000] {logging_mixin.py:188} INFO - [2026-01-25T06:22:15.574+0000] {dag.py:3089} INFO - Sync 1 DAGs
[2026-01-25T06:22:16.095+0000] {logging_mixin.py:188} INFO - [2026-01-25T06:22:16.093+0000] {dag.py:3947} INFO - Setting next_dagrun for smart_city_traffic_batch_dag to 2026-01-25 01:00:00+00:00, run_after=2026-01-26 01:00:00+00:00
[2026-01-25T06:22:16.334+0000] {processor.py:183} INFO - Processing /opt/airflow/dags/smart_city_traffic_batch_dag.py took 12.056 seconds
[2026-01-25T06:22:47.879+0000] {processor.py:161} INFO - Started process (PID=385) to work on /opt/airflow/dags/smart_city_traffic_batch_dag.py
[2026-01-25T06:22:47.911+0000] {processor.py:830} INFO - Processing file /opt/airflow/dags/smart_city_traffic_batch_dag.py for tasks to queue
[2026-01-25T06:22:47.994+0000] {logging_mixin.py:188} INFO - [2026-01-25T06:22:47.976+0000] {dagbag.py:545} INFO - Filling up the DagBag from /opt/airflow/dags/smart_city_traffic_batch_dag.py
[2026-01-25T06:22:56.804+0000] {processor.py:840} INFO - DAG(s) 'smart_city_traffic_batch_dag' retrieved from /opt/airflow/dags/smart_city_traffic_batch_dag.py
[2026-01-25T06:22:57.652+0000] {logging_mixin.py:188} INFO - [2026-01-25T06:22:57.638+0000] {dag.py:3089} INFO - Sync 1 DAGs
[2026-01-25T06:22:58.095+0000] {logging_mixin.py:188} INFO - [2026-01-25T06:22:58.093+0000] {dag.py:3947} INFO - Setting next_dagrun for smart_city_traffic_batch_dag to 2026-01-25 01:00:00+00:00, run_after=2026-01-26 01:00:00+00:00
[2026-01-25T06:22:58.417+0000] {processor.py:183} INFO - Processing /opt/airflow/dags/smart_city_traffic_batch_dag.py took 10.926 seconds
[2026-01-25T06:23:32.211+0000] {processor.py:161} INFO - Started process (PID=391) to work on /opt/airflow/dags/smart_city_traffic_batch_dag.py
[2026-01-25T06:23:32.239+0000] {processor.py:830} INFO - Processing file /opt/airflow/dags/smart_city_traffic_batch_dag.py for tasks to queue
[2026-01-25T06:23:32.340+0000] {logging_mixin.py:188} INFO - [2026-01-25T06:23:32.314+0000] {dagbag.py:545} INFO - Filling up the DagBag from /opt/airflow/dags/smart_city_traffic_batch_dag.py
[2026-01-25T06:23:38.790+0000] {processor.py:840} INFO - DAG(s) 'smart_city_traffic_batch_dag' retrieved from /opt/airflow/dags/smart_city_traffic_batch_dag.py
[2026-01-25T06:23:39.962+0000] {logging_mixin.py:188} INFO - [2026-01-25T06:23:39.951+0000] {dag.py:3089} INFO - Sync 1 DAGs
[2026-01-25T06:23:40.463+0000] {logging_mixin.py:188} INFO - [2026-01-25T06:23:40.461+0000] {dag.py:3947} INFO - Setting next_dagrun for smart_city_traffic_batch_dag to 2026-01-25 01:00:00+00:00, run_after=2026-01-26 01:00:00+00:00
[2026-01-25T06:23:50.552+0000] {processor.py:183} INFO - Processing /opt/airflow/dags/smart_city_traffic_batch_dag.py took 18.702 seconds
[2026-01-25T06:24:22.161+0000] {processor.py:161} INFO - Started process (PID=397) to work on /opt/airflow/dags/smart_city_traffic_batch_dag.py
[2026-01-25T06:24:22.172+0000] {processor.py:830} INFO - Processing file /opt/airflow/dags/smart_city_traffic_batch_dag.py for tasks to queue
[2026-01-25T06:24:22.253+0000] {logging_mixin.py:188} INFO - [2026-01-25T06:24:22.235+0000] {dagbag.py:545} INFO - Filling up the DagBag from /opt/airflow/dags/smart_city_traffic_batch_dag.py
[2026-01-25T06:24:29.466+0000] {processor.py:840} INFO - DAG(s) 'smart_city_traffic_batch_dag' retrieved from /opt/airflow/dags/smart_city_traffic_batch_dag.py
[2026-01-25T06:24:30.253+0000] {logging_mixin.py:188} INFO - [2026-01-25T06:24:30.252+0000] {dag.py:3089} INFO - Sync 1 DAGs
[2026-01-25T06:24:34.963+0000] {logging_mixin.py:188} INFO - [2026-01-25T06:24:34.963+0000] {dag.py:3947} INFO - Setting next_dagrun for smart_city_traffic_batch_dag to 2026-01-25 01:00:00+00:00, run_after=2026-01-26 01:00:00+00:00
[2026-01-25T06:24:35.057+0000] {processor.py:183} INFO - Processing /opt/airflow/dags/smart_city_traffic_batch_dag.py took 13.174 seconds
[2026-01-25T06:25:06.441+0000] {processor.py:161} INFO - Started process (PID=403) to work on /opt/airflow/dags/smart_city_traffic_batch_dag.py
[2026-01-25T06:25:06.465+0000] {processor.py:830} INFO - Processing file /opt/airflow/dags/smart_city_traffic_batch_dag.py for tasks to queue
[2026-01-25T06:25:06.539+0000] {logging_mixin.py:188} INFO - [2026-01-25T06:25:06.523+0000] {dagbag.py:545} INFO - Filling up the DagBag from /opt/airflow/dags/smart_city_traffic_batch_dag.py
[2026-01-25T06:25:10.909+0000] {processor.py:840} INFO - DAG(s) 'smart_city_traffic_batch_dag' retrieved from /opt/airflow/dags/smart_city_traffic_batch_dag.py
[2026-01-25T06:25:11.909+0000] {logging_mixin.py:188} INFO - [2026-01-25T06:25:11.907+0000] {dag.py:3089} INFO - Sync 1 DAGs
[2026-01-25T06:25:12.225+0000] {logging_mixin.py:188} INFO - [2026-01-25T06:25:12.224+0000] {dag.py:3947} INFO - Setting next_dagrun for smart_city_traffic_batch_dag to 2026-01-25 01:00:00+00:00, run_after=2026-01-26 01:00:00+00:00
[2026-01-25T06:25:12.376+0000] {processor.py:183} INFO - Processing /opt/airflow/dags/smart_city_traffic_batch_dag.py took 6.154 seconds
[2026-01-25T06:25:44.548+0000] {processor.py:161} INFO - Started process (PID=409) to work on /opt/airflow/dags/smart_city_traffic_batch_dag.py
[2026-01-25T06:25:44.588+0000] {processor.py:830} INFO - Processing file /opt/airflow/dags/smart_city_traffic_batch_dag.py for tasks to queue
[2026-01-25T06:25:44.681+0000] {logging_mixin.py:188} INFO - [2026-01-25T06:25:44.662+0000] {dagbag.py:545} INFO - Filling up the DagBag from /opt/airflow/dags/smart_city_traffic_batch_dag.py
[2026-01-25T06:25:50.605+0000] {processor.py:840} INFO - DAG(s) 'smart_city_traffic_batch_dag' retrieved from /opt/airflow/dags/smart_city_traffic_batch_dag.py
[2026-01-25T06:25:51.469+0000] {logging_mixin.py:188} INFO - [2026-01-25T06:25:51.468+0000] {dag.py:3089} INFO - Sync 1 DAGs
[2026-01-25T06:25:51.741+0000] {logging_mixin.py:188} INFO - [2026-01-25T06:25:51.740+0000] {dag.py:3947} INFO - Setting next_dagrun for smart_city_traffic_batch_dag to 2026-01-25 01:00:00+00:00, run_after=2026-01-26 01:00:00+00:00
[2026-01-25T06:25:51.889+0000] {processor.py:183} INFO - Processing /opt/airflow/dags/smart_city_traffic_batch_dag.py took 7.596 seconds
[2026-01-25T06:26:25.084+0000] {processor.py:161} INFO - Started process (PID=415) to work on /opt/airflow/dags/smart_city_traffic_batch_dag.py
[2026-01-25T06:26:25.103+0000] {processor.py:830} INFO - Processing file /opt/airflow/dags/smart_city_traffic_batch_dag.py for tasks to queue
[2026-01-25T06:26:25.239+0000] {logging_mixin.py:188} INFO - [2026-01-25T06:26:25.213+0000] {dagbag.py:545} INFO - Filling up the DagBag from /opt/airflow/dags/smart_city_traffic_batch_dag.py
[2026-01-25T06:26:36.818+0000] {processor.py:840} INFO - DAG(s) 'smart_city_traffic_batch_dag' retrieved from /opt/airflow/dags/smart_city_traffic_batch_dag.py
[2026-01-25T06:26:37.644+0000] {logging_mixin.py:188} INFO - [2026-01-25T06:26:37.636+0000] {dag.py:3089} INFO - Sync 1 DAGs
[2026-01-25T06:26:37.894+0000] {logging_mixin.py:188} INFO - [2026-01-25T06:26:37.893+0000] {dag.py:3947} INFO - Setting next_dagrun for smart_city_traffic_batch_dag to 2026-01-25 01:00:00+00:00, run_after=2026-01-26 01:00:00+00:00
[2026-01-25T06:26:42.379+0000] {processor.py:183} INFO - Processing /opt/airflow/dags/smart_city_traffic_batch_dag.py took 17.689 seconds
[2026-01-25T06:27:13.614+0000] {processor.py:161} INFO - Started process (PID=421) to work on /opt/airflow/dags/smart_city_traffic_batch_dag.py
[2026-01-25T06:27:13.633+0000] {processor.py:830} INFO - Processing file /opt/airflow/dags/smart_city_traffic_batch_dag.py for tasks to queue
[2026-01-25T06:27:13.691+0000] {logging_mixin.py:188} INFO - [2026-01-25T06:27:13.679+0000] {dagbag.py:545} INFO - Filling up the DagBag from /opt/airflow/dags/smart_city_traffic_batch_dag.py
[2026-01-25T06:27:16.882+0000] {processor.py:840} INFO - DAG(s) 'smart_city_traffic_batch_dag' retrieved from /opt/airflow/dags/smart_city_traffic_batch_dag.py
[2026-01-25T06:27:17.130+0000] {logging_mixin.py:188} INFO - [2026-01-25T06:27:17.129+0000] {dag.py:3089} INFO - Sync 1 DAGs
[2026-01-25T06:27:17.246+0000] {logging_mixin.py:188} INFO - [2026-01-25T06:27:17.245+0000] {dag.py:3947} INFO - Setting next_dagrun for smart_city_traffic_batch_dag to 2026-01-25 01:00:00+00:00, run_after=2026-01-26 01:00:00+00:00
[2026-01-25T06:27:17.321+0000] {processor.py:183} INFO - Processing /opt/airflow/dags/smart_city_traffic_batch_dag.py took 3.873 seconds
[2026-01-25T06:27:48.683+0000] {processor.py:161} INFO - Started process (PID=427) to work on /opt/airflow/dags/smart_city_traffic_batch_dag.py
[2026-01-25T06:27:48.703+0000] {processor.py:830} INFO - Processing file /opt/airflow/dags/smart_city_traffic_batch_dag.py for tasks to queue
[2026-01-25T06:27:48.791+0000] {logging_mixin.py:188} INFO - [2026-01-25T06:27:48.778+0000] {dagbag.py:545} INFO - Filling up the DagBag from /opt/airflow/dags/smart_city_traffic_batch_dag.py
[2026-01-25T06:27:53.065+0000] {processor.py:840} INFO - DAG(s) 'smart_city_traffic_batch_dag' retrieved from /opt/airflow/dags/smart_city_traffic_batch_dag.py
[2026-01-25T06:27:53.751+0000] {logging_mixin.py:188} INFO - [2026-01-25T06:27:53.749+0000] {dag.py:3089} INFO - Sync 1 DAGs
[2026-01-25T06:27:54.234+0000] {logging_mixin.py:188} INFO - [2026-01-25T06:27:54.233+0000] {dag.py:3947} INFO - Setting next_dagrun for smart_city_traffic_batch_dag to 2026-01-25 01:00:00+00:00, run_after=2026-01-26 01:00:00+00:00
[2026-01-25T06:27:54.349+0000] {processor.py:183} INFO - Processing /opt/airflow/dags/smart_city_traffic_batch_dag.py took 5.893 seconds
[2026-01-25T06:28:26.263+0000] {processor.py:161} INFO - Started process (PID=433) to work on /opt/airflow/dags/smart_city_traffic_batch_dag.py
[2026-01-25T06:28:26.282+0000] {processor.py:830} INFO - Processing file /opt/airflow/dags/smart_city_traffic_batch_dag.py for tasks to queue
[2026-01-25T06:28:26.424+0000] {logging_mixin.py:188} INFO - [2026-01-25T06:28:26.401+0000] {dagbag.py:545} INFO - Filling up the DagBag from /opt/airflow/dags/smart_city_traffic_batch_dag.py
[2026-01-25T06:28:31.885+0000] {processor.py:840} INFO - DAG(s) 'smart_city_traffic_batch_dag' retrieved from /opt/airflow/dags/smart_city_traffic_batch_dag.py
[2026-01-25T06:28:32.431+0000] {logging_mixin.py:188} INFO - [2026-01-25T06:28:32.430+0000] {dag.py:3089} INFO - Sync 1 DAGs
[2026-01-25T06:28:32.705+0000] {logging_mixin.py:188} INFO - [2026-01-25T06:28:32.704+0000] {dag.py:3947} INFO - Setting next_dagrun for smart_city_traffic_batch_dag to 2026-01-25 01:00:00+00:00, run_after=2026-01-26 01:00:00+00:00
[2026-01-25T06:28:32.845+0000] {processor.py:183} INFO - Processing /opt/airflow/dags/smart_city_traffic_batch_dag.py took 7.153 seconds
[2026-01-25T06:29:04.371+0000] {processor.py:161} INFO - Started process (PID=439) to work on /opt/airflow/dags/smart_city_traffic_batch_dag.py
[2026-01-25T06:29:04.394+0000] {processor.py:830} INFO - Processing file /opt/airflow/dags/smart_city_traffic_batch_dag.py for tasks to queue
[2026-01-25T06:29:04.490+0000] {logging_mixin.py:188} INFO - [2026-01-25T06:29:04.468+0000] {dagbag.py:545} INFO - Filling up the DagBag from /opt/airflow/dags/smart_city_traffic_batch_dag.py
[2026-01-25T06:29:09.486+0000] {processor.py:840} INFO - DAG(s) 'smart_city_traffic_batch_dag' retrieved from /opt/airflow/dags/smart_city_traffic_batch_dag.py
[2026-01-25T06:29:10.305+0000] {logging_mixin.py:188} INFO - [2026-01-25T06:29:10.303+0000] {dag.py:3089} INFO - Sync 1 DAGs
[2026-01-25T06:29:10.816+0000] {logging_mixin.py:188} INFO - [2026-01-25T06:29:10.815+0000] {dag.py:3947} INFO - Setting next_dagrun for smart_city_traffic_batch_dag to 2026-01-25 01:00:00+00:00, run_after=2026-01-26 01:00:00+00:00
[2026-01-25T06:29:16.408+0000] {processor.py:183} INFO - Processing /opt/airflow/dags/smart_city_traffic_batch_dag.py took 12.315 seconds
[2026-01-25T06:29:48.176+0000] {processor.py:161} INFO - Started process (PID=445) to work on /opt/airflow/dags/smart_city_traffic_batch_dag.py
[2026-01-25T06:29:48.193+0000] {processor.py:830} INFO - Processing file /opt/airflow/dags/smart_city_traffic_batch_dag.py for tasks to queue
[2026-01-25T06:29:48.274+0000] {logging_mixin.py:188} INFO - [2026-01-25T06:29:48.260+0000] {dagbag.py:545} INFO - Filling up the DagBag from /opt/airflow/dags/smart_city_traffic_batch_dag.py
[2026-01-25T06:29:52.543+0000] {processor.py:840} INFO - DAG(s) 'smart_city_traffic_batch_dag' retrieved from /opt/airflow/dags/smart_city_traffic_batch_dag.py
[2026-01-25T06:29:52.994+0000] {logging_mixin.py:188} INFO - [2026-01-25T06:29:52.991+0000] {dag.py:3089} INFO - Sync 1 DAGs
[2026-01-25T06:29:57.024+0000] {logging_mixin.py:188} INFO - [2026-01-25T06:29:57.023+0000] {dag.py:3947} INFO - Setting next_dagrun for smart_city_traffic_batch_dag to 2026-01-25 01:00:00+00:00, run_after=2026-01-26 01:00:00+00:00
[2026-01-25T06:29:57.099+0000] {processor.py:183} INFO - Processing /opt/airflow/dags/smart_city_traffic_batch_dag.py took 9.120 seconds
[2026-01-25T06:30:29.060+0000] {processor.py:161} INFO - Started process (PID=451) to work on /opt/airflow/dags/smart_city_traffic_batch_dag.py
[2026-01-25T06:30:29.127+0000] {processor.py:830} INFO - Processing file /opt/airflow/dags/smart_city_traffic_batch_dag.py for tasks to queue
[2026-01-25T06:30:29.262+0000] {logging_mixin.py:188} INFO - [2026-01-25T06:30:29.239+0000] {dagbag.py:545} INFO - Filling up the DagBag from /opt/airflow/dags/smart_city_traffic_batch_dag.py
[2026-01-25T06:30:35.602+0000] {processor.py:840} INFO - DAG(s) 'smart_city_traffic_batch_dag' retrieved from /opt/airflow/dags/smart_city_traffic_batch_dag.py
[2026-01-25T06:30:36.288+0000] {logging_mixin.py:188} INFO - [2026-01-25T06:30:36.287+0000] {dag.py:3089} INFO - Sync 1 DAGs
[2026-01-25T06:30:36.550+0000] {logging_mixin.py:188} INFO - [2026-01-25T06:30:36.549+0000] {dag.py:3947} INFO - Setting next_dagrun for smart_city_traffic_batch_dag to 2026-01-25 01:00:00+00:00, run_after=2026-01-26 01:00:00+00:00
[2026-01-25T06:30:36.688+0000] {processor.py:183} INFO - Processing /opt/airflow/dags/smart_city_traffic_batch_dag.py took 7.937 seconds
[2026-01-25T06:31:08.175+0000] {processor.py:161} INFO - Started process (PID=463) to work on /opt/airflow/dags/smart_city_traffic_batch_dag.py
[2026-01-25T06:31:08.191+0000] {processor.py:830} INFO - Processing file /opt/airflow/dags/smart_city_traffic_batch_dag.py for tasks to queue
[2026-01-25T06:31:08.279+0000] {logging_mixin.py:188} INFO - [2026-01-25T06:31:08.264+0000] {dagbag.py:545} INFO - Filling up the DagBag from /opt/airflow/dags/smart_city_traffic_batch_dag.py
[2026-01-25T06:31:12.856+0000] {processor.py:840} INFO - DAG(s) 'smart_city_traffic_batch_dag' retrieved from /opt/airflow/dags/smart_city_traffic_batch_dag.py
[2026-01-25T06:31:13.440+0000] {logging_mixin.py:188} INFO - [2026-01-25T06:31:13.439+0000] {dag.py:3089} INFO - Sync 1 DAGs
[2026-01-25T06:31:14.120+0000] {logging_mixin.py:188} INFO - [2026-01-25T06:31:14.119+0000] {dag.py:3947} INFO - Setting next_dagrun for smart_city_traffic_batch_dag to 2026-01-25 01:00:00+00:00, run_after=2026-01-26 01:00:00+00:00
[2026-01-25T06:31:14.321+0000] {processor.py:183} INFO - Processing /opt/airflow/dags/smart_city_traffic_batch_dag.py took 6.338 seconds
[2026-01-25T06:31:46.698+0000] {processor.py:161} INFO - Started process (PID=469) to work on /opt/airflow/dags/smart_city_traffic_batch_dag.py
[2026-01-25T06:31:46.714+0000] {processor.py:830} INFO - Processing file /opt/airflow/dags/smart_city_traffic_batch_dag.py for tasks to queue
[2026-01-25T06:31:46.805+0000] {logging_mixin.py:188} INFO - [2026-01-25T06:31:46.785+0000] {dagbag.py:545} INFO - Filling up the DagBag from /opt/airflow/dags/smart_city_traffic_batch_dag.py
[2026-01-25T06:31:53.333+0000] {processor.py:840} INFO - DAG(s) 'smart_city_traffic_batch_dag' retrieved from /opt/airflow/dags/smart_city_traffic_batch_dag.py
[2026-01-25T06:31:53.855+0000] {logging_mixin.py:188} INFO - [2026-01-25T06:31:53.854+0000] {dag.py:3089} INFO - Sync 1 DAGs
[2026-01-25T06:31:54.071+0000] {logging_mixin.py:188} INFO - [2026-01-25T06:31:54.070+0000] {dag.py:3947} INFO - Setting next_dagrun for smart_city_traffic_batch_dag to 2026-01-25 01:00:00+00:00, run_after=2026-01-26 01:00:00+00:00
[2026-01-25T06:31:58.679+0000] {processor.py:183} INFO - Processing /opt/airflow/dags/smart_city_traffic_batch_dag.py took 12.251 seconds
[2026-01-25T06:32:31.655+0000] {processor.py:161} INFO - Started process (PID=475) to work on /opt/airflow/dags/smart_city_traffic_batch_dag.py
[2026-01-25T06:32:31.678+0000] {processor.py:830} INFO - Processing file /opt/airflow/dags/smart_city_traffic_batch_dag.py for tasks to queue
[2026-01-25T06:32:31.856+0000] {logging_mixin.py:188} INFO - [2026-01-25T06:32:31.814+0000] {dagbag.py:545} INFO - Filling up the DagBag from /opt/airflow/dags/smart_city_traffic_batch_dag.py
[2026-01-25T06:32:39.962+0000] {processor.py:840} INFO - DAG(s) 'smart_city_traffic_batch_dag' retrieved from /opt/airflow/dags/smart_city_traffic_batch_dag.py
[2026-01-25T06:32:41.017+0000] {logging_mixin.py:188} INFO - [2026-01-25T06:32:41.001+0000] {dag.py:3089} INFO - Sync 1 DAGs
[2026-01-25T06:32:50.024+0000] {logging_mixin.py:188} INFO - [2026-01-25T06:32:50.006+0000] {dag.py:3947} INFO - Setting next_dagrun for smart_city_traffic_batch_dag to 2026-01-25 01:00:00+00:00, run_after=2026-01-26 01:00:00+00:00
[2026-01-25T06:32:50.120+0000] {processor.py:183} INFO - Processing /opt/airflow/dags/smart_city_traffic_batch_dag.py took 19.273 seconds
[2026-01-25T06:33:22.362+0000] {processor.py:161} INFO - Started process (PID=481) to work on /opt/airflow/dags/smart_city_traffic_batch_dag.py
[2026-01-25T06:33:22.393+0000] {processor.py:830} INFO - Processing file /opt/airflow/dags/smart_city_traffic_batch_dag.py for tasks to queue
[2026-01-25T06:33:22.474+0000] {logging_mixin.py:188} INFO - [2026-01-25T06:33:22.456+0000] {dagbag.py:545} INFO - Filling up the DagBag from /opt/airflow/dags/smart_city_traffic_batch_dag.py
[2026-01-25T06:33:27.645+0000] {processor.py:840} INFO - DAG(s) 'smart_city_traffic_batch_dag' retrieved from /opt/airflow/dags/smart_city_traffic_batch_dag.py
[2026-01-25T06:33:28.286+0000] {logging_mixin.py:188} INFO - [2026-01-25T06:33:28.285+0000] {dag.py:3089} INFO - Sync 1 DAGs
[2026-01-25T06:33:28.542+0000] {logging_mixin.py:188} INFO - [2026-01-25T06:33:28.541+0000] {dag.py:3947} INFO - Setting next_dagrun for smart_city_traffic_batch_dag to 2026-01-25 01:00:00+00:00, run_after=2026-01-26 01:00:00+00:00
[2026-01-25T06:33:28.651+0000] {processor.py:183} INFO - Processing /opt/airflow/dags/smart_city_traffic_batch_dag.py took 6.631 seconds
[2026-01-25T06:34:01.945+0000] {processor.py:161} INFO - Started process (PID=487) to work on /opt/airflow/dags/smart_city_traffic_batch_dag.py
[2026-01-25T06:34:01.996+0000] {processor.py:830} INFO - Processing file /opt/airflow/dags/smart_city_traffic_batch_dag.py for tasks to queue
[2026-01-25T06:34:02.116+0000] {logging_mixin.py:188} INFO - [2026-01-25T06:34:02.096+0000] {dagbag.py:545} INFO - Filling up the DagBag from /opt/airflow/dags/smart_city_traffic_batch_dag.py
[2026-01-25T06:34:06.244+0000] {processor.py:840} INFO - DAG(s) 'smart_city_traffic_batch_dag' retrieved from /opt/airflow/dags/smart_city_traffic_batch_dag.py
[2026-01-25T06:34:06.916+0000] {logging_mixin.py:188} INFO - [2026-01-25T06:34:06.914+0000] {dag.py:3089} INFO - Sync 1 DAGs
[2026-01-25T06:34:07.173+0000] {logging_mixin.py:188} INFO - [2026-01-25T06:34:07.172+0000] {dag.py:3947} INFO - Setting next_dagrun for smart_city_traffic_batch_dag to 2026-01-25 01:00:00+00:00, run_after=2026-01-26 01:00:00+00:00
[2026-01-25T06:34:07.369+0000] {processor.py:183} INFO - Processing /opt/airflow/dags/smart_city_traffic_batch_dag.py took 5.778 seconds
[2026-01-25T06:34:38.502+0000] {processor.py:161} INFO - Started process (PID=493) to work on /opt/airflow/dags/smart_city_traffic_batch_dag.py
[2026-01-25T06:34:38.517+0000] {processor.py:830} INFO - Processing file /opt/airflow/dags/smart_city_traffic_batch_dag.py for tasks to queue
[2026-01-25T06:34:38.612+0000] {logging_mixin.py:188} INFO - [2026-01-25T06:34:38.594+0000] {dagbag.py:545} INFO - Filling up the DagBag from /opt/airflow/dags/smart_city_traffic_batch_dag.py
[2026-01-25T06:34:44.776+0000] {processor.py:840} INFO - DAG(s) 'smart_city_traffic_batch_dag' retrieved from /opt/airflow/dags/smart_city_traffic_batch_dag.py
[2026-01-25T06:34:45.248+0000] {logging_mixin.py:188} INFO - [2026-01-25T06:34:45.245+0000] {dag.py:3089} INFO - Sync 1 DAGs
[2026-01-25T06:34:45.473+0000] {logging_mixin.py:188} INFO - [2026-01-25T06:34:45.472+0000] {dag.py:3947} INFO - Setting next_dagrun for smart_city_traffic_batch_dag to 2026-01-25 01:00:00+00:00, run_after=2026-01-26 01:00:00+00:00
[2026-01-25T06:34:50.689+0000] {processor.py:183} INFO - Processing /opt/airflow/dags/smart_city_traffic_batch_dag.py took 12.433 seconds
[2026-01-25T06:35:22.762+0000] {processor.py:161} INFO - Started process (PID=499) to work on /opt/airflow/dags/smart_city_traffic_batch_dag.py
[2026-01-25T06:35:22.810+0000] {processor.py:830} INFO - Processing file /opt/airflow/dags/smart_city_traffic_batch_dag.py for tasks to queue
[2026-01-25T06:35:22.938+0000] {logging_mixin.py:188} INFO - [2026-01-25T06:35:22.912+0000] {dagbag.py:545} INFO - Filling up the DagBag from /opt/airflow/dags/smart_city_traffic_batch_dag.py
[2026-01-25T06:35:29.207+0000] {processor.py:840} INFO - DAG(s) 'smart_city_traffic_batch_dag' retrieved from /opt/airflow/dags/smart_city_traffic_batch_dag.py
[2026-01-25T06:35:29.693+0000] {logging_mixin.py:188} INFO - [2026-01-25T06:35:29.692+0000] {dag.py:3089} INFO - Sync 1 DAGs
[2026-01-25T06:35:29.921+0000] {logging_mixin.py:188} INFO - [2026-01-25T06:35:29.920+0000] {dag.py:3947} INFO - Setting next_dagrun for smart_city_traffic_batch_dag to 2026-01-25 01:00:00+00:00, run_after=2026-01-26 01:00:00+00:00
[2026-01-25T06:35:30.048+0000] {processor.py:183} INFO - Processing /opt/airflow/dags/smart_city_traffic_batch_dag.py took 7.612 seconds
[2026-01-25T06:36:01.018+0000] {processor.py:161} INFO - Started process (PID=508) to work on /opt/airflow/dags/smart_city_traffic_batch_dag.py
[2026-01-25T06:36:01.031+0000] {processor.py:830} INFO - Processing file /opt/airflow/dags/smart_city_traffic_batch_dag.py for tasks to queue
[2026-01-25T06:36:01.087+0000] {logging_mixin.py:188} INFO - [2026-01-25T06:36:01.076+0000] {dagbag.py:545} INFO - Filling up the DagBag from /opt/airflow/dags/smart_city_traffic_batch_dag.py
[2026-01-25T06:36:03.974+0000] {processor.py:840} INFO - DAG(s) 'smart_city_traffic_batch_dag' retrieved from /opt/airflow/dags/smart_city_traffic_batch_dag.py
[2026-01-25T06:36:04.174+0000] {logging_mixin.py:188} INFO - [2026-01-25T06:36:04.172+0000] {dag.py:3089} INFO - Sync 1 DAGs
[2026-01-25T06:36:04.315+0000] {logging_mixin.py:188} INFO - [2026-01-25T06:36:04.314+0000] {dag.py:3947} INFO - Setting next_dagrun for smart_city_traffic_batch_dag to 2026-01-25 01:00:00+00:00, run_after=2026-01-26 01:00:00+00:00
[2026-01-25T06:36:04.385+0000] {processor.py:183} INFO - Processing /opt/airflow/dags/smart_city_traffic_batch_dag.py took 3.529 seconds
[2026-01-25T06:36:36.236+0000] {processor.py:161} INFO - Started process (PID=514) to work on /opt/airflow/dags/smart_city_traffic_batch_dag.py
[2026-01-25T06:36:36.257+0000] {processor.py:830} INFO - Processing file /opt/airflow/dags/smart_city_traffic_batch_dag.py for tasks to queue
[2026-01-25T06:36:36.452+0000] {logging_mixin.py:188} INFO - [2026-01-25T06:36:36.403+0000] {dagbag.py:545} INFO - Filling up the DagBag from /opt/airflow/dags/smart_city_traffic_batch_dag.py
[2026-01-25T06:36:41.450+0000] {processor.py:840} INFO - DAG(s) 'smart_city_traffic_batch_dag' retrieved from /opt/airflow/dags/smart_city_traffic_batch_dag.py
[2026-01-25T06:36:41.970+0000] {logging_mixin.py:188} INFO - [2026-01-25T06:36:41.969+0000] {dag.py:3089} INFO - Sync 1 DAGs
[2026-01-25T06:36:42.206+0000] {logging_mixin.py:188} INFO - [2026-01-25T06:36:42.205+0000] {dag.py:3947} INFO - Setting next_dagrun for smart_city_traffic_batch_dag to 2026-01-25 01:00:00+00:00, run_after=2026-01-26 01:00:00+00:00
[2026-01-25T06:36:42.325+0000] {processor.py:183} INFO - Processing /opt/airflow/dags/smart_city_traffic_batch_dag.py took 6.491 seconds
[2026-01-25T06:37:13.883+0000] {processor.py:161} INFO - Started process (PID=520) to work on /opt/airflow/dags/smart_city_traffic_batch_dag.py
[2026-01-25T06:37:13.896+0000] {processor.py:830} INFO - Processing file /opt/airflow/dags/smart_city_traffic_batch_dag.py for tasks to queue
[2026-01-25T06:37:13.995+0000] {logging_mixin.py:188} INFO - [2026-01-25T06:37:13.973+0000] {dagbag.py:545} INFO - Filling up the DagBag from /opt/airflow/dags/smart_city_traffic_batch_dag.py
[2026-01-25T06:37:19.551+0000] {processor.py:840} INFO - DAG(s) 'smart_city_traffic_batch_dag' retrieved from /opt/airflow/dags/smart_city_traffic_batch_dag.py
[2026-01-25T06:37:20.229+0000] {logging_mixin.py:188} INFO - [2026-01-25T06:37:20.228+0000] {dag.py:3089} INFO - Sync 1 DAGs
[2026-01-25T06:37:20.476+0000] {logging_mixin.py:188} INFO - [2026-01-25T06:37:20.474+0000] {dag.py:3947} INFO - Setting next_dagrun for smart_city_traffic_batch_dag to 2026-01-25 01:00:00+00:00, run_after=2026-01-26 01:00:00+00:00
[2026-01-25T06:37:24.764+0000] {processor.py:183} INFO - Processing /opt/airflow/dags/smart_city_traffic_batch_dag.py took 11.124 seconds
[2026-01-25T06:37:56.907+0000] {processor.py:161} INFO - Started process (PID=526) to work on /opt/airflow/dags/smart_city_traffic_batch_dag.py
[2026-01-25T06:37:56.973+0000] {processor.py:830} INFO - Processing file /opt/airflow/dags/smart_city_traffic_batch_dag.py for tasks to queue
[2026-01-25T06:37:57.118+0000] {logging_mixin.py:188} INFO - [2026-01-25T06:37:57.095+0000] {dagbag.py:545} INFO - Filling up the DagBag from /opt/airflow/dags/smart_city_traffic_batch_dag.py
[2026-01-25T06:38:04.193+0000] {processor.py:840} INFO - DAG(s) 'smart_city_traffic_batch_dag' retrieved from /opt/airflow/dags/smart_city_traffic_batch_dag.py
[2026-01-25T06:38:05.294+0000] {logging_mixin.py:188} INFO - [2026-01-25T06:38:05.286+0000] {dag.py:3089} INFO - Sync 1 DAGs
[2026-01-25T06:38:14.841+0000] {logging_mixin.py:188} INFO - [2026-01-25T06:38:14.822+0000] {dag.py:3947} INFO - Setting next_dagrun for smart_city_traffic_batch_dag to 2026-01-25 01:00:00+00:00, run_after=2026-01-26 01:00:00+00:00
[2026-01-25T06:38:14.954+0000] {processor.py:183} INFO - Processing /opt/airflow/dags/smart_city_traffic_batch_dag.py took 18.476 seconds
[2026-01-25T06:38:46.719+0000] {processor.py:161} INFO - Started process (PID=532) to work on /opt/airflow/dags/smart_city_traffic_batch_dag.py
[2026-01-25T06:38:46.741+0000] {processor.py:830} INFO - Processing file /opt/airflow/dags/smart_city_traffic_batch_dag.py for tasks to queue
[2026-01-25T06:38:46.839+0000] {logging_mixin.py:188} INFO - [2026-01-25T06:38:46.821+0000] {dagbag.py:545} INFO - Filling up the DagBag from /opt/airflow/dags/smart_city_traffic_batch_dag.py
[2026-01-25T06:38:51.497+0000] {processor.py:840} INFO - DAG(s) 'smart_city_traffic_batch_dag' retrieved from /opt/airflow/dags/smart_city_traffic_batch_dag.py
[2026-01-25T06:38:52.085+0000] {logging_mixin.py:188} INFO - [2026-01-25T06:38:52.084+0000] {dag.py:3089} INFO - Sync 1 DAGs
[2026-01-25T06:38:52.372+0000] {logging_mixin.py:188} INFO - [2026-01-25T06:38:52.371+0000] {dag.py:3947} INFO - Setting next_dagrun for smart_city_traffic_batch_dag to 2026-01-25 01:00:00+00:00, run_after=2026-01-26 01:00:00+00:00
[2026-01-25T06:38:52.511+0000] {processor.py:183} INFO - Processing /opt/airflow/dags/smart_city_traffic_batch_dag.py took 6.045 seconds
[2026-01-25T06:39:24.516+0000] {processor.py:161} INFO - Started process (PID=538) to work on /opt/airflow/dags/smart_city_traffic_batch_dag.py
[2026-01-25T06:39:24.546+0000] {processor.py:830} INFO - Processing file /opt/airflow/dags/smart_city_traffic_batch_dag.py for tasks to queue
[2026-01-25T06:39:24.668+0000] {logging_mixin.py:188} INFO - [2026-01-25T06:39:24.641+0000] {dagbag.py:545} INFO - Filling up the DagBag from /opt/airflow/dags/smart_city_traffic_batch_dag.py
[2026-01-25T06:39:29.902+0000] {processor.py:840} INFO - DAG(s) 'smart_city_traffic_batch_dag' retrieved from /opt/airflow/dags/smart_city_traffic_batch_dag.py
[2026-01-25T06:39:30.323+0000] {logging_mixin.py:188} INFO - [2026-01-25T06:39:30.322+0000] {dag.py:3089} INFO - Sync 1 DAGs
[2026-01-25T06:39:30.655+0000] {logging_mixin.py:188} INFO - [2026-01-25T06:39:30.654+0000] {dag.py:3947} INFO - Setting next_dagrun for smart_city_traffic_batch_dag to 2026-01-25 01:00:00+00:00, run_after=2026-01-26 01:00:00+00:00
[2026-01-25T06:39:30.836+0000] {processor.py:183} INFO - Processing /opt/airflow/dags/smart_city_traffic_batch_dag.py took 6.592 seconds
[2026-01-25T06:40:03.058+0000] {processor.py:161} INFO - Started process (PID=544) to work on /opt/airflow/dags/smart_city_traffic_batch_dag.py
[2026-01-25T06:40:03.088+0000] {processor.py:830} INFO - Processing file /opt/airflow/dags/smart_city_traffic_batch_dag.py for tasks to queue
[2026-01-25T06:40:03.222+0000] {logging_mixin.py:188} INFO - [2026-01-25T06:40:03.196+0000] {dagbag.py:545} INFO - Filling up the DagBag from /opt/airflow/dags/smart_city_traffic_batch_dag.py
[2026-01-25T06:40:10.562+0000] {processor.py:840} INFO - DAG(s) 'smart_city_traffic_batch_dag' retrieved from /opt/airflow/dags/smart_city_traffic_batch_dag.py
[2026-01-25T06:40:11.028+0000] {logging_mixin.py:188} INFO - [2026-01-25T06:40:11.026+0000] {dag.py:3089} INFO - Sync 1 DAGs
[2026-01-25T06:40:15.186+0000] {logging_mixin.py:188} INFO - [2026-01-25T06:40:15.185+0000] {dag.py:3947} INFO - Setting next_dagrun for smart_city_traffic_batch_dag to 2026-01-25 01:00:00+00:00, run_after=2026-01-26 01:00:00+00:00
[2026-01-25T06:40:15.248+0000] {processor.py:183} INFO - Processing /opt/airflow/dags/smart_city_traffic_batch_dag.py took 12.621 seconds
[2026-01-25T06:40:47.387+0000] {processor.py:161} INFO - Started process (PID=550) to work on /opt/airflow/dags/smart_city_traffic_batch_dag.py
[2026-01-25T06:40:47.403+0000] {processor.py:830} INFO - Processing file /opt/airflow/dags/smart_city_traffic_batch_dag.py for tasks to queue
[2026-01-25T06:40:47.505+0000] {logging_mixin.py:188} INFO - [2026-01-25T06:40:47.485+0000] {dagbag.py:545} INFO - Filling up the DagBag from /opt/airflow/dags/smart_city_traffic_batch_dag.py
[2026-01-25T06:40:53.708+0000] {processor.py:840} INFO - DAG(s) 'smart_city_traffic_batch_dag' retrieved from /opt/airflow/dags/smart_city_traffic_batch_dag.py
[2026-01-25T06:40:54.639+0000] {logging_mixin.py:188} INFO - [2026-01-25T06:40:54.638+0000] {dag.py:3089} INFO - Sync 1 DAGs
[2026-01-25T06:40:59.783+0000] {logging_mixin.py:188} INFO - [2026-01-25T06:40:59.782+0000] {dag.py:3947} INFO - Setting next_dagrun for smart_city_traffic_batch_dag to 2026-01-25 01:00:00+00:00, run_after=2026-01-26 01:00:00+00:00
[2026-01-25T06:40:59.846+0000] {processor.py:183} INFO - Processing /opt/airflow/dags/smart_city_traffic_batch_dag.py took 12.732 seconds
[2026-01-25T06:41:32.401+0000] {processor.py:161} INFO - Started process (PID=556) to work on /opt/airflow/dags/smart_city_traffic_batch_dag.py
[2026-01-25T06:41:32.457+0000] {processor.py:830} INFO - Processing file /opt/airflow/dags/smart_city_traffic_batch_dag.py for tasks to queue
[2026-01-25T06:41:32.591+0000] {logging_mixin.py:188} INFO - [2026-01-25T06:41:32.567+0000] {dagbag.py:545} INFO - Filling up the DagBag from /opt/airflow/dags/smart_city_traffic_batch_dag.py
[2026-01-25T06:41:38.945+0000] {processor.py:840} INFO - DAG(s) 'smart_city_traffic_batch_dag' retrieved from /opt/airflow/dags/smart_city_traffic_batch_dag.py
[2026-01-25T06:41:40.463+0000] {logging_mixin.py:188} INFO - [2026-01-25T06:41:40.457+0000] {dag.py:3089} INFO - Sync 1 DAGs
[2026-01-25T06:41:40.932+0000] {logging_mixin.py:188} INFO - [2026-01-25T06:41:40.931+0000] {dag.py:3947} INFO - Setting next_dagrun for smart_city_traffic_batch_dag to 2026-01-25 01:00:00+00:00, run_after=2026-01-26 01:00:00+00:00
[2026-01-25T06:41:41.135+0000] {processor.py:183} INFO - Processing /opt/airflow/dags/smart_city_traffic_batch_dag.py took 9.177 seconds
[2026-01-25T06:42:13.513+0000] {processor.py:161} INFO - Started process (PID=562) to work on /opt/airflow/dags/smart_city_traffic_batch_dag.py
[2026-01-25T06:42:13.547+0000] {processor.py:830} INFO - Processing file /opt/airflow/dags/smart_city_traffic_batch_dag.py for tasks to queue
[2026-01-25T06:42:13.667+0000] {logging_mixin.py:188} INFO - [2026-01-25T06:42:13.648+0000] {dagbag.py:545} INFO - Filling up the DagBag from /opt/airflow/dags/smart_city_traffic_batch_dag.py
[2026-01-25T06:42:20.710+0000] {processor.py:840} INFO - DAG(s) 'smart_city_traffic_batch_dag' retrieved from /opt/airflow/dags/smart_city_traffic_batch_dag.py
[2026-01-25T06:42:21.584+0000] {logging_mixin.py:188} INFO - [2026-01-25T06:42:21.583+0000] {dag.py:3089} INFO - Sync 1 DAGs
[2026-01-25T06:42:21.954+0000] {logging_mixin.py:188} INFO - [2026-01-25T06:42:21.953+0000] {dag.py:3947} INFO - Setting next_dagrun for smart_city_traffic_batch_dag to 2026-01-25 01:00:00+00:00, run_after=2026-01-26 01:00:00+00:00
[2026-01-25T06:42:22.125+0000] {processor.py:183} INFO - Processing /opt/airflow/dags/smart_city_traffic_batch_dag.py took 8.980 seconds
[2026-01-25T06:42:53.564+0000] {processor.py:161} INFO - Started process (PID=568) to work on /opt/airflow/dags/smart_city_traffic_batch_dag.py
[2026-01-25T06:42:53.584+0000] {processor.py:830} INFO - Processing file /opt/airflow/dags/smart_city_traffic_batch_dag.py for tasks to queue
[2026-01-25T06:42:53.701+0000] {logging_mixin.py:188} INFO - [2026-01-25T06:42:53.683+0000] {dagbag.py:545} INFO - Filling up the DagBag from /opt/airflow/dags/smart_city_traffic_batch_dag.py
[2026-01-25T06:42:57.456+0000] {processor.py:840} INFO - DAG(s) 'smart_city_traffic_batch_dag' retrieved from /opt/airflow/dags/smart_city_traffic_batch_dag.py
[2026-01-25T06:42:57.815+0000] {logging_mixin.py:188} INFO - [2026-01-25T06:42:57.814+0000] {dag.py:3089} INFO - Sync 1 DAGs
[2026-01-25T06:43:02.024+0000] {logging_mixin.py:188} INFO - [2026-01-25T06:43:02.024+0000] {dag.py:3947} INFO - Setting next_dagrun for smart_city_traffic_batch_dag to 2026-01-25 01:00:00+00:00, run_after=2026-01-26 01:00:00+00:00
[2026-01-25T06:43:02.067+0000] {processor.py:183} INFO - Processing /opt/airflow/dags/smart_city_traffic_batch_dag.py took 8.725 seconds
[2026-01-25T06:43:33.602+0000] {processor.py:161} INFO - Started process (PID=574) to work on /opt/airflow/dags/smart_city_traffic_batch_dag.py
[2026-01-25T06:43:33.659+0000] {processor.py:830} INFO - Processing file /opt/airflow/dags/smart_city_traffic_batch_dag.py for tasks to queue
[2026-01-25T06:43:33.793+0000] {logging_mixin.py:188} INFO - [2026-01-25T06:43:33.769+0000] {dagbag.py:545} INFO - Filling up the DagBag from /opt/airflow/dags/smart_city_traffic_batch_dag.py
[2026-01-25T06:43:40.338+0000] {processor.py:840} INFO - DAG(s) 'smart_city_traffic_batch_dag' retrieved from /opt/airflow/dags/smart_city_traffic_batch_dag.py
[2026-01-25T06:43:41.156+0000] {logging_mixin.py:188} INFO - [2026-01-25T06:43:41.155+0000] {dag.py:3089} INFO - Sync 1 DAGs
[2026-01-25T06:43:46.718+0000] {logging_mixin.py:188} INFO - [2026-01-25T06:43:46.715+0000] {dag.py:3947} INFO - Setting next_dagrun for smart_city_traffic_batch_dag to 2026-01-25 01:00:00+00:00, run_after=2026-01-26 01:00:00+00:00
[2026-01-25T06:43:46.807+0000] {processor.py:183} INFO - Processing /opt/airflow/dags/smart_city_traffic_batch_dag.py took 13.562 seconds
[2026-01-25T06:44:19.107+0000] {processor.py:161} INFO - Started process (PID=580) to work on /opt/airflow/dags/smart_city_traffic_batch_dag.py
[2026-01-25T06:44:19.123+0000] {processor.py:830} INFO - Processing file /opt/airflow/dags/smart_city_traffic_batch_dag.py for tasks to queue
[2026-01-25T06:44:19.236+0000] {logging_mixin.py:188} INFO - [2026-01-25T06:44:19.213+0000] {dagbag.py:545} INFO - Filling up the DagBag from /opt/airflow/dags/smart_city_traffic_batch_dag.py
[2026-01-25T06:44:25.692+0000] {processor.py:840} INFO - DAG(s) 'smart_city_traffic_batch_dag' retrieved from /opt/airflow/dags/smart_city_traffic_batch_dag.py
[2026-01-25T06:44:26.274+0000] {logging_mixin.py:188} INFO - [2026-01-25T06:44:26.272+0000] {dag.py:3089} INFO - Sync 1 DAGs
[2026-01-25T06:44:26.632+0000] {logging_mixin.py:188} INFO - [2026-01-25T06:44:26.630+0000] {dag.py:3947} INFO - Setting next_dagrun for smart_city_traffic_batch_dag to 2026-01-25 01:00:00+00:00, run_after=2026-01-26 01:00:00+00:00
[2026-01-25T06:44:26.808+0000] {processor.py:183} INFO - Processing /opt/airflow/dags/smart_city_traffic_batch_dag.py took 8.063 seconds
[2026-01-25T06:44:58.078+0000] {processor.py:161} INFO - Started process (PID=586) to work on /opt/airflow/dags/smart_city_traffic_batch_dag.py
[2026-01-25T06:44:58.090+0000] {processor.py:830} INFO - Processing file /opt/airflow/dags/smart_city_traffic_batch_dag.py for tasks to queue
[2026-01-25T06:44:58.131+0000] {logging_mixin.py:188} INFO - [2026-01-25T06:44:58.126+0000] {dagbag.py:545} INFO - Filling up the DagBag from /opt/airflow/dags/smart_city_traffic_batch_dag.py
[2026-01-25T06:44:59.384+0000] {processor.py:840} INFO - DAG(s) 'smart_city_traffic_batch_dag' retrieved from /opt/airflow/dags/smart_city_traffic_batch_dag.py
[2026-01-25T06:44:59.533+0000] {logging_mixin.py:188} INFO - [2026-01-25T06:44:59.532+0000] {dag.py:3089} INFO - Sync 1 DAGs
[2026-01-25T06:44:59.591+0000] {logging_mixin.py:188} INFO - [2026-01-25T06:44:59.590+0000] {dag.py:3947} INFO - Setting next_dagrun for smart_city_traffic_batch_dag to 2026-01-25 01:00:00+00:00, run_after=2026-01-26 01:00:00+00:00
[2026-01-25T06:44:59.640+0000] {processor.py:183} INFO - Processing /opt/airflow/dags/smart_city_traffic_batch_dag.py took 1.701 seconds
[2026-01-25T06:45:31.570+0000] {processor.py:161} INFO - Started process (PID=592) to work on /opt/airflow/dags/smart_city_traffic_batch_dag.py
[2026-01-25T06:45:31.600+0000] {processor.py:830} INFO - Processing file /opt/airflow/dags/smart_city_traffic_batch_dag.py for tasks to queue
[2026-01-25T06:45:31.685+0000] {logging_mixin.py:188} INFO - [2026-01-25T06:45:31.668+0000] {dagbag.py:545} INFO - Filling up the DagBag from /opt/airflow/dags/smart_city_traffic_batch_dag.py
[2026-01-25T06:45:37.399+0000] {processor.py:840} INFO - DAG(s) 'smart_city_traffic_batch_dag' retrieved from /opt/airflow/dags/smart_city_traffic_batch_dag.py
[2026-01-25T06:45:38.120+0000] {logging_mixin.py:188} INFO - [2026-01-25T06:45:38.117+0000] {dag.py:3089} INFO - Sync 1 DAGs
[2026-01-25T06:45:44.870+0000] {logging_mixin.py:188} INFO - [2026-01-25T06:45:44.869+0000] {dag.py:3947} INFO - Setting next_dagrun for smart_city_traffic_batch_dag to 2026-01-25 01:00:00+00:00, run_after=2026-01-26 01:00:00+00:00
[2026-01-25T06:45:44.935+0000] {processor.py:183} INFO - Processing /opt/airflow/dags/smart_city_traffic_batch_dag.py took 13.591 seconds
[2026-01-25T06:46:16.837+0000] {processor.py:161} INFO - Started process (PID=598) to work on /opt/airflow/dags/smart_city_traffic_batch_dag.py
[2026-01-25T06:46:16.857+0000] {processor.py:830} INFO - Processing file /opt/airflow/dags/smart_city_traffic_batch_dag.py for tasks to queue
[2026-01-25T06:46:16.983+0000] {logging_mixin.py:188} INFO - [2026-01-25T06:46:16.954+0000] {dagbag.py:545} INFO - Filling up the DagBag from /opt/airflow/dags/smart_city_traffic_batch_dag.py
[2026-01-25T06:46:21.427+0000] {processor.py:840} INFO - DAG(s) 'smart_city_traffic_batch_dag' retrieved from /opt/airflow/dags/smart_city_traffic_batch_dag.py
[2026-01-25T06:46:22.199+0000] {logging_mixin.py:188} INFO - [2026-01-25T06:46:22.197+0000] {dag.py:3089} INFO - Sync 1 DAGs
[2026-01-25T06:46:27.225+0000] {logging_mixin.py:188} INFO - [2026-01-25T06:46:27.224+0000] {dag.py:3947} INFO - Setting next_dagrun for smart_city_traffic_batch_dag to 2026-01-25 01:00:00+00:00, run_after=2026-01-26 01:00:00+00:00
[2026-01-25T06:46:27.314+0000] {processor.py:183} INFO - Processing /opt/airflow/dags/smart_city_traffic_batch_dag.py took 10.792 seconds
[2026-01-25T06:46:59.410+0000] {processor.py:161} INFO - Started process (PID=604) to work on /opt/airflow/dags/smart_city_traffic_batch_dag.py
[2026-01-25T06:46:59.487+0000] {processor.py:830} INFO - Processing file /opt/airflow/dags/smart_city_traffic_batch_dag.py for tasks to queue
[2026-01-25T06:46:59.644+0000] {logging_mixin.py:188} INFO - [2026-01-25T06:46:59.612+0000] {dagbag.py:545} INFO - Filling up the DagBag from /opt/airflow/dags/smart_city_traffic_batch_dag.py
[2026-01-25T06:47:04.592+0000] {processor.py:840} INFO - DAG(s) 'smart_city_traffic_batch_dag' retrieved from /opt/airflow/dags/smart_city_traffic_batch_dag.py
[2026-01-25T06:47:05.097+0000] {logging_mixin.py:188} INFO - [2026-01-25T06:47:05.096+0000] {dag.py:3089} INFO - Sync 1 DAGs
[2026-01-25T06:47:05.439+0000] {logging_mixin.py:188} INFO - [2026-01-25T06:47:05.438+0000] {dag.py:3947} INFO - Setting next_dagrun for smart_city_traffic_batch_dag to 2026-01-25 01:00:00+00:00, run_after=2026-01-26 01:00:00+00:00
[2026-01-25T06:47:05.566+0000] {processor.py:183} INFO - Processing /opt/airflow/dags/smart_city_traffic_batch_dag.py took 6.488 seconds
[2026-01-25T06:47:37.424+0000] {processor.py:161} INFO - Started process (PID=610) to work on /opt/airflow/dags/smart_city_traffic_batch_dag.py
[2026-01-25T06:47:37.486+0000] {processor.py:830} INFO - Processing file /opt/airflow/dags/smart_city_traffic_batch_dag.py for tasks to queue
[2026-01-25T06:47:37.670+0000] {logging_mixin.py:188} INFO - [2026-01-25T06:47:37.591+0000] {dagbag.py:545} INFO - Filling up the DagBag from /opt/airflow/dags/smart_city_traffic_batch_dag.py
[2026-01-25T06:47:42.997+0000] {processor.py:840} INFO - DAG(s) 'smart_city_traffic_batch_dag' retrieved from /opt/airflow/dags/smart_city_traffic_batch_dag.py
[2026-01-25T06:47:43.405+0000] {logging_mixin.py:188} INFO - [2026-01-25T06:47:43.404+0000] {dag.py:3089} INFO - Sync 1 DAGs
[2026-01-25T06:47:43.641+0000] {logging_mixin.py:188} INFO - [2026-01-25T06:47:43.640+0000] {dag.py:3947} INFO - Setting next_dagrun for smart_city_traffic_batch_dag to 2026-01-25 01:00:00+00:00, run_after=2026-01-26 01:00:00+00:00
[2026-01-25T06:47:43.751+0000] {processor.py:183} INFO - Processing /opt/airflow/dags/smart_city_traffic_batch_dag.py took 6.643 seconds
[2026-01-25T06:48:16.010+0000] {processor.py:161} INFO - Started process (PID=616) to work on /opt/airflow/dags/smart_city_traffic_batch_dag.py
[2026-01-25T06:48:16.033+0000] {processor.py:830} INFO - Processing file /opt/airflow/dags/smart_city_traffic_batch_dag.py for tasks to queue
[2026-01-25T06:48:16.148+0000] {logging_mixin.py:188} INFO - [2026-01-25T06:48:16.130+0000] {dagbag.py:545} INFO - Filling up the DagBag from /opt/airflow/dags/smart_city_traffic_batch_dag.py
[2026-01-25T06:48:22.141+0000] {processor.py:840} INFO - DAG(s) 'smart_city_traffic_batch_dag' retrieved from /opt/airflow/dags/smart_city_traffic_batch_dag.py
[2026-01-25T06:48:22.950+0000] {logging_mixin.py:188} INFO - [2026-01-25T06:48:22.949+0000] {dag.py:3089} INFO - Sync 1 DAGs
[2026-01-25T06:48:23.251+0000] {logging_mixin.py:188} INFO - [2026-01-25T06:48:23.249+0000] {dag.py:3947} INFO - Setting next_dagrun for smart_city_traffic_batch_dag to 2026-01-25 01:00:00+00:00, run_after=2026-01-26 01:00:00+00:00
[2026-01-25T06:48:27.230+0000] {processor.py:183} INFO - Processing /opt/airflow/dags/smart_city_traffic_batch_dag.py took 11.754 seconds
[2026-01-25T06:49:00.220+0000] {processor.py:161} INFO - Started process (PID=622) to work on /opt/airflow/dags/smart_city_traffic_batch_dag.py
[2026-01-25T06:49:00.271+0000] {processor.py:830} INFO - Processing file /opt/airflow/dags/smart_city_traffic_batch_dag.py for tasks to queue
[2026-01-25T06:49:00.417+0000] {logging_mixin.py:188} INFO - [2026-01-25T06:49:00.386+0000] {dagbag.py:545} INFO - Filling up the DagBag from /opt/airflow/dags/smart_city_traffic_batch_dag.py
[2026-01-25T06:49:06.311+0000] {processor.py:840} INFO - DAG(s) 'smart_city_traffic_batch_dag' retrieved from /opt/airflow/dags/smart_city_traffic_batch_dag.py
[2026-01-25T06:49:06.957+0000] {logging_mixin.py:188} INFO - [2026-01-25T06:49:06.956+0000] {dag.py:3089} INFO - Sync 1 DAGs
[2026-01-25T06:49:11.653+0000] {logging_mixin.py:188} INFO - [2026-01-25T06:49:11.653+0000] {dag.py:3947} INFO - Setting next_dagrun for smart_city_traffic_batch_dag to 2026-01-25 01:00:00+00:00, run_after=2026-01-26 01:00:00+00:00
[2026-01-25T06:49:11.711+0000] {processor.py:183} INFO - Processing /opt/airflow/dags/smart_city_traffic_batch_dag.py took 11.939 seconds
[2026-01-25T06:49:45.169+0000] {processor.py:161} INFO - Started process (PID=628) to work on /opt/airflow/dags/smart_city_traffic_batch_dag.py
[2026-01-25T06:49:45.217+0000] {processor.py:830} INFO - Processing file /opt/airflow/dags/smart_city_traffic_batch_dag.py for tasks to queue
[2026-01-25T06:49:45.613+0000] {logging_mixin.py:188} INFO - [2026-01-25T06:49:45.592+0000] {dagbag.py:545} INFO - Filling up the DagBag from /opt/airflow/dags/smart_city_traffic_batch_dag.py
[2026-01-25T06:49:57.155+0000] {processor.py:840} INFO - DAG(s) 'smart_city_traffic_batch_dag' retrieved from /opt/airflow/dags/smart_city_traffic_batch_dag.py
[2026-01-25T06:50:06.304+0000] {logging_mixin.py:188} INFO - [2026-01-25T06:50:06.299+0000] {dag.py:3089} INFO - Sync 1 DAGs
[2026-01-25T06:50:06.383+0000] {logging_mixin.py:188} INFO - [2026-01-25T06:50:06.383+0000] {dag.py:3947} INFO - Setting next_dagrun for smart_city_traffic_batch_dag to 2026-01-25 01:00:00+00:00, run_after=2026-01-26 01:00:00+00:00
[2026-01-25T06:50:06.440+0000] {processor.py:183} INFO - Processing /opt/airflow/dags/smart_city_traffic_batch_dag.py took 22.098 seconds
[2026-01-25T06:50:39.471+0000] {processor.py:161} INFO - Started process (PID=634) to work on /opt/airflow/dags/smart_city_traffic_batch_dag.py
[2026-01-25T06:50:39.515+0000] {processor.py:830} INFO - Processing file /opt/airflow/dags/smart_city_traffic_batch_dag.py for tasks to queue
[2026-01-25T06:50:39.641+0000] {logging_mixin.py:188} INFO - [2026-01-25T06:50:39.621+0000] {dagbag.py:545} INFO - Filling up the DagBag from /opt/airflow/dags/smart_city_traffic_batch_dag.py
[2026-01-25T06:50:47.312+0000] {processor.py:840} INFO - DAG(s) 'smart_city_traffic_batch_dag' retrieved from /opt/airflow/dags/smart_city_traffic_batch_dag.py
[2026-01-25T06:50:49.139+0000] {logging_mixin.py:188} INFO - [2026-01-25T06:50:49.132+0000] {dag.py:3089} INFO - Sync 1 DAGs
[2026-01-25T06:50:49.556+0000] {logging_mixin.py:188} INFO - [2026-01-25T06:50:49.554+0000] {dag.py:3947} INFO - Setting next_dagrun for smart_city_traffic_batch_dag to 2026-01-25 01:00:00+00:00, run_after=2026-01-26 01:00:00+00:00
[2026-01-25T06:50:50.445+0000] {processor.py:183} INFO - Processing /opt/airflow/dags/smart_city_traffic_batch_dag.py took 11.223 seconds
[2026-01-25T06:51:22.525+0000] {processor.py:161} INFO - Started process (PID=640) to work on /opt/airflow/dags/smart_city_traffic_batch_dag.py
[2026-01-25T06:51:22.553+0000] {processor.py:830} INFO - Processing file /opt/airflow/dags/smart_city_traffic_batch_dag.py for tasks to queue
[2026-01-25T06:51:22.643+0000] {logging_mixin.py:188} INFO - [2026-01-25T06:51:22.627+0000] {dagbag.py:545} INFO - Filling up the DagBag from /opt/airflow/dags/smart_city_traffic_batch_dag.py
[2026-01-25T06:51:26.159+0000] {processor.py:840} INFO - DAG(s) 'smart_city_traffic_batch_dag' retrieved from /opt/airflow/dags/smart_city_traffic_batch_dag.py
[2026-01-25T06:51:26.503+0000] {logging_mixin.py:188} INFO - [2026-01-25T06:51:26.502+0000] {dag.py:3089} INFO - Sync 1 DAGs
[2026-01-25T06:51:32.181+0000] {logging_mixin.py:188} INFO - [2026-01-25T06:51:32.180+0000] {dag.py:3947} INFO - Setting next_dagrun for smart_city_traffic_batch_dag to 2026-01-25 01:00:00+00:00, run_after=2026-01-26 01:00:00+00:00
[2026-01-25T06:51:32.262+0000] {processor.py:183} INFO - Processing /opt/airflow/dags/smart_city_traffic_batch_dag.py took 10.022 seconds
[2026-01-25T06:52:04.563+0000] {processor.py:161} INFO - Started process (PID=646) to work on /opt/airflow/dags/smart_city_traffic_batch_dag.py
[2026-01-25T06:52:04.618+0000] {processor.py:830} INFO - Processing file /opt/airflow/dags/smart_city_traffic_batch_dag.py for tasks to queue
[2026-01-25T06:52:04.756+0000] {logging_mixin.py:188} INFO - [2026-01-25T06:52:04.727+0000] {dagbag.py:545} INFO - Filling up the DagBag from /opt/airflow/dags/smart_city_traffic_batch_dag.py
[2026-01-25T06:52:11.665+0000] {processor.py:840} INFO - DAG(s) 'smart_city_traffic_batch_dag' retrieved from /opt/airflow/dags/smart_city_traffic_batch_dag.py
[2026-01-25T06:52:12.564+0000] {logging_mixin.py:188} INFO - [2026-01-25T06:52:12.563+0000] {dag.py:3089} INFO - Sync 1 DAGs
[2026-01-25T06:52:16.402+0000] {logging_mixin.py:188} INFO - [2026-01-25T06:52:16.401+0000] {dag.py:3947} INFO - Setting next_dagrun for smart_city_traffic_batch_dag to 2026-01-25 01:00:00+00:00, run_after=2026-01-26 01:00:00+00:00
[2026-01-25T06:52:16.474+0000] {processor.py:183} INFO - Processing /opt/airflow/dags/smart_city_traffic_batch_dag.py took 12.460 seconds
[2026-01-25T06:52:49.327+0000] {processor.py:161} INFO - Started process (PID=652) to work on /opt/airflow/dags/smart_city_traffic_batch_dag.py
[2026-01-25T06:52:49.367+0000] {processor.py:830} INFO - Processing file /opt/airflow/dags/smart_city_traffic_batch_dag.py for tasks to queue
[2026-01-25T06:52:49.527+0000] {logging_mixin.py:188} INFO - [2026-01-25T06:52:49.500+0000] {dagbag.py:545} INFO - Filling up the DagBag from /opt/airflow/dags/smart_city_traffic_batch_dag.py
[2026-01-25T06:52:54.830+0000] {processor.py:840} INFO - DAG(s) 'smart_city_traffic_batch_dag' retrieved from /opt/airflow/dags/smart_city_traffic_batch_dag.py
[2026-01-25T06:53:02.743+0000] {logging_mixin.py:188} INFO - [2026-01-25T06:53:02.734+0000] {dag.py:3089} INFO - Sync 1 DAGs
[2026-01-25T06:53:02.864+0000] {logging_mixin.py:188} INFO - [2026-01-25T06:53:02.864+0000] {dag.py:3947} INFO - Setting next_dagrun for smart_city_traffic_batch_dag to 2026-01-25 01:00:00+00:00, run_after=2026-01-26 01:00:00+00:00
[2026-01-25T06:53:02.940+0000] {processor.py:183} INFO - Processing /opt/airflow/dags/smart_city_traffic_batch_dag.py took 14.111 seconds
[2026-01-25T06:53:34.985+0000] {processor.py:161} INFO - Started process (PID=658) to work on /opt/airflow/dags/smart_city_traffic_batch_dag.py
[2026-01-25T06:53:35.042+0000] {processor.py:830} INFO - Processing file /opt/airflow/dags/smart_city_traffic_batch_dag.py for tasks to queue
[2026-01-25T06:53:35.156+0000] {logging_mixin.py:188} INFO - [2026-01-25T06:53:35.136+0000] {dagbag.py:545} INFO - Filling up the DagBag from /opt/airflow/dags/smart_city_traffic_batch_dag.py
[2026-01-25T06:53:42.473+0000] {processor.py:840} INFO - DAG(s) 'smart_city_traffic_batch_dag' retrieved from /opt/airflow/dags/smart_city_traffic_batch_dag.py
[2026-01-25T06:53:43.727+0000] {logging_mixin.py:188} INFO - [2026-01-25T06:53:43.726+0000] {dag.py:3089} INFO - Sync 1 DAGs
[2026-01-25T06:53:44.116+0000] {logging_mixin.py:188} INFO - [2026-01-25T06:53:44.114+0000] {dag.py:3947} INFO - Setting next_dagrun for smart_city_traffic_batch_dag to 2026-01-25 01:00:00+00:00, run_after=2026-01-26 01:00:00+00:00
[2026-01-25T06:53:44.312+0000] {processor.py:183} INFO - Processing /opt/airflow/dags/smart_city_traffic_batch_dag.py took 9.635 seconds
[2026-01-25T06:54:16.645+0000] {processor.py:161} INFO - Started process (PID=664) to work on /opt/airflow/dags/smart_city_traffic_batch_dag.py
[2026-01-25T06:54:16.689+0000] {processor.py:830} INFO - Processing file /opt/airflow/dags/smart_city_traffic_batch_dag.py for tasks to queue
[2026-01-25T06:54:16.846+0000] {logging_mixin.py:188} INFO - [2026-01-25T06:54:16.822+0000] {dagbag.py:545} INFO - Filling up the DagBag from /opt/airflow/dags/smart_city_traffic_batch_dag.py
[2026-01-25T06:54:22.454+0000] {processor.py:840} INFO - DAG(s) 'smart_city_traffic_batch_dag' retrieved from /opt/airflow/dags/smart_city_traffic_batch_dag.py
[2026-01-25T06:54:23.126+0000] {logging_mixin.py:188} INFO - [2026-01-25T06:54:23.125+0000] {dag.py:3089} INFO - Sync 1 DAGs
[2026-01-25T06:54:26.464+0000] {logging_mixin.py:188} INFO - [2026-01-25T06:54:26.463+0000] {dag.py:3947} INFO - Setting next_dagrun for smart_city_traffic_batch_dag to 2026-01-25 01:00:00+00:00, run_after=2026-01-26 01:00:00+00:00
[2026-01-25T06:54:26.526+0000] {processor.py:183} INFO - Processing /opt/airflow/dags/smart_city_traffic_batch_dag.py took 10.412 seconds
[2026-01-25T06:54:58.794+0000] {processor.py:161} INFO - Started process (PID=670) to work on /opt/airflow/dags/smart_city_traffic_batch_dag.py
[2026-01-25T06:54:58.839+0000] {processor.py:830} INFO - Processing file /opt/airflow/dags/smart_city_traffic_batch_dag.py for tasks to queue
[2026-01-25T06:54:58.986+0000] {logging_mixin.py:188} INFO - [2026-01-25T06:54:58.955+0000] {dagbag.py:545} INFO - Filling up the DagBag from /opt/airflow/dags/smart_city_traffic_batch_dag.py
[2026-01-25T06:55:06.616+0000] {processor.py:840} INFO - DAG(s) 'smart_city_traffic_batch_dag' retrieved from /opt/airflow/dags/smart_city_traffic_batch_dag.py
[2026-01-25T06:55:07.529+0000] {logging_mixin.py:188} INFO - [2026-01-25T06:55:07.528+0000] {dag.py:3089} INFO - Sync 1 DAGs
[2026-01-25T06:55:12.322+0000] {logging_mixin.py:188} INFO - [2026-01-25T06:55:12.322+0000] {dag.py:3947} INFO - Setting next_dagrun for smart_city_traffic_batch_dag to 2026-01-25 01:00:00+00:00, run_after=2026-01-26 01:00:00+00:00
[2026-01-25T06:55:12.403+0000] {processor.py:183} INFO - Processing /opt/airflow/dags/smart_city_traffic_batch_dag.py took 13.975 seconds
[2026-01-25T06:55:44.055+0000] {processor.py:161} INFO - Started process (PID=676) to work on /opt/airflow/dags/smart_city_traffic_batch_dag.py
[2026-01-25T06:55:44.105+0000] {processor.py:830} INFO - Processing file /opt/airflow/dags/smart_city_traffic_batch_dag.py for tasks to queue
[2026-01-25T06:55:44.249+0000] {logging_mixin.py:188} INFO - [2026-01-25T06:55:44.223+0000] {dagbag.py:545} INFO - Filling up the DagBag from /opt/airflow/dags/smart_city_traffic_batch_dag.py
[2026-01-25T06:55:49.487+0000] {processor.py:840} INFO - DAG(s) 'smart_city_traffic_batch_dag' retrieved from /opt/airflow/dags/smart_city_traffic_batch_dag.py
[2026-01-25T06:55:56.053+0000] {logging_mixin.py:188} INFO - [2026-01-25T06:55:56.052+0000] {dag.py:3089} INFO - Sync 1 DAGs
[2026-01-25T06:55:56.177+0000] {logging_mixin.py:188} INFO - [2026-01-25T06:55:56.174+0000] {dag.py:3947} INFO - Setting next_dagrun for smart_city_traffic_batch_dag to 2026-01-25 01:00:00+00:00, run_after=2026-01-26 01:00:00+00:00
[2026-01-25T06:55:56.263+0000] {processor.py:183} INFO - Processing /opt/airflow/dags/smart_city_traffic_batch_dag.py took 12.735 seconds
[2026-01-25T06:56:28.317+0000] {processor.py:161} INFO - Started process (PID=682) to work on /opt/airflow/dags/smart_city_traffic_batch_dag.py
[2026-01-25T06:56:28.342+0000] {processor.py:830} INFO - Processing file /opt/airflow/dags/smart_city_traffic_batch_dag.py for tasks to queue
[2026-01-25T06:56:28.546+0000] {logging_mixin.py:188} INFO - [2026-01-25T06:56:28.518+0000] {dagbag.py:545} INFO - Filling up the DagBag from /opt/airflow/dags/smart_city_traffic_batch_dag.py
[2026-01-25T06:56:39.579+0000] {processor.py:840} INFO - DAG(s) 'smart_city_traffic_batch_dag' retrieved from /opt/airflow/dags/smart_city_traffic_batch_dag.py
[2026-01-25T06:56:39.988+0000] {logging_mixin.py:188} INFO - [2026-01-25T06:56:39.987+0000] {dag.py:3089} INFO - Sync 1 DAGs
[2026-01-25T06:56:40.123+0000] {logging_mixin.py:188} INFO - [2026-01-25T06:56:40.123+0000] {dag.py:3947} INFO - Setting next_dagrun for smart_city_traffic_batch_dag to 2026-01-25 01:00:00+00:00, run_after=2026-01-26 01:00:00+00:00
[2026-01-25T06:56:40.208+0000] {processor.py:183} INFO - Processing /opt/airflow/dags/smart_city_traffic_batch_dag.py took 12.360 seconds
[2026-01-25T06:57:12.831+0000] {processor.py:161} INFO - Started process (PID=688) to work on /opt/airflow/dags/smart_city_traffic_batch_dag.py
[2026-01-25T06:57:12.861+0000] {processor.py:830} INFO - Processing file /opt/airflow/dags/smart_city_traffic_batch_dag.py for tasks to queue
[2026-01-25T06:57:12.994+0000] {logging_mixin.py:188} INFO - [2026-01-25T06:57:12.969+0000] {dagbag.py:545} INFO - Filling up the DagBag from /opt/airflow/dags/smart_city_traffic_batch_dag.py
[2026-01-25T06:57:20.095+0000] {processor.py:840} INFO - DAG(s) 'smart_city_traffic_batch_dag' retrieved from /opt/airflow/dags/smart_city_traffic_batch_dag.py
[2026-01-25T06:57:20.961+0000] {logging_mixin.py:188} INFO - [2026-01-25T06:57:20.960+0000] {dag.py:3089} INFO - Sync 1 DAGs
[2026-01-25T06:57:25.423+0000] {logging_mixin.py:188} INFO - [2026-01-25T06:57:25.423+0000] {dag.py:3947} INFO - Setting next_dagrun for smart_city_traffic_batch_dag to 2026-01-25 01:00:00+00:00, run_after=2026-01-26 01:00:00+00:00
[2026-01-25T06:57:25.481+0000] {processor.py:183} INFO - Processing /opt/airflow/dags/smart_city_traffic_batch_dag.py took 13.105 seconds
[2026-01-25T06:57:56.757+0000] {processor.py:161} INFO - Started process (PID=694) to work on /opt/airflow/dags/smart_city_traffic_batch_dag.py
[2026-01-25T06:57:56.790+0000] {processor.py:830} INFO - Processing file /opt/airflow/dags/smart_city_traffic_batch_dag.py for tasks to queue
[2026-01-25T06:57:56.932+0000] {logging_mixin.py:188} INFO - [2026-01-25T06:57:56.908+0000] {dagbag.py:545} INFO - Filling up the DagBag from /opt/airflow/dags/smart_city_traffic_batch_dag.py
[2026-01-25T06:58:05.174+0000] {processor.py:840} INFO - DAG(s) 'smart_city_traffic_batch_dag' retrieved from /opt/airflow/dags/smart_city_traffic_batch_dag.py
[2026-01-25T06:58:06.229+0000] {logging_mixin.py:188} INFO - [2026-01-25T06:58:06.222+0000] {dag.py:3089} INFO - Sync 1 DAGs
[2026-01-25T06:58:11.365+0000] {logging_mixin.py:188} INFO - [2026-01-25T06:58:11.364+0000] {dag.py:3947} INFO - Setting next_dagrun for smart_city_traffic_batch_dag to 2026-01-25 01:00:00+00:00, run_after=2026-01-26 01:00:00+00:00
[2026-01-25T06:58:11.435+0000] {processor.py:183} INFO - Processing /opt/airflow/dags/smart_city_traffic_batch_dag.py took 14.984 seconds
[2026-01-25T06:58:43.616+0000] {processor.py:161} INFO - Started process (PID=700) to work on /opt/airflow/dags/smart_city_traffic_batch_dag.py
[2026-01-25T06:58:43.662+0000] {processor.py:830} INFO - Processing file /opt/airflow/dags/smart_city_traffic_batch_dag.py for tasks to queue
[2026-01-25T06:58:43.787+0000] {logging_mixin.py:188} INFO - [2026-01-25T06:58:43.761+0000] {dagbag.py:545} INFO - Filling up the DagBag from /opt/airflow/dags/smart_city_traffic_batch_dag.py
[2026-01-25T06:58:49.611+0000] {processor.py:840} INFO - DAG(s) 'smart_city_traffic_batch_dag' retrieved from /opt/airflow/dags/smart_city_traffic_batch_dag.py
[2026-01-25T06:59:04.589+0000] {logging_mixin.py:188} INFO - [2026-01-25T06:59:04.572+0000] {dag.py:3089} INFO - Sync 1 DAGs
[2026-01-25T06:59:04.912+0000] {logging_mixin.py:188} INFO - [2026-01-25T06:59:04.912+0000] {dag.py:3947} INFO - Setting next_dagrun for smart_city_traffic_batch_dag to 2026-01-25 01:00:00+00:00, run_after=2026-01-26 01:00:00+00:00
[2026-01-25T06:59:05.013+0000] {processor.py:183} INFO - Processing /opt/airflow/dags/smart_city_traffic_batch_dag.py took 21.964 seconds
[2026-01-25T06:59:37.066+0000] {processor.py:161} INFO - Started process (PID=706) to work on /opt/airflow/dags/smart_city_traffic_batch_dag.py
[2026-01-25T06:59:37.077+0000] {processor.py:830} INFO - Processing file /opt/airflow/dags/smart_city_traffic_batch_dag.py for tasks to queue
[2026-01-25T06:59:37.189+0000] {logging_mixin.py:188} INFO - [2026-01-25T06:59:37.167+0000] {dagbag.py:545} INFO - Filling up the DagBag from /opt/airflow/dags/smart_city_traffic_batch_dag.py
[2026-01-25T06:59:42.790+0000] {processor.py:840} INFO - DAG(s) 'smart_city_traffic_batch_dag' retrieved from /opt/airflow/dags/smart_city_traffic_batch_dag.py
[2026-01-25T06:59:43.434+0000] {logging_mixin.py:188} INFO - [2026-01-25T06:59:43.433+0000] {dag.py:3089} INFO - Sync 1 DAGs
[2026-01-25T06:59:43.676+0000] {logging_mixin.py:188} INFO - [2026-01-25T06:59:43.675+0000] {dag.py:3947} INFO - Setting next_dagrun for smart_city_traffic_batch_dag to 2026-01-25 01:00:00+00:00, run_after=2026-01-26 01:00:00+00:00
[2026-01-25T06:59:48.150+0000] {processor.py:183} INFO - Processing /opt/airflow/dags/smart_city_traffic_batch_dag.py took 11.378 seconds
[2026-01-25T07:00:20.687+0000] {processor.py:161} INFO - Started process (PID=712) to work on /opt/airflow/dags/smart_city_traffic_batch_dag.py
[2026-01-25T07:00:20.780+0000] {processor.py:830} INFO - Processing file /opt/airflow/dags/smart_city_traffic_batch_dag.py for tasks to queue
[2026-01-25T07:00:21.059+0000] {logging_mixin.py:188} INFO - [2026-01-25T07:00:21.017+0000] {dagbag.py:545} INFO - Filling up the DagBag from /opt/airflow/dags/smart_city_traffic_batch_dag.py
[2026-01-25T07:00:28.105+0000] {processor.py:840} INFO - DAG(s) 'smart_city_traffic_batch_dag' retrieved from /opt/airflow/dags/smart_city_traffic_batch_dag.py
[2026-01-25T07:00:28.784+0000] {logging_mixin.py:188} INFO - [2026-01-25T07:00:28.784+0000] {dag.py:3089} INFO - Sync 1 DAGs
[2026-01-25T07:00:34.628+0000] {logging_mixin.py:188} INFO - [2026-01-25T07:00:34.625+0000] {dag.py:3947} INFO - Setting next_dagrun for smart_city_traffic_batch_dag to 2026-01-25 01:00:00+00:00, run_after=2026-01-26 01:00:00+00:00
[2026-01-25T07:00:34.725+0000] {processor.py:183} INFO - Processing /opt/airflow/dags/smart_city_traffic_batch_dag.py took 14.672 seconds
[2026-01-25T07:01:06.620+0000] {processor.py:161} INFO - Started process (PID=718) to work on /opt/airflow/dags/smart_city_traffic_batch_dag.py
[2026-01-25T07:01:06.647+0000] {processor.py:830} INFO - Processing file /opt/airflow/dags/smart_city_traffic_batch_dag.py for tasks to queue
[2026-01-25T07:01:06.790+0000] {logging_mixin.py:188} INFO - [2026-01-25T07:01:06.766+0000] {dagbag.py:545} INFO - Filling up the DagBag from /opt/airflow/dags/smart_city_traffic_batch_dag.py
[2026-01-25T07:01:22.431+0000] {processor.py:840} INFO - DAG(s) 'smart_city_traffic_batch_dag' retrieved from /opt/airflow/dags/smart_city_traffic_batch_dag.py
[2026-01-25T07:01:33.930+0000] {logging_mixin.py:188} INFO - [2026-01-25T07:01:33.915+0000] {dag.py:3089} INFO - Sync 1 DAGs
[2026-01-25T07:01:34.159+0000] {logging_mixin.py:188} INFO - [2026-01-25T07:01:34.158+0000] {dag.py:3947} INFO - Setting next_dagrun for smart_city_traffic_batch_dag to 2026-01-25 01:00:00+00:00, run_after=2026-01-26 01:00:00+00:00
[2026-01-25T07:01:34.267+0000] {processor.py:183} INFO - Processing /opt/airflow/dags/smart_city_traffic_batch_dag.py took 28.026 seconds
[2026-01-25T07:02:06.432+0000] {processor.py:161} INFO - Started process (PID=724) to work on /opt/airflow/dags/smart_city_traffic_batch_dag.py
[2026-01-25T07:02:06.474+0000] {processor.py:830} INFO - Processing file /opt/airflow/dags/smart_city_traffic_batch_dag.py for tasks to queue
[2026-01-25T07:02:06.585+0000] {logging_mixin.py:188} INFO - [2026-01-25T07:02:06.557+0000] {dagbag.py:545} INFO - Filling up the DagBag from /opt/airflow/dags/smart_city_traffic_batch_dag.py
[2026-01-25T07:02:18.972+0000] {processor.py:840} INFO - DAG(s) 'smart_city_traffic_batch_dag' retrieved from /opt/airflow/dags/smart_city_traffic_batch_dag.py
[2026-01-25T07:02:19.523+0000] {logging_mixin.py:188} INFO - [2026-01-25T07:02:19.516+0000] {dag.py:3089} INFO - Sync 1 DAGs
[2026-01-25T07:02:19.619+0000] {logging_mixin.py:188} INFO - [2026-01-25T07:02:19.619+0000] {dag.py:3947} INFO - Setting next_dagrun for smart_city_traffic_batch_dag to 2026-01-25 01:00:00+00:00, run_after=2026-01-26 01:00:00+00:00
[2026-01-25T07:02:19.675+0000] {processor.py:183} INFO - Processing /opt/airflow/dags/smart_city_traffic_batch_dag.py took 13.565 seconds
[2026-01-25T07:02:52.126+0000] {processor.py:161} INFO - Started process (PID=730) to work on /opt/airflow/dags/smart_city_traffic_batch_dag.py
[2026-01-25T07:02:52.178+0000] {processor.py:830} INFO - Processing file /opt/airflow/dags/smart_city_traffic_batch_dag.py for tasks to queue
[2026-01-25T07:02:52.319+0000] {logging_mixin.py:188} INFO - [2026-01-25T07:02:52.294+0000] {dagbag.py:545} INFO - Filling up the DagBag from /opt/airflow/dags/smart_city_traffic_batch_dag.py
[2026-01-25T07:02:59.794+0000] {processor.py:840} INFO - DAG(s) 'smart_city_traffic_batch_dag' retrieved from /opt/airflow/dags/smart_city_traffic_batch_dag.py
[2026-01-25T07:03:00.713+0000] {logging_mixin.py:188} INFO - [2026-01-25T07:03:00.711+0000] {dag.py:3089} INFO - Sync 1 DAGs
[2026-01-25T07:03:01.014+0000] {logging_mixin.py:188} INFO - [2026-01-25T07:03:01.013+0000] {dag.py:3947} INFO - Setting next_dagrun for smart_city_traffic_batch_dag to 2026-01-25 01:00:00+00:00, run_after=2026-01-26 01:00:00+00:00
[2026-01-25T07:03:07.414+0000] {processor.py:183} INFO - Processing /opt/airflow/dags/smart_city_traffic_batch_dag.py took 15.709 seconds
[2026-01-25T07:03:39.727+0000] {processor.py:161} INFO - Started process (PID=736) to work on /opt/airflow/dags/smart_city_traffic_batch_dag.py
[2026-01-25T07:03:39.773+0000] {processor.py:830} INFO - Processing file /opt/airflow/dags/smart_city_traffic_batch_dag.py for tasks to queue
[2026-01-25T07:03:39.913+0000] {logging_mixin.py:188} INFO - [2026-01-25T07:03:39.886+0000] {dagbag.py:545} INFO - Filling up the DagBag from /opt/airflow/dags/smart_city_traffic_batch_dag.py
[2026-01-25T07:03:45.750+0000] {processor.py:840} INFO - DAG(s) 'smart_city_traffic_batch_dag' retrieved from /opt/airflow/dags/smart_city_traffic_batch_dag.py
[2026-01-25T07:03:46.503+0000] {logging_mixin.py:188} INFO - [2026-01-25T07:03:46.501+0000] {dag.py:3089} INFO - Sync 1 DAGs
[2026-01-25T07:03:53.008+0000] {logging_mixin.py:188} INFO - [2026-01-25T07:03:52.992+0000] {dag.py:3947} INFO - Setting next_dagrun for smart_city_traffic_batch_dag to 2026-01-25 01:00:00+00:00, run_after=2026-01-26 01:00:00+00:00
[2026-01-25T07:03:53.103+0000] {processor.py:183} INFO - Processing /opt/airflow/dags/smart_city_traffic_batch_dag.py took 13.785 seconds
[2026-01-25T07:04:24.590+0000] {processor.py:161} INFO - Started process (PID=742) to work on /opt/airflow/dags/smart_city_traffic_batch_dag.py
[2026-01-25T07:04:24.617+0000] {processor.py:830} INFO - Processing file /opt/airflow/dags/smart_city_traffic_batch_dag.py for tasks to queue
[2026-01-25T07:04:24.729+0000] {logging_mixin.py:188} INFO - [2026-01-25T07:04:24.709+0000] {dagbag.py:545} INFO - Filling up the DagBag from /opt/airflow/dags/smart_city_traffic_batch_dag.py
[2026-01-25T07:04:29.512+0000] {processor.py:840} INFO - DAG(s) 'smart_city_traffic_batch_dag' retrieved from /opt/airflow/dags/smart_city_traffic_batch_dag.py
[2026-01-25T07:04:33.162+0000] {logging_mixin.py:188} INFO - [2026-01-25T07:04:33.161+0000] {dag.py:3089} INFO - Sync 1 DAGs
[2026-01-25T07:04:33.219+0000] {logging_mixin.py:188} INFO - [2026-01-25T07:04:33.218+0000] {dag.py:3947} INFO - Setting next_dagrun for smart_city_traffic_batch_dag to 2026-01-25 01:00:00+00:00, run_after=2026-01-26 01:00:00+00:00
[2026-01-25T07:04:33.272+0000] {processor.py:183} INFO - Processing /opt/airflow/dags/smart_city_traffic_batch_dag.py took 9.019 seconds
[2026-01-25T07:05:06.822+0000] {processor.py:161} INFO - Started process (PID=748) to work on /opt/airflow/dags/smart_city_traffic_batch_dag.py
[2026-01-25T07:05:06.861+0000] {processor.py:830} INFO - Processing file /opt/airflow/dags/smart_city_traffic_batch_dag.py for tasks to queue
[2026-01-25T07:05:07.006+0000] {logging_mixin.py:188} INFO - [2026-01-25T07:05:06.980+0000] {dagbag.py:545} INFO - Filling up the DagBag from /opt/airflow/dags/smart_city_traffic_batch_dag.py
[2026-01-25T07:05:20.364+0000] {processor.py:840} INFO - DAG(s) 'smart_city_traffic_batch_dag' retrieved from /opt/airflow/dags/smart_city_traffic_batch_dag.py
[2026-01-25T07:05:20.899+0000] {logging_mixin.py:188} INFO - [2026-01-25T07:05:20.898+0000] {dag.py:3089} INFO - Sync 1 DAGs
[2026-01-25T07:05:20.998+0000] {logging_mixin.py:188} INFO - [2026-01-25T07:05:20.997+0000] {dag.py:3947} INFO - Setting next_dagrun for smart_city_traffic_batch_dag to 2026-01-25 01:00:00+00:00, run_after=2026-01-26 01:00:00+00:00
[2026-01-25T07:05:21.055+0000] {processor.py:183} INFO - Processing /opt/airflow/dags/smart_city_traffic_batch_dag.py took 14.659 seconds
[2026-01-25T07:05:53.108+0000] {processor.py:161} INFO - Started process (PID=754) to work on /opt/airflow/dags/smart_city_traffic_batch_dag.py
[2026-01-25T07:05:53.220+0000] {processor.py:830} INFO - Processing file /opt/airflow/dags/smart_city_traffic_batch_dag.py for tasks to queue
[2026-01-25T07:05:53.581+0000] {logging_mixin.py:188} INFO - [2026-01-25T07:05:53.443+0000] {dagbag.py:545} INFO - Filling up the DagBag from /opt/airflow/dags/smart_city_traffic_batch_dag.py
[2026-01-25T07:06:05.831+0000] {processor.py:840} INFO - DAG(s) 'smart_city_traffic_batch_dag' retrieved from /opt/airflow/dags/smart_city_traffic_batch_dag.py
[2026-01-25T07:06:06.526+0000] {logging_mixin.py:188} INFO - [2026-01-25T07:06:06.524+0000] {dag.py:3089} INFO - Sync 1 DAGs
[2026-01-25T07:06:06.786+0000] {logging_mixin.py:188} INFO - [2026-01-25T07:06:06.785+0000] {dag.py:3947} INFO - Setting next_dagrun for smart_city_traffic_batch_dag to 2026-01-25 01:00:00+00:00, run_after=2026-01-26 01:00:00+00:00
[2026-01-25T07:06:11.604+0000] {processor.py:183} INFO - Processing /opt/airflow/dags/smart_city_traffic_batch_dag.py took 19.385 seconds
[2026-01-25T07:06:43.957+0000] {processor.py:161} INFO - Started process (PID=760) to work on /opt/airflow/dags/smart_city_traffic_batch_dag.py
[2026-01-25T07:06:44.002+0000] {processor.py:830} INFO - Processing file /opt/airflow/dags/smart_city_traffic_batch_dag.py for tasks to queue
[2026-01-25T07:06:44.124+0000] {logging_mixin.py:188} INFO - [2026-01-25T07:06:44.100+0000] {dagbag.py:545} INFO - Filling up the DagBag from /opt/airflow/dags/smart_city_traffic_batch_dag.py
[2026-01-25T07:06:49.203+0000] {processor.py:840} INFO - DAG(s) 'smart_city_traffic_batch_dag' retrieved from /opt/airflow/dags/smart_city_traffic_batch_dag.py
[2026-01-25T07:06:50.055+0000] {logging_mixin.py:188} INFO - [2026-01-25T07:06:50.055+0000] {dag.py:3089} INFO - Sync 1 DAGs
[2026-01-25T07:06:55.701+0000] {logging_mixin.py:188} INFO - [2026-01-25T07:06:55.701+0000] {dag.py:3947} INFO - Setting next_dagrun for smart_city_traffic_batch_dag to 2026-01-25 01:00:00+00:00, run_after=2026-01-26 01:00:00+00:00
[2026-01-25T07:06:55.768+0000] {processor.py:183} INFO - Processing /opt/airflow/dags/smart_city_traffic_batch_dag.py took 12.169 seconds
[2026-01-25T07:07:27.641+0000] {processor.py:161} INFO - Started process (PID=766) to work on /opt/airflow/dags/smart_city_traffic_batch_dag.py
[2026-01-25T07:07:27.675+0000] {processor.py:830} INFO - Processing file /opt/airflow/dags/smart_city_traffic_batch_dag.py for tasks to queue
[2026-01-25T07:07:27.849+0000] {logging_mixin.py:188} INFO - [2026-01-25T07:07:27.820+0000] {dagbag.py:545} INFO - Filling up the DagBag from /opt/airflow/dags/smart_city_traffic_batch_dag.py
[2026-01-25T07:07:34.147+0000] {processor.py:840} INFO - DAG(s) 'smart_city_traffic_batch_dag' retrieved from /opt/airflow/dags/smart_city_traffic_batch_dag.py
[2026-01-25T07:07:40.276+0000] {logging_mixin.py:188} INFO - [2026-01-25T07:07:40.269+0000] {dag.py:3089} INFO - Sync 1 DAGs
[2026-01-25T07:07:40.372+0000] {logging_mixin.py:188} INFO - [2026-01-25T07:07:40.371+0000] {dag.py:3947} INFO - Setting next_dagrun for smart_city_traffic_batch_dag to 2026-01-25 01:00:00+00:00, run_after=2026-01-26 01:00:00+00:00
[2026-01-25T07:07:40.439+0000] {processor.py:183} INFO - Processing /opt/airflow/dags/smart_city_traffic_batch_dag.py took 13.161 seconds
[2026-01-25T07:08:12.562+0000] {processor.py:161} INFO - Started process (PID=772) to work on /opt/airflow/dags/smart_city_traffic_batch_dag.py
[2026-01-25T07:08:12.605+0000] {processor.py:830} INFO - Processing file /opt/airflow/dags/smart_city_traffic_batch_dag.py for tasks to queue
[2026-01-25T07:08:12.773+0000] {logging_mixin.py:188} INFO - [2026-01-25T07:08:12.749+0000] {dagbag.py:545} INFO - Filling up the DagBag from /opt/airflow/dags/smart_city_traffic_batch_dag.py
[2026-01-25T07:08:23.440+0000] {processor.py:840} INFO - DAG(s) 'smart_city_traffic_batch_dag' retrieved from /opt/airflow/dags/smart_city_traffic_batch_dag.py
[2026-01-25T07:08:23.836+0000] {logging_mixin.py:188} INFO - [2026-01-25T07:08:23.835+0000] {dag.py:3089} INFO - Sync 1 DAGs
[2026-01-25T07:08:23.909+0000] {logging_mixin.py:188} INFO - [2026-01-25T07:08:23.909+0000] {dag.py:3947} INFO - Setting next_dagrun for smart_city_traffic_batch_dag to 2026-01-25 01:00:00+00:00, run_after=2026-01-26 01:00:00+00:00
[2026-01-25T07:08:23.980+0000] {processor.py:183} INFO - Processing /opt/airflow/dags/smart_city_traffic_batch_dag.py took 11.748 seconds
[2026-01-25T07:08:55.936+0000] {processor.py:161} INFO - Started process (PID=778) to work on /opt/airflow/dags/smart_city_traffic_batch_dag.py
[2026-01-25T07:08:56.012+0000] {processor.py:830} INFO - Processing file /opt/airflow/dags/smart_city_traffic_batch_dag.py for tasks to queue
[2026-01-25T07:08:56.188+0000] {logging_mixin.py:188} INFO - [2026-01-25T07:08:56.163+0000] {dagbag.py:545} INFO - Filling up the DagBag from /opt/airflow/dags/smart_city_traffic_batch_dag.py
[2026-01-25T07:09:07.951+0000] {processor.py:840} INFO - DAG(s) 'smart_city_traffic_batch_dag' retrieved from /opt/airflow/dags/smart_city_traffic_batch_dag.py
[2026-01-25T07:09:09.157+0000] {logging_mixin.py:188} INFO - [2026-01-25T07:09:09.150+0000] {dag.py:3089} INFO - Sync 1 DAGs
[2026-01-25T07:09:09.280+0000] {logging_mixin.py:188} INFO - [2026-01-25T07:09:09.279+0000] {dag.py:3947} INFO - Setting next_dagrun for smart_city_traffic_batch_dag to 2026-01-25 01:00:00+00:00, run_after=2026-01-26 01:00:00+00:00
[2026-01-25T07:09:09.376+0000] {processor.py:183} INFO - Processing /opt/airflow/dags/smart_city_traffic_batch_dag.py took 13.887 seconds
[2026-01-25T07:09:42.124+0000] {processor.py:161} INFO - Started process (PID=784) to work on /opt/airflow/dags/smart_city_traffic_batch_dag.py
[2026-01-25T07:09:42.135+0000] {processor.py:830} INFO - Processing file /opt/airflow/dags/smart_city_traffic_batch_dag.py for tasks to queue
[2026-01-25T07:09:42.246+0000] {logging_mixin.py:188} INFO - [2026-01-25T07:09:42.223+0000] {dagbag.py:545} INFO - Filling up the DagBag from /opt/airflow/dags/smart_city_traffic_batch_dag.py
[2026-01-25T07:09:48.176+0000] {processor.py:840} INFO - DAG(s) 'smart_city_traffic_batch_dag' retrieved from /opt/airflow/dags/smart_city_traffic_batch_dag.py
[2026-01-25T07:09:48.579+0000] {logging_mixin.py:188} INFO - [2026-01-25T07:09:48.578+0000] {dag.py:3089} INFO - Sync 1 DAGs
[2026-01-25T07:09:53.958+0000] {logging_mixin.py:188} INFO - [2026-01-25T07:09:53.958+0000] {dag.py:3947} INFO - Setting next_dagrun for smart_city_traffic_batch_dag to 2026-01-25 01:00:00+00:00, run_after=2026-01-26 01:00:00+00:00
[2026-01-25T07:09:54.009+0000] {processor.py:183} INFO - Processing /opt/airflow/dags/smart_city_traffic_batch_dag.py took 12.138 seconds
[2026-01-25T07:10:25.455+0000] {processor.py:161} INFO - Started process (PID=790) to work on /opt/airflow/dags/smart_city_traffic_batch_dag.py
[2026-01-25T07:10:25.499+0000] {processor.py:830} INFO - Processing file /opt/airflow/dags/smart_city_traffic_batch_dag.py for tasks to queue
[2026-01-25T07:10:25.596+0000] {logging_mixin.py:188} INFO - [2026-01-25T07:10:25.578+0000] {dagbag.py:545} INFO - Filling up the DagBag from /opt/airflow/dags/smart_city_traffic_batch_dag.py
[2026-01-25T07:10:31.748+0000] {processor.py:840} INFO - DAG(s) 'smart_city_traffic_batch_dag' retrieved from /opt/airflow/dags/smart_city_traffic_batch_dag.py
[2026-01-25T07:10:38.989+0000] {logging_mixin.py:188} INFO - [2026-01-25T07:10:38.988+0000] {dag.py:3089} INFO - Sync 1 DAGs
[2026-01-25T07:10:39.063+0000] {logging_mixin.py:188} INFO - [2026-01-25T07:10:39.063+0000] {dag.py:3947} INFO - Setting next_dagrun for smart_city_traffic_batch_dag to 2026-01-25 01:00:00+00:00, run_after=2026-01-26 01:00:00+00:00
[2026-01-25T07:10:39.141+0000] {processor.py:183} INFO - Processing /opt/airflow/dags/smart_city_traffic_batch_dag.py took 13.989 seconds
[2026-01-25T07:11:13.535+0000] {processor.py:161} INFO - Started process (PID=796) to work on /opt/airflow/dags/smart_city_traffic_batch_dag.py
[2026-01-25T07:11:13.607+0000] {processor.py:830} INFO - Processing file /opt/airflow/dags/smart_city_traffic_batch_dag.py for tasks to queue
[2026-01-25T07:11:13.743+0000] {logging_mixin.py:188} INFO - [2026-01-25T07:11:13.715+0000] {dagbag.py:545} INFO - Filling up the DagBag from /opt/airflow/dags/smart_city_traffic_batch_dag.py
[2026-01-25T07:11:37.306+0000] {processor.py:840} INFO - DAG(s) 'smart_city_traffic_batch_dag' retrieved from /opt/airflow/dags/smart_city_traffic_batch_dag.py
[2026-01-25T07:11:37.700+0000] {logging_mixin.py:188} INFO - [2026-01-25T07:11:37.694+0000] {dag.py:3089} INFO - Sync 1 DAGs
[2026-01-25T07:11:37.806+0000] {logging_mixin.py:188} INFO - [2026-01-25T07:11:37.805+0000] {dag.py:3947} INFO - Setting next_dagrun for smart_city_traffic_batch_dag to 2026-01-25 01:00:00+00:00, run_after=2026-01-26 01:00:00+00:00
[2026-01-25T07:11:43.424+0000] {processor.py:183} INFO - Processing /opt/airflow/dags/smart_city_traffic_batch_dag.py took 30.871 seconds
[2026-01-25T07:12:15.881+0000] {processor.py:161} INFO - Started process (PID=802) to work on /opt/airflow/dags/smart_city_traffic_batch_dag.py
[2026-01-25T07:12:15.917+0000] {processor.py:830} INFO - Processing file /opt/airflow/dags/smart_city_traffic_batch_dag.py for tasks to queue
[2026-01-25T07:12:16.045+0000] {logging_mixin.py:188} INFO - [2026-01-25T07:12:16.024+0000] {dagbag.py:545} INFO - Filling up the DagBag from /opt/airflow/dags/smart_city_traffic_batch_dag.py
[2026-01-25T07:12:23.187+0000] {processor.py:840} INFO - DAG(s) 'smart_city_traffic_batch_dag' retrieved from /opt/airflow/dags/smart_city_traffic_batch_dag.py
[2026-01-25T07:12:23.922+0000] {logging_mixin.py:188} INFO - [2026-01-25T07:12:23.920+0000] {dag.py:3089} INFO - Sync 1 DAGs
[2026-01-25T07:12:28.926+0000] {logging_mixin.py:188} INFO - [2026-01-25T07:12:28.925+0000] {dag.py:3947} INFO - Setting next_dagrun for smart_city_traffic_batch_dag to 2026-01-25 01:00:00+00:00, run_after=2026-01-26 01:00:00+00:00
[2026-01-25T07:12:29.060+0000] {processor.py:183} INFO - Processing /opt/airflow/dags/smart_city_traffic_batch_dag.py took 13.523 seconds
[2026-01-25T07:12:36.135+0000] {processor.py:161} INFO - Started process (PID=808) to work on /opt/airflow/dags/smart_city_traffic_batch_dag.py
[2026-01-25T07:12:36.145+0000] {processor.py:830} INFO - Processing file /opt/airflow/dags/smart_city_traffic_batch_dag.py for tasks to queue
[2026-01-25T07:12:36.224+0000] {logging_mixin.py:188} INFO - [2026-01-25T07:12:36.207+0000] {dagbag.py:545} INFO - Filling up the DagBag from /opt/airflow/dags/smart_city_traffic_batch_dag.py
[2026-01-25T07:12:43.363+0000] {processor.py:840} INFO - DAG(s) 'smart_city_traffic_batch_dag' retrieved from /opt/airflow/dags/smart_city_traffic_batch_dag.py
[2026-01-25T07:12:44.668+0000] {logging_mixin.py:188} INFO - [2026-01-25T07:12:44.656+0000] {dag.py:3089} INFO - Sync 1 DAGs
[2026-01-25T07:12:51.004+0000] {logging_mixin.py:188} INFO - [2026-01-25T07:12:51.004+0000] {dag.py:3947} INFO - Setting next_dagrun for smart_city_traffic_batch_dag to 2026-01-25 01:00:00+00:00, run_after=2026-01-26 01:00:00+00:00
[2026-01-25T07:12:51.093+0000] {processor.py:183} INFO - Processing /opt/airflow/dags/smart_city_traffic_batch_dag.py took 15.191 seconds
[2026-01-25T07:13:23.498+0000] {processor.py:161} INFO - Started process (PID=814) to work on /opt/airflow/dags/smart_city_traffic_batch_dag.py
[2026-01-25T07:13:23.564+0000] {processor.py:830} INFO - Processing file /opt/airflow/dags/smart_city_traffic_batch_dag.py for tasks to queue
[2026-01-25T07:13:23.896+0000] {logging_mixin.py:188} INFO - [2026-01-25T07:13:23.872+0000] {dagbag.py:545} INFO - Filling up the DagBag from /opt/airflow/dags/smart_city_traffic_batch_dag.py
[2026-01-25T07:13:30.484+0000] {processor.py:840} INFO - DAG(s) 'smart_city_traffic_batch_dag' retrieved from /opt/airflow/dags/smart_city_traffic_batch_dag.py
[2026-01-25T07:13:41.642+0000] {logging_mixin.py:188} INFO - [2026-01-25T07:13:41.640+0000] {dag.py:3089} INFO - Sync 1 DAGs
[2026-01-25T07:13:41.731+0000] {logging_mixin.py:188} INFO - [2026-01-25T07:13:41.731+0000] {dag.py:3947} INFO - Setting next_dagrun for smart_city_traffic_batch_dag to 2026-01-25 01:00:00+00:00, run_after=2026-01-26 01:00:00+00:00
[2026-01-25T07:13:41.828+0000] {processor.py:183} INFO - Processing /opt/airflow/dags/smart_city_traffic_batch_dag.py took 18.894 seconds
[2026-01-25T07:14:15.383+0000] {processor.py:161} INFO - Started process (PID=820) to work on /opt/airflow/dags/smart_city_traffic_batch_dag.py
[2026-01-25T07:14:15.426+0000] {processor.py:830} INFO - Processing file /opt/airflow/dags/smart_city_traffic_batch_dag.py for tasks to queue
[2026-01-25T07:14:15.561+0000] {logging_mixin.py:188} INFO - [2026-01-25T07:14:15.540+0000] {dagbag.py:545} INFO - Filling up the DagBag from /opt/airflow/dags/smart_city_traffic_batch_dag.py
[2026-01-25T07:14:37.793+0000] {logging_mixin.py:188} WARNING - Exception ignored in: <function WeakKeyDictionary.__init__.<locals>.remove at 0x7a442b44e7a0>
[2026-01-25T07:14:37.797+0000] {logging_mixin.py:188} WARNING - Traceback (most recent call last):
[2026-01-25T07:14:37.798+0000] {logging_mixin.py:188} WARNING -   File "/usr/local/lib/python3.12/weakref.py", line 369, in remove
[2026-01-25T07:14:37.800+0000] {logging_mixin.py:188} WARNING -     def remove(k, selfref=ref(self)):
[2026-01-25T07:14:37.801+0000] {logging_mixin.py:188} WARNING -   File "/home/airflow/.local/lib/python3.12/site-packages/airflow/dag_processing/manager.py", line 453, in _exit_gracefully
[2026-01-25T07:14:37.802+0000] {logging_mixin.py:188} WARNING -     self.log.debug("Current Stacktrace is: %s", "\n".join(map(str, inspect.stack())))
[2026-01-25T07:14:37.803+0000] {logging_mixin.py:188} WARNING -                                                                    ^^^^^^^^^^^^^^^
[2026-01-25T07:14:37.803+0000] {logging_mixin.py:188} WARNING -   File "/usr/local/lib/python3.12/inspect.py", line 1771, in stack
[2026-01-25T07:14:37.805+0000] {logging_mixin.py:188} WARNING -     return getouterframes(sys._getframe(1), context)
[2026-01-25T07:14:37.807+0000] {logging_mixin.py:188} WARNING -            ^^^^^^^^^^^^^^^^^^^^^^^^^^^^^^^^^^^^^^^^^
[2026-01-25T07:14:37.807+0000] {logging_mixin.py:188} WARNING -   File "/usr/local/lib/python3.12/inspect.py", line 1746, in getouterframes
[2026-01-25T07:14:37.811+0000] {logging_mixin.py:188} WARNING -     traceback_info = getframeinfo(frame, context)
[2026-01-25T07:14:37.814+0000] {logging_mixin.py:188} WARNING -                      ^^^^^^^^^^^^^^^^^^^^^^^^^^^^
[2026-01-25T07:14:37.815+0000] {logging_mixin.py:188} WARNING -   File "/usr/local/lib/python3.12/inspect.py", line 1704, in getframeinfo
[2026-01-25T07:14:37.816+0000] {logging_mixin.py:188} WARNING -     filename = getsourcefile(frame) or getfile(frame)
[2026-01-25T07:14:37.816+0000] {logging_mixin.py:188} WARNING -                ^^^^^^^^^^^^^^^^^^^^
[2026-01-25T07:14:37.817+0000] {logging_mixin.py:188} WARNING -   File "/usr/local/lib/python3.12/inspect.py", line 964, in getsourcefile
[2026-01-25T07:14:37.818+0000] {logging_mixin.py:188} WARNING -     module = getmodule(object, filename)
[2026-01-25T07:14:37.819+0000] {logging_mixin.py:188} WARNING -              ^^^^^^^^^^^^^^^^^^^^^^^^^^^
[2026-01-25T07:14:37.820+0000] {logging_mixin.py:188} WARNING -   File "/usr/local/lib/python3.12/inspect.py", line 1003, in getmodule
[2026-01-25T07:14:37.821+0000] {logging_mixin.py:188} WARNING -     if f == _filesbymodname.get(modname, None):
[2026-01-25T07:14:37.821+0000] {logging_mixin.py:188} WARNING -             ^^^^^^^^^^^^^^^^^^^^^^^^^^^^^^^^^^
[2026-01-25T07:14:37.822+0000] {logging_mixin.py:188} WARNING -   File "/home/airflow/.local/lib/python3.12/site-packages/airflow/dag_processing/manager.py", line 457, in _exit_gracefully
[2026-01-25T07:14:37.823+0000] {logging_mixin.py:188} WARNING -     sys.exit(os.EX_OK)
[2026-01-25T07:14:37.824+0000] {logging_mixin.py:188} WARNING - SystemExit: 0
[2026-01-25T07:14:38.011+0000] {processor.py:840} INFO - DAG(s) 'smart_city_traffic_batch_dag' retrieved from /opt/airflow/dags/smart_city_traffic_batch_dag.py
[2026-01-25T07:14:39.833+0000] {logging_mixin.py:188} INFO - [2026-01-25T07:14:39.831+0000] {dag.py:3089} INFO - Sync 1 DAGs
[2026-01-25T07:14:40.100+0000] {logging_mixin.py:188} INFO - [2026-01-25T07:14:40.099+0000] {dag.py:3947} INFO - Setting next_dagrun for smart_city_traffic_batch_dag to 2026-01-25 01:00:00+00:00, run_after=2026-01-26 01:00:00+00:00
[2026-01-25T07:14:40.538+0000] {processor.py:183} INFO - Processing /opt/airflow/dags/smart_city_traffic_batch_dag.py took 25.646 seconds
[2026-01-25T07:15:33.505+0000] {processor.py:161} INFO - Started process (PID=172) to work on /opt/airflow/dags/smart_city_traffic_batch_dag.py
[2026-01-25T07:15:33.534+0000] {processor.py:830} INFO - Processing file /opt/airflow/dags/smart_city_traffic_batch_dag.py for tasks to queue
[2026-01-25T07:15:33.622+0000] {logging_mixin.py:188} INFO - [2026-01-25T07:15:33.608+0000] {dagbag.py:545} INFO - Filling up the DagBag from /opt/airflow/dags/smart_city_traffic_batch_dag.py
[2026-01-25T07:15:39.392+0000] {processor.py:840} INFO - DAG(s) 'smart_city_traffic_batch_dag' retrieved from /opt/airflow/dags/smart_city_traffic_batch_dag.py
[2026-01-25T07:15:39.970+0000] {logging_mixin.py:188} INFO - [2026-01-25T07:15:39.968+0000] {dag.py:3089} INFO - Sync 1 DAGs
[2026-01-25T07:15:40.174+0000] {logging_mixin.py:188} INFO - [2026-01-25T07:15:40.173+0000] {dag.py:3947} INFO - Setting next_dagrun for smart_city_traffic_batch_dag to 2026-01-25 01:00:00+00:00, run_after=2026-01-26 01:00:00+00:00
[2026-01-25T07:15:40.298+0000] {processor.py:183} INFO - Processing /opt/airflow/dags/smart_city_traffic_batch_dag.py took 7.029 seconds
[2026-01-25T07:16:12.325+0000] {processor.py:161} INFO - Started process (PID=178) to work on /opt/airflow/dags/smart_city_traffic_batch_dag.py
[2026-01-25T07:16:12.376+0000] {processor.py:830} INFO - Processing file /opt/airflow/dags/smart_city_traffic_batch_dag.py for tasks to queue
[2026-01-25T07:16:12.942+0000] {logging_mixin.py:188} INFO - [2026-01-25T07:16:12.918+0000] {dagbag.py:545} INFO - Filling up the DagBag from /opt/airflow/dags/smart_city_traffic_batch_dag.py
[2026-01-25T07:16:18.701+0000] {processor.py:840} INFO - DAG(s) 'smart_city_traffic_batch_dag' retrieved from /opt/airflow/dags/smart_city_traffic_batch_dag.py
[2026-01-25T07:16:19.506+0000] {logging_mixin.py:188} INFO - [2026-01-25T07:16:19.505+0000] {dag.py:3089} INFO - Sync 1 DAGs
[2026-01-25T07:16:19.872+0000] {logging_mixin.py:188} INFO - [2026-01-25T07:16:19.871+0000] {dag.py:3947} INFO - Setting next_dagrun for smart_city_traffic_batch_dag to 2026-01-25 01:00:00+00:00, run_after=2026-01-26 01:00:00+00:00
[2026-01-25T07:16:20.053+0000] {processor.py:183} INFO - Processing /opt/airflow/dags/smart_city_traffic_batch_dag.py took 8.289 seconds
[2026-01-25T07:16:51.684+0000] {processor.py:161} INFO - Started process (PID=184) to work on /opt/airflow/dags/smart_city_traffic_batch_dag.py
[2026-01-25T07:16:51.704+0000] {processor.py:830} INFO - Processing file /opt/airflow/dags/smart_city_traffic_batch_dag.py for tasks to queue
[2026-01-25T07:16:51.785+0000] {logging_mixin.py:188} INFO - [2026-01-25T07:16:51.769+0000] {dagbag.py:545} INFO - Filling up the DagBag from /opt/airflow/dags/smart_city_traffic_batch_dag.py
[2026-01-25T07:16:58.776+0000] {processor.py:840} INFO - DAG(s) 'smart_city_traffic_batch_dag' retrieved from /opt/airflow/dags/smart_city_traffic_batch_dag.py
[2026-01-25T07:17:00.013+0000] {logging_mixin.py:188} INFO - [2026-01-25T07:17:00.011+0000] {dag.py:3089} INFO - Sync 1 DAGs
[2026-01-25T07:17:00.468+0000] {logging_mixin.py:188} INFO - [2026-01-25T07:17:00.466+0000] {dag.py:3947} INFO - Setting next_dagrun for smart_city_traffic_batch_dag to 2026-01-25 01:00:00+00:00, run_after=2026-01-26 01:00:00+00:00
[2026-01-25T07:17:00.676+0000] {processor.py:183} INFO - Processing /opt/airflow/dags/smart_city_traffic_batch_dag.py took 9.214 seconds
[2026-01-25T07:17:31.768+0000] {processor.py:161} INFO - Started process (PID=190) to work on /opt/airflow/dags/smart_city_traffic_batch_dag.py
[2026-01-25T07:17:31.786+0000] {processor.py:830} INFO - Processing file /opt/airflow/dags/smart_city_traffic_batch_dag.py for tasks to queue
[2026-01-25T07:17:31.821+0000] {logging_mixin.py:188} INFO - [2026-01-25T07:17:31.813+0000] {dagbag.py:545} INFO - Filling up the DagBag from /opt/airflow/dags/smart_city_traffic_batch_dag.py
[2026-01-25T07:17:36.059+0000] {processor.py:840} INFO - DAG(s) 'smart_city_traffic_batch_dag' retrieved from /opt/airflow/dags/smart_city_traffic_batch_dag.py
[2026-01-25T07:17:36.673+0000] {logging_mixin.py:188} INFO - [2026-01-25T07:17:36.671+0000] {dag.py:3089} INFO - Sync 1 DAGs
[2026-01-25T07:17:37.425+0000] {logging_mixin.py:188} INFO - [2026-01-25T07:17:37.424+0000] {dag.py:3947} INFO - Setting next_dagrun for smart_city_traffic_batch_dag to 2026-01-25 01:00:00+00:00, run_after=2026-01-26 01:00:00+00:00
[2026-01-25T07:17:37.674+0000] {processor.py:183} INFO - Processing /opt/airflow/dags/smart_city_traffic_batch_dag.py took 6.007 seconds
[2026-01-25T07:18:09.544+0000] {processor.py:161} INFO - Started process (PID=196) to work on /opt/airflow/dags/smart_city_traffic_batch_dag.py
[2026-01-25T07:18:09.569+0000] {processor.py:830} INFO - Processing file /opt/airflow/dags/smart_city_traffic_batch_dag.py for tasks to queue
[2026-01-25T07:18:09.679+0000] {logging_mixin.py:188} INFO - [2026-01-25T07:18:09.663+0000] {dagbag.py:545} INFO - Filling up the DagBag from /opt/airflow/dags/smart_city_traffic_batch_dag.py
[2026-01-25T07:18:14.398+0000] {processor.py:840} INFO - DAG(s) 'smart_city_traffic_batch_dag' retrieved from /opt/airflow/dags/smart_city_traffic_batch_dag.py
[2026-01-25T07:18:15.013+0000] {logging_mixin.py:188} INFO - [2026-01-25T07:18:15.012+0000] {dag.py:3089} INFO - Sync 1 DAGs
[2026-01-25T07:18:19.483+0000] {logging_mixin.py:188} INFO - [2026-01-25T07:18:19.482+0000] {dag.py:3947} INFO - Setting next_dagrun for smart_city_traffic_batch_dag to 2026-01-25 01:00:00+00:00, run_after=2026-01-26 01:00:00+00:00
[2026-01-25T07:18:19.557+0000] {processor.py:183} INFO - Processing /opt/airflow/dags/smart_city_traffic_batch_dag.py took 10.345 seconds
[2026-01-25T07:18:52.368+0000] {processor.py:161} INFO - Started process (PID=202) to work on /opt/airflow/dags/smart_city_traffic_batch_dag.py
[2026-01-25T07:18:52.410+0000] {processor.py:830} INFO - Processing file /opt/airflow/dags/smart_city_traffic_batch_dag.py for tasks to queue
[2026-01-25T07:18:52.509+0000] {logging_mixin.py:188} INFO - [2026-01-25T07:18:52.490+0000] {dagbag.py:545} INFO - Filling up the DagBag from /opt/airflow/dags/smart_city_traffic_batch_dag.py
[2026-01-25T07:18:58.421+0000] {processor.py:840} INFO - DAG(s) 'smart_city_traffic_batch_dag' retrieved from /opt/airflow/dags/smart_city_traffic_batch_dag.py
[2026-01-25T07:18:59.560+0000] {logging_mixin.py:188} INFO - [2026-01-25T07:18:59.559+0000] {dag.py:3089} INFO - Sync 1 DAGs
[2026-01-25T07:19:00.132+0000] {logging_mixin.py:188} INFO - [2026-01-25T07:19:00.130+0000] {dag.py:3947} INFO - Setting next_dagrun for smart_city_traffic_batch_dag to 2026-01-25 01:00:00+00:00, run_after=2026-01-26 01:00:00+00:00
[2026-01-25T07:19:00.747+0000] {processor.py:183} INFO - Processing /opt/airflow/dags/smart_city_traffic_batch_dag.py took 8.800 seconds
[2026-01-25T07:19:33.220+0000] {processor.py:161} INFO - Started process (PID=208) to work on /opt/airflow/dags/smart_city_traffic_batch_dag.py
[2026-01-25T07:19:33.238+0000] {processor.py:830} INFO - Processing file /opt/airflow/dags/smart_city_traffic_batch_dag.py for tasks to queue
[2026-01-25T07:19:33.302+0000] {logging_mixin.py:188} INFO - [2026-01-25T07:19:33.289+0000] {dagbag.py:545} INFO - Filling up the DagBag from /opt/airflow/dags/smart_city_traffic_batch_dag.py
[2026-01-25T07:19:36.513+0000] {processor.py:840} INFO - DAG(s) 'smart_city_traffic_batch_dag' retrieved from /opt/airflow/dags/smart_city_traffic_batch_dag.py
[2026-01-25T07:19:36.849+0000] {logging_mixin.py:188} INFO - [2026-01-25T07:19:36.848+0000] {dag.py:3089} INFO - Sync 1 DAGs
[2026-01-25T07:19:36.971+0000] {logging_mixin.py:188} INFO - [2026-01-25T07:19:36.970+0000] {dag.py:3947} INFO - Setting next_dagrun for smart_city_traffic_batch_dag to 2026-01-25 01:00:00+00:00, run_after=2026-01-26 01:00:00+00:00
[2026-01-25T07:19:37.112+0000] {processor.py:183} INFO - Processing /opt/airflow/dags/smart_city_traffic_batch_dag.py took 4.007 seconds
[2026-01-25T07:20:09.745+0000] {processor.py:161} INFO - Started process (PID=214) to work on /opt/airflow/dags/smart_city_traffic_batch_dag.py
[2026-01-25T07:20:09.759+0000] {processor.py:830} INFO - Processing file /opt/airflow/dags/smart_city_traffic_batch_dag.py for tasks to queue
[2026-01-25T07:20:09.882+0000] {logging_mixin.py:188} INFO - [2026-01-25T07:20:09.863+0000] {dagbag.py:545} INFO - Filling up the DagBag from /opt/airflow/dags/smart_city_traffic_batch_dag.py
[2026-01-25T07:20:20.304+0000] {processor.py:840} INFO - DAG(s) 'smart_city_traffic_batch_dag' retrieved from /opt/airflow/dags/smart_city_traffic_batch_dag.py
[2026-01-25T07:20:21.147+0000] {logging_mixin.py:188} INFO - [2026-01-25T07:20:21.146+0000] {dag.py:3089} INFO - Sync 1 DAGs
[2026-01-25T07:20:21.452+0000] {logging_mixin.py:188} INFO - [2026-01-25T07:20:21.450+0000] {dag.py:3947} INFO - Setting next_dagrun for smart_city_traffic_batch_dag to 2026-01-25 01:00:00+00:00, run_after=2026-01-26 01:00:00+00:00
[2026-01-25T07:20:21.586+0000] {processor.py:183} INFO - Processing /opt/airflow/dags/smart_city_traffic_batch_dag.py took 12.384 seconds
[2026-01-25T07:20:52.703+0000] {processor.py:161} INFO - Started process (PID=220) to work on /opt/airflow/dags/smart_city_traffic_batch_dag.py
[2026-01-25T07:20:52.734+0000] {processor.py:830} INFO - Processing file /opt/airflow/dags/smart_city_traffic_batch_dag.py for tasks to queue
[2026-01-25T07:20:52.820+0000] {logging_mixin.py:188} INFO - [2026-01-25T07:20:52.805+0000] {dagbag.py:545} INFO - Filling up the DagBag from /opt/airflow/dags/smart_city_traffic_batch_dag.py
[2026-01-25T07:21:00.959+0000] {processor.py:840} INFO - DAG(s) 'smart_city_traffic_batch_dag' retrieved from /opt/airflow/dags/smart_city_traffic_batch_dag.py
[2026-01-25T07:21:02.314+0000] {logging_mixin.py:188} INFO - [2026-01-25T07:21:02.313+0000] {dag.py:3089} INFO - Sync 1 DAGs
[2026-01-25T07:21:02.737+0000] {logging_mixin.py:188} INFO - [2026-01-25T07:21:02.736+0000] {dag.py:3947} INFO - Setting next_dagrun for smart_city_traffic_batch_dag to 2026-01-25 01:00:00+00:00, run_after=2026-01-26 01:00:00+00:00
[2026-01-25T07:21:08.417+0000] {processor.py:183} INFO - Processing /opt/airflow/dags/smart_city_traffic_batch_dag.py took 15.995 seconds
[2026-01-25T07:21:39.467+0000] {processor.py:161} INFO - Started process (PID=226) to work on /opt/airflow/dags/smart_city_traffic_batch_dag.py
[2026-01-25T07:21:39.505+0000] {processor.py:830} INFO - Processing file /opt/airflow/dags/smart_city_traffic_batch_dag.py for tasks to queue
[2026-01-25T07:21:39.570+0000] {logging_mixin.py:188} INFO - [2026-01-25T07:21:39.554+0000] {dagbag.py:545} INFO - Filling up the DagBag from /opt/airflow/dags/smart_city_traffic_batch_dag.py
[2026-01-25T07:21:43.361+0000] {processor.py:840} INFO - DAG(s) 'smart_city_traffic_batch_dag' retrieved from /opt/airflow/dags/smart_city_traffic_batch_dag.py
[2026-01-25T07:21:43.828+0000] {logging_mixin.py:188} INFO - [2026-01-25T07:21:43.827+0000] {dag.py:3089} INFO - Sync 1 DAGs
[2026-01-25T07:21:46.919+0000] {logging_mixin.py:188} INFO - [2026-01-25T07:21:46.918+0000] {dag.py:3947} INFO - Setting next_dagrun for smart_city_traffic_batch_dag to 2026-01-25 01:00:00+00:00, run_after=2026-01-26 01:00:00+00:00
[2026-01-25T07:21:46.986+0000] {processor.py:183} INFO - Processing /opt/airflow/dags/smart_city_traffic_batch_dag.py took 7.725 seconds
[2026-01-25T07:22:19.300+0000] {processor.py:161} INFO - Started process (PID=232) to work on /opt/airflow/dags/smart_city_traffic_batch_dag.py
[2026-01-25T07:22:19.330+0000] {processor.py:830} INFO - Processing file /opt/airflow/dags/smart_city_traffic_batch_dag.py for tasks to queue
[2026-01-25T07:22:19.457+0000] {logging_mixin.py:188} INFO - [2026-01-25T07:22:19.438+0000] {dagbag.py:545} INFO - Filling up the DagBag from /opt/airflow/dags/smart_city_traffic_batch_dag.py
[2026-01-25T07:22:28.168+0000] {processor.py:840} INFO - DAG(s) 'smart_city_traffic_batch_dag' retrieved from /opt/airflow/dags/smart_city_traffic_batch_dag.py
[2026-01-25T07:22:31.273+0000] {logging_mixin.py:188} INFO - [2026-01-25T07:22:31.272+0000] {dag.py:3089} INFO - Sync 1 DAGs
[2026-01-25T07:22:32.078+0000] {logging_mixin.py:188} INFO - [2026-01-25T07:22:32.075+0000] {dag.py:3947} INFO - Setting next_dagrun for smart_city_traffic_batch_dag to 2026-01-25 01:00:00+00:00, run_after=2026-01-26 01:00:00+00:00
[2026-01-25T07:22:32.476+0000] {processor.py:183} INFO - Processing /opt/airflow/dags/smart_city_traffic_batch_dag.py took 13.579 seconds
[2026-01-25T07:23:05.215+0000] {processor.py:161} INFO - Started process (PID=238) to work on /opt/airflow/dags/smart_city_traffic_batch_dag.py
[2026-01-25T07:23:05.264+0000] {processor.py:830} INFO - Processing file /opt/airflow/dags/smart_city_traffic_batch_dag.py for tasks to queue
[2026-01-25T07:23:05.412+0000] {logging_mixin.py:188} INFO - [2026-01-25T07:23:05.386+0000] {dagbag.py:545} INFO - Filling up the DagBag from /opt/airflow/dags/smart_city_traffic_batch_dag.py
[2026-01-25T07:23:11.954+0000] {processor.py:840} INFO - DAG(s) 'smart_city_traffic_batch_dag' retrieved from /opt/airflow/dags/smart_city_traffic_batch_dag.py
[2026-01-25T07:23:12.843+0000] {logging_mixin.py:188} INFO - [2026-01-25T07:23:12.840+0000] {dag.py:3089} INFO - Sync 1 DAGs
[2026-01-25T07:23:13.112+0000] {logging_mixin.py:188} INFO - [2026-01-25T07:23:13.111+0000] {dag.py:3947} INFO - Setting next_dagrun for smart_city_traffic_batch_dag to 2026-01-25 01:00:00+00:00, run_after=2026-01-26 01:00:00+00:00
[2026-01-25T07:23:13.260+0000] {processor.py:183} INFO - Processing /opt/airflow/dags/smart_city_traffic_batch_dag.py took 8.466 seconds
[2026-01-25T07:23:45.705+0000] {processor.py:161} INFO - Started process (PID=244) to work on /opt/airflow/dags/smart_city_traffic_batch_dag.py
[2026-01-25T07:23:45.754+0000] {processor.py:830} INFO - Processing file /opt/airflow/dags/smart_city_traffic_batch_dag.py for tasks to queue
[2026-01-25T07:23:45.871+0000] {logging_mixin.py:188} INFO - [2026-01-25T07:23:45.850+0000] {dagbag.py:545} INFO - Filling up the DagBag from /opt/airflow/dags/smart_city_traffic_batch_dag.py
[2026-01-25T07:23:50.325+0000] {processor.py:840} INFO - DAG(s) 'smart_city_traffic_batch_dag' retrieved from /opt/airflow/dags/smart_city_traffic_batch_dag.py
[2026-01-25T07:23:51.082+0000] {logging_mixin.py:188} INFO - [2026-01-25T07:23:51.081+0000] {dag.py:3089} INFO - Sync 1 DAGs
[2026-01-25T07:23:51.334+0000] {logging_mixin.py:188} INFO - [2026-01-25T07:23:51.333+0000] {dag.py:3947} INFO - Setting next_dagrun for smart_city_traffic_batch_dag to 2026-01-25 01:00:00+00:00, run_after=2026-01-26 01:00:00+00:00
[2026-01-25T07:23:55.950+0000] {processor.py:183} INFO - Processing /opt/airflow/dags/smart_city_traffic_batch_dag.py took 10.573 seconds
[2026-01-25T07:24:27.685+0000] {processor.py:161} INFO - Started process (PID=250) to work on /opt/airflow/dags/smart_city_traffic_batch_dag.py
[2026-01-25T07:24:27.704+0000] {processor.py:830} INFO - Processing file /opt/airflow/dags/smart_city_traffic_batch_dag.py for tasks to queue
[2026-01-25T07:24:27.808+0000] {logging_mixin.py:188} INFO - [2026-01-25T07:24:27.786+0000] {dagbag.py:545} INFO - Filling up the DagBag from /opt/airflow/dags/smart_city_traffic_batch_dag.py
[2026-01-25T07:24:31.907+0000] {processor.py:840} INFO - DAG(s) 'smart_city_traffic_batch_dag' retrieved from /opt/airflow/dags/smart_city_traffic_batch_dag.py
[2026-01-25T07:24:32.352+0000] {logging_mixin.py:188} INFO - [2026-01-25T07:24:32.351+0000] {dag.py:3089} INFO - Sync 1 DAGs
[2026-01-25T07:24:36.051+0000] {logging_mixin.py:188} INFO - [2026-01-25T07:24:36.051+0000] {dag.py:3947} INFO - Setting next_dagrun for smart_city_traffic_batch_dag to 2026-01-25 01:00:00+00:00, run_after=2026-01-26 01:00:00+00:00
[2026-01-25T07:24:36.120+0000] {processor.py:183} INFO - Processing /opt/airflow/dags/smart_city_traffic_batch_dag.py took 8.809 seconds
[2026-01-25T07:25:08.028+0000] {processor.py:161} INFO - Started process (PID=256) to work on /opt/airflow/dags/smart_city_traffic_batch_dag.py
[2026-01-25T07:25:08.079+0000] {processor.py:830} INFO - Processing file /opt/airflow/dags/smart_city_traffic_batch_dag.py for tasks to queue
[2026-01-25T07:25:08.181+0000] {logging_mixin.py:188} INFO - [2026-01-25T07:25:08.164+0000] {dagbag.py:545} INFO - Filling up the DagBag from /opt/airflow/dags/smart_city_traffic_batch_dag.py
[2026-01-25T07:25:14.045+0000] {processor.py:840} INFO - DAG(s) 'smart_city_traffic_batch_dag' retrieved from /opt/airflow/dags/smart_city_traffic_batch_dag.py
[2026-01-25T07:25:14.838+0000] {logging_mixin.py:188} INFO - [2026-01-25T07:25:14.836+0000] {dag.py:3089} INFO - Sync 1 DAGs
[2026-01-25T07:25:15.223+0000] {logging_mixin.py:188} INFO - [2026-01-25T07:25:15.222+0000] {dag.py:3947} INFO - Setting next_dagrun for smart_city_traffic_batch_dag to 2026-01-25 01:00:00+00:00, run_after=2026-01-26 01:00:00+00:00
[2026-01-25T07:25:15.377+0000] {processor.py:183} INFO - Processing /opt/airflow/dags/smart_city_traffic_batch_dag.py took 7.638 seconds
[2026-01-25T07:25:47.144+0000] {processor.py:161} INFO - Started process (PID=262) to work on /opt/airflow/dags/smart_city_traffic_batch_dag.py
[2026-01-25T07:25:47.172+0000] {processor.py:830} INFO - Processing file /opt/airflow/dags/smart_city_traffic_batch_dag.py for tasks to queue
[2026-01-25T07:25:47.457+0000] {logging_mixin.py:188} INFO - [2026-01-25T07:25:47.367+0000] {dagbag.py:545} INFO - Filling up the DagBag from /opt/airflow/dags/smart_city_traffic_batch_dag.py
[2026-01-25T07:25:52.702+0000] {processor.py:840} INFO - DAG(s) 'smart_city_traffic_batch_dag' retrieved from /opt/airflow/dags/smart_city_traffic_batch_dag.py
[2026-01-25T07:25:53.340+0000] {logging_mixin.py:188} INFO - [2026-01-25T07:25:53.339+0000] {dag.py:3089} INFO - Sync 1 DAGs
[2026-01-25T07:25:53.588+0000] {logging_mixin.py:188} INFO - [2026-01-25T07:25:53.585+0000] {dag.py:3947} INFO - Setting next_dagrun for smart_city_traffic_batch_dag to 2026-01-25 01:00:00+00:00, run_after=2026-01-26 01:00:00+00:00
[2026-01-25T07:25:53.721+0000] {processor.py:183} INFO - Processing /opt/airflow/dags/smart_city_traffic_batch_dag.py took 6.927 seconds
[2026-01-25T07:26:24.095+0000] {processor.py:161} INFO - Started process (PID=268) to work on /opt/airflow/dags/smart_city_traffic_batch_dag.py
[2026-01-25T07:26:24.100+0000] {processor.py:830} INFO - Processing file /opt/airflow/dags/smart_city_traffic_batch_dag.py for tasks to queue
[2026-01-25T07:26:24.104+0000] {logging_mixin.py:188} INFO - [2026-01-25T07:26:24.104+0000] {dagbag.py:545} INFO - Filling up the DagBag from /opt/airflow/dags/smart_city_traffic_batch_dag.py
[2026-01-25T07:26:24.971+0000] {processor.py:840} INFO - DAG(s) 'smart_city_traffic_batch_dag' retrieved from /opt/airflow/dags/smart_city_traffic_batch_dag.py
[2026-01-25T07:26:25.058+0000] {logging_mixin.py:188} INFO - [2026-01-25T07:26:25.057+0000] {dag.py:3089} INFO - Sync 1 DAGs
[2026-01-25T07:26:25.105+0000] {logging_mixin.py:188} INFO - [2026-01-25T07:26:25.105+0000] {dag.py:3947} INFO - Setting next_dagrun for smart_city_traffic_batch_dag to 2026-01-25 01:00:00+00:00, run_after=2026-01-26 01:00:00+00:00
[2026-01-25T07:26:30.019+0000] {processor.py:183} INFO - Processing /opt/airflow/dags/smart_city_traffic_batch_dag.py took 5.961 seconds
[2026-01-25T07:27:01.692+0000] {processor.py:161} INFO - Started process (PID=274) to work on /opt/airflow/dags/smart_city_traffic_batch_dag.py
[2026-01-25T07:27:01.730+0000] {processor.py:830} INFO - Processing file /opt/airflow/dags/smart_city_traffic_batch_dag.py for tasks to queue
[2026-01-25T07:27:01.825+0000] {logging_mixin.py:188} INFO - [2026-01-25T07:27:01.807+0000] {dagbag.py:545} INFO - Filling up the DagBag from /opt/airflow/dags/smart_city_traffic_batch_dag.py
[2026-01-25T07:27:05.632+0000] {processor.py:840} INFO - DAG(s) 'smart_city_traffic_batch_dag' retrieved from /opt/airflow/dags/smart_city_traffic_batch_dag.py
[2026-01-25T07:27:06.342+0000] {logging_mixin.py:188} INFO - [2026-01-25T07:27:06.341+0000] {dag.py:3089} INFO - Sync 1 DAGs
[2026-01-25T07:27:10.176+0000] {logging_mixin.py:188} INFO - [2026-01-25T07:27:10.176+0000] {dag.py:3947} INFO - Setting next_dagrun for smart_city_traffic_batch_dag to 2026-01-25 01:00:00+00:00, run_after=2026-01-26 01:00:00+00:00
[2026-01-25T07:27:10.239+0000] {processor.py:183} INFO - Processing /opt/airflow/dags/smart_city_traffic_batch_dag.py took 8.823 seconds
[2026-01-25T07:27:44.623+0000] {processor.py:161} INFO - Started process (PID=280) to work on /opt/airflow/dags/smart_city_traffic_batch_dag.py
[2026-01-25T07:27:44.769+0000] {processor.py:830} INFO - Processing file /opt/airflow/dags/smart_city_traffic_batch_dag.py for tasks to queue
[2026-01-25T07:27:45.162+0000] {logging_mixin.py:188} INFO - [2026-01-25T07:27:45.073+0000] {dagbag.py:545} INFO - Filling up the DagBag from /opt/airflow/dags/smart_city_traffic_batch_dag.py
[2026-01-25T07:27:53.925+0000] {processor.py:840} INFO - DAG(s) 'smart_city_traffic_batch_dag' retrieved from /opt/airflow/dags/smart_city_traffic_batch_dag.py
[2026-01-25T07:27:54.661+0000] {logging_mixin.py:188} INFO - [2026-01-25T07:27:54.660+0000] {dag.py:3089} INFO - Sync 1 DAGs
[2026-01-25T07:27:54.923+0000] {logging_mixin.py:188} INFO - [2026-01-25T07:27:54.921+0000] {dag.py:3947} INFO - Setting next_dagrun for smart_city_traffic_batch_dag to 2026-01-25 01:00:00+00:00, run_after=2026-01-26 01:00:00+00:00
[2026-01-25T07:27:55.060+0000] {processor.py:183} INFO - Processing /opt/airflow/dags/smart_city_traffic_batch_dag.py took 11.997 seconds
[2026-01-25T07:28:26.949+0000] {processor.py:161} INFO - Started process (PID=286) to work on /opt/airflow/dags/smart_city_traffic_batch_dag.py
[2026-01-25T07:28:27.007+0000] {processor.py:830} INFO - Processing file /opt/airflow/dags/smart_city_traffic_batch_dag.py for tasks to queue
[2026-01-25T07:28:27.232+0000] {logging_mixin.py:188} INFO - [2026-01-25T07:28:27.197+0000] {dagbag.py:545} INFO - Filling up the DagBag from /opt/airflow/dags/smart_city_traffic_batch_dag.py
[2026-01-25T07:28:33.707+0000] {processor.py:840} INFO - DAG(s) 'smart_city_traffic_batch_dag' retrieved from /opt/airflow/dags/smart_city_traffic_batch_dag.py
[2026-01-25T07:28:34.145+0000] {logging_mixin.py:188} INFO - [2026-01-25T07:28:34.144+0000] {dag.py:3089} INFO - Sync 1 DAGs
[2026-01-25T07:28:34.493+0000] {logging_mixin.py:188} INFO - [2026-01-25T07:28:34.492+0000] {dag.py:3947} INFO - Setting next_dagrun for smart_city_traffic_batch_dag to 2026-01-25 01:00:00+00:00, run_after=2026-01-26 01:00:00+00:00
[2026-01-25T07:28:34.604+0000] {processor.py:183} INFO - Processing /opt/airflow/dags/smart_city_traffic_batch_dag.py took 8.044 seconds
[2026-01-25T07:29:06.251+0000] {processor.py:161} INFO - Started process (PID=292) to work on /opt/airflow/dags/smart_city_traffic_batch_dag.py
[2026-01-25T07:29:06.282+0000] {processor.py:830} INFO - Processing file /opt/airflow/dags/smart_city_traffic_batch_dag.py for tasks to queue
[2026-01-25T07:29:06.361+0000] {logging_mixin.py:188} INFO - [2026-01-25T07:29:06.344+0000] {dagbag.py:545} INFO - Filling up the DagBag from /opt/airflow/dags/smart_city_traffic_batch_dag.py
[2026-01-25T07:29:11.251+0000] {processor.py:840} INFO - DAG(s) 'smart_city_traffic_batch_dag' retrieved from /opt/airflow/dags/smart_city_traffic_batch_dag.py
[2026-01-25T07:29:12.196+0000] {logging_mixin.py:188} INFO - [2026-01-25T07:29:12.195+0000] {dag.py:3089} INFO - Sync 1 DAGs
[2026-01-25T07:29:12.557+0000] {logging_mixin.py:188} INFO - [2026-01-25T07:29:12.555+0000] {dag.py:3947} INFO - Setting next_dagrun for smart_city_traffic_batch_dag to 2026-01-25 01:00:00+00:00, run_after=2026-01-26 01:00:00+00:00
[2026-01-25T07:29:12.705+0000] {processor.py:183} INFO - Processing /opt/airflow/dags/smart_city_traffic_batch_dag.py took 6.777 seconds
[2026-01-25T07:29:43.662+0000] {processor.py:161} INFO - Started process (PID=298) to work on /opt/airflow/dags/smart_city_traffic_batch_dag.py
[2026-01-25T07:29:43.689+0000] {processor.py:830} INFO - Processing file /opt/airflow/dags/smart_city_traffic_batch_dag.py for tasks to queue
[2026-01-25T07:29:43.761+0000] {logging_mixin.py:188} INFO - [2026-01-25T07:29:43.748+0000] {dagbag.py:545} INFO - Filling up the DagBag from /opt/airflow/dags/smart_city_traffic_batch_dag.py
[2026-01-25T07:29:46.032+0000] {processor.py:840} INFO - DAG(s) 'smart_city_traffic_batch_dag' retrieved from /opt/airflow/dags/smart_city_traffic_batch_dag.py
[2026-01-25T07:29:46.245+0000] {logging_mixin.py:188} INFO - [2026-01-25T07:29:46.244+0000] {dag.py:3089} INFO - Sync 1 DAGs
[2026-01-25T07:29:49.896+0000] {logging_mixin.py:188} INFO - [2026-01-25T07:29:49.896+0000] {dag.py:3947} INFO - Setting next_dagrun for smart_city_traffic_batch_dag to 2026-01-25 01:00:00+00:00, run_after=2026-01-26 01:00:00+00:00
[2026-01-25T07:29:49.945+0000] {processor.py:183} INFO - Processing /opt/airflow/dags/smart_city_traffic_batch_dag.py took 6.521 seconds
[2026-01-25T07:30:22.217+0000] {processor.py:161} INFO - Started process (PID=304) to work on /opt/airflow/dags/smart_city_traffic_batch_dag.py
[2026-01-25T07:30:22.236+0000] {processor.py:830} INFO - Processing file /opt/airflow/dags/smart_city_traffic_batch_dag.py for tasks to queue
[2026-01-25T07:30:22.317+0000] {logging_mixin.py:188} INFO - [2026-01-25T07:30:22.301+0000] {dagbag.py:545} INFO - Filling up the DagBag from /opt/airflow/dags/smart_city_traffic_batch_dag.py
[2026-01-25T07:30:27.371+0000] {processor.py:840} INFO - DAG(s) 'smart_city_traffic_batch_dag' retrieved from /opt/airflow/dags/smart_city_traffic_batch_dag.py
[2026-01-25T07:30:27.834+0000] {logging_mixin.py:188} INFO - [2026-01-25T07:30:27.834+0000] {dag.py:3089} INFO - Sync 1 DAGs
[2026-01-25T07:30:32.038+0000] {logging_mixin.py:188} INFO - [2026-01-25T07:30:32.037+0000] {dag.py:3947} INFO - Setting next_dagrun for smart_city_traffic_batch_dag to 2026-01-25 01:00:00+00:00, run_after=2026-01-26 01:00:00+00:00
[2026-01-25T07:30:32.102+0000] {processor.py:183} INFO - Processing /opt/airflow/dags/smart_city_traffic_batch_dag.py took 10.229 seconds
[2026-01-25T07:31:05.728+0000] {processor.py:161} INFO - Started process (PID=310) to work on /opt/airflow/dags/smart_city_traffic_batch_dag.py
[2026-01-25T07:31:05.764+0000] {processor.py:830} INFO - Processing file /opt/airflow/dags/smart_city_traffic_batch_dag.py for tasks to queue
[2026-01-25T07:31:05.846+0000] {logging_mixin.py:188} INFO - [2026-01-25T07:31:05.824+0000] {dagbag.py:545} INFO - Filling up the DagBag from /opt/airflow/dags/smart_city_traffic_batch_dag.py
[2026-01-25T07:31:09.954+0000] {processor.py:840} INFO - DAG(s) 'smart_city_traffic_batch_dag' retrieved from /opt/airflow/dags/smart_city_traffic_batch_dag.py
[2026-01-25T07:31:10.662+0000] {logging_mixin.py:188} INFO - [2026-01-25T07:31:10.661+0000] {dag.py:3089} INFO - Sync 1 DAGs
[2026-01-25T07:31:10.892+0000] {logging_mixin.py:188} INFO - [2026-01-25T07:31:10.891+0000] {dag.py:3947} INFO - Setting next_dagrun for smart_city_traffic_batch_dag to 2026-01-25 01:00:00+00:00, run_after=2026-01-26 01:00:00+00:00
[2026-01-25T07:31:11.007+0000] {processor.py:183} INFO - Processing /opt/airflow/dags/smart_city_traffic_batch_dag.py took 5.694 seconds
[2026-01-25T07:31:42.270+0000] {processor.py:161} INFO - Started process (PID=316) to work on /opt/airflow/dags/smart_city_traffic_batch_dag.py
[2026-01-25T07:31:42.302+0000] {processor.py:830} INFO - Processing file /opt/airflow/dags/smart_city_traffic_batch_dag.py for tasks to queue
[2026-01-25T07:31:42.371+0000] {logging_mixin.py:188} INFO - [2026-01-25T07:31:42.358+0000] {dagbag.py:545} INFO - Filling up the DagBag from /opt/airflow/dags/smart_city_traffic_batch_dag.py
[2026-01-25T07:31:46.660+0000] {processor.py:840} INFO - DAG(s) 'smart_city_traffic_batch_dag' retrieved from /opt/airflow/dags/smart_city_traffic_batch_dag.py
[2026-01-25T07:31:47.180+0000] {logging_mixin.py:188} INFO - [2026-01-25T07:31:47.179+0000] {dag.py:3089} INFO - Sync 1 DAGs
[2026-01-25T07:31:47.579+0000] {logging_mixin.py:188} INFO - [2026-01-25T07:31:47.577+0000] {dag.py:3947} INFO - Setting next_dagrun for smart_city_traffic_batch_dag to 2026-01-25 01:00:00+00:00, run_after=2026-01-26 01:00:00+00:00
[2026-01-25T07:31:47.764+0000] {processor.py:183} INFO - Processing /opt/airflow/dags/smart_city_traffic_batch_dag.py took 5.786 seconds
[2026-01-25T07:32:20.503+0000] {processor.py:161} INFO - Started process (PID=322) to work on /opt/airflow/dags/smart_city_traffic_batch_dag.py
[2026-01-25T07:32:20.520+0000] {processor.py:830} INFO - Processing file /opt/airflow/dags/smart_city_traffic_batch_dag.py for tasks to queue
[2026-01-25T07:32:20.615+0000] {logging_mixin.py:188} INFO - [2026-01-25T07:32:20.596+0000] {dagbag.py:545} INFO - Filling up the DagBag from /opt/airflow/dags/smart_city_traffic_batch_dag.py
[2026-01-25T07:32:25.417+0000] {processor.py:840} INFO - DAG(s) 'smart_city_traffic_batch_dag' retrieved from /opt/airflow/dags/smart_city_traffic_batch_dag.py
[2026-01-25T07:32:26.115+0000] {logging_mixin.py:188} INFO - [2026-01-25T07:32:26.114+0000] {dag.py:3089} INFO - Sync 1 DAGs
[2026-01-25T07:32:26.351+0000] {logging_mixin.py:188} INFO - [2026-01-25T07:32:26.350+0000] {dag.py:3947} INFO - Setting next_dagrun for smart_city_traffic_batch_dag to 2026-01-25 01:00:00+00:00, run_after=2026-01-26 01:00:00+00:00
[2026-01-25T07:32:31.492+0000] {processor.py:183} INFO - Processing /opt/airflow/dags/smart_city_traffic_batch_dag.py took 11.338 seconds
[2026-01-25T07:33:03.547+0000] {processor.py:161} INFO - Started process (PID=328) to work on /opt/airflow/dags/smart_city_traffic_batch_dag.py
[2026-01-25T07:33:03.566+0000] {processor.py:830} INFO - Processing file /opt/airflow/dags/smart_city_traffic_batch_dag.py for tasks to queue
[2026-01-25T07:33:03.634+0000] {logging_mixin.py:188} INFO - [2026-01-25T07:33:03.618+0000] {dagbag.py:545} INFO - Filling up the DagBag from /opt/airflow/dags/smart_city_traffic_batch_dag.py
[2026-01-25T07:33:09.902+0000] {processor.py:840} INFO - DAG(s) 'smart_city_traffic_batch_dag' retrieved from /opt/airflow/dags/smart_city_traffic_batch_dag.py
[2026-01-25T07:33:11.023+0000] {logging_mixin.py:188} INFO - [2026-01-25T07:33:11.013+0000] {dag.py:3089} INFO - Sync 1 DAGs
[2026-01-25T07:33:15.286+0000] {logging_mixin.py:188} INFO - [2026-01-25T07:33:15.285+0000] {dag.py:3947} INFO - Setting next_dagrun for smart_city_traffic_batch_dag to 2026-01-25 01:00:00+00:00, run_after=2026-01-26 01:00:00+00:00
[2026-01-25T07:33:15.363+0000] {processor.py:183} INFO - Processing /opt/airflow/dags/smart_city_traffic_batch_dag.py took 12.053 seconds
[2026-01-25T07:33:46.852+0000] {processor.py:161} INFO - Started process (PID=334) to work on /opt/airflow/dags/smart_city_traffic_batch_dag.py
[2026-01-25T07:33:46.875+0000] {processor.py:830} INFO - Processing file /opt/airflow/dags/smart_city_traffic_batch_dag.py for tasks to queue
[2026-01-25T07:33:46.932+0000] {logging_mixin.py:188} INFO - [2026-01-25T07:33:46.922+0000] {dagbag.py:545} INFO - Filling up the DagBag from /opt/airflow/dags/smart_city_traffic_batch_dag.py
[2026-01-25T07:33:49.385+0000] {processor.py:840} INFO - DAG(s) 'smart_city_traffic_batch_dag' retrieved from /opt/airflow/dags/smart_city_traffic_batch_dag.py
[2026-01-25T07:33:49.760+0000] {logging_mixin.py:188} INFO - [2026-01-25T07:33:49.759+0000] {dag.py:3089} INFO - Sync 1 DAGs
[2026-01-25T07:33:49.938+0000] {logging_mixin.py:188} INFO - [2026-01-25T07:33:49.937+0000] {dag.py:3947} INFO - Setting next_dagrun for smart_city_traffic_batch_dag to 2026-01-25 01:00:00+00:00, run_after=2026-01-26 01:00:00+00:00
[2026-01-25T07:33:50.043+0000] {processor.py:183} INFO - Processing /opt/airflow/dags/smart_city_traffic_batch_dag.py took 3.401 seconds
[2026-01-25T07:34:22.139+0000] {processor.py:161} INFO - Started process (PID=340) to work on /opt/airflow/dags/smart_city_traffic_batch_dag.py
[2026-01-25T07:34:22.153+0000] {processor.py:830} INFO - Processing file /opt/airflow/dags/smart_city_traffic_batch_dag.py for tasks to queue
[2026-01-25T07:34:22.244+0000] {logging_mixin.py:188} INFO - [2026-01-25T07:34:22.230+0000] {dagbag.py:545} INFO - Filling up the DagBag from /opt/airflow/dags/smart_city_traffic_batch_dag.py
[2026-01-25T07:34:26.270+0000] {processor.py:840} INFO - DAG(s) 'smart_city_traffic_batch_dag' retrieved from /opt/airflow/dags/smart_city_traffic_batch_dag.py
[2026-01-25T07:34:26.726+0000] {logging_mixin.py:188} INFO - [2026-01-25T07:34:26.725+0000] {dag.py:3089} INFO - Sync 1 DAGs
[2026-01-25T07:34:26.967+0000] {logging_mixin.py:188} INFO - [2026-01-25T07:34:26.966+0000] {dag.py:3947} INFO - Setting next_dagrun for smart_city_traffic_batch_dag to 2026-01-25 01:00:00+00:00, run_after=2026-01-26 01:00:00+00:00
[2026-01-25T07:34:27.096+0000] {processor.py:183} INFO - Processing /opt/airflow/dags/smart_city_traffic_batch_dag.py took 5.241 seconds
[2026-01-25T07:34:59.684+0000] {processor.py:161} INFO - Started process (PID=346) to work on /opt/airflow/dags/smart_city_traffic_batch_dag.py
[2026-01-25T07:34:59.717+0000] {processor.py:830} INFO - Processing file /opt/airflow/dags/smart_city_traffic_batch_dag.py for tasks to queue
[2026-01-25T07:34:59.812+0000] {logging_mixin.py:188} INFO - [2026-01-25T07:34:59.793+0000] {dagbag.py:545} INFO - Filling up the DagBag from /opt/airflow/dags/smart_city_traffic_batch_dag.py
[2026-01-25T07:35:05.436+0000] {processor.py:840} INFO - DAG(s) 'smart_city_traffic_batch_dag' retrieved from /opt/airflow/dags/smart_city_traffic_batch_dag.py
[2026-01-25T07:35:06.490+0000] {logging_mixin.py:188} INFO - [2026-01-25T07:35:06.489+0000] {dag.py:3089} INFO - Sync 1 DAGs
[2026-01-25T07:35:06.753+0000] {logging_mixin.py:188} INFO - [2026-01-25T07:35:06.751+0000] {dag.py:3947} INFO - Setting next_dagrun for smart_city_traffic_batch_dag to 2026-01-25 01:00:00+00:00, run_after=2026-01-26 01:00:00+00:00
[2026-01-25T07:35:06.888+0000] {processor.py:183} INFO - Processing /opt/airflow/dags/smart_city_traffic_batch_dag.py took 7.632 seconds
[2026-01-25T07:35:38.802+0000] {processor.py:161} INFO - Started process (PID=352) to work on /opt/airflow/dags/smart_city_traffic_batch_dag.py
[2026-01-25T07:35:38.832+0000] {processor.py:830} INFO - Processing file /opt/airflow/dags/smart_city_traffic_batch_dag.py for tasks to queue
[2026-01-25T07:35:38.922+0000] {logging_mixin.py:188} INFO - [2026-01-25T07:35:38.904+0000] {dagbag.py:545} INFO - Filling up the DagBag from /opt/airflow/dags/smart_city_traffic_batch_dag.py
[2026-01-25T07:35:43.827+0000] {processor.py:840} INFO - DAG(s) 'smart_city_traffic_batch_dag' retrieved from /opt/airflow/dags/smart_city_traffic_batch_dag.py
[2026-01-25T07:35:44.472+0000] {logging_mixin.py:188} INFO - [2026-01-25T07:35:44.471+0000] {dag.py:3089} INFO - Sync 1 DAGs
[2026-01-25T07:35:48.159+0000] {logging_mixin.py:188} INFO - [2026-01-25T07:35:48.158+0000] {dag.py:3947} INFO - Setting next_dagrun for smart_city_traffic_batch_dag to 2026-01-25 01:00:00+00:00, run_after=2026-01-26 01:00:00+00:00
[2026-01-25T07:35:48.223+0000] {processor.py:183} INFO - Processing /opt/airflow/dags/smart_city_traffic_batch_dag.py took 9.732 seconds
[2026-01-25T07:36:20.619+0000] {processor.py:161} INFO - Started process (PID=358) to work on /opt/airflow/dags/smart_city_traffic_batch_dag.py
[2026-01-25T07:36:20.665+0000] {processor.py:830} INFO - Processing file /opt/airflow/dags/smart_city_traffic_batch_dag.py for tasks to queue
[2026-01-25T07:36:20.762+0000] {logging_mixin.py:188} INFO - [2026-01-25T07:36:20.740+0000] {dagbag.py:545} INFO - Filling up the DagBag from /opt/airflow/dags/smart_city_traffic_batch_dag.py
[2026-01-25T07:36:25.975+0000] {processor.py:840} INFO - DAG(s) 'smart_city_traffic_batch_dag' retrieved from /opt/airflow/dags/smart_city_traffic_batch_dag.py
[2026-01-25T07:36:26.812+0000] {logging_mixin.py:188} INFO - [2026-01-25T07:36:26.811+0000] {dag.py:3089} INFO - Sync 1 DAGs
[2026-01-25T07:36:27.054+0000] {logging_mixin.py:188} INFO - [2026-01-25T07:36:27.053+0000] {dag.py:3947} INFO - Setting next_dagrun for smart_city_traffic_batch_dag to 2026-01-25 01:00:00+00:00, run_after=2026-01-26 01:00:00+00:00
[2026-01-25T07:36:27.779+0000] {processor.py:183} INFO - Processing /opt/airflow/dags/smart_city_traffic_batch_dag.py took 7.478 seconds
[2026-01-25T07:36:59.941+0000] {processor.py:161} INFO - Started process (PID=364) to work on /opt/airflow/dags/smart_city_traffic_batch_dag.py
[2026-01-25T07:36:59.965+0000] {processor.py:830} INFO - Processing file /opt/airflow/dags/smart_city_traffic_batch_dag.py for tasks to queue
[2026-01-25T07:37:00.069+0000] {logging_mixin.py:188} INFO - [2026-01-25T07:37:00.047+0000] {dagbag.py:545} INFO - Filling up the DagBag from /opt/airflow/dags/smart_city_traffic_batch_dag.py
[2026-01-25T07:37:04.549+0000] {processor.py:840} INFO - DAG(s) 'smart_city_traffic_batch_dag' retrieved from /opt/airflow/dags/smart_city_traffic_batch_dag.py
[2026-01-25T07:37:05.774+0000] {logging_mixin.py:188} INFO - [2026-01-25T07:37:05.772+0000] {dag.py:3089} INFO - Sync 1 DAGs
[2026-01-25T07:37:06.131+0000] {logging_mixin.py:188} INFO - [2026-01-25T07:37:06.129+0000] {dag.py:3947} INFO - Setting next_dagrun for smart_city_traffic_batch_dag to 2026-01-25 01:00:00+00:00, run_after=2026-01-26 01:00:00+00:00
[2026-01-25T07:37:06.319+0000] {processor.py:183} INFO - Processing /opt/airflow/dags/smart_city_traffic_batch_dag.py took 6.709 seconds
[2026-01-25T07:37:38.585+0000] {processor.py:161} INFO - Started process (PID=370) to work on /opt/airflow/dags/smart_city_traffic_batch_dag.py
[2026-01-25T07:37:38.603+0000] {processor.py:830} INFO - Processing file /opt/airflow/dags/smart_city_traffic_batch_dag.py for tasks to queue
[2026-01-25T07:37:38.686+0000] {logging_mixin.py:188} INFO - [2026-01-25T07:37:38.668+0000] {dagbag.py:545} INFO - Filling up the DagBag from /opt/airflow/dags/smart_city_traffic_batch_dag.py
[2026-01-25T07:37:43.056+0000] {processor.py:840} INFO - DAG(s) 'smart_city_traffic_batch_dag' retrieved from /opt/airflow/dags/smart_city_traffic_batch_dag.py
[2026-01-25T07:37:43.644+0000] {logging_mixin.py:188} INFO - [2026-01-25T07:37:43.642+0000] {dag.py:3089} INFO - Sync 1 DAGs
[2026-01-25T07:37:43.972+0000] {logging_mixin.py:188} INFO - [2026-01-25T07:37:43.971+0000] {dag.py:3947} INFO - Setting next_dagrun for smart_city_traffic_batch_dag to 2026-01-25 01:00:00+00:00, run_after=2026-01-26 01:00:00+00:00
[2026-01-25T07:37:44.224+0000] {processor.py:183} INFO - Processing /opt/airflow/dags/smart_city_traffic_batch_dag.py took 5.899 seconds
[2026-01-25T07:38:15.699+0000] {processor.py:161} INFO - Started process (PID=376) to work on /opt/airflow/dags/smart_city_traffic_batch_dag.py
[2026-01-25T07:38:15.736+0000] {processor.py:830} INFO - Processing file /opt/airflow/dags/smart_city_traffic_batch_dag.py for tasks to queue
[2026-01-25T07:38:15.813+0000] {logging_mixin.py:188} INFO - [2026-01-25T07:38:15.795+0000] {dagbag.py:545} INFO - Filling up the DagBag from /opt/airflow/dags/smart_city_traffic_batch_dag.py
[2026-01-25T07:38:20.581+0000] {processor.py:840} INFO - DAG(s) 'smart_city_traffic_batch_dag' retrieved from /opt/airflow/dags/smart_city_traffic_batch_dag.py
[2026-01-25T07:38:21.347+0000] {logging_mixin.py:188} INFO - [2026-01-25T07:38:21.345+0000] {dag.py:3089} INFO - Sync 1 DAGs
[2026-01-25T07:38:25.289+0000] {logging_mixin.py:188} INFO - [2026-01-25T07:38:25.288+0000] {dag.py:3947} INFO - Setting next_dagrun for smart_city_traffic_batch_dag to 2026-01-25 01:00:00+00:00, run_after=2026-01-26 01:00:00+00:00
[2026-01-25T07:38:25.343+0000] {processor.py:183} INFO - Processing /opt/airflow/dags/smart_city_traffic_batch_dag.py took 9.944 seconds
[2026-01-25T07:38:56.832+0000] {processor.py:161} INFO - Started process (PID=382) to work on /opt/airflow/dags/smart_city_traffic_batch_dag.py
[2026-01-25T07:38:56.912+0000] {processor.py:830} INFO - Processing file /opt/airflow/dags/smart_city_traffic_batch_dag.py for tasks to queue
[2026-01-25T07:38:57.043+0000] {logging_mixin.py:188} INFO - [2026-01-25T07:38:57.019+0000] {dagbag.py:545} INFO - Filling up the DagBag from /opt/airflow/dags/smart_city_traffic_batch_dag.py
[2026-01-25T07:39:01.731+0000] {processor.py:840} INFO - DAG(s) 'smart_city_traffic_batch_dag' retrieved from /opt/airflow/dags/smart_city_traffic_batch_dag.py
[2026-01-25T07:39:02.449+0000] {logging_mixin.py:188} INFO - [2026-01-25T07:39:02.448+0000] {dag.py:3089} INFO - Sync 1 DAGs
[2026-01-25T07:39:02.689+0000] {logging_mixin.py:188} INFO - [2026-01-25T07:39:02.688+0000] {dag.py:3947} INFO - Setting next_dagrun for smart_city_traffic_batch_dag to 2026-01-25 01:00:00+00:00, run_after=2026-01-26 01:00:00+00:00
[2026-01-25T07:39:02.815+0000] {processor.py:183} INFO - Processing /opt/airflow/dags/smart_city_traffic_batch_dag.py took 6.263 seconds
[2026-01-25T07:39:34.589+0000] {processor.py:161} INFO - Started process (PID=388) to work on /opt/airflow/dags/smart_city_traffic_batch_dag.py
[2026-01-25T07:39:34.604+0000] {processor.py:830} INFO - Processing file /opt/airflow/dags/smart_city_traffic_batch_dag.py for tasks to queue
[2026-01-25T07:39:34.698+0000] {logging_mixin.py:188} INFO - [2026-01-25T07:39:34.679+0000] {dagbag.py:545} INFO - Filling up the DagBag from /opt/airflow/dags/smart_city_traffic_batch_dag.py
[2026-01-25T07:39:38.887+0000] {processor.py:840} INFO - DAG(s) 'smart_city_traffic_batch_dag' retrieved from /opt/airflow/dags/smart_city_traffic_batch_dag.py
[2026-01-25T07:39:39.502+0000] {logging_mixin.py:188} INFO - [2026-01-25T07:39:39.500+0000] {dag.py:3089} INFO - Sync 1 DAGs
[2026-01-25T07:39:39.817+0000] {logging_mixin.py:188} INFO - [2026-01-25T07:39:39.815+0000] {dag.py:3947} INFO - Setting next_dagrun for smart_city_traffic_batch_dag to 2026-01-25 01:00:00+00:00, run_after=2026-01-26 01:00:00+00:00
[2026-01-25T07:39:39.959+0000] {processor.py:183} INFO - Processing /opt/airflow/dags/smart_city_traffic_batch_dag.py took 5.609 seconds
[2026-01-25T07:40:13.030+0000] {processor.py:161} INFO - Started process (PID=394) to work on /opt/airflow/dags/smart_city_traffic_batch_dag.py
[2026-01-25T07:40:13.065+0000] {processor.py:830} INFO - Processing file /opt/airflow/dags/smart_city_traffic_batch_dag.py for tasks to queue
[2026-01-25T07:40:13.150+0000] {logging_mixin.py:188} INFO - [2026-01-25T07:40:13.133+0000] {dagbag.py:545} INFO - Filling up the DagBag from /opt/airflow/dags/smart_city_traffic_batch_dag.py
[2026-01-25T07:40:18.178+0000] {processor.py:840} INFO - DAG(s) 'smart_city_traffic_batch_dag' retrieved from /opt/airflow/dags/smart_city_traffic_batch_dag.py
[2026-01-25T07:40:19.022+0000] {logging_mixin.py:188} INFO - [2026-01-25T07:40:19.021+0000] {dag.py:3089} INFO - Sync 1 DAGs
[2026-01-25T07:40:19.688+0000] {logging_mixin.py:188} INFO - [2026-01-25T07:40:19.686+0000] {dag.py:3947} INFO - Setting next_dagrun for smart_city_traffic_batch_dag to 2026-01-25 01:00:00+00:00, run_after=2026-01-26 01:00:00+00:00
[2026-01-25T07:40:19.976+0000] {processor.py:183} INFO - Processing /opt/airflow/dags/smart_city_traffic_batch_dag.py took 7.271 seconds
[2026-01-25T07:40:51.917+0000] {processor.py:161} INFO - Started process (PID=400) to work on /opt/airflow/dags/smart_city_traffic_batch_dag.py
[2026-01-25T07:40:51.959+0000] {processor.py:830} INFO - Processing file /opt/airflow/dags/smart_city_traffic_batch_dag.py for tasks to queue
[2026-01-25T07:40:52.052+0000] {logging_mixin.py:188} INFO - [2026-01-25T07:40:52.034+0000] {dagbag.py:545} INFO - Filling up the DagBag from /opt/airflow/dags/smart_city_traffic_batch_dag.py
[2026-01-25T07:40:58.941+0000] {processor.py:840} INFO - DAG(s) 'smart_city_traffic_batch_dag' retrieved from /opt/airflow/dags/smart_city_traffic_batch_dag.py
[2026-01-25T07:40:59.905+0000] {logging_mixin.py:188} INFO - [2026-01-25T07:40:59.904+0000] {dag.py:3089} INFO - Sync 1 DAGs
[2026-01-25T07:41:00.351+0000] {logging_mixin.py:188} INFO - [2026-01-25T07:41:00.349+0000] {dag.py:3947} INFO - Setting next_dagrun for smart_city_traffic_batch_dag to 2026-01-25 01:00:00+00:00, run_after=2026-01-26 01:00:00+00:00
[2026-01-25T07:41:06.439+0000] {processor.py:183} INFO - Processing /opt/airflow/dags/smart_city_traffic_batch_dag.py took 14.846 seconds
[2026-01-25T07:41:37.201+0000] {processor.py:161} INFO - Started process (PID=406) to work on /opt/airflow/dags/smart_city_traffic_batch_dag.py
[2026-01-25T07:41:37.215+0000] {processor.py:830} INFO - Processing file /opt/airflow/dags/smart_city_traffic_batch_dag.py for tasks to queue
[2026-01-25T07:41:37.266+0000] {logging_mixin.py:188} INFO - [2026-01-25T07:41:37.255+0000] {dagbag.py:545} INFO - Filling up the DagBag from /opt/airflow/dags/smart_city_traffic_batch_dag.py
[2026-01-25T07:41:39.445+0000] {processor.py:840} INFO - DAG(s) 'smart_city_traffic_batch_dag' retrieved from /opt/airflow/dags/smart_city_traffic_batch_dag.py
[2026-01-25T07:41:39.726+0000] {logging_mixin.py:188} INFO - [2026-01-25T07:41:39.726+0000] {dag.py:3089} INFO - Sync 1 DAGs
[2026-01-25T07:41:40.443+0000] {logging_mixin.py:188} INFO - [2026-01-25T07:41:40.442+0000] {dag.py:3947} INFO - Setting next_dagrun for smart_city_traffic_batch_dag to 2026-01-25 01:00:00+00:00, run_after=2026-01-26 01:00:00+00:00
[2026-01-25T07:41:40.492+0000] {processor.py:183} INFO - Processing /opt/airflow/dags/smart_city_traffic_batch_dag.py took 3.443 seconds
[2026-01-25T07:42:12.642+0000] {processor.py:161} INFO - Started process (PID=412) to work on /opt/airflow/dags/smart_city_traffic_batch_dag.py
[2026-01-25T07:42:12.688+0000] {processor.py:830} INFO - Processing file /opt/airflow/dags/smart_city_traffic_batch_dag.py for tasks to queue
[2026-01-25T07:42:12.781+0000] {logging_mixin.py:188} INFO - [2026-01-25T07:42:12.763+0000] {dagbag.py:545} INFO - Filling up the DagBag from /opt/airflow/dags/smart_city_traffic_batch_dag.py
[2026-01-25T07:42:17.956+0000] {processor.py:840} INFO - DAG(s) 'smart_city_traffic_batch_dag' retrieved from /opt/airflow/dags/smart_city_traffic_batch_dag.py
[2026-01-25T07:42:18.915+0000] {logging_mixin.py:188} INFO - [2026-01-25T07:42:18.914+0000] {dag.py:3089} INFO - Sync 1 DAGs
[2026-01-25T07:42:19.178+0000] {logging_mixin.py:188} INFO - [2026-01-25T07:42:19.177+0000] {dag.py:3947} INFO - Setting next_dagrun for smart_city_traffic_batch_dag to 2026-01-25 01:00:00+00:00, run_after=2026-01-26 01:00:00+00:00
[2026-01-25T07:42:19.314+0000] {processor.py:183} INFO - Processing /opt/airflow/dags/smart_city_traffic_batch_dag.py took 7.088 seconds
[2026-01-25T07:42:50.480+0000] {processor.py:161} INFO - Started process (PID=418) to work on /opt/airflow/dags/smart_city_traffic_batch_dag.py
[2026-01-25T07:42:50.531+0000] {processor.py:830} INFO - Processing file /opt/airflow/dags/smart_city_traffic_batch_dag.py for tasks to queue
[2026-01-25T07:42:50.638+0000] {logging_mixin.py:188} INFO - [2026-01-25T07:42:50.617+0000] {dagbag.py:545} INFO - Filling up the DagBag from /opt/airflow/dags/smart_city_traffic_batch_dag.py
[2026-01-25T07:42:56.532+0000] {processor.py:840} INFO - DAG(s) 'smart_city_traffic_batch_dag' retrieved from /opt/airflow/dags/smart_city_traffic_batch_dag.py
[2026-01-25T07:42:57.532+0000] {logging_mixin.py:188} INFO - [2026-01-25T07:42:57.530+0000] {dag.py:3089} INFO - Sync 1 DAGs
[2026-01-25T07:42:57.829+0000] {logging_mixin.py:188} INFO - [2026-01-25T07:42:57.828+0000] {dag.py:3947} INFO - Setting next_dagrun for smart_city_traffic_batch_dag to 2026-01-25 01:00:00+00:00, run_after=2026-01-26 01:00:00+00:00
[2026-01-25T07:42:58.027+0000] {processor.py:183} INFO - Processing /opt/airflow/dags/smart_city_traffic_batch_dag.py took 7.879 seconds
[2026-01-25T07:43:30.606+0000] {processor.py:161} INFO - Started process (PID=424) to work on /opt/airflow/dags/smart_city_traffic_batch_dag.py
[2026-01-25T07:43:30.636+0000] {processor.py:830} INFO - Processing file /opt/airflow/dags/smart_city_traffic_batch_dag.py for tasks to queue
[2026-01-25T07:43:30.747+0000] {logging_mixin.py:188} INFO - [2026-01-25T07:43:30.722+0000] {dagbag.py:545} INFO - Filling up the DagBag from /opt/airflow/dags/smart_city_traffic_batch_dag.py
[2026-01-25T07:43:35.408+0000] {processor.py:840} INFO - DAG(s) 'smart_city_traffic_batch_dag' retrieved from /opt/airflow/dags/smart_city_traffic_batch_dag.py
[2026-01-25T07:43:35.887+0000] {logging_mixin.py:188} INFO - [2026-01-25T07:43:35.886+0000] {dag.py:3089} INFO - Sync 1 DAGs
[2026-01-25T07:43:36.112+0000] {logging_mixin.py:188} INFO - [2026-01-25T07:43:36.111+0000] {dag.py:3947} INFO - Setting next_dagrun for smart_city_traffic_batch_dag to 2026-01-25 01:00:00+00:00, run_after=2026-01-26 01:00:00+00:00
[2026-01-25T07:43:39.572+0000] {processor.py:183} INFO - Processing /opt/airflow/dags/smart_city_traffic_batch_dag.py took 9.382 seconds
[2026-01-25T07:44:11.710+0000] {processor.py:161} INFO - Started process (PID=430) to work on /opt/airflow/dags/smart_city_traffic_batch_dag.py
[2026-01-25T07:44:11.727+0000] {processor.py:830} INFO - Processing file /opt/airflow/dags/smart_city_traffic_batch_dag.py for tasks to queue
[2026-01-25T07:44:11.908+0000] {logging_mixin.py:188} INFO - [2026-01-25T07:44:11.889+0000] {dagbag.py:545} INFO - Filling up the DagBag from /opt/airflow/dags/smart_city_traffic_batch_dag.py
[2026-01-25T07:44:17.152+0000] {processor.py:840} INFO - DAG(s) 'smart_city_traffic_batch_dag' retrieved from /opt/airflow/dags/smart_city_traffic_batch_dag.py
[2026-01-25T07:44:17.805+0000] {logging_mixin.py:188} INFO - [2026-01-25T07:44:17.804+0000] {dag.py:3089} INFO - Sync 1 DAGs
[2026-01-25T07:44:21.595+0000] {logging_mixin.py:188} INFO - [2026-01-25T07:44:21.595+0000] {dag.py:3947} INFO - Setting next_dagrun for smart_city_traffic_batch_dag to 2026-01-25 01:00:00+00:00, run_after=2026-01-26 01:00:00+00:00
[2026-01-25T07:44:21.663+0000] {processor.py:183} INFO - Processing /opt/airflow/dags/smart_city_traffic_batch_dag.py took 10.192 seconds
[2026-01-25T07:44:53.456+0000] {processor.py:161} INFO - Started process (PID=436) to work on /opt/airflow/dags/smart_city_traffic_batch_dag.py
[2026-01-25T07:44:53.510+0000] {processor.py:830} INFO - Processing file /opt/airflow/dags/smart_city_traffic_batch_dag.py for tasks to queue
[2026-01-25T07:44:53.607+0000] {logging_mixin.py:188} INFO - [2026-01-25T07:44:53.585+0000] {dagbag.py:545} INFO - Filling up the DagBag from /opt/airflow/dags/smart_city_traffic_batch_dag.py
[2026-01-25T07:44:58.979+0000] {processor.py:840} INFO - DAG(s) 'smart_city_traffic_batch_dag' retrieved from /opt/airflow/dags/smart_city_traffic_batch_dag.py
[2026-01-25T07:44:59.695+0000] {logging_mixin.py:188} INFO - [2026-01-25T07:44:59.694+0000] {dag.py:3089} INFO - Sync 1 DAGs
[2026-01-25T07:45:00.097+0000] {logging_mixin.py:188} INFO - [2026-01-25T07:45:00.095+0000] {dag.py:3947} INFO - Setting next_dagrun for smart_city_traffic_batch_dag to 2026-01-25 01:00:00+00:00, run_after=2026-01-26 01:00:00+00:00
[2026-01-25T07:45:00.262+0000] {processor.py:183} INFO - Processing /opt/airflow/dags/smart_city_traffic_batch_dag.py took 7.195 seconds
[2026-01-25T07:45:31.695+0000] {processor.py:161} INFO - Started process (PID=442) to work on /opt/airflow/dags/smart_city_traffic_batch_dag.py
[2026-01-25T07:45:31.708+0000] {processor.py:830} INFO - Processing file /opt/airflow/dags/smart_city_traffic_batch_dag.py for tasks to queue
[2026-01-25T07:45:31.790+0000] {logging_mixin.py:188} INFO - [2026-01-25T07:45:31.771+0000] {dagbag.py:545} INFO - Filling up the DagBag from /opt/airflow/dags/smart_city_traffic_batch_dag.py
[2026-01-25T07:45:36.684+0000] {processor.py:840} INFO - DAG(s) 'smart_city_traffic_batch_dag' retrieved from /opt/airflow/dags/smart_city_traffic_batch_dag.py
[2026-01-25T07:45:36.996+0000] {logging_mixin.py:188} INFO - [2026-01-25T07:45:36.996+0000] {dag.py:3089} INFO - Sync 1 DAGs
[2026-01-25T07:45:37.215+0000] {logging_mixin.py:188} INFO - [2026-01-25T07:45:37.214+0000] {dag.py:3947} INFO - Setting next_dagrun for smart_city_traffic_batch_dag to 2026-01-25 01:00:00+00:00, run_after=2026-01-26 01:00:00+00:00
[2026-01-25T07:45:37.318+0000] {processor.py:183} INFO - Processing /opt/airflow/dags/smart_city_traffic_batch_dag.py took 5.916 seconds
[2026-01-25T07:46:09.313+0000] {processor.py:161} INFO - Started process (PID=448) to work on /opt/airflow/dags/smart_city_traffic_batch_dag.py
[2026-01-25T07:46:09.336+0000] {processor.py:830} INFO - Processing file /opt/airflow/dags/smart_city_traffic_batch_dag.py for tasks to queue
[2026-01-25T07:46:09.470+0000] {logging_mixin.py:188} INFO - [2026-01-25T07:46:09.437+0000] {dagbag.py:545} INFO - Filling up the DagBag from /opt/airflow/dags/smart_city_traffic_batch_dag.py
[2026-01-25T07:46:16.647+0000] {processor.py:840} INFO - DAG(s) 'smart_city_traffic_batch_dag' retrieved from /opt/airflow/dags/smart_city_traffic_batch_dag.py
[2026-01-25T07:46:17.557+0000] {logging_mixin.py:188} INFO - [2026-01-25T07:46:17.548+0000] {dag.py:3089} INFO - Sync 1 DAGs
[2026-01-25T07:46:17.842+0000] {logging_mixin.py:188} INFO - [2026-01-25T07:46:17.840+0000] {dag.py:3947} INFO - Setting next_dagrun for smart_city_traffic_batch_dag to 2026-01-25 01:00:00+00:00, run_after=2026-01-26 01:00:00+00:00
[2026-01-25T07:46:22.995+0000] {processor.py:183} INFO - Processing /opt/airflow/dags/smart_city_traffic_batch_dag.py took 14.132 seconds
[2026-01-25T07:46:55.200+0000] {processor.py:161} INFO - Started process (PID=454) to work on /opt/airflow/dags/smart_city_traffic_batch_dag.py
[2026-01-25T07:46:55.319+0000] {processor.py:830} INFO - Processing file /opt/airflow/dags/smart_city_traffic_batch_dag.py for tasks to queue
[2026-01-25T07:46:55.506+0000] {logging_mixin.py:188} INFO - [2026-01-25T07:46:55.461+0000] {dagbag.py:545} INFO - Filling up the DagBag from /opt/airflow/dags/smart_city_traffic_batch_dag.py
[2026-01-25T07:47:01.650+0000] {processor.py:840} INFO - DAG(s) 'smart_city_traffic_batch_dag' retrieved from /opt/airflow/dags/smart_city_traffic_batch_dag.py
[2026-01-25T07:47:02.323+0000] {logging_mixin.py:188} INFO - [2026-01-25T07:47:02.322+0000] {dag.py:3089} INFO - Sync 1 DAGs
[2026-01-25T07:47:06.642+0000] {logging_mixin.py:188} INFO - [2026-01-25T07:47:06.642+0000] {dag.py:3947} INFO - Setting next_dagrun for smart_city_traffic_batch_dag to 2026-01-25 01:00:00+00:00, run_after=2026-01-26 01:00:00+00:00
[2026-01-25T07:47:06.696+0000] {processor.py:183} INFO - Processing /opt/airflow/dags/smart_city_traffic_batch_dag.py took 11.949 seconds
[2026-01-25T07:47:38.727+0000] {processor.py:161} INFO - Started process (PID=460) to work on /opt/airflow/dags/smart_city_traffic_batch_dag.py
[2026-01-25T07:47:38.737+0000] {processor.py:830} INFO - Processing file /opt/airflow/dags/smart_city_traffic_batch_dag.py for tasks to queue
[2026-01-25T07:47:38.816+0000] {logging_mixin.py:188} INFO - [2026-01-25T07:47:38.801+0000] {dagbag.py:545} INFO - Filling up the DagBag from /opt/airflow/dags/smart_city_traffic_batch_dag.py
[2026-01-25T07:47:43.205+0000] {processor.py:840} INFO - DAG(s) 'smart_city_traffic_batch_dag' retrieved from /opt/airflow/dags/smart_city_traffic_batch_dag.py
[2026-01-25T07:47:47.990+0000] {logging_mixin.py:188} INFO - [2026-01-25T07:47:47.989+0000] {dag.py:3089} INFO - Sync 1 DAGs
[2026-01-25T07:47:48.084+0000] {logging_mixin.py:188} INFO - [2026-01-25T07:47:48.084+0000] {dag.py:3947} INFO - Setting next_dagrun for smart_city_traffic_batch_dag to 2026-01-25 01:00:00+00:00, run_after=2026-01-26 01:00:00+00:00
[2026-01-25T07:47:48.134+0000] {processor.py:183} INFO - Processing /opt/airflow/dags/smart_city_traffic_batch_dag.py took 9.685 seconds
[2026-01-25T07:48:20.052+0000] {processor.py:161} INFO - Started process (PID=466) to work on /opt/airflow/dags/smart_city_traffic_batch_dag.py
[2026-01-25T07:48:20.089+0000] {processor.py:830} INFO - Processing file /opt/airflow/dags/smart_city_traffic_batch_dag.py for tasks to queue
[2026-01-25T07:48:20.201+0000] {logging_mixin.py:188} INFO - [2026-01-25T07:48:20.177+0000] {dagbag.py:545} INFO - Filling up the DagBag from /opt/airflow/dags/smart_city_traffic_batch_dag.py
[2026-01-25T07:48:25.683+0000] {processor.py:840} INFO - DAG(s) 'smart_city_traffic_batch_dag' retrieved from /opt/airflow/dags/smart_city_traffic_batch_dag.py
[2026-01-25T07:48:26.374+0000] {logging_mixin.py:188} INFO - [2026-01-25T07:48:26.373+0000] {dag.py:3089} INFO - Sync 1 DAGs
[2026-01-25T07:48:26.651+0000] {logging_mixin.py:188} INFO - [2026-01-25T07:48:26.649+0000] {dag.py:3947} INFO - Setting next_dagrun for smart_city_traffic_batch_dag to 2026-01-25 01:00:00+00:00, run_after=2026-01-26 01:00:00+00:00
[2026-01-25T07:48:26.779+0000] {processor.py:183} INFO - Processing /opt/airflow/dags/smart_city_traffic_batch_dag.py took 7.104 seconds
[2026-01-25T07:49:00.116+0000] {processor.py:161} INFO - Started process (PID=472) to work on /opt/airflow/dags/smart_city_traffic_batch_dag.py
[2026-01-25T07:49:00.174+0000] {processor.py:830} INFO - Processing file /opt/airflow/dags/smart_city_traffic_batch_dag.py for tasks to queue
[2026-01-25T07:49:00.279+0000] {logging_mixin.py:188} INFO - [2026-01-25T07:49:00.258+0000] {dagbag.py:545} INFO - Filling up the DagBag from /opt/airflow/dags/smart_city_traffic_batch_dag.py
[2026-01-25T07:49:06.435+0000] {processor.py:840} INFO - DAG(s) 'smart_city_traffic_batch_dag' retrieved from /opt/airflow/dags/smart_city_traffic_batch_dag.py
[2026-01-25T07:49:07.338+0000] {logging_mixin.py:188} INFO - [2026-01-25T07:49:07.337+0000] {dag.py:3089} INFO - Sync 1 DAGs
[2026-01-25T07:49:07.607+0000] {logging_mixin.py:188} INFO - [2026-01-25T07:49:07.605+0000] {dag.py:3947} INFO - Setting next_dagrun for smart_city_traffic_batch_dag to 2026-01-25 01:00:00+00:00, run_after=2026-01-26 01:00:00+00:00
[2026-01-25T07:49:12.141+0000] {processor.py:183} INFO - Processing /opt/airflow/dags/smart_city_traffic_batch_dag.py took 12.617 seconds
[2026-01-25T07:49:44.065+0000] {processor.py:161} INFO - Started process (PID=478) to work on /opt/airflow/dags/smart_city_traffic_batch_dag.py
[2026-01-25T07:49:44.086+0000] {processor.py:830} INFO - Processing file /opt/airflow/dags/smart_city_traffic_batch_dag.py for tasks to queue
[2026-01-25T07:49:44.162+0000] {logging_mixin.py:188} INFO - [2026-01-25T07:49:44.142+0000] {dagbag.py:545} INFO - Filling up the DagBag from /opt/airflow/dags/smart_city_traffic_batch_dag.py
[2026-01-25T07:49:48.573+0000] {processor.py:840} INFO - DAG(s) 'smart_city_traffic_batch_dag' retrieved from /opt/airflow/dags/smart_city_traffic_batch_dag.py
[2026-01-25T07:49:49.105+0000] {logging_mixin.py:188} INFO - [2026-01-25T07:49:49.104+0000] {dag.py:3089} INFO - Sync 1 DAGs
[2026-01-25T07:49:51.597+0000] {logging_mixin.py:188} INFO - [2026-01-25T07:49:51.596+0000] {dag.py:3947} INFO - Setting next_dagrun for smart_city_traffic_batch_dag to 2026-01-25 01:00:00+00:00, run_after=2026-01-26 01:00:00+00:00
[2026-01-25T07:49:51.735+0000] {processor.py:183} INFO - Processing /opt/airflow/dags/smart_city_traffic_batch_dag.py took 7.982 seconds
[2026-01-25T07:50:23.216+0000] {processor.py:161} INFO - Started process (PID=484) to work on /opt/airflow/dags/smart_city_traffic_batch_dag.py
[2026-01-25T07:50:23.257+0000] {processor.py:830} INFO - Processing file /opt/airflow/dags/smart_city_traffic_batch_dag.py for tasks to queue
[2026-01-25T07:50:23.387+0000] {logging_mixin.py:188} INFO - [2026-01-25T07:50:23.362+0000] {dagbag.py:545} INFO - Filling up the DagBag from /opt/airflow/dags/smart_city_traffic_batch_dag.py
[2026-01-25T07:50:30.124+0000] {processor.py:840} INFO - DAG(s) 'smart_city_traffic_batch_dag' retrieved from /opt/airflow/dags/smart_city_traffic_batch_dag.py
[2026-01-25T07:50:37.177+0000] {logging_mixin.py:188} INFO - [2026-01-25T07:50:37.170+0000] {dag.py:3089} INFO - Sync 1 DAGs
[2026-01-25T07:50:37.382+0000] {logging_mixin.py:188} INFO - [2026-01-25T07:50:37.381+0000] {dag.py:3947} INFO - Setting next_dagrun for smart_city_traffic_batch_dag to 2026-01-25 01:00:00+00:00, run_after=2026-01-26 01:00:00+00:00
[2026-01-25T07:50:37.476+0000] {processor.py:183} INFO - Processing /opt/airflow/dags/smart_city_traffic_batch_dag.py took 14.564 seconds
[2026-01-25T07:51:09.338+0000] {processor.py:161} INFO - Started process (PID=490) to work on /opt/airflow/dags/smart_city_traffic_batch_dag.py
[2026-01-25T07:51:09.355+0000] {processor.py:830} INFO - Processing file /opt/airflow/dags/smart_city_traffic_batch_dag.py for tasks to queue
[2026-01-25T07:51:09.449+0000] {logging_mixin.py:188} INFO - [2026-01-25T07:51:09.431+0000] {dagbag.py:545} INFO - Filling up the DagBag from /opt/airflow/dags/smart_city_traffic_batch_dag.py
[2026-01-25T07:51:14.663+0000] {processor.py:840} INFO - DAG(s) 'smart_city_traffic_batch_dag' retrieved from /opt/airflow/dags/smart_city_traffic_batch_dag.py
[2026-01-25T07:51:15.395+0000] {logging_mixin.py:188} INFO - [2026-01-25T07:51:15.394+0000] {dag.py:3089} INFO - Sync 1 DAGs
[2026-01-25T07:51:15.811+0000] {logging_mixin.py:188} INFO - [2026-01-25T07:51:15.809+0000] {dag.py:3947} INFO - Setting next_dagrun for smart_city_traffic_batch_dag to 2026-01-25 01:00:00+00:00, run_after=2026-01-26 01:00:00+00:00
[2026-01-25T07:51:16.043+0000] {processor.py:183} INFO - Processing /opt/airflow/dags/smart_city_traffic_batch_dag.py took 6.996 seconds
[2026-01-25T07:51:48.268+0000] {processor.py:161} INFO - Started process (PID=496) to work on /opt/airflow/dags/smart_city_traffic_batch_dag.py
[2026-01-25T07:51:48.302+0000] {processor.py:830} INFO - Processing file /opt/airflow/dags/smart_city_traffic_batch_dag.py for tasks to queue
[2026-01-25T07:51:48.391+0000] {logging_mixin.py:188} INFO - [2026-01-25T07:51:48.373+0000] {dagbag.py:545} INFO - Filling up the DagBag from /opt/airflow/dags/smart_city_traffic_batch_dag.py
[2026-01-25T07:51:53.568+0000] {processor.py:840} INFO - DAG(s) 'smart_city_traffic_batch_dag' retrieved from /opt/airflow/dags/smart_city_traffic_batch_dag.py
[2026-01-25T07:51:54.452+0000] {logging_mixin.py:188} INFO - [2026-01-25T07:51:54.450+0000] {dag.py:3089} INFO - Sync 1 DAGs
[2026-01-25T07:51:54.722+0000] {logging_mixin.py:188} INFO - [2026-01-25T07:51:54.721+0000] {dag.py:3947} INFO - Setting next_dagrun for smart_city_traffic_batch_dag to 2026-01-25 01:00:00+00:00, run_after=2026-01-26 01:00:00+00:00
[2026-01-25T07:51:59.163+0000] {processor.py:183} INFO - Processing /opt/airflow/dags/smart_city_traffic_batch_dag.py took 11.204 seconds
[2026-01-25T07:52:30.845+0000] {processor.py:161} INFO - Started process (PID=502) to work on /opt/airflow/dags/smart_city_traffic_batch_dag.py
[2026-01-25T07:52:30.900+0000] {processor.py:830} INFO - Processing file /opt/airflow/dags/smart_city_traffic_batch_dag.py for tasks to queue
[2026-01-25T07:52:31.051+0000] {logging_mixin.py:188} INFO - [2026-01-25T07:52:31.026+0000] {dagbag.py:545} INFO - Filling up the DagBag from /opt/airflow/dags/smart_city_traffic_batch_dag.py
[2026-01-25T07:52:37.504+0000] {processor.py:840} INFO - DAG(s) 'smart_city_traffic_batch_dag' retrieved from /opt/airflow/dags/smart_city_traffic_batch_dag.py
[2026-01-25T07:52:38.232+0000] {logging_mixin.py:188} INFO - [2026-01-25T07:52:38.231+0000] {dag.py:3089} INFO - Sync 1 DAGs
[2026-01-25T07:52:43.379+0000] {logging_mixin.py:188} INFO - [2026-01-25T07:52:43.378+0000] {dag.py:3947} INFO - Setting next_dagrun for smart_city_traffic_batch_dag to 2026-01-25 01:00:00+00:00, run_after=2026-01-26 01:00:00+00:00
[2026-01-25T07:52:43.452+0000] {processor.py:183} INFO - Processing /opt/airflow/dags/smart_city_traffic_batch_dag.py took 12.986 seconds
[2026-01-25T07:53:15.714+0000] {processor.py:161} INFO - Started process (PID=508) to work on /opt/airflow/dags/smart_city_traffic_batch_dag.py
[2026-01-25T07:53:15.728+0000] {processor.py:830} INFO - Processing file /opt/airflow/dags/smart_city_traffic_batch_dag.py for tasks to queue
[2026-01-25T07:53:15.823+0000] {logging_mixin.py:188} INFO - [2026-01-25T07:53:15.803+0000] {dagbag.py:545} INFO - Filling up the DagBag from /opt/airflow/dags/smart_city_traffic_batch_dag.py
[2026-01-25T07:53:21.800+0000] {processor.py:840} INFO - DAG(s) 'smart_city_traffic_batch_dag' retrieved from /opt/airflow/dags/smart_city_traffic_batch_dag.py
[2026-01-25T07:53:26.937+0000] {logging_mixin.py:188} INFO - [2026-01-25T07:53:26.936+0000] {dag.py:3089} INFO - Sync 1 DAGs
[2026-01-25T07:53:27.008+0000] {logging_mixin.py:188} INFO - [2026-01-25T07:53:27.007+0000] {dag.py:3947} INFO - Setting next_dagrun for smart_city_traffic_batch_dag to 2026-01-25 01:00:00+00:00, run_after=2026-01-26 01:00:00+00:00
[2026-01-25T07:53:27.064+0000] {processor.py:183} INFO - Processing /opt/airflow/dags/smart_city_traffic_batch_dag.py took 11.668 seconds
[2026-01-25T07:54:01.852+0000] {processor.py:161} INFO - Started process (PID=514) to work on /opt/airflow/dags/smart_city_traffic_batch_dag.py
[2026-01-25T07:54:01.904+0000] {processor.py:830} INFO - Processing file /opt/airflow/dags/smart_city_traffic_batch_dag.py for tasks to queue
[2026-01-25T07:54:02.027+0000] {logging_mixin.py:188} INFO - [2026-01-25T07:54:02.007+0000] {dagbag.py:545} INFO - Filling up the DagBag from /opt/airflow/dags/smart_city_traffic_batch_dag.py
[2026-01-25T07:54:07.952+0000] {processor.py:840} INFO - DAG(s) 'smart_city_traffic_batch_dag' retrieved from /opt/airflow/dags/smart_city_traffic_batch_dag.py
[2026-01-25T07:54:08.921+0000] {logging_mixin.py:188} INFO - [2026-01-25T07:54:08.920+0000] {dag.py:3089} INFO - Sync 1 DAGs
[2026-01-25T07:54:09.199+0000] {logging_mixin.py:188} INFO - [2026-01-25T07:54:09.197+0000] {dag.py:3947} INFO - Setting next_dagrun for smart_city_traffic_batch_dag to 2026-01-25 01:00:00+00:00, run_after=2026-01-26 01:00:00+00:00
[2026-01-25T07:54:09.359+0000] {processor.py:183} INFO - Processing /opt/airflow/dags/smart_city_traffic_batch_dag.py took 8.139 seconds
[2026-01-25T07:54:40.653+0000] {processor.py:161} INFO - Started process (PID=520) to work on /opt/airflow/dags/smart_city_traffic_batch_dag.py
[2026-01-25T07:54:40.670+0000] {processor.py:830} INFO - Processing file /opt/airflow/dags/smart_city_traffic_batch_dag.py for tasks to queue
[2026-01-25T07:54:40.764+0000] {logging_mixin.py:188} INFO - [2026-01-25T07:54:40.746+0000] {dagbag.py:545} INFO - Filling up the DagBag from /opt/airflow/dags/smart_city_traffic_batch_dag.py
[2026-01-25T07:54:53.123+0000] {processor.py:840} INFO - DAG(s) 'smart_city_traffic_batch_dag' retrieved from /opt/airflow/dags/smart_city_traffic_batch_dag.py
[2026-01-25T07:54:53.654+0000] {logging_mixin.py:188} INFO - [2026-01-25T07:54:53.653+0000] {dag.py:3089} INFO - Sync 1 DAGs
[2026-01-25T07:54:53.915+0000] {logging_mixin.py:188} INFO - [2026-01-25T07:54:53.914+0000] {dag.py:3947} INFO - Setting next_dagrun for smart_city_traffic_batch_dag to 2026-01-25 01:00:00+00:00, run_after=2026-01-26 01:00:00+00:00
[2026-01-25T07:54:58.263+0000] {processor.py:183} INFO - Processing /opt/airflow/dags/smart_city_traffic_batch_dag.py took 17.879 seconds
[2026-01-25T07:55:30.825+0000] {processor.py:161} INFO - Started process (PID=526) to work on /opt/airflow/dags/smart_city_traffic_batch_dag.py
[2026-01-25T07:55:30.889+0000] {processor.py:830} INFO - Processing file /opt/airflow/dags/smart_city_traffic_batch_dag.py for tasks to queue
[2026-01-25T07:55:31.019+0000] {logging_mixin.py:188} INFO - [2026-01-25T07:55:30.998+0000] {dagbag.py:545} INFO - Filling up the DagBag from /opt/airflow/dags/smart_city_traffic_batch_dag.py
[2026-01-25T07:55:36.213+0000] {processor.py:840} INFO - DAG(s) 'smart_city_traffic_batch_dag' retrieved from /opt/airflow/dags/smart_city_traffic_batch_dag.py
[2026-01-25T07:55:36.766+0000] {logging_mixin.py:188} INFO - [2026-01-25T07:55:36.765+0000] {dag.py:3089} INFO - Sync 1 DAGs
[2026-01-25T07:55:41.627+0000] {logging_mixin.py:188} INFO - [2026-01-25T07:55:41.627+0000] {dag.py:3947} INFO - Setting next_dagrun for smart_city_traffic_batch_dag to 2026-01-25 01:00:00+00:00, run_after=2026-01-26 01:00:00+00:00
[2026-01-25T07:55:41.697+0000] {processor.py:183} INFO - Processing /opt/airflow/dags/smart_city_traffic_batch_dag.py took 11.428 seconds
[2026-01-25T07:56:13.929+0000] {processor.py:161} INFO - Started process (PID=532) to work on /opt/airflow/dags/smart_city_traffic_batch_dag.py
[2026-01-25T07:56:13.952+0000] {processor.py:830} INFO - Processing file /opt/airflow/dags/smart_city_traffic_batch_dag.py for tasks to queue
[2026-01-25T07:56:14.075+0000] {logging_mixin.py:188} INFO - [2026-01-25T07:56:14.052+0000] {dagbag.py:545} INFO - Filling up the DagBag from /opt/airflow/dags/smart_city_traffic_batch_dag.py
[2026-01-25T07:56:19.508+0000] {processor.py:840} INFO - DAG(s) 'smart_city_traffic_batch_dag' retrieved from /opt/airflow/dags/smart_city_traffic_batch_dag.py
[2026-01-25T07:56:24.371+0000] {logging_mixin.py:188} INFO - [2026-01-25T07:56:24.370+0000] {dag.py:3089} INFO - Sync 1 DAGs
[2026-01-25T07:56:24.444+0000] {logging_mixin.py:188} INFO - [2026-01-25T07:56:24.444+0000] {dag.py:3947} INFO - Setting next_dagrun for smart_city_traffic_batch_dag to 2026-01-25 01:00:00+00:00, run_after=2026-01-26 01:00:00+00:00
[2026-01-25T07:56:24.500+0000] {processor.py:183} INFO - Processing /opt/airflow/dags/smart_city_traffic_batch_dag.py took 10.913 seconds
[2026-01-25T07:56:56.153+0000] {processor.py:161} INFO - Started process (PID=538) to work on /opt/airflow/dags/smart_city_traffic_batch_dag.py
[2026-01-25T07:56:56.170+0000] {processor.py:830} INFO - Processing file /opt/airflow/dags/smart_city_traffic_batch_dag.py for tasks to queue
[2026-01-25T07:56:56.253+0000] {logging_mixin.py:188} INFO - [2026-01-25T07:56:56.237+0000] {dagbag.py:545} INFO - Filling up the DagBag from /opt/airflow/dags/smart_city_traffic_batch_dag.py
[2026-01-25T07:57:07.734+0000] {processor.py:840} INFO - DAG(s) 'smart_city_traffic_batch_dag' retrieved from /opt/airflow/dags/smart_city_traffic_batch_dag.py
[2026-01-25T07:57:09.177+0000] {logging_mixin.py:188} INFO - [2026-01-25T07:57:09.168+0000] {dag.py:3089} INFO - Sync 1 DAGs
[2026-01-25T07:57:09.342+0000] {logging_mixin.py:188} INFO - [2026-01-25T07:57:09.342+0000] {dag.py:3947} INFO - Setting next_dagrun for smart_city_traffic_batch_dag to 2026-01-25 01:00:00+00:00, run_after=2026-01-26 01:00:00+00:00
[2026-01-25T07:57:09.450+0000] {processor.py:183} INFO - Processing /opt/airflow/dags/smart_city_traffic_batch_dag.py took 13.577 seconds
[2026-01-25T07:57:41.380+0000] {processor.py:161} INFO - Started process (PID=544) to work on /opt/airflow/dags/smart_city_traffic_batch_dag.py
[2026-01-25T07:57:41.395+0000] {processor.py:830} INFO - Processing file /opt/airflow/dags/smart_city_traffic_batch_dag.py for tasks to queue
[2026-01-25T07:57:41.478+0000] {logging_mixin.py:188} INFO - [2026-01-25T07:57:41.463+0000] {dagbag.py:545} INFO - Filling up the DagBag from /opt/airflow/dags/smart_city_traffic_batch_dag.py
[2026-01-25T07:57:49.385+0000] {processor.py:840} INFO - DAG(s) 'smart_city_traffic_batch_dag' retrieved from /opt/airflow/dags/smart_city_traffic_batch_dag.py
[2026-01-25T07:57:50.213+0000] {logging_mixin.py:188} INFO - [2026-01-25T07:57:50.196+0000] {dag.py:3089} INFO - Sync 1 DAGs
[2026-01-25T07:57:50.818+0000] {logging_mixin.py:188} INFO - [2026-01-25T07:57:50.816+0000] {dag.py:3947} INFO - Setting next_dagrun for smart_city_traffic_batch_dag to 2026-01-25 01:00:00+00:00, run_after=2026-01-26 01:00:00+00:00
[2026-01-25T07:57:57.339+0000] {processor.py:183} INFO - Processing /opt/airflow/dags/smart_city_traffic_batch_dag.py took 16.261 seconds
[2026-01-25T07:58:29.175+0000] {processor.py:161} INFO - Started process (PID=550) to work on /opt/airflow/dags/smart_city_traffic_batch_dag.py
[2026-01-25T07:58:29.190+0000] {processor.py:830} INFO - Processing file /opt/airflow/dags/smart_city_traffic_batch_dag.py for tasks to queue
[2026-01-25T07:58:29.304+0000] {logging_mixin.py:188} INFO - [2026-01-25T07:58:29.277+0000] {dagbag.py:545} INFO - Filling up the DagBag from /opt/airflow/dags/smart_city_traffic_batch_dag.py
[2026-01-25T07:58:37.078+0000] {processor.py:840} INFO - DAG(s) 'smart_city_traffic_batch_dag' retrieved from /opt/airflow/dags/smart_city_traffic_batch_dag.py
[2026-01-25T07:58:37.950+0000] {logging_mixin.py:188} INFO - [2026-01-25T07:58:37.937+0000] {dag.py:3089} INFO - Sync 1 DAGs
[2026-01-25T07:58:43.164+0000] {logging_mixin.py:188} INFO - [2026-01-25T07:58:43.163+0000] {dag.py:3947} INFO - Setting next_dagrun for smart_city_traffic_batch_dag to 2026-01-25 01:00:00+00:00, run_after=2026-01-26 01:00:00+00:00
[2026-01-25T07:58:43.274+0000] {processor.py:183} INFO - Processing /opt/airflow/dags/smart_city_traffic_batch_dag.py took 14.577 seconds
[2026-01-25T07:59:16.421+0000] {processor.py:161} INFO - Started process (PID=556) to work on /opt/airflow/dags/smart_city_traffic_batch_dag.py
[2026-01-25T07:59:16.457+0000] {processor.py:830} INFO - Processing file /opt/airflow/dags/smart_city_traffic_batch_dag.py for tasks to queue
[2026-01-25T07:59:16.613+0000] {logging_mixin.py:188} INFO - [2026-01-25T07:59:16.576+0000] {dagbag.py:545} INFO - Filling up the DagBag from /opt/airflow/dags/smart_city_traffic_batch_dag.py
[2026-01-25T07:59:24.159+0000] {processor.py:840} INFO - DAG(s) 'smart_city_traffic_batch_dag' retrieved from /opt/airflow/dags/smart_city_traffic_batch_dag.py
[2026-01-25T07:59:31.768+0000] {logging_mixin.py:188} INFO - [2026-01-25T07:59:31.761+0000] {dag.py:3089} INFO - Sync 1 DAGs
[2026-01-25T07:59:31.863+0000] {logging_mixin.py:188} INFO - [2026-01-25T07:59:31.862+0000] {dag.py:3947} INFO - Setting next_dagrun for smart_city_traffic_batch_dag to 2026-01-25 01:00:00+00:00, run_after=2026-01-26 01:00:00+00:00
[2026-01-25T07:59:31.962+0000] {processor.py:183} INFO - Processing /opt/airflow/dags/smart_city_traffic_batch_dag.py took 16.276 seconds
[2026-01-25T08:00:03.700+0000] {processor.py:161} INFO - Started process (PID=562) to work on /opt/airflow/dags/smart_city_traffic_batch_dag.py
[2026-01-25T08:00:03.748+0000] {processor.py:830} INFO - Processing file /opt/airflow/dags/smart_city_traffic_batch_dag.py for tasks to queue
[2026-01-25T08:00:03.864+0000] {logging_mixin.py:188} INFO - [2026-01-25T08:00:03.842+0000] {dagbag.py:545} INFO - Filling up the DagBag from /opt/airflow/dags/smart_city_traffic_batch_dag.py
[2026-01-25T08:00:16.817+0000] {processor.py:840} INFO - DAG(s) 'smart_city_traffic_batch_dag' retrieved from /opt/airflow/dags/smart_city_traffic_batch_dag.py
[2026-01-25T08:00:17.352+0000] {logging_mixin.py:188} INFO - [2026-01-25T08:00:17.345+0000] {dag.py:3089} INFO - Sync 1 DAGs
[2026-01-25T08:00:17.441+0000] {logging_mixin.py:188} INFO - [2026-01-25T08:00:17.441+0000] {dag.py:3947} INFO - Setting next_dagrun for smart_city_traffic_batch_dag to 2026-01-25 01:00:00+00:00, run_after=2026-01-26 01:00:00+00:00
[2026-01-25T08:00:17.539+0000] {processor.py:183} INFO - Processing /opt/airflow/dags/smart_city_traffic_batch_dag.py took 14.168 seconds
[2026-01-25T08:00:50.801+0000] {processor.py:161} INFO - Started process (PID=568) to work on /opt/airflow/dags/smart_city_traffic_batch_dag.py
[2026-01-25T08:00:50.815+0000] {processor.py:830} INFO - Processing file /opt/airflow/dags/smart_city_traffic_batch_dag.py for tasks to queue
[2026-01-25T08:00:50.994+0000] {logging_mixin.py:188} INFO - [2026-01-25T08:00:50.947+0000] {dagbag.py:545} INFO - Filling up the DagBag from /opt/airflow/dags/smart_city_traffic_batch_dag.py
[2026-01-25T08:00:58.082+0000] {logging_mixin.py:188} INFO - [2026-01-25T08:00:58.008+0000] {dagbag.py:355} ERROR - Failed to import: /opt/airflow/dags/smart_city_traffic_batch_dag.py
Traceback (most recent call last):
  File "/home/airflow/.local/lib/python3.12/site-packages/airflow/models/dagbag.py", line 351, in parse
    loader.exec_module(new_module)
  File "<frozen importlib._bootstrap_external>", line 995, in exec_module
  File "<frozen importlib._bootstrap>", line 488, in _call_with_frames_removed
  File "/opt/airflow/dags/smart_city_traffic_batch_dag.py", line 124, in <module>
    python_callable=generate_last24_peak_report,
                    ^^^^^^^^^^^^^^^^^^^^^^^^^^^
NameError: name 'generate_last24_peak_report' is not defined. Did you mean: 'generate_daily_peak_report'?
[2026-01-25T08:00:58.091+0000] {processor.py:842} WARNING - No viable dags retrieved from /opt/airflow/dags/smart_city_traffic_batch_dag.py
[2026-01-25T08:00:59.118+0000] {processor.py:183} INFO - Processing /opt/airflow/dags/smart_city_traffic_batch_dag.py took 8.745 seconds
[2026-01-25T08:01:31.731+0000] {processor.py:161} INFO - Started process (PID=574) to work on /opt/airflow/dags/smart_city_traffic_batch_dag.py
[2026-01-25T08:01:31.772+0000] {processor.py:830} INFO - Processing file /opt/airflow/dags/smart_city_traffic_batch_dag.py for tasks to queue
[2026-01-25T08:01:31.855+0000] {logging_mixin.py:188} INFO - [2026-01-25T08:01:31.839+0000] {dagbag.py:545} INFO - Filling up the DagBag from /opt/airflow/dags/smart_city_traffic_batch_dag.py
[2026-01-25T08:01:36.389+0000] {logging_mixin.py:188} INFO - [2026-01-25T08:01:36.348+0000] {dagbag.py:355} ERROR - Failed to import: /opt/airflow/dags/smart_city_traffic_batch_dag.py
Traceback (most recent call last):
  File "/home/airflow/.local/lib/python3.12/site-packages/airflow/models/dagbag.py", line 351, in parse
    loader.exec_module(new_module)
  File "<frozen importlib._bootstrap_external>", line 995, in exec_module
  File "<frozen importlib._bootstrap>", line 488, in _call_with_frames_removed
  File "/opt/airflow/dags/smart_city_traffic_batch_dag.py", line 124, in <module>
    python_callable=generate_last24_peak_report,
                    ^^^^^^^^^^^^^^^^^^^^^^^^^^^
NameError: name 'generate_last24_peak_report' is not defined. Did you mean: 'generate_daily_peak_report'?
[2026-01-25T08:01:36.396+0000] {processor.py:842} WARNING - No viable dags retrieved from /opt/airflow/dags/smart_city_traffic_batch_dag.py
[2026-01-25T08:01:36.829+0000] {processor.py:183} INFO - Processing /opt/airflow/dags/smart_city_traffic_batch_dag.py took 5.535 seconds
[2026-01-25T08:02:10.403+0000] {processor.py:161} INFO - Started process (PID=580) to work on /opt/airflow/dags/smart_city_traffic_batch_dag.py
[2026-01-25T08:02:10.435+0000] {processor.py:830} INFO - Processing file /opt/airflow/dags/smart_city_traffic_batch_dag.py for tasks to queue
[2026-01-25T08:02:10.474+0000] {logging_mixin.py:188} INFO - [2026-01-25T08:02:10.449+0000] {dagbag.py:545} INFO - Filling up the DagBag from /opt/airflow/dags/smart_city_traffic_batch_dag.py
[2026-01-25T08:02:16.558+0000] {logging_mixin.py:188} INFO - [2026-01-25T08:02:16.486+0000] {dagbag.py:355} ERROR - Failed to import: /opt/airflow/dags/smart_city_traffic_batch_dag.py
Traceback (most recent call last):
  File "/home/airflow/.local/lib/python3.12/site-packages/airflow/models/dagbag.py", line 351, in parse
    loader.exec_module(new_module)
  File "<frozen importlib._bootstrap_external>", line 995, in exec_module
  File "<frozen importlib._bootstrap>", line 488, in _call_with_frames_removed
  File "/opt/airflow/dags/smart_city_traffic_batch_dag.py", line 124, in <module>
    python_callable=generate_last24_peak_report,
                    ^^^^^^^^^^^^^^^^^^^^^^^^^^^
NameError: name 'generate_last24_peak_report' is not defined. Did you mean: 'generate_daily_peak_report'?
[2026-01-25T08:02:16.566+0000] {processor.py:842} WARNING - No viable dags retrieved from /opt/airflow/dags/smart_city_traffic_batch_dag.py
[2026-01-25T08:02:17.342+0000] {processor.py:183} INFO - Processing /opt/airflow/dags/smart_city_traffic_batch_dag.py took 7.346 seconds
[2026-01-25T08:02:50.098+0000] {processor.py:161} INFO - Started process (PID=586) to work on /opt/airflow/dags/smart_city_traffic_batch_dag.py
[2026-01-25T08:02:50.195+0000] {processor.py:830} INFO - Processing file /opt/airflow/dags/smart_city_traffic_batch_dag.py for tasks to queue
[2026-01-25T08:02:50.295+0000] {logging_mixin.py:188} INFO - [2026-01-25T08:02:50.275+0000] {dagbag.py:545} INFO - Filling up the DagBag from /opt/airflow/dags/smart_city_traffic_batch_dag.py
[2026-01-25T08:03:03.183+0000] {logging_mixin.py:188} INFO - [2026-01-25T08:03:03.151+0000] {dagbag.py:355} ERROR - Failed to import: /opt/airflow/dags/smart_city_traffic_batch_dag.py
Traceback (most recent call last):
  File "/home/airflow/.local/lib/python3.12/site-packages/airflow/models/dagbag.py", line 351, in parse
    loader.exec_module(new_module)
  File "<frozen importlib._bootstrap_external>", line 995, in exec_module
  File "<frozen importlib._bootstrap>", line 488, in _call_with_frames_removed
  File "/opt/airflow/dags/smart_city_traffic_batch_dag.py", line 124, in <module>
    python_callable=generate_last24_peak_report,
                    ^^^^^^^^^^^^^^^^^^^^^^^^^^^
NameError: name 'generate_last24_peak_report' is not defined. Did you mean: 'generate_daily_peak_report'?
[2026-01-25T08:03:03.189+0000] {processor.py:842} WARNING - No viable dags retrieved from /opt/airflow/dags/smart_city_traffic_batch_dag.py
[2026-01-25T08:03:04.003+0000] {processor.py:183} INFO - Processing /opt/airflow/dags/smart_city_traffic_batch_dag.py took 14.621 seconds
[2026-01-25T08:03:36.183+0000] {processor.py:161} INFO - Started process (PID=592) to work on /opt/airflow/dags/smart_city_traffic_batch_dag.py
[2026-01-25T08:03:36.208+0000] {processor.py:830} INFO - Processing file /opt/airflow/dags/smart_city_traffic_batch_dag.py for tasks to queue
[2026-01-25T08:03:36.250+0000] {logging_mixin.py:188} INFO - [2026-01-25T08:03:36.226+0000] {dagbag.py:545} INFO - Filling up the DagBag from /opt/airflow/dags/smart_city_traffic_batch_dag.py
[2026-01-25T08:03:44.937+0000] {logging_mixin.py:188} INFO - [2026-01-25T08:03:44.811+0000] {dagbag.py:355} ERROR - Failed to import: /opt/airflow/dags/smart_city_traffic_batch_dag.py
Traceback (most recent call last):
  File "/home/airflow/.local/lib/python3.12/site-packages/airflow/models/dagbag.py", line 351, in parse
    loader.exec_module(new_module)
  File "<frozen importlib._bootstrap_external>", line 995, in exec_module
  File "<frozen importlib._bootstrap>", line 488, in _call_with_frames_removed
  File "/opt/airflow/dags/smart_city_traffic_batch_dag.py", line 124, in <module>
    python_callable=generate_last24_peak_report,
                    ^^^^^^^^^^^^^^^^^^^^^^^^^^^
NameError: name 'generate_last24_peak_report' is not defined. Did you mean: 'generate_daily_peak_report'?
[2026-01-25T08:03:44.950+0000] {processor.py:842} WARNING - No viable dags retrieved from /opt/airflow/dags/smart_city_traffic_batch_dag.py
[2026-01-25T08:03:45.739+0000] {processor.py:183} INFO - Processing /opt/airflow/dags/smart_city_traffic_batch_dag.py took 10.133 seconds
[2026-01-25T08:04:17.236+0000] {processor.py:161} INFO - Started process (PID=598) to work on /opt/airflow/dags/smart_city_traffic_batch_dag.py
[2026-01-25T08:04:17.260+0000] {processor.py:830} INFO - Processing file /opt/airflow/dags/smart_city_traffic_batch_dag.py for tasks to queue
[2026-01-25T08:04:17.276+0000] {logging_mixin.py:188} INFO - [2026-01-25T08:04:17.268+0000] {dagbag.py:545} INFO - Filling up the DagBag from /opt/airflow/dags/smart_city_traffic_batch_dag.py
[2026-01-25T08:04:18.807+0000] {logging_mixin.py:188} INFO - [2026-01-25T08:04:18.786+0000] {dagbag.py:355} ERROR - Failed to import: /opt/airflow/dags/smart_city_traffic_batch_dag.py
Traceback (most recent call last):
  File "/home/airflow/.local/lib/python3.12/site-packages/airflow/models/dagbag.py", line 351, in parse
    loader.exec_module(new_module)
  File "<frozen importlib._bootstrap_external>", line 995, in exec_module
  File "<frozen importlib._bootstrap>", line 488, in _call_with_frames_removed
  File "/opt/airflow/dags/smart_city_traffic_batch_dag.py", line 124, in <module>
    python_callable=generate_last24_peak_report,
                    ^^^^^^^^^^^^^^^^^^^^^^^^^^^
NameError: name 'generate_last24_peak_report' is not defined. Did you mean: 'generate_daily_peak_report'?
[2026-01-25T08:04:18.811+0000] {processor.py:842} WARNING - No viable dags retrieved from /opt/airflow/dags/smart_city_traffic_batch_dag.py
[2026-01-25T08:04:18.916+0000] {processor.py:183} INFO - Processing /opt/airflow/dags/smart_city_traffic_batch_dag.py took 1.863 seconds
[2026-01-25T08:04:50.348+0000] {processor.py:161} INFO - Started process (PID=604) to work on /opt/airflow/dags/smart_city_traffic_batch_dag.py
[2026-01-25T08:04:50.360+0000] {processor.py:830} INFO - Processing file /opt/airflow/dags/smart_city_traffic_batch_dag.py for tasks to queue
[2026-01-25T08:04:50.379+0000] {logging_mixin.py:188} INFO - [2026-01-25T08:04:50.371+0000] {dagbag.py:545} INFO - Filling up the DagBag from /opt/airflow/dags/smart_city_traffic_batch_dag.py
[2026-01-25T08:04:53.957+0000] {logging_mixin.py:188} INFO - [2026-01-25T08:04:53.908+0000] {dagbag.py:355} ERROR - Failed to import: /opt/airflow/dags/smart_city_traffic_batch_dag.py
Traceback (most recent call last):
  File "/home/airflow/.local/lib/python3.12/site-packages/airflow/models/dagbag.py", line 351, in parse
    loader.exec_module(new_module)
  File "<frozen importlib._bootstrap_external>", line 995, in exec_module
  File "<frozen importlib._bootstrap>", line 488, in _call_with_frames_removed
  File "/opt/airflow/dags/smart_city_traffic_batch_dag.py", line 124, in <module>
    python_callable=generate_last24_peak_report,
                    ^^^^^^^^^^^^^^^^^^^^^^^^^^^
NameError: name 'generate_last24_peak_report' is not defined. Did you mean: 'generate_daily_peak_report'?
[2026-01-25T08:04:53.962+0000] {processor.py:842} WARNING - No viable dags retrieved from /opt/airflow/dags/smart_city_traffic_batch_dag.py
[2026-01-25T08:04:54.183+0000] {processor.py:183} INFO - Processing /opt/airflow/dags/smart_city_traffic_batch_dag.py took 4.037 seconds
[2026-01-25T08:05:27.349+0000] {processor.py:161} INFO - Started process (PID=610) to work on /opt/airflow/dags/smart_city_traffic_batch_dag.py
[2026-01-25T08:05:27.377+0000] {processor.py:830} INFO - Processing file /opt/airflow/dags/smart_city_traffic_batch_dag.py for tasks to queue
[2026-01-25T08:05:27.430+0000] {logging_mixin.py:188} INFO - [2026-01-25T08:05:27.399+0000] {dagbag.py:545} INFO - Filling up the DagBag from /opt/airflow/dags/smart_city_traffic_batch_dag.py
[2026-01-25T08:05:45.921+0000] {logging_mixin.py:188} INFO - [2026-01-25T08:05:45.887+0000] {dagbag.py:355} ERROR - Failed to import: /opt/airflow/dags/smart_city_traffic_batch_dag.py
Traceback (most recent call last):
  File "/home/airflow/.local/lib/python3.12/site-packages/airflow/models/dagbag.py", line 351, in parse
    loader.exec_module(new_module)
  File "<frozen importlib._bootstrap_external>", line 995, in exec_module
  File "<frozen importlib._bootstrap>", line 488, in _call_with_frames_removed
  File "/opt/airflow/dags/smart_city_traffic_batch_dag.py", line 124, in <module>
    python_callable=generate_last24_peak_report,
                    ^^^^^^^^^^^^^^^^^^^^^^^^^^^
NameError: name 'generate_last24_peak_report' is not defined. Did you mean: 'generate_daily_peak_report'?
[2026-01-25T08:05:45.944+0000] {processor.py:842} WARNING - No viable dags retrieved from /opt/airflow/dags/smart_city_traffic_batch_dag.py
[2026-01-25T08:05:46.392+0000] {processor.py:183} INFO - Processing /opt/airflow/dags/smart_city_traffic_batch_dag.py took 19.724 seconds
[2026-01-25T08:06:18.010+0000] {processor.py:161} INFO - Started process (PID=616) to work on /opt/airflow/dags/smart_city_traffic_batch_dag.py
[2026-01-25T08:06:18.061+0000] {processor.py:830} INFO - Processing file /opt/airflow/dags/smart_city_traffic_batch_dag.py for tasks to queue
[2026-01-25T08:06:18.105+0000] {logging_mixin.py:188} INFO - [2026-01-25T08:06:18.082+0000] {dagbag.py:545} INFO - Filling up the DagBag from /opt/airflow/dags/smart_city_traffic_batch_dag.py
[2026-01-25T08:06:28.312+0000] {logging_mixin.py:188} INFO - [2026-01-25T08:06:28.291+0000] {dagbag.py:355} ERROR - Failed to import: /opt/airflow/dags/smart_city_traffic_batch_dag.py
Traceback (most recent call last):
  File "/home/airflow/.local/lib/python3.12/site-packages/airflow/models/dagbag.py", line 351, in parse
    loader.exec_module(new_module)
  File "<frozen importlib._bootstrap_external>", line 995, in exec_module
  File "<frozen importlib._bootstrap>", line 488, in _call_with_frames_removed
  File "/opt/airflow/dags/smart_city_traffic_batch_dag.py", line 124, in <module>
    python_callable=generate_last24_peak_report,
                    ^^^^^^^^^^^^^^^^^^^^^^^^^^^
NameError: name 'generate_last24_peak_report' is not defined. Did you mean: 'generate_daily_peak_report'?
[2026-01-25T08:06:28.318+0000] {processor.py:842} WARNING - No viable dags retrieved from /opt/airflow/dags/smart_city_traffic_batch_dag.py
[2026-01-25T08:06:28.561+0000] {processor.py:183} INFO - Processing /opt/airflow/dags/smart_city_traffic_batch_dag.py took 10.882 seconds
[2026-01-25T08:07:02.899+0000] {processor.py:161} INFO - Started process (PID=622) to work on /opt/airflow/dags/smart_city_traffic_batch_dag.py
[2026-01-25T08:07:02.924+0000] {processor.py:830} INFO - Processing file /opt/airflow/dags/smart_city_traffic_batch_dag.py for tasks to queue
[2026-01-25T08:07:02.970+0000] {logging_mixin.py:188} INFO - [2026-01-25T08:07:02.946+0000] {dagbag.py:545} INFO - Filling up the DagBag from /opt/airflow/dags/smart_city_traffic_batch_dag.py
[2026-01-25T08:07:14.097+0000] {logging_mixin.py:188} INFO - [2026-01-25T08:07:13.985+0000] {dagbag.py:355} ERROR - Failed to import: /opt/airflow/dags/smart_city_traffic_batch_dag.py
Traceback (most recent call last):
  File "/home/airflow/.local/lib/python3.12/site-packages/airflow/models/dagbag.py", line 351, in parse
    loader.exec_module(new_module)
  File "<frozen importlib._bootstrap_external>", line 995, in exec_module
  File "<frozen importlib._bootstrap>", line 488, in _call_with_frames_removed
  File "/opt/airflow/dags/smart_city_traffic_batch_dag.py", line 124, in <module>
    python_callable=generate_last24_peak_report,
                    ^^^^^^^^^^^^^^^^^^^^^^^^^^^
NameError: name 'generate_last24_peak_report' is not defined. Did you mean: 'generate_daily_peak_report'?
[2026-01-25T08:07:14.106+0000] {processor.py:842} WARNING - No viable dags retrieved from /opt/airflow/dags/smart_city_traffic_batch_dag.py
[2026-01-25T08:07:15.137+0000] {processor.py:183} INFO - Processing /opt/airflow/dags/smart_city_traffic_batch_dag.py took 13.134 seconds
[2026-01-25T08:07:47.851+0000] {processor.py:161} INFO - Started process (PID=628) to work on /opt/airflow/dags/smart_city_traffic_batch_dag.py
[2026-01-25T08:07:47.899+0000] {processor.py:830} INFO - Processing file /opt/airflow/dags/smart_city_traffic_batch_dag.py for tasks to queue
[2026-01-25T08:07:47.979+0000] {logging_mixin.py:188} INFO - [2026-01-25T08:07:47.944+0000] {dagbag.py:545} INFO - Filling up the DagBag from /opt/airflow/dags/smart_city_traffic_batch_dag.py
[2026-01-25T08:08:06.276+0000] {logging_mixin.py:188} INFO - [2026-01-25T08:08:06.246+0000] {dagbag.py:355} ERROR - Failed to import: /opt/airflow/dags/smart_city_traffic_batch_dag.py
Traceback (most recent call last):
  File "/home/airflow/.local/lib/python3.12/site-packages/airflow/models/dagbag.py", line 351, in parse
    loader.exec_module(new_module)
  File "<frozen importlib._bootstrap_external>", line 995, in exec_module
  File "<frozen importlib._bootstrap>", line 488, in _call_with_frames_removed
  File "/opt/airflow/dags/smart_city_traffic_batch_dag.py", line 124, in <module>
    python_callable=generate_last24_peak_report,
                    ^^^^^^^^^^^^^^^^^^^^^^^^^^^
NameError: name 'generate_last24_peak_report' is not defined. Did you mean: 'generate_daily_peak_report'?
[2026-01-25T08:08:06.283+0000] {processor.py:842} WARNING - No viable dags retrieved from /opt/airflow/dags/smart_city_traffic_batch_dag.py
[2026-01-25T08:08:06.897+0000] {processor.py:183} INFO - Processing /opt/airflow/dags/smart_city_traffic_batch_dag.py took 19.627 seconds
[2026-01-25T08:08:39.239+0000] {processor.py:161} INFO - Started process (PID=634) to work on /opt/airflow/dags/smart_city_traffic_batch_dag.py
[2026-01-25T08:08:39.264+0000] {processor.py:830} INFO - Processing file /opt/airflow/dags/smart_city_traffic_batch_dag.py for tasks to queue
[2026-01-25T08:08:39.308+0000] {logging_mixin.py:188} INFO - [2026-01-25T08:08:39.283+0000] {dagbag.py:545} INFO - Filling up the DagBag from /opt/airflow/dags/smart_city_traffic_batch_dag.py
[2026-01-25T08:08:51.616+0000] {logging_mixin.py:188} INFO - [2026-01-25T08:08:51.581+0000] {dagbag.py:355} ERROR - Failed to import: /opt/airflow/dags/smart_city_traffic_batch_dag.py
Traceback (most recent call last):
  File "/home/airflow/.local/lib/python3.12/site-packages/airflow/models/dagbag.py", line 351, in parse
    loader.exec_module(new_module)
  File "<frozen importlib._bootstrap_external>", line 995, in exec_module
  File "<frozen importlib._bootstrap>", line 488, in _call_with_frames_removed
  File "/opt/airflow/dags/smart_city_traffic_batch_dag.py", line 124, in <module>
    python_callable=generate_last24_peak_report,
                    ^^^^^^^^^^^^^^^^^^^^^^^^^^^
NameError: name 'generate_last24_peak_report' is not defined. Did you mean: 'generate_daily_peak_report'?
[2026-01-25T08:08:51.621+0000] {processor.py:842} WARNING - No viable dags retrieved from /opt/airflow/dags/smart_city_traffic_batch_dag.py
[2026-01-25T08:08:52.059+0000] {processor.py:183} INFO - Processing /opt/airflow/dags/smart_city_traffic_batch_dag.py took 13.210 seconds
[2026-01-25T08:09:25.560+0000] {processor.py:161} INFO - Started process (PID=640) to work on /opt/airflow/dags/smart_city_traffic_batch_dag.py
[2026-01-25T08:09:25.578+0000] {processor.py:830} INFO - Processing file /opt/airflow/dags/smart_city_traffic_batch_dag.py for tasks to queue
[2026-01-25T08:09:25.627+0000] {logging_mixin.py:188} INFO - [2026-01-25T08:09:25.601+0000] {dagbag.py:545} INFO - Filling up the DagBag from /opt/airflow/dags/smart_city_traffic_batch_dag.py
[2026-01-25T08:09:31.080+0000] {logging_mixin.py:188} INFO - [2026-01-25T08:09:31.001+0000] {dagbag.py:355} ERROR - Failed to import: /opt/airflow/dags/smart_city_traffic_batch_dag.py
Traceback (most recent call last):
  File "/home/airflow/.local/lib/python3.12/site-packages/airflow/models/dagbag.py", line 351, in parse
    loader.exec_module(new_module)
  File "<frozen importlib._bootstrap_external>", line 995, in exec_module
  File "<frozen importlib._bootstrap>", line 488, in _call_with_frames_removed
  File "/opt/airflow/dags/smart_city_traffic_batch_dag.py", line 124, in <module>
    python_callable=generate_last24_peak_report,
                    ^^^^^^^^^^^^^^^^^^^^^^^^^^^
NameError: name 'generate_last24_peak_report' is not defined. Did you mean: 'generate_daily_peak_report'?
[2026-01-25T08:09:31.086+0000] {processor.py:842} WARNING - No viable dags retrieved from /opt/airflow/dags/smart_city_traffic_batch_dag.py
[2026-01-25T08:09:31.427+0000] {processor.py:183} INFO - Processing /opt/airflow/dags/smart_city_traffic_batch_dag.py took 6.295 seconds
[2026-01-25T08:10:03.381+0000] {processor.py:161} INFO - Started process (PID=646) to work on /opt/airflow/dags/smart_city_traffic_batch_dag.py
[2026-01-25T08:10:03.397+0000] {processor.py:830} INFO - Processing file /opt/airflow/dags/smart_city_traffic_batch_dag.py for tasks to queue
[2026-01-25T08:10:03.431+0000] {logging_mixin.py:188} INFO - [2026-01-25T08:10:03.410+0000] {dagbag.py:545} INFO - Filling up the DagBag from /opt/airflow/dags/smart_city_traffic_batch_dag.py
[2026-01-25T08:10:08.111+0000] {logging_mixin.py:188} INFO - [2026-01-25T08:10:08.052+0000] {dagbag.py:355} ERROR - Failed to import: /opt/airflow/dags/smart_city_traffic_batch_dag.py
Traceback (most recent call last):
  File "/home/airflow/.local/lib/python3.12/site-packages/airflow/models/dagbag.py", line 351, in parse
    loader.exec_module(new_module)
  File "<frozen importlib._bootstrap_external>", line 995, in exec_module
  File "<frozen importlib._bootstrap>", line 488, in _call_with_frames_removed
  File "/opt/airflow/dags/smart_city_traffic_batch_dag.py", line 124, in <module>
    python_callable=generate_last24_peak_report,
                    ^^^^^^^^^^^^^^^^^^^^^^^^^^^
NameError: name 'generate_last24_peak_report' is not defined. Did you mean: 'generate_daily_peak_report'?
[2026-01-25T08:10:08.119+0000] {processor.py:842} WARNING - No viable dags retrieved from /opt/airflow/dags/smart_city_traffic_batch_dag.py
[2026-01-25T08:10:08.692+0000] {processor.py:183} INFO - Processing /opt/airflow/dags/smart_city_traffic_batch_dag.py took 5.599 seconds
[2026-01-25T08:10:40.569+0000] {processor.py:161} INFO - Started process (PID=652) to work on /opt/airflow/dags/smart_city_traffic_batch_dag.py
[2026-01-25T08:10:40.593+0000] {processor.py:830} INFO - Processing file /opt/airflow/dags/smart_city_traffic_batch_dag.py for tasks to queue
[2026-01-25T08:10:40.647+0000] {logging_mixin.py:188} INFO - [2026-01-25T08:10:40.613+0000] {dagbag.py:545} INFO - Filling up the DagBag from /opt/airflow/dags/smart_city_traffic_batch_dag.py
[2026-01-25T08:10:52.233+0000] {logging_mixin.py:188} INFO - [2026-01-25T08:10:52.203+0000] {dagbag.py:355} ERROR - Failed to import: /opt/airflow/dags/smart_city_traffic_batch_dag.py
Traceback (most recent call last):
  File "/home/airflow/.local/lib/python3.12/site-packages/airflow/models/dagbag.py", line 351, in parse
    loader.exec_module(new_module)
  File "<frozen importlib._bootstrap_external>", line 995, in exec_module
  File "<frozen importlib._bootstrap>", line 488, in _call_with_frames_removed
  File "/opt/airflow/dags/smart_city_traffic_batch_dag.py", line 124, in <module>
    python_callable=generate_last24_peak_report,
                    ^^^^^^^^^^^^^^^^^^^^^^^^^^^
NameError: name 'generate_last24_peak_report' is not defined. Did you mean: 'generate_daily_peak_report'?
[2026-01-25T08:10:52.238+0000] {processor.py:842} WARNING - No viable dags retrieved from /opt/airflow/dags/smart_city_traffic_batch_dag.py
[2026-01-25T08:10:52.734+0000] {processor.py:183} INFO - Processing /opt/airflow/dags/smart_city_traffic_batch_dag.py took 12.514 seconds
[2026-01-25T08:11:25.221+0000] {processor.py:161} INFO - Started process (PID=658) to work on /opt/airflow/dags/smart_city_traffic_batch_dag.py
[2026-01-25T08:11:25.260+0000] {processor.py:830} INFO - Processing file /opt/airflow/dags/smart_city_traffic_batch_dag.py for tasks to queue
[2026-01-25T08:11:25.289+0000] {logging_mixin.py:188} INFO - [2026-01-25T08:11:25.273+0000] {dagbag.py:545} INFO - Filling up the DagBag from /opt/airflow/dags/smart_city_traffic_batch_dag.py
[2026-01-25T08:11:35.287+0000] {logging_mixin.py:188} INFO - [2026-01-25T08:11:35.261+0000] {dagbag.py:355} ERROR - Failed to import: /opt/airflow/dags/smart_city_traffic_batch_dag.py
Traceback (most recent call last):
  File "/home/airflow/.local/lib/python3.12/site-packages/airflow/models/dagbag.py", line 351, in parse
    loader.exec_module(new_module)
  File "<frozen importlib._bootstrap_external>", line 995, in exec_module
  File "<frozen importlib._bootstrap>", line 488, in _call_with_frames_removed
  File "/opt/airflow/dags/smart_city_traffic_batch_dag.py", line 124, in <module>
    python_callable=generate_last24_peak_report,
                    ^^^^^^^^^^^^^^^^^^^^^^^^^^^
NameError: name 'generate_last24_peak_report' is not defined. Did you mean: 'generate_daily_peak_report'?
[2026-01-25T08:11:35.293+0000] {processor.py:842} WARNING - No viable dags retrieved from /opt/airflow/dags/smart_city_traffic_batch_dag.py
[2026-01-25T08:11:35.510+0000] {processor.py:183} INFO - Processing /opt/airflow/dags/smart_city_traffic_batch_dag.py took 10.622 seconds
[2026-01-25T08:12:07.291+0000] {processor.py:161} INFO - Started process (PID=664) to work on /opt/airflow/dags/smart_city_traffic_batch_dag.py
[2026-01-25T08:12:07.304+0000] {processor.py:830} INFO - Processing file /opt/airflow/dags/smart_city_traffic_batch_dag.py for tasks to queue
[2026-01-25T08:12:07.331+0000] {logging_mixin.py:188} INFO - [2026-01-25T08:12:07.316+0000] {dagbag.py:545} INFO - Filling up the DagBag from /opt/airflow/dags/smart_city_traffic_batch_dag.py
[2026-01-25T08:12:18.650+0000] {logging_mixin.py:188} INFO - [2026-01-25T08:12:18.630+0000] {dagbag.py:355} ERROR - Failed to import: /opt/airflow/dags/smart_city_traffic_batch_dag.py
Traceback (most recent call last):
  File "/home/airflow/.local/lib/python3.12/site-packages/airflow/models/dagbag.py", line 351, in parse
    loader.exec_module(new_module)
  File "<frozen importlib._bootstrap_external>", line 995, in exec_module
  File "<frozen importlib._bootstrap>", line 488, in _call_with_frames_removed
  File "/opt/airflow/dags/smart_city_traffic_batch_dag.py", line 124, in <module>
    python_callable=generate_last24_peak_report,
                    ^^^^^^^^^^^^^^^^^^^^^^^^^^^
NameError: name 'generate_last24_peak_report' is not defined. Did you mean: 'generate_daily_peak_report'?
[2026-01-25T08:12:18.655+0000] {processor.py:842} WARNING - No viable dags retrieved from /opt/airflow/dags/smart_city_traffic_batch_dag.py
[2026-01-25T08:12:19.418+0000] {processor.py:183} INFO - Processing /opt/airflow/dags/smart_city_traffic_batch_dag.py took 12.383 seconds
[2026-01-25T08:12:52.133+0000] {processor.py:161} INFO - Started process (PID=670) to work on /opt/airflow/dags/smart_city_traffic_batch_dag.py
[2026-01-25T08:12:52.176+0000] {processor.py:830} INFO - Processing file /opt/airflow/dags/smart_city_traffic_batch_dag.py for tasks to queue
[2026-01-25T08:12:52.210+0000] {logging_mixin.py:188} INFO - [2026-01-25T08:12:52.190+0000] {dagbag.py:545} INFO - Filling up the DagBag from /opt/airflow/dags/smart_city_traffic_batch_dag.py
[2026-01-25T08:12:57.761+0000] {logging_mixin.py:188} INFO - [2026-01-25T08:12:57.702+0000] {dagbag.py:355} ERROR - Failed to import: /opt/airflow/dags/smart_city_traffic_batch_dag.py
Traceback (most recent call last):
  File "/home/airflow/.local/lib/python3.12/site-packages/airflow/models/dagbag.py", line 351, in parse
    loader.exec_module(new_module)
  File "<frozen importlib._bootstrap_external>", line 995, in exec_module
  File "<frozen importlib._bootstrap>", line 488, in _call_with_frames_removed
  File "/opt/airflow/dags/smart_city_traffic_batch_dag.py", line 124, in <module>
    python_callable=generate_last24_peak_report,
                    ^^^^^^^^^^^^^^^^^^^^^^^^^^^
NameError: name 'generate_last24_peak_report' is not defined. Did you mean: 'generate_daily_peak_report'?
[2026-01-25T08:12:57.767+0000] {processor.py:842} WARNING - No viable dags retrieved from /opt/airflow/dags/smart_city_traffic_batch_dag.py
[2026-01-25T08:12:58.443+0000] {processor.py:183} INFO - Processing /opt/airflow/dags/smart_city_traffic_batch_dag.py took 6.645 seconds
[2026-01-25T08:13:30.453+0000] {processor.py:161} INFO - Started process (PID=676) to work on /opt/airflow/dags/smart_city_traffic_batch_dag.py
[2026-01-25T08:13:30.470+0000] {processor.py:830} INFO - Processing file /opt/airflow/dags/smart_city_traffic_batch_dag.py for tasks to queue
[2026-01-25T08:13:30.520+0000] {logging_mixin.py:188} INFO - [2026-01-25T08:13:30.502+0000] {dagbag.py:545} INFO - Filling up the DagBag from /opt/airflow/dags/smart_city_traffic_batch_dag.py
[2026-01-25T08:13:42.110+0000] {logging_mixin.py:188} INFO - [2026-01-25T08:13:42.073+0000] {dagbag.py:355} ERROR - Failed to import: /opt/airflow/dags/smart_city_traffic_batch_dag.py
Traceback (most recent call last):
  File "/home/airflow/.local/lib/python3.12/site-packages/airflow/models/dagbag.py", line 351, in parse
    loader.exec_module(new_module)
  File "<frozen importlib._bootstrap_external>", line 995, in exec_module
  File "<frozen importlib._bootstrap>", line 488, in _call_with_frames_removed
  File "/opt/airflow/dags/smart_city_traffic_batch_dag.py", line 124, in <module>
    python_callable=generate_last24_peak_report,
                    ^^^^^^^^^^^^^^^^^^^^^^^^^^^
NameError: name 'generate_last24_peak_report' is not defined. Did you mean: 'generate_daily_peak_report'?
[2026-01-25T08:13:42.118+0000] {processor.py:842} WARNING - No viable dags retrieved from /opt/airflow/dags/smart_city_traffic_batch_dag.py
[2026-01-25T08:13:42.622+0000] {processor.py:183} INFO - Processing /opt/airflow/dags/smart_city_traffic_batch_dag.py took 12.472 seconds
[2026-01-25T08:14:16.207+0000] {processor.py:161} INFO - Started process (PID=682) to work on /opt/airflow/dags/smart_city_traffic_batch_dag.py
[2026-01-25T08:14:16.253+0000] {processor.py:830} INFO - Processing file /opt/airflow/dags/smart_city_traffic_batch_dag.py for tasks to queue
[2026-01-25T08:14:16.292+0000] {logging_mixin.py:188} INFO - [2026-01-25T08:14:16.271+0000] {dagbag.py:545} INFO - Filling up the DagBag from /opt/airflow/dags/smart_city_traffic_batch_dag.py
[2026-01-25T08:14:26.467+0000] {logging_mixin.py:188} INFO - [2026-01-25T08:14:26.449+0000] {dagbag.py:355} ERROR - Failed to import: /opt/airflow/dags/smart_city_traffic_batch_dag.py
Traceback (most recent call last):
  File "/home/airflow/.local/lib/python3.12/site-packages/airflow/models/dagbag.py", line 351, in parse
    loader.exec_module(new_module)
  File "<frozen importlib._bootstrap_external>", line 995, in exec_module
  File "<frozen importlib._bootstrap>", line 488, in _call_with_frames_removed
  File "/opt/airflow/dags/smart_city_traffic_batch_dag.py", line 124, in <module>
    python_callable=generate_last24_peak_report,
                    ^^^^^^^^^^^^^^^^^^^^^^^^^^^
NameError: name 'generate_last24_peak_report' is not defined. Did you mean: 'generate_daily_peak_report'?
[2026-01-25T08:14:26.473+0000] {processor.py:842} WARNING - No viable dags retrieved from /opt/airflow/dags/smart_city_traffic_batch_dag.py
[2026-01-25T08:14:27.010+0000] {processor.py:183} INFO - Processing /opt/airflow/dags/smart_city_traffic_batch_dag.py took 11.173 seconds
[2026-01-25T08:14:59.148+0000] {processor.py:161} INFO - Started process (PID=688) to work on /opt/airflow/dags/smart_city_traffic_batch_dag.py
[2026-01-25T08:14:59.164+0000] {processor.py:830} INFO - Processing file /opt/airflow/dags/smart_city_traffic_batch_dag.py for tasks to queue
[2026-01-25T08:14:59.202+0000] {logging_mixin.py:188} INFO - [2026-01-25T08:14:59.180+0000] {dagbag.py:545} INFO - Filling up the DagBag from /opt/airflow/dags/smart_city_traffic_batch_dag.py
[2026-01-25T08:15:10.083+0000] {logging_mixin.py:188} INFO - [2026-01-25T08:15:10.050+0000] {dagbag.py:355} ERROR - Failed to import: /opt/airflow/dags/smart_city_traffic_batch_dag.py
Traceback (most recent call last):
  File "/home/airflow/.local/lib/python3.12/site-packages/airflow/models/dagbag.py", line 351, in parse
    loader.exec_module(new_module)
  File "<frozen importlib._bootstrap_external>", line 995, in exec_module
  File "<frozen importlib._bootstrap>", line 488, in _call_with_frames_removed
  File "/opt/airflow/dags/smart_city_traffic_batch_dag.py", line 124, in <module>
    python_callable=generate_last24_peak_report,
                    ^^^^^^^^^^^^^^^^^^^^^^^^^^^
NameError: name 'generate_last24_peak_report' is not defined. Did you mean: 'generate_daily_peak_report'?
[2026-01-25T08:15:10.090+0000] {processor.py:842} WARNING - No viable dags retrieved from /opt/airflow/dags/smart_city_traffic_batch_dag.py
[2026-01-25T08:15:10.586+0000] {processor.py:183} INFO - Processing /opt/airflow/dags/smart_city_traffic_batch_dag.py took 11.874 seconds
[2026-01-25T08:15:42.001+0000] {processor.py:161} INFO - Started process (PID=694) to work on /opt/airflow/dags/smart_city_traffic_batch_dag.py
[2026-01-25T08:15:42.017+0000] {processor.py:830} INFO - Processing file /opt/airflow/dags/smart_city_traffic_batch_dag.py for tasks to queue
[2026-01-25T08:15:42.052+0000] {logging_mixin.py:188} INFO - [2026-01-25T08:15:42.033+0000] {dagbag.py:545} INFO - Filling up the DagBag from /opt/airflow/dags/smart_city_traffic_batch_dag.py
[2026-01-25T08:15:49.269+0000] {logging_mixin.py:188} INFO - [2026-01-25T08:15:49.199+0000] {dagbag.py:355} ERROR - Failed to import: /opt/airflow/dags/smart_city_traffic_batch_dag.py
Traceback (most recent call last):
  File "/home/airflow/.local/lib/python3.12/site-packages/airflow/models/dagbag.py", line 351, in parse
    loader.exec_module(new_module)
  File "<frozen importlib._bootstrap_external>", line 995, in exec_module
  File "<frozen importlib._bootstrap>", line 488, in _call_with_frames_removed
  File "/opt/airflow/dags/smart_city_traffic_batch_dag.py", line 124, in <module>
    python_callable=generate_last24_peak_report,
                    ^^^^^^^^^^^^^^^^^^^^^^^^^^^
NameError: name 'generate_last24_peak_report' is not defined. Did you mean: 'generate_daily_peak_report'?
[2026-01-25T08:15:49.284+0000] {processor.py:842} WARNING - No viable dags retrieved from /opt/airflow/dags/smart_city_traffic_batch_dag.py
[2026-01-25T08:15:49.603+0000] {processor.py:183} INFO - Processing /opt/airflow/dags/smart_city_traffic_batch_dag.py took 7.927 seconds
[2026-01-25T08:16:21.665+0000] {processor.py:161} INFO - Started process (PID=700) to work on /opt/airflow/dags/smart_city_traffic_batch_dag.py
[2026-01-25T08:16:21.729+0000] {processor.py:830} INFO - Processing file /opt/airflow/dags/smart_city_traffic_batch_dag.py for tasks to queue
[2026-01-25T08:16:21.789+0000] {logging_mixin.py:188} INFO - [2026-01-25T08:16:21.755+0000] {dagbag.py:545} INFO - Filling up the DagBag from /opt/airflow/dags/smart_city_traffic_batch_dag.py
[2026-01-25T08:16:32.310+0000] {logging_mixin.py:188} INFO - [2026-01-25T08:16:32.294+0000] {dagbag.py:355} ERROR - Failed to import: /opt/airflow/dags/smart_city_traffic_batch_dag.py
Traceback (most recent call last):
  File "/home/airflow/.local/lib/python3.12/site-packages/airflow/models/dagbag.py", line 351, in parse
    loader.exec_module(new_module)
  File "<frozen importlib._bootstrap_external>", line 995, in exec_module
  File "<frozen importlib._bootstrap>", line 488, in _call_with_frames_removed
  File "/opt/airflow/dags/smart_city_traffic_batch_dag.py", line 124, in <module>
    python_callable=generate_last24_peak_report,
                    ^^^^^^^^^^^^^^^^^^^^^^^^^^^
NameError: name 'generate_last24_peak_report' is not defined. Did you mean: 'generate_daily_peak_report'?
[2026-01-25T08:16:32.315+0000] {processor.py:842} WARNING - No viable dags retrieved from /opt/airflow/dags/smart_city_traffic_batch_dag.py
[2026-01-25T08:16:32.550+0000] {processor.py:183} INFO - Processing /opt/airflow/dags/smart_city_traffic_batch_dag.py took 11.315 seconds
[2026-01-25T08:17:05.494+0000] {processor.py:161} INFO - Started process (PID=706) to work on /opt/airflow/dags/smart_city_traffic_batch_dag.py
[2026-01-25T08:17:05.510+0000] {processor.py:830} INFO - Processing file /opt/airflow/dags/smart_city_traffic_batch_dag.py for tasks to queue
[2026-01-25T08:17:05.550+0000] {logging_mixin.py:188} INFO - [2026-01-25T08:17:05.525+0000] {dagbag.py:545} INFO - Filling up the DagBag from /opt/airflow/dags/smart_city_traffic_batch_dag.py
[2026-01-25T08:17:16.848+0000] {logging_mixin.py:188} INFO - [2026-01-25T08:17:16.821+0000] {dagbag.py:355} ERROR - Failed to import: /opt/airflow/dags/smart_city_traffic_batch_dag.py
Traceback (most recent call last):
  File "/home/airflow/.local/lib/python3.12/site-packages/airflow/models/dagbag.py", line 351, in parse
    loader.exec_module(new_module)
  File "<frozen importlib._bootstrap_external>", line 995, in exec_module
  File "<frozen importlib._bootstrap>", line 488, in _call_with_frames_removed
  File "/opt/airflow/dags/smart_city_traffic_batch_dag.py", line 124, in <module>
    python_callable=generate_last24_peak_report,
                    ^^^^^^^^^^^^^^^^^^^^^^^^^^^
NameError: name 'generate_last24_peak_report' is not defined. Did you mean: 'generate_daily_peak_report'?
[2026-01-25T08:17:16.853+0000] {processor.py:842} WARNING - No viable dags retrieved from /opt/airflow/dags/smart_city_traffic_batch_dag.py
[2026-01-25T08:17:17.374+0000] {processor.py:183} INFO - Processing /opt/airflow/dags/smart_city_traffic_batch_dag.py took 12.259 seconds
[2026-01-25T08:17:49.766+0000] {processor.py:161} INFO - Started process (PID=712) to work on /opt/airflow/dags/smart_city_traffic_batch_dag.py
[2026-01-25T08:17:49.802+0000] {processor.py:830} INFO - Processing file /opt/airflow/dags/smart_city_traffic_batch_dag.py for tasks to queue
[2026-01-25T08:17:49.834+0000] {logging_mixin.py:188} INFO - [2026-01-25T08:17:49.815+0000] {dagbag.py:545} INFO - Filling up the DagBag from /opt/airflow/dags/smart_city_traffic_batch_dag.py
[2026-01-25T08:18:00.816+0000] {logging_mixin.py:188} INFO - [2026-01-25T08:18:00.797+0000] {dagbag.py:355} ERROR - Failed to import: /opt/airflow/dags/smart_city_traffic_batch_dag.py
Traceback (most recent call last):
  File "/home/airflow/.local/lib/python3.12/site-packages/airflow/models/dagbag.py", line 351, in parse
    loader.exec_module(new_module)
  File "<frozen importlib._bootstrap_external>", line 995, in exec_module
  File "<frozen importlib._bootstrap>", line 488, in _call_with_frames_removed
  File "/opt/airflow/dags/smart_city_traffic_batch_dag.py", line 124, in <module>
    python_callable=generate_last24_peak_report,
                    ^^^^^^^^^^^^^^^^^^^^^^^^^^^
NameError: name 'generate_last24_peak_report' is not defined. Did you mean: 'generate_daily_peak_report'?
[2026-01-25T08:18:00.823+0000] {processor.py:842} WARNING - No viable dags retrieved from /opt/airflow/dags/smart_city_traffic_batch_dag.py
[2026-01-25T08:18:01.312+0000] {processor.py:183} INFO - Processing /opt/airflow/dags/smart_city_traffic_batch_dag.py took 11.803 seconds
[2026-01-25T08:18:34.045+0000] {processor.py:161} INFO - Started process (PID=718) to work on /opt/airflow/dags/smart_city_traffic_batch_dag.py
[2026-01-25T08:18:34.067+0000] {processor.py:830} INFO - Processing file /opt/airflow/dags/smart_city_traffic_batch_dag.py for tasks to queue
[2026-01-25T08:18:34.121+0000] {logging_mixin.py:188} INFO - [2026-01-25T08:18:34.088+0000] {dagbag.py:545} INFO - Filling up the DagBag from /opt/airflow/dags/smart_city_traffic_batch_dag.py
[2026-01-25T08:18:44.872+0000] {logging_mixin.py:188} INFO - [2026-01-25T08:18:44.714+0000] {dagbag.py:355} ERROR - Failed to import: /opt/airflow/dags/smart_city_traffic_batch_dag.py
Traceback (most recent call last):
  File "/home/airflow/.local/lib/python3.12/site-packages/airflow/models/dagbag.py", line 351, in parse
    loader.exec_module(new_module)
  File "<frozen importlib._bootstrap_external>", line 995, in exec_module
  File "<frozen importlib._bootstrap>", line 488, in _call_with_frames_removed
  File "/opt/airflow/dags/smart_city_traffic_batch_dag.py", line 124, in <module>
    python_callable=generate_last24_peak_report,
                    ^^^^^^^^^^^^^^^^^^^^^^^^^^^
NameError: name 'generate_last24_peak_report' is not defined. Did you mean: 'generate_daily_peak_report'?
[2026-01-25T08:18:44.889+0000] {processor.py:842} WARNING - No viable dags retrieved from /opt/airflow/dags/smart_city_traffic_batch_dag.py
[2026-01-25T08:18:45.999+0000] {processor.py:183} INFO - Processing /opt/airflow/dags/smart_city_traffic_batch_dag.py took 12.387 seconds
[2026-01-25T08:19:19.235+0000] {processor.py:161} INFO - Started process (PID=724) to work on /opt/airflow/dags/smart_city_traffic_batch_dag.py
[2026-01-25T08:19:19.288+0000] {processor.py:830} INFO - Processing file /opt/airflow/dags/smart_city_traffic_batch_dag.py for tasks to queue
[2026-01-25T08:19:19.330+0000] {logging_mixin.py:188} INFO - [2026-01-25T08:19:19.307+0000] {dagbag.py:545} INFO - Filling up the DagBag from /opt/airflow/dags/smart_city_traffic_batch_dag.py
[2026-01-25T08:19:31.917+0000] {logging_mixin.py:188} INFO - [2026-01-25T08:19:31.891+0000] {dagbag.py:355} ERROR - Failed to import: /opt/airflow/dags/smart_city_traffic_batch_dag.py
Traceback (most recent call last):
  File "/home/airflow/.local/lib/python3.12/site-packages/airflow/models/dagbag.py", line 351, in parse
    loader.exec_module(new_module)
  File "<frozen importlib._bootstrap_external>", line 995, in exec_module
  File "<frozen importlib._bootstrap>", line 488, in _call_with_frames_removed
  File "/opt/airflow/dags/smart_city_traffic_batch_dag.py", line 124, in <module>
    python_callable=generate_last24_peak_report,
                    ^^^^^^^^^^^^^^^^^^^^^^^^^^^
NameError: name 'generate_last24_peak_report' is not defined. Did you mean: 'generate_daily_peak_report'?
[2026-01-25T08:19:31.925+0000] {processor.py:842} WARNING - No viable dags retrieved from /opt/airflow/dags/smart_city_traffic_batch_dag.py
[2026-01-25T08:19:32.135+0000] {processor.py:183} INFO - Processing /opt/airflow/dags/smart_city_traffic_batch_dag.py took 13.312 seconds
[2026-01-25T08:20:04.547+0000] {processor.py:161} INFO - Started process (PID=730) to work on /opt/airflow/dags/smart_city_traffic_batch_dag.py
[2026-01-25T08:20:04.605+0000] {processor.py:830} INFO - Processing file /opt/airflow/dags/smart_city_traffic_batch_dag.py for tasks to queue
[2026-01-25T08:20:04.647+0000] {logging_mixin.py:188} INFO - [2026-01-25T08:20:04.626+0000] {dagbag.py:545} INFO - Filling up the DagBag from /opt/airflow/dags/smart_city_traffic_batch_dag.py
[2026-01-25T08:20:18.346+0000] {logging_mixin.py:188} INFO - [2026-01-25T08:20:18.302+0000] {dagbag.py:355} ERROR - Failed to import: /opt/airflow/dags/smart_city_traffic_batch_dag.py
Traceback (most recent call last):
  File "/home/airflow/.local/lib/python3.12/site-packages/airflow/models/dagbag.py", line 351, in parse
    loader.exec_module(new_module)
  File "<frozen importlib._bootstrap_external>", line 995, in exec_module
  File "<frozen importlib._bootstrap>", line 488, in _call_with_frames_removed
  File "/opt/airflow/dags/smart_city_traffic_batch_dag.py", line 124, in <module>
    python_callable=generate_last24_peak_report,
                    ^^^^^^^^^^^^^^^^^^^^^^^^^^^
NameError: name 'generate_last24_peak_report' is not defined. Did you mean: 'generate_daily_peak_report'?
[2026-01-25T08:20:18.352+0000] {processor.py:842} WARNING - No viable dags retrieved from /opt/airflow/dags/smart_city_traffic_batch_dag.py
[2026-01-25T08:20:18.946+0000] {processor.py:183} INFO - Processing /opt/airflow/dags/smart_city_traffic_batch_dag.py took 14.841 seconds
[2026-01-25T08:20:50.714+0000] {processor.py:161} INFO - Started process (PID=736) to work on /opt/airflow/dags/smart_city_traffic_batch_dag.py
[2026-01-25T08:20:50.727+0000] {processor.py:830} INFO - Processing file /opt/airflow/dags/smart_city_traffic_batch_dag.py for tasks to queue
[2026-01-25T08:20:50.752+0000] {logging_mixin.py:188} INFO - [2026-01-25T08:20:50.736+0000] {dagbag.py:545} INFO - Filling up the DagBag from /opt/airflow/dags/smart_city_traffic_batch_dag.py
[2026-01-25T08:21:02.423+0000] {logging_mixin.py:188} INFO - [2026-01-25T08:21:02.408+0000] {dagbag.py:355} ERROR - Failed to import: /opt/airflow/dags/smart_city_traffic_batch_dag.py
Traceback (most recent call last):
  File "/home/airflow/.local/lib/python3.12/site-packages/airflow/models/dagbag.py", line 351, in parse
    loader.exec_module(new_module)
  File "<frozen importlib._bootstrap_external>", line 995, in exec_module
  File "<frozen importlib._bootstrap>", line 488, in _call_with_frames_removed
  File "/opt/airflow/dags/smart_city_traffic_batch_dag.py", line 124, in <module>
    python_callable=generate_last24_peak_report,
                    ^^^^^^^^^^^^^^^^^^^^^^^^^^^
NameError: name 'generate_last24_peak_report' is not defined. Did you mean: 'generate_daily_peak_report'?
[2026-01-25T08:21:02.427+0000] {processor.py:842} WARNING - No viable dags retrieved from /opt/airflow/dags/smart_city_traffic_batch_dag.py
[2026-01-25T08:21:02.798+0000] {processor.py:183} INFO - Processing /opt/airflow/dags/smart_city_traffic_batch_dag.py took 12.442 seconds
[2026-01-25T08:21:34.573+0000] {processor.py:161} INFO - Started process (PID=742) to work on /opt/airflow/dags/smart_city_traffic_batch_dag.py
[2026-01-25T08:21:34.621+0000] {processor.py:830} INFO - Processing file /opt/airflow/dags/smart_city_traffic_batch_dag.py for tasks to queue
[2026-01-25T08:21:34.660+0000] {logging_mixin.py:188} INFO - [2026-01-25T08:21:34.639+0000] {dagbag.py:545} INFO - Filling up the DagBag from /opt/airflow/dags/smart_city_traffic_batch_dag.py
[2026-01-25T08:21:41.643+0000] {logging_mixin.py:188} INFO - [2026-01-25T08:21:41.547+0000] {dagbag.py:355} ERROR - Failed to import: /opt/airflow/dags/smart_city_traffic_batch_dag.py
Traceback (most recent call last):
  File "/home/airflow/.local/lib/python3.12/site-packages/airflow/models/dagbag.py", line 351, in parse
    loader.exec_module(new_module)
  File "<frozen importlib._bootstrap_external>", line 995, in exec_module
  File "<frozen importlib._bootstrap>", line 488, in _call_with_frames_removed
  File "/opt/airflow/dags/smart_city_traffic_batch_dag.py", line 124, in <module>
    python_callable=generate_last24_peak_report,
                    ^^^^^^^^^^^^^^^^^^^^^^^^^^^
NameError: name 'generate_last24_peak_report' is not defined. Did you mean: 'generate_daily_peak_report'?
[2026-01-25T08:21:41.653+0000] {processor.py:842} WARNING - No viable dags retrieved from /opt/airflow/dags/smart_city_traffic_batch_dag.py
[2026-01-25T08:21:42.337+0000] {processor.py:183} INFO - Processing /opt/airflow/dags/smart_city_traffic_batch_dag.py took 8.152 seconds
[2026-01-25T08:22:14.814+0000] {processor.py:161} INFO - Started process (PID=748) to work on /opt/airflow/dags/smart_city_traffic_batch_dag.py
[2026-01-25T08:22:14.844+0000] {processor.py:830} INFO - Processing file /opt/airflow/dags/smart_city_traffic_batch_dag.py for tasks to queue
[2026-01-25T08:22:14.882+0000] {logging_mixin.py:188} INFO - [2026-01-25T08:22:14.861+0000] {dagbag.py:545} INFO - Filling up the DagBag from /opt/airflow/dags/smart_city_traffic_batch_dag.py
[2026-01-25T08:22:32.367+0000] {logging_mixin.py:188} INFO - [2026-01-25T08:22:32.199+0000] {dagbag.py:355} ERROR - Failed to import: /opt/airflow/dags/smart_city_traffic_batch_dag.py
Traceback (most recent call last):
  File "/home/airflow/.local/lib/python3.12/site-packages/airflow/models/dagbag.py", line 351, in parse
    loader.exec_module(new_module)
  File "<frozen importlib._bootstrap_external>", line 995, in exec_module
  File "<frozen importlib._bootstrap>", line 488, in _call_with_frames_removed
  File "/opt/airflow/dags/smart_city_traffic_batch_dag.py", line 124, in <module>
    python_callable=generate_last24_peak_report,
                    ^^^^^^^^^^^^^^^^^^^^^^^^^^^
NameError: name 'generate_last24_peak_report' is not defined. Did you mean: 'generate_daily_peak_report'?
[2026-01-25T08:22:32.379+0000] {processor.py:842} WARNING - No viable dags retrieved from /opt/airflow/dags/smart_city_traffic_batch_dag.py
[2026-01-25T08:22:33.380+0000] {processor.py:183} INFO - Processing /opt/airflow/dags/smart_city_traffic_batch_dag.py took 18.919 seconds
[2026-01-25T08:23:06.939+0000] {processor.py:161} INFO - Started process (PID=754) to work on /opt/airflow/dags/smart_city_traffic_batch_dag.py
[2026-01-25T08:23:06.955+0000] {processor.py:830} INFO - Processing file /opt/airflow/dags/smart_city_traffic_batch_dag.py for tasks to queue
[2026-01-25T08:23:07.006+0000] {logging_mixin.py:188} INFO - [2026-01-25T08:23:06.978+0000] {dagbag.py:545} INFO - Filling up the DagBag from /opt/airflow/dags/smart_city_traffic_batch_dag.py
[2026-01-25T08:23:24.218+0000] {logging_mixin.py:188} INFO - [2026-01-25T08:23:24.174+0000] {dagbag.py:355} ERROR - Failed to import: /opt/airflow/dags/smart_city_traffic_batch_dag.py
Traceback (most recent call last):
  File "/home/airflow/.local/lib/python3.12/site-packages/airflow/models/dagbag.py", line 351, in parse
    loader.exec_module(new_module)
  File "<frozen importlib._bootstrap_external>", line 995, in exec_module
  File "<frozen importlib._bootstrap>", line 488, in _call_with_frames_removed
  File "/opt/airflow/dags/smart_city_traffic_batch_dag.py", line 124, in <module>
    python_callable=generate_last24_peak_report,
                    ^^^^^^^^^^^^^^^^^^^^^^^^^^^
NameError: name 'generate_last24_peak_report' is not defined. Did you mean: 'generate_daily_peak_report'?
[2026-01-25T08:23:24.226+0000] {processor.py:842} WARNING - No viable dags retrieved from /opt/airflow/dags/smart_city_traffic_batch_dag.py
[2026-01-25T08:23:24.926+0000] {processor.py:183} INFO - Processing /opt/airflow/dags/smart_city_traffic_batch_dag.py took 18.624 seconds
[2026-01-25T08:23:58.042+0000] {processor.py:161} INFO - Started process (PID=760) to work on /opt/airflow/dags/smart_city_traffic_batch_dag.py
[2026-01-25T08:23:58.096+0000] {processor.py:830} INFO - Processing file /opt/airflow/dags/smart_city_traffic_batch_dag.py for tasks to queue
[2026-01-25T08:23:58.138+0000] {logging_mixin.py:188} INFO - [2026-01-25T08:23:58.116+0000] {dagbag.py:545} INFO - Filling up the DagBag from /opt/airflow/dags/smart_city_traffic_batch_dag.py
[2026-01-25T08:24:13.522+0000] {logging_mixin.py:188} INFO - [2026-01-25T08:24:13.499+0000] {dagbag.py:355} ERROR - Failed to import: /opt/airflow/dags/smart_city_traffic_batch_dag.py
Traceback (most recent call last):
  File "/home/airflow/.local/lib/python3.12/site-packages/airflow/models/dagbag.py", line 351, in parse
    loader.exec_module(new_module)
  File "<frozen importlib._bootstrap_external>", line 995, in exec_module
  File "<frozen importlib._bootstrap>", line 488, in _call_with_frames_removed
  File "/opt/airflow/dags/smart_city_traffic_batch_dag.py", line 124, in <module>
    python_callable=generate_last24_peak_report,
                    ^^^^^^^^^^^^^^^^^^^^^^^^^^^
NameError: name 'generate_last24_peak_report' is not defined. Did you mean: 'generate_daily_peak_report'?
[2026-01-25T08:24:13.527+0000] {processor.py:842} WARNING - No viable dags retrieved from /opt/airflow/dags/smart_city_traffic_batch_dag.py
[2026-01-25T08:24:14.630+0000] {processor.py:183} INFO - Processing /opt/airflow/dags/smart_city_traffic_batch_dag.py took 17.310 seconds
[2026-01-25T08:24:45.840+0000] {processor.py:161} INFO - Started process (PID=766) to work on /opt/airflow/dags/smart_city_traffic_batch_dag.py
[2026-01-25T08:24:45.854+0000] {processor.py:830} INFO - Processing file /opt/airflow/dags/smart_city_traffic_batch_dag.py for tasks to queue
[2026-01-25T08:24:45.886+0000] {logging_mixin.py:188} INFO - [2026-01-25T08:24:45.868+0000] {dagbag.py:545} INFO - Filling up the DagBag from /opt/airflow/dags/smart_city_traffic_batch_dag.py
[2026-01-25T08:24:56.874+0000] {logging_mixin.py:188} INFO - [2026-01-25T08:24:56.852+0000] {dagbag.py:355} ERROR - Failed to import: /opt/airflow/dags/smart_city_traffic_batch_dag.py
Traceback (most recent call last):
  File "/home/airflow/.local/lib/python3.12/site-packages/airflow/models/dagbag.py", line 351, in parse
    loader.exec_module(new_module)
  File "<frozen importlib._bootstrap_external>", line 995, in exec_module
  File "<frozen importlib._bootstrap>", line 488, in _call_with_frames_removed
  File "/opt/airflow/dags/smart_city_traffic_batch_dag.py", line 124, in <module>
    python_callable=generate_last24_peak_report,
                    ^^^^^^^^^^^^^^^^^^^^^^^^^^^
NameError: name 'generate_last24_peak_report' is not defined. Did you mean: 'generate_daily_peak_report'?
[2026-01-25T08:24:56.880+0000] {processor.py:842} WARNING - No viable dags retrieved from /opt/airflow/dags/smart_city_traffic_batch_dag.py
[2026-01-25T08:24:57.297+0000] {processor.py:183} INFO - Processing /opt/airflow/dags/smart_city_traffic_batch_dag.py took 11.790 seconds
[2026-01-25T08:25:30.387+0000] {processor.py:161} INFO - Started process (PID=772) to work on /opt/airflow/dags/smart_city_traffic_batch_dag.py
[2026-01-25T08:25:30.437+0000] {processor.py:830} INFO - Processing file /opt/airflow/dags/smart_city_traffic_batch_dag.py for tasks to queue
[2026-01-25T08:25:30.483+0000] {logging_mixin.py:188} INFO - [2026-01-25T08:25:30.456+0000] {dagbag.py:545} INFO - Filling up the DagBag from /opt/airflow/dags/smart_city_traffic_batch_dag.py
[2026-01-25T08:25:46.079+0000] {logging_mixin.py:188} INFO - [2026-01-25T08:25:46.052+0000] {dagbag.py:355} ERROR - Failed to import: /opt/airflow/dags/smart_city_traffic_batch_dag.py
Traceback (most recent call last):
  File "/home/airflow/.local/lib/python3.12/site-packages/airflow/models/dagbag.py", line 351, in parse
    loader.exec_module(new_module)
  File "<frozen importlib._bootstrap_external>", line 995, in exec_module
  File "<frozen importlib._bootstrap>", line 488, in _call_with_frames_removed
  File "/opt/airflow/dags/smart_city_traffic_batch_dag.py", line 124, in <module>
    python_callable=generate_last24_peak_report,
                    ^^^^^^^^^^^^^^^^^^^^^^^^^^^
NameError: name 'generate_last24_peak_report' is not defined. Did you mean: 'generate_daily_peak_report'?
[2026-01-25T08:25:46.086+0000] {processor.py:842} WARNING - No viable dags retrieved from /opt/airflow/dags/smart_city_traffic_batch_dag.py
[2026-01-25T08:25:46.426+0000] {processor.py:183} INFO - Processing /opt/airflow/dags/smart_city_traffic_batch_dag.py took 16.489 seconds
[2026-01-25T08:26:21.675+0000] {processor.py:161} INFO - Started process (PID=778) to work on /opt/airflow/dags/smart_city_traffic_batch_dag.py
[2026-01-25T08:26:21.845+0000] {processor.py:830} INFO - Processing file /opt/airflow/dags/smart_city_traffic_batch_dag.py for tasks to queue
[2026-01-25T08:26:21.978+0000] {logging_mixin.py:188} INFO - [2026-01-25T08:26:21.867+0000] {dagbag.py:545} INFO - Filling up the DagBag from /opt/airflow/dags/smart_city_traffic_batch_dag.py
[2026-01-25T08:26:38.051+0000] {logging_mixin.py:188} INFO - [2026-01-25T08:26:38.011+0000] {dagbag.py:355} ERROR - Failed to import: /opt/airflow/dags/smart_city_traffic_batch_dag.py
Traceback (most recent call last):
  File "/home/airflow/.local/lib/python3.12/site-packages/airflow/models/dagbag.py", line 351, in parse
    loader.exec_module(new_module)
  File "<frozen importlib._bootstrap_external>", line 995, in exec_module
  File "<frozen importlib._bootstrap>", line 488, in _call_with_frames_removed
  File "/opt/airflow/dags/smart_city_traffic_batch_dag.py", line 124, in <module>
    python_callable=generate_last24_peak_report,
                    ^^^^^^^^^^^^^^^^^^^^^^^^^^^
NameError: name 'generate_last24_peak_report' is not defined. Did you mean: 'generate_daily_peak_report'?
[2026-01-25T08:26:38.057+0000] {processor.py:842} WARNING - No viable dags retrieved from /opt/airflow/dags/smart_city_traffic_batch_dag.py
[2026-01-25T08:26:38.461+0000] {processor.py:183} INFO - Processing /opt/airflow/dags/smart_city_traffic_batch_dag.py took 18.911 seconds
[2026-01-25T08:27:11.281+0000] {processor.py:161} INFO - Started process (PID=784) to work on /opt/airflow/dags/smart_city_traffic_batch_dag.py
[2026-01-25T08:27:11.301+0000] {processor.py:830} INFO - Processing file /opt/airflow/dags/smart_city_traffic_batch_dag.py for tasks to queue
[2026-01-25T08:27:11.347+0000] {logging_mixin.py:188} INFO - [2026-01-25T08:27:11.321+0000] {dagbag.py:545} INFO - Filling up the DagBag from /opt/airflow/dags/smart_city_traffic_batch_dag.py
[2026-01-25T08:27:27.329+0000] {logging_mixin.py:188} INFO - [2026-01-25T08:27:27.279+0000] {dagbag.py:355} ERROR - Failed to import: /opt/airflow/dags/smart_city_traffic_batch_dag.py
Traceback (most recent call last):
  File "/home/airflow/.local/lib/python3.12/site-packages/airflow/models/dagbag.py", line 351, in parse
    loader.exec_module(new_module)
  File "<frozen importlib._bootstrap_external>", line 995, in exec_module
  File "<frozen importlib._bootstrap>", line 488, in _call_with_frames_removed
  File "/opt/airflow/dags/smart_city_traffic_batch_dag.py", line 124, in <module>
    python_callable=generate_last24_peak_report,
                    ^^^^^^^^^^^^^^^^^^^^^^^^^^^
NameError: name 'generate_last24_peak_report' is not defined. Did you mean: 'generate_daily_peak_report'?
[2026-01-25T08:27:27.336+0000] {processor.py:842} WARNING - No viable dags retrieved from /opt/airflow/dags/smart_city_traffic_batch_dag.py
[2026-01-25T08:27:28.251+0000] {processor.py:183} INFO - Processing /opt/airflow/dags/smart_city_traffic_batch_dag.py took 17.389 seconds
[2026-01-25T08:28:00.330+0000] {processor.py:161} INFO - Started process (PID=790) to work on /opt/airflow/dags/smart_city_traffic_batch_dag.py
[2026-01-25T08:28:00.361+0000] {processor.py:830} INFO - Processing file /opt/airflow/dags/smart_city_traffic_batch_dag.py for tasks to queue
[2026-01-25T08:28:00.400+0000] {logging_mixin.py:188} INFO - [2026-01-25T08:28:00.380+0000] {dagbag.py:545} INFO - Filling up the DagBag from /opt/airflow/dags/smart_city_traffic_batch_dag.py
[2026-01-25T08:28:12.342+0000] {logging_mixin.py:188} INFO - [2026-01-25T08:28:12.288+0000] {dagbag.py:355} ERROR - Failed to import: /opt/airflow/dags/smart_city_traffic_batch_dag.py
Traceback (most recent call last):
  File "/home/airflow/.local/lib/python3.12/site-packages/airflow/models/dagbag.py", line 351, in parse
    loader.exec_module(new_module)
  File "<frozen importlib._bootstrap_external>", line 995, in exec_module
  File "<frozen importlib._bootstrap>", line 488, in _call_with_frames_removed
  File "/opt/airflow/dags/smart_city_traffic_batch_dag.py", line 124, in <module>
    python_callable=generate_last24_peak_report,
                    ^^^^^^^^^^^^^^^^^^^^^^^^^^^
NameError: name 'generate_last24_peak_report' is not defined. Did you mean: 'generate_daily_peak_report'?
[2026-01-25T08:28:12.353+0000] {processor.py:842} WARNING - No viable dags retrieved from /opt/airflow/dags/smart_city_traffic_batch_dag.py
[2026-01-25T08:28:12.887+0000] {processor.py:183} INFO - Processing /opt/airflow/dags/smart_city_traffic_batch_dag.py took 12.946 seconds
[2026-01-25T08:28:44.666+0000] {processor.py:161} INFO - Started process (PID=796) to work on /opt/airflow/dags/smart_city_traffic_batch_dag.py
[2026-01-25T08:28:44.712+0000] {processor.py:830} INFO - Processing file /opt/airflow/dags/smart_city_traffic_batch_dag.py for tasks to queue
[2026-01-25T08:28:44.751+0000] {logging_mixin.py:188} INFO - [2026-01-25T08:28:44.729+0000] {dagbag.py:545} INFO - Filling up the DagBag from /opt/airflow/dags/smart_city_traffic_batch_dag.py
[2026-01-25T08:28:53.397+0000] {logging_mixin.py:188} INFO - [2026-01-25T08:28:53.385+0000] {dagbag.py:355} ERROR - Failed to import: /opt/airflow/dags/smart_city_traffic_batch_dag.py
Traceback (most recent call last):
  File "/home/airflow/.local/lib/python3.12/site-packages/airflow/models/dagbag.py", line 351, in parse
    loader.exec_module(new_module)
  File "<frozen importlib._bootstrap_external>", line 995, in exec_module
  File "<frozen importlib._bootstrap>", line 488, in _call_with_frames_removed
  File "/opt/airflow/dags/smart_city_traffic_batch_dag.py", line 124, in <module>
    python_callable=generate_last24_peak_report,
                    ^^^^^^^^^^^^^^^^^^^^^^^^^^^
NameError: name 'generate_last24_peak_report' is not defined. Did you mean: 'generate_daily_peak_report'?
[2026-01-25T08:28:53.401+0000] {processor.py:842} WARNING - No viable dags retrieved from /opt/airflow/dags/smart_city_traffic_batch_dag.py
[2026-01-25T08:28:53.456+0000] {processor.py:183} INFO - Processing /opt/airflow/dags/smart_city_traffic_batch_dag.py took 9.068 seconds
[2026-01-25T08:29:25.655+0000] {processor.py:161} INFO - Started process (PID=802) to work on /opt/airflow/dags/smart_city_traffic_batch_dag.py
[2026-01-25T08:29:25.691+0000] {processor.py:830} INFO - Processing file /opt/airflow/dags/smart_city_traffic_batch_dag.py for tasks to queue
[2026-01-25T08:29:25.739+0000] {logging_mixin.py:188} INFO - [2026-01-25T08:29:25.712+0000] {dagbag.py:545} INFO - Filling up the DagBag from /opt/airflow/dags/smart_city_traffic_batch_dag.py
[2026-01-25T08:29:39.283+0000] {logging_mixin.py:188} INFO - [2026-01-25T08:29:39.253+0000] {dagbag.py:355} ERROR - Failed to import: /opt/airflow/dags/smart_city_traffic_batch_dag.py
Traceback (most recent call last):
  File "/home/airflow/.local/lib/python3.12/site-packages/airflow/models/dagbag.py", line 351, in parse
    loader.exec_module(new_module)
  File "<frozen importlib._bootstrap_external>", line 995, in exec_module
  File "<frozen importlib._bootstrap>", line 488, in _call_with_frames_removed
  File "/opt/airflow/dags/smart_city_traffic_batch_dag.py", line 124, in <module>
    python_callable=generate_last24_peak_report,
                    ^^^^^^^^^^^^^^^^^^^^^^^^^^^
NameError: name 'generate_last24_peak_report' is not defined. Did you mean: 'generate_daily_peak_report'?
[2026-01-25T08:29:39.290+0000] {processor.py:842} WARNING - No viable dags retrieved from /opt/airflow/dags/smart_city_traffic_batch_dag.py
[2026-01-25T08:29:39.538+0000] {processor.py:183} INFO - Processing /opt/airflow/dags/smart_city_traffic_batch_dag.py took 14.336 seconds
[2026-01-25T08:30:12.721+0000] {processor.py:161} INFO - Started process (PID=808) to work on /opt/airflow/dags/smart_city_traffic_batch_dag.py
[2026-01-25T08:30:12.742+0000] {processor.py:830} INFO - Processing file /opt/airflow/dags/smart_city_traffic_batch_dag.py for tasks to queue
[2026-01-25T08:30:12.893+0000] {logging_mixin.py:188} INFO - [2026-01-25T08:30:12.830+0000] {dagbag.py:545} INFO - Filling up the DagBag from /opt/airflow/dags/smart_city_traffic_batch_dag.py
[2026-01-25T08:30:23.501+0000] {logging_mixin.py:188} INFO - [2026-01-25T08:30:23.483+0000] {dagbag.py:355} ERROR - Failed to import: /opt/airflow/dags/smart_city_traffic_batch_dag.py
Traceback (most recent call last):
  File "/home/airflow/.local/lib/python3.12/site-packages/airflow/models/dagbag.py", line 351, in parse
    loader.exec_module(new_module)
  File "<frozen importlib._bootstrap_external>", line 995, in exec_module
  File "<frozen importlib._bootstrap>", line 488, in _call_with_frames_removed
  File "/opt/airflow/dags/smart_city_traffic_batch_dag.py", line 124, in <module>
    python_callable=generate_last24_peak_report,
                    ^^^^^^^^^^^^^^^^^^^^^^^^^^^
NameError: name 'generate_last24_peak_report' is not defined. Did you mean: 'generate_daily_peak_report'?
[2026-01-25T08:30:23.505+0000] {processor.py:842} WARNING - No viable dags retrieved from /opt/airflow/dags/smart_city_traffic_batch_dag.py
[2026-01-25T08:30:24.384+0000] {processor.py:183} INFO - Processing /opt/airflow/dags/smart_city_traffic_batch_dag.py took 12.332 seconds
[2026-01-25T08:30:59.977+0000] {processor.py:161} INFO - Started process (PID=814) to work on /opt/airflow/dags/smart_city_traffic_batch_dag.py
[2026-01-25T08:31:00.048+0000] {processor.py:830} INFO - Processing file /opt/airflow/dags/smart_city_traffic_batch_dag.py for tasks to queue
[2026-01-25T08:31:00.147+0000] {logging_mixin.py:188} INFO - [2026-01-25T08:31:00.094+0000] {dagbag.py:545} INFO - Filling up the DagBag from /opt/airflow/dags/smart_city_traffic_batch_dag.py
[2026-01-25T08:31:16.555+0000] {logging_mixin.py:188} INFO - [2026-01-25T08:31:16.530+0000] {dagbag.py:355} ERROR - Failed to import: /opt/airflow/dags/smart_city_traffic_batch_dag.py
Traceback (most recent call last):
  File "/home/airflow/.local/lib/python3.12/site-packages/airflow/models/dagbag.py", line 351, in parse
    loader.exec_module(new_module)
  File "<frozen importlib._bootstrap_external>", line 995, in exec_module
  File "<frozen importlib._bootstrap>", line 488, in _call_with_frames_removed
  File "/opt/airflow/dags/smart_city_traffic_batch_dag.py", line 124, in <module>
    python_callable=generate_last24_peak_report,
                    ^^^^^^^^^^^^^^^^^^^^^^^^^^^
NameError: name 'generate_last24_peak_report' is not defined. Did you mean: 'generate_daily_peak_report'?
[2026-01-25T08:31:16.561+0000] {processor.py:842} WARNING - No viable dags retrieved from /opt/airflow/dags/smart_city_traffic_batch_dag.py
[2026-01-25T08:31:17.653+0000] {processor.py:183} INFO - Processing /opt/airflow/dags/smart_city_traffic_batch_dag.py took 18.445 seconds
[2026-01-25T08:31:49.750+0000] {processor.py:161} INFO - Started process (PID=820) to work on /opt/airflow/dags/smart_city_traffic_batch_dag.py
[2026-01-25T08:31:49.763+0000] {processor.py:830} INFO - Processing file /opt/airflow/dags/smart_city_traffic_batch_dag.py for tasks to queue
[2026-01-25T08:31:49.796+0000] {logging_mixin.py:188} INFO - [2026-01-25T08:31:49.777+0000] {dagbag.py:545} INFO - Filling up the DagBag from /opt/airflow/dags/smart_city_traffic_batch_dag.py
[2026-01-25T08:32:01.741+0000] {logging_mixin.py:188} INFO - [2026-01-25T08:32:01.721+0000] {dagbag.py:355} ERROR - Failed to import: /opt/airflow/dags/smart_city_traffic_batch_dag.py
Traceback (most recent call last):
  File "/home/airflow/.local/lib/python3.12/site-packages/airflow/models/dagbag.py", line 351, in parse
    loader.exec_module(new_module)
  File "<frozen importlib._bootstrap_external>", line 995, in exec_module
  File "<frozen importlib._bootstrap>", line 488, in _call_with_frames_removed
  File "/opt/airflow/dags/smart_city_traffic_batch_dag.py", line 124, in <module>
    python_callable=generate_last24_peak_report,
                    ^^^^^^^^^^^^^^^^^^^^^^^^^^^
NameError: name 'generate_last24_peak_report' is not defined. Did you mean: 'generate_daily_peak_report'?
[2026-01-25T08:32:01.748+0000] {processor.py:842} WARNING - No viable dags retrieved from /opt/airflow/dags/smart_city_traffic_batch_dag.py
[2026-01-25T08:32:02.031+0000] {processor.py:183} INFO - Processing /opt/airflow/dags/smart_city_traffic_batch_dag.py took 12.631 seconds
[2026-01-25T08:32:34.333+0000] {processor.py:161} INFO - Started process (PID=826) to work on /opt/airflow/dags/smart_city_traffic_batch_dag.py
[2026-01-25T08:32:34.358+0000] {processor.py:830} INFO - Processing file /opt/airflow/dags/smart_city_traffic_batch_dag.py for tasks to queue
[2026-01-25T08:32:34.392+0000] {logging_mixin.py:188} INFO - [2026-01-25T08:32:34.374+0000] {dagbag.py:545} INFO - Filling up the DagBag from /opt/airflow/dags/smart_city_traffic_batch_dag.py
[2026-01-25T08:32:47.291+0000] {logging_mixin.py:188} INFO - [2026-01-25T08:32:47.270+0000] {dagbag.py:355} ERROR - Failed to import: /opt/airflow/dags/smart_city_traffic_batch_dag.py
Traceback (most recent call last):
  File "/home/airflow/.local/lib/python3.12/site-packages/airflow/models/dagbag.py", line 351, in parse
    loader.exec_module(new_module)
  File "<frozen importlib._bootstrap_external>", line 995, in exec_module
  File "<frozen importlib._bootstrap>", line 488, in _call_with_frames_removed
  File "/opt/airflow/dags/smart_city_traffic_batch_dag.py", line 124, in <module>
    python_callable=generate_last24_peak_report,
                    ^^^^^^^^^^^^^^^^^^^^^^^^^^^
NameError: name 'generate_last24_peak_report' is not defined. Did you mean: 'generate_daily_peak_report'?
[2026-01-25T08:32:47.296+0000] {processor.py:842} WARNING - No viable dags retrieved from /opt/airflow/dags/smart_city_traffic_batch_dag.py
[2026-01-25T08:32:47.705+0000] {processor.py:183} INFO - Processing /opt/airflow/dags/smart_city_traffic_batch_dag.py took 13.747 seconds
[2026-01-25T08:33:20.825+0000] {processor.py:161} INFO - Started process (PID=832) to work on /opt/airflow/dags/smart_city_traffic_batch_dag.py
[2026-01-25T08:33:20.855+0000] {processor.py:830} INFO - Processing file /opt/airflow/dags/smart_city_traffic_batch_dag.py for tasks to queue
[2026-01-25T08:33:20.900+0000] {logging_mixin.py:188} INFO - [2026-01-25T08:33:20.878+0000] {dagbag.py:545} INFO - Filling up the DagBag from /opt/airflow/dags/smart_city_traffic_batch_dag.py
[2026-01-25T08:33:34.488+0000] {logging_mixin.py:188} INFO - [2026-01-25T08:33:34.448+0000] {dagbag.py:355} ERROR - Failed to import: /opt/airflow/dags/smart_city_traffic_batch_dag.py
Traceback (most recent call last):
  File "/home/airflow/.local/lib/python3.12/site-packages/airflow/models/dagbag.py", line 351, in parse
    loader.exec_module(new_module)
  File "<frozen importlib._bootstrap_external>", line 995, in exec_module
  File "<frozen importlib._bootstrap>", line 488, in _call_with_frames_removed
  File "/opt/airflow/dags/smart_city_traffic_batch_dag.py", line 124, in <module>
    python_callable=generate_last24_peak_report,
                    ^^^^^^^^^^^^^^^^^^^^^^^^^^^
NameError: name 'generate_last24_peak_report' is not defined. Did you mean: 'generate_daily_peak_report'?
[2026-01-25T08:33:34.493+0000] {processor.py:842} WARNING - No viable dags retrieved from /opt/airflow/dags/smart_city_traffic_batch_dag.py
[2026-01-25T08:33:34.702+0000] {processor.py:183} INFO - Processing /opt/airflow/dags/smart_city_traffic_batch_dag.py took 14.578 seconds
[2026-01-25T08:34:09.193+0000] {processor.py:161} INFO - Started process (PID=838) to work on /opt/airflow/dags/smart_city_traffic_batch_dag.py
[2026-01-25T08:34:09.268+0000] {processor.py:830} INFO - Processing file /opt/airflow/dags/smart_city_traffic_batch_dag.py for tasks to queue
[2026-01-25T08:34:09.326+0000] {logging_mixin.py:188} INFO - [2026-01-25T08:34:09.295+0000] {dagbag.py:545} INFO - Filling up the DagBag from /opt/airflow/dags/smart_city_traffic_batch_dag.py
[2026-01-25T08:34:24.997+0000] {logging_mixin.py:188} INFO - [2026-01-25T08:34:24.953+0000] {dagbag.py:355} ERROR - Failed to import: /opt/airflow/dags/smart_city_traffic_batch_dag.py
Traceback (most recent call last):
  File "/home/airflow/.local/lib/python3.12/site-packages/airflow/models/dagbag.py", line 351, in parse
    loader.exec_module(new_module)
  File "<frozen importlib._bootstrap_external>", line 995, in exec_module
  File "<frozen importlib._bootstrap>", line 488, in _call_with_frames_removed
  File "/opt/airflow/dags/smart_city_traffic_batch_dag.py", line 124, in <module>
    python_callable=generate_last24_peak_report,
                    ^^^^^^^^^^^^^^^^^^^^^^^^^^^
NameError: name 'generate_last24_peak_report' is not defined. Did you mean: 'generate_daily_peak_report'?
[2026-01-25T08:34:25.003+0000] {processor.py:842} WARNING - No viable dags retrieved from /opt/airflow/dags/smart_city_traffic_batch_dag.py
[2026-01-25T08:34:25.662+0000] {processor.py:183} INFO - Processing /opt/airflow/dags/smart_city_traffic_batch_dag.py took 17.206 seconds
[2026-01-25T08:34:57.139+0000] {processor.py:161} INFO - Started process (PID=844) to work on /opt/airflow/dags/smart_city_traffic_batch_dag.py
[2026-01-25T08:34:57.153+0000] {processor.py:830} INFO - Processing file /opt/airflow/dags/smart_city_traffic_batch_dag.py for tasks to queue
[2026-01-25T08:34:57.175+0000] {logging_mixin.py:188} INFO - [2026-01-25T08:34:57.162+0000] {dagbag.py:545} INFO - Filling up the DagBag from /opt/airflow/dags/smart_city_traffic_batch_dag.py
[2026-01-25T08:35:08.147+0000] {logging_mixin.py:188} INFO - [2026-01-25T08:35:08.130+0000] {dagbag.py:355} ERROR - Failed to import: /opt/airflow/dags/smart_city_traffic_batch_dag.py
Traceback (most recent call last):
  File "/home/airflow/.local/lib/python3.12/site-packages/airflow/models/dagbag.py", line 351, in parse
    loader.exec_module(new_module)
  File "<frozen importlib._bootstrap_external>", line 995, in exec_module
  File "<frozen importlib._bootstrap>", line 488, in _call_with_frames_removed
  File "/opt/airflow/dags/smart_city_traffic_batch_dag.py", line 124, in <module>
    python_callable=generate_last24_peak_report,
                    ^^^^^^^^^^^^^^^^^^^^^^^^^^^
NameError: name 'generate_last24_peak_report' is not defined. Did you mean: 'generate_daily_peak_report'?
[2026-01-25T08:35:08.152+0000] {processor.py:842} WARNING - No viable dags retrieved from /opt/airflow/dags/smart_city_traffic_batch_dag.py
[2026-01-25T08:35:08.599+0000] {processor.py:183} INFO - Processing /opt/airflow/dags/smart_city_traffic_batch_dag.py took 11.691 seconds
[2026-01-25T08:35:41.096+0000] {processor.py:161} INFO - Started process (PID=850) to work on /opt/airflow/dags/smart_city_traffic_batch_dag.py
[2026-01-25T08:35:41.112+0000] {processor.py:830} INFO - Processing file /opt/airflow/dags/smart_city_traffic_batch_dag.py for tasks to queue
[2026-01-25T08:35:41.141+0000] {logging_mixin.py:188} INFO - [2026-01-25T08:35:41.124+0000] {dagbag.py:545} INFO - Filling up the DagBag from /opt/airflow/dags/smart_city_traffic_batch_dag.py
[2026-01-25T08:35:54.424+0000] {logging_mixin.py:188} INFO - [2026-01-25T08:35:54.395+0000] {dagbag.py:355} ERROR - Failed to import: /opt/airflow/dags/smart_city_traffic_batch_dag.py
Traceback (most recent call last):
  File "/home/airflow/.local/lib/python3.12/site-packages/airflow/models/dagbag.py", line 351, in parse
    loader.exec_module(new_module)
  File "<frozen importlib._bootstrap_external>", line 995, in exec_module
  File "<frozen importlib._bootstrap>", line 488, in _call_with_frames_removed
  File "/opt/airflow/dags/smart_city_traffic_batch_dag.py", line 124, in <module>
    python_callable=generate_last24_peak_report,
                    ^^^^^^^^^^^^^^^^^^^^^^^^^^^
NameError: name 'generate_last24_peak_report' is not defined. Did you mean: 'generate_daily_peak_report'?
[2026-01-25T08:35:54.431+0000] {processor.py:842} WARNING - No viable dags retrieved from /opt/airflow/dags/smart_city_traffic_batch_dag.py
[2026-01-25T08:35:55.171+0000] {processor.py:183} INFO - Processing /opt/airflow/dags/smart_city_traffic_batch_dag.py took 14.362 seconds
[2026-01-25T08:36:27.860+0000] {processor.py:161} INFO - Started process (PID=856) to work on /opt/airflow/dags/smart_city_traffic_batch_dag.py
[2026-01-25T08:36:27.900+0000] {processor.py:830} INFO - Processing file /opt/airflow/dags/smart_city_traffic_batch_dag.py for tasks to queue
[2026-01-25T08:36:27.938+0000] {logging_mixin.py:188} INFO - [2026-01-25T08:36:27.918+0000] {dagbag.py:545} INFO - Filling up the DagBag from /opt/airflow/dags/smart_city_traffic_batch_dag.py
[2026-01-25T08:36:40.859+0000] {logging_mixin.py:188} INFO - [2026-01-25T08:36:40.833+0000] {dagbag.py:355} ERROR - Failed to import: /opt/airflow/dags/smart_city_traffic_batch_dag.py
Traceback (most recent call last):
  File "/home/airflow/.local/lib/python3.12/site-packages/airflow/models/dagbag.py", line 351, in parse
    loader.exec_module(new_module)
  File "<frozen importlib._bootstrap_external>", line 995, in exec_module
  File "<frozen importlib._bootstrap>", line 488, in _call_with_frames_removed
  File "/opt/airflow/dags/smart_city_traffic_batch_dag.py", line 124, in <module>
    python_callable=generate_last24_peak_report,
                    ^^^^^^^^^^^^^^^^^^^^^^^^^^^
NameError: name 'generate_last24_peak_report' is not defined. Did you mean: 'generate_daily_peak_report'?
[2026-01-25T08:36:40.864+0000] {processor.py:842} WARNING - No viable dags retrieved from /opt/airflow/dags/smart_city_traffic_batch_dag.py
[2026-01-25T08:36:41.128+0000] {processor.py:183} INFO - Processing /opt/airflow/dags/smart_city_traffic_batch_dag.py took 13.804 seconds
[2026-01-25T08:37:11.790+0000] {processor.py:161} INFO - Started process (PID=862) to work on /opt/airflow/dags/smart_city_traffic_batch_dag.py
[2026-01-25T08:37:11.805+0000] {processor.py:830} INFO - Processing file /opt/airflow/dags/smart_city_traffic_batch_dag.py for tasks to queue
[2026-01-25T08:37:11.816+0000] {logging_mixin.py:188} INFO - [2026-01-25T08:37:11.811+0000] {dagbag.py:545} INFO - Filling up the DagBag from /opt/airflow/dags/smart_city_traffic_batch_dag.py
[2026-01-25T08:37:21.148+0000] {logging_mixin.py:188} INFO - [2026-01-25T08:37:21.131+0000] {dagbag.py:355} ERROR - Failed to import: /opt/airflow/dags/smart_city_traffic_batch_dag.py
Traceback (most recent call last):
  File "/home/airflow/.local/lib/python3.12/site-packages/airflow/models/dagbag.py", line 351, in parse
    loader.exec_module(new_module)
  File "<frozen importlib._bootstrap_external>", line 995, in exec_module
  File "<frozen importlib._bootstrap>", line 488, in _call_with_frames_removed
  File "/opt/airflow/dags/smart_city_traffic_batch_dag.py", line 124, in <module>
    python_callable=generate_last24_peak_report,
                    ^^^^^^^^^^^^^^^^^^^^^^^^^^^
NameError: name 'generate_last24_peak_report' is not defined. Did you mean: 'generate_daily_peak_report'?
[2026-01-25T08:37:21.153+0000] {processor.py:842} WARNING - No viable dags retrieved from /opt/airflow/dags/smart_city_traffic_batch_dag.py
[2026-01-25T08:37:22.204+0000] {processor.py:183} INFO - Processing /opt/airflow/dags/smart_city_traffic_batch_dag.py took 10.549 seconds
[2026-01-25T08:37:53.852+0000] {processor.py:161} INFO - Started process (PID=868) to work on /opt/airflow/dags/smart_city_traffic_batch_dag.py
[2026-01-25T08:37:53.875+0000] {processor.py:830} INFO - Processing file /opt/airflow/dags/smart_city_traffic_batch_dag.py for tasks to queue
[2026-01-25T08:37:53.906+0000] {logging_mixin.py:188} INFO - [2026-01-25T08:37:53.889+0000] {dagbag.py:545} INFO - Filling up the DagBag from /opt/airflow/dags/smart_city_traffic_batch_dag.py
[2026-01-25T08:38:05.200+0000] {logging_mixin.py:188} INFO - [2026-01-25T08:38:05.180+0000] {dagbag.py:355} ERROR - Failed to import: /opt/airflow/dags/smart_city_traffic_batch_dag.py
Traceback (most recent call last):
  File "/home/airflow/.local/lib/python3.12/site-packages/airflow/models/dagbag.py", line 351, in parse
    loader.exec_module(new_module)
  File "<frozen importlib._bootstrap_external>", line 995, in exec_module
  File "<frozen importlib._bootstrap>", line 488, in _call_with_frames_removed
  File "/opt/airflow/dags/smart_city_traffic_batch_dag.py", line 124, in <module>
    python_callable=generate_last24_peak_report,
                    ^^^^^^^^^^^^^^^^^^^^^^^^^^^
NameError: name 'generate_last24_peak_report' is not defined. Did you mean: 'generate_daily_peak_report'?
[2026-01-25T08:38:05.205+0000] {processor.py:842} WARNING - No viable dags retrieved from /opt/airflow/dags/smart_city_traffic_batch_dag.py
[2026-01-25T08:38:05.823+0000] {processor.py:183} INFO - Processing /opt/airflow/dags/smart_city_traffic_batch_dag.py took 12.290 seconds
[2026-01-25T08:38:38.167+0000] {processor.py:161} INFO - Started process (PID=874) to work on /opt/airflow/dags/smart_city_traffic_batch_dag.py
[2026-01-25T08:38:38.220+0000] {processor.py:830} INFO - Processing file /opt/airflow/dags/smart_city_traffic_batch_dag.py for tasks to queue
[2026-01-25T08:38:38.268+0000] {logging_mixin.py:188} INFO - [2026-01-25T08:38:38.241+0000] {dagbag.py:545} INFO - Filling up the DagBag from /opt/airflow/dags/smart_city_traffic_batch_dag.py
[2026-01-25T08:38:53.961+0000] {logging_mixin.py:188} INFO - [2026-01-25T08:38:53.931+0000] {dagbag.py:355} ERROR - Failed to import: /opt/airflow/dags/smart_city_traffic_batch_dag.py
Traceback (most recent call last):
  File "/home/airflow/.local/lib/python3.12/site-packages/airflow/models/dagbag.py", line 351, in parse
    loader.exec_module(new_module)
  File "<frozen importlib._bootstrap_external>", line 995, in exec_module
  File "<frozen importlib._bootstrap>", line 488, in _call_with_frames_removed
  File "/opt/airflow/dags/smart_city_traffic_batch_dag.py", line 124, in <module>
    python_callable=generate_last24_peak_report,
                    ^^^^^^^^^^^^^^^^^^^^^^^^^^^
NameError: name 'generate_last24_peak_report' is not defined. Did you mean: 'generate_daily_peak_report'?
[2026-01-25T08:38:53.966+0000] {processor.py:842} WARNING - No viable dags retrieved from /opt/airflow/dags/smart_city_traffic_batch_dag.py
[2026-01-25T08:38:54.635+0000] {processor.py:183} INFO - Processing /opt/airflow/dags/smart_city_traffic_batch_dag.py took 16.851 seconds
[2026-01-25T08:39:04.140+0000] {processor.py:161} INFO - Started process (PID=880) to work on /opt/airflow/dags/smart_city_traffic_batch_dag.py
[2026-01-25T08:39:04.240+0000] {processor.py:830} INFO - Processing file /opt/airflow/dags/smart_city_traffic_batch_dag.py for tasks to queue
[2026-01-25T08:39:04.418+0000] {logging_mixin.py:188} INFO - [2026-01-25T08:39:04.308+0000] {dagbag.py:545} INFO - Filling up the DagBag from /opt/airflow/dags/smart_city_traffic_batch_dag.py
[2026-01-25T08:39:06.797+0000] {processor.py:840} INFO - DAG(s) 'smart_city_traffic_batch_dag' retrieved from /opt/airflow/dags/smart_city_traffic_batch_dag.py
[2026-01-25T08:39:08.772+0000] {logging_mixin.py:188} INFO - [2026-01-25T08:39:08.771+0000] {dag.py:3089} INFO - Sync 1 DAGs
[2026-01-25T08:39:08.871+0000] {logging_mixin.py:188} INFO - [2026-01-25T08:39:08.870+0000] {dag.py:3947} INFO - Setting next_dagrun for smart_city_traffic_batch_dag to 2026-01-25 01:00:00+00:00, run_after=2026-01-26 01:00:00+00:00
[2026-01-25T08:39:08.988+0000] {processor.py:183} INFO - Processing /opt/airflow/dags/smart_city_traffic_batch_dag.py took 5.308 seconds
[2026-01-25T08:40:14.575+0000] {processor.py:161} INFO - Started process (PID=172) to work on /opt/airflow/dags/smart_city_traffic_batch_dag.py
[2026-01-25T08:40:14.613+0000] {processor.py:830} INFO - Processing file /opt/airflow/dags/smart_city_traffic_batch_dag.py for tasks to queue
[2026-01-25T08:40:14.713+0000] {logging_mixin.py:188} INFO - [2026-01-25T08:40:14.694+0000] {dagbag.py:545} INFO - Filling up the DagBag from /opt/airflow/dags/smart_city_traffic_batch_dag.py
[2026-01-25T08:40:17.614+0000] {processor.py:840} INFO - DAG(s) 'smart_city_traffic_batch_dag' retrieved from /opt/airflow/dags/smart_city_traffic_batch_dag.py
[2026-01-25T08:40:17.801+0000] {logging_mixin.py:188} INFO - [2026-01-25T08:40:17.800+0000] {dag.py:3089} INFO - Sync 1 DAGs
[2026-01-25T08:40:17.879+0000] {logging_mixin.py:188} INFO - [2026-01-25T08:40:17.878+0000] {dag.py:3947} INFO - Setting next_dagrun for smart_city_traffic_batch_dag to 2026-01-25 01:00:00+00:00, run_after=2026-01-26 01:00:00+00:00
[2026-01-25T08:40:17.923+0000] {processor.py:183} INFO - Processing /opt/airflow/dags/smart_city_traffic_batch_dag.py took 3.573 seconds
[2026-01-25T08:40:49.342+0000] {processor.py:161} INFO - Started process (PID=178) to work on /opt/airflow/dags/smart_city_traffic_batch_dag.py
[2026-01-25T08:40:49.359+0000] {processor.py:830} INFO - Processing file /opt/airflow/dags/smart_city_traffic_batch_dag.py for tasks to queue
[2026-01-25T08:40:49.414+0000] {logging_mixin.py:188} INFO - [2026-01-25T08:40:49.401+0000] {dagbag.py:545} INFO - Filling up the DagBag from /opt/airflow/dags/smart_city_traffic_batch_dag.py
[2026-01-25T08:40:54.597+0000] {processor.py:840} INFO - DAG(s) 'smart_city_traffic_batch_dag' retrieved from /opt/airflow/dags/smart_city_traffic_batch_dag.py
[2026-01-25T08:40:55.377+0000] {logging_mixin.py:188} INFO - [2026-01-25T08:40:55.376+0000] {dag.py:3089} INFO - Sync 1 DAGs
[2026-01-25T08:40:55.687+0000] {logging_mixin.py:188} INFO - [2026-01-25T08:40:55.686+0000] {dag.py:3947} INFO - Setting next_dagrun for smart_city_traffic_batch_dag to 2026-01-25 01:00:00+00:00, run_after=2026-01-26 01:00:00+00:00
[2026-01-25T08:40:55.850+0000] {processor.py:183} INFO - Processing /opt/airflow/dags/smart_city_traffic_batch_dag.py took 6.666 seconds
[2026-01-25T08:41:27.148+0000] {processor.py:161} INFO - Started process (PID=184) to work on /opt/airflow/dags/smart_city_traffic_batch_dag.py
[2026-01-25T08:41:27.170+0000] {processor.py:830} INFO - Processing file /opt/airflow/dags/smart_city_traffic_batch_dag.py for tasks to queue
[2026-01-25T08:41:27.251+0000] {logging_mixin.py:188} INFO - [2026-01-25T08:41:27.236+0000] {dagbag.py:545} INFO - Filling up the DagBag from /opt/airflow/dags/smart_city_traffic_batch_dag.py
[2026-01-25T08:41:32.676+0000] {processor.py:840} INFO - DAG(s) 'smart_city_traffic_batch_dag' retrieved from /opt/airflow/dags/smart_city_traffic_batch_dag.py
[2026-01-25T08:41:33.138+0000] {logging_mixin.py:188} INFO - [2026-01-25T08:41:33.136+0000] {dag.py:3089} INFO - Sync 1 DAGs
[2026-01-25T08:41:33.372+0000] {logging_mixin.py:188} INFO - [2026-01-25T08:41:33.371+0000] {dag.py:3947} INFO - Setting next_dagrun for smart_city_traffic_batch_dag to 2026-01-25 01:00:00+00:00, run_after=2026-01-26 01:00:00+00:00
[2026-01-25T08:41:33.489+0000] {processor.py:183} INFO - Processing /opt/airflow/dags/smart_city_traffic_batch_dag.py took 6.553 seconds
[2026-01-25T08:42:06.224+0000] {processor.py:161} INFO - Started process (PID=190) to work on /opt/airflow/dags/smart_city_traffic_batch_dag.py
[2026-01-25T08:42:06.244+0000] {processor.py:830} INFO - Processing file /opt/airflow/dags/smart_city_traffic_batch_dag.py for tasks to queue
[2026-01-25T08:42:06.307+0000] {logging_mixin.py:188} INFO - [2026-01-25T08:42:06.295+0000] {dagbag.py:545} INFO - Filling up the DagBag from /opt/airflow/dags/smart_city_traffic_batch_dag.py
[2026-01-25T08:42:10.127+0000] {processor.py:840} INFO - DAG(s) 'smart_city_traffic_batch_dag' retrieved from /opt/airflow/dags/smart_city_traffic_batch_dag.py
[2026-01-25T08:42:10.742+0000] {logging_mixin.py:188} INFO - [2026-01-25T08:42:10.741+0000] {dag.py:3089} INFO - Sync 1 DAGs
[2026-01-25T08:42:11.053+0000] {logging_mixin.py:188} INFO - [2026-01-25T08:42:11.051+0000] {dag.py:3947} INFO - Setting next_dagrun for smart_city_traffic_batch_dag to 2026-01-25 01:00:00+00:00, run_after=2026-01-26 01:00:00+00:00
[2026-01-25T08:42:14.582+0000] {processor.py:183} INFO - Processing /opt/airflow/dags/smart_city_traffic_batch_dag.py took 8.648 seconds
[2026-01-25T08:42:47.208+0000] {processor.py:161} INFO - Started process (PID=196) to work on /opt/airflow/dags/smart_city_traffic_batch_dag.py
[2026-01-25T08:42:47.271+0000] {processor.py:830} INFO - Processing file /opt/airflow/dags/smart_city_traffic_batch_dag.py for tasks to queue
[2026-01-25T08:42:47.397+0000] {logging_mixin.py:188} INFO - [2026-01-25T08:42:47.375+0000] {dagbag.py:545} INFO - Filling up the DagBag from /opt/airflow/dags/smart_city_traffic_batch_dag.py
[2026-01-25T08:42:55.244+0000] {processor.py:840} INFO - DAG(s) 'smart_city_traffic_batch_dag' retrieved from /opt/airflow/dags/smart_city_traffic_batch_dag.py
[2026-01-25T08:42:56.425+0000] {logging_mixin.py:188} INFO - [2026-01-25T08:42:56.423+0000] {dag.py:3089} INFO - Sync 1 DAGs
[2026-01-25T08:43:04.673+0000] {logging_mixin.py:188} INFO - [2026-01-25T08:43:04.653+0000] {dag.py:3947} INFO - Setting next_dagrun for smart_city_traffic_batch_dag to 2026-01-25 01:00:00+00:00, run_after=2026-01-26 01:00:00+00:00
[2026-01-25T08:43:04.831+0000] {processor.py:183} INFO - Processing /opt/airflow/dags/smart_city_traffic_batch_dag.py took 17.884 seconds
[2026-01-25T08:43:36.654+0000] {processor.py:161} INFO - Started process (PID=202) to work on /opt/airflow/dags/smart_city_traffic_batch_dag.py
[2026-01-25T08:43:36.677+0000] {processor.py:830} INFO - Processing file /opt/airflow/dags/smart_city_traffic_batch_dag.py for tasks to queue
[2026-01-25T08:43:36.794+0000] {logging_mixin.py:188} INFO - [2026-01-25T08:43:36.760+0000] {dagbag.py:545} INFO - Filling up the DagBag from /opt/airflow/dags/smart_city_traffic_batch_dag.py
[2026-01-25T08:43:45.742+0000] {processor.py:840} INFO - DAG(s) 'smart_city_traffic_batch_dag' retrieved from /opt/airflow/dags/smart_city_traffic_batch_dag.py
[2026-01-25T08:43:47.441+0000] {logging_mixin.py:188} INFO - [2026-01-25T08:43:47.430+0000] {dag.py:3089} INFO - Sync 1 DAGs
[2026-01-25T08:43:48.144+0000] {logging_mixin.py:188} INFO - [2026-01-25T08:43:48.143+0000] {dag.py:3947} INFO - Setting next_dagrun for smart_city_traffic_batch_dag to 2026-01-25 01:00:00+00:00, run_after=2026-01-26 01:00:00+00:00
[2026-01-25T08:43:48.386+0000] {processor.py:183} INFO - Processing /opt/airflow/dags/smart_city_traffic_batch_dag.py took 11.982 seconds
[2026-01-25T08:44:19.724+0000] {processor.py:161} INFO - Started process (PID=208) to work on /opt/airflow/dags/smart_city_traffic_batch_dag.py
[2026-01-25T08:44:19.735+0000] {processor.py:830} INFO - Processing file /opt/airflow/dags/smart_city_traffic_batch_dag.py for tasks to queue
[2026-01-25T08:44:19.795+0000] {logging_mixin.py:188} INFO - [2026-01-25T08:44:19.787+0000] {dagbag.py:545} INFO - Filling up the DagBag from /opt/airflow/dags/smart_city_traffic_batch_dag.py
[2026-01-25T08:44:25.216+0000] {processor.py:840} INFO - DAG(s) 'smart_city_traffic_batch_dag' retrieved from /opt/airflow/dags/smart_city_traffic_batch_dag.py
[2026-01-25T08:44:26.897+0000] {logging_mixin.py:188} INFO - [2026-01-25T08:44:26.895+0000] {dag.py:3089} INFO - Sync 1 DAGs
[2026-01-25T08:44:27.319+0000] {logging_mixin.py:188} INFO - [2026-01-25T08:44:27.317+0000] {dag.py:3947} INFO - Setting next_dagrun for smart_city_traffic_batch_dag to 2026-01-25 01:00:00+00:00, run_after=2026-01-26 01:00:00+00:00
[2026-01-25T08:44:27.561+0000] {processor.py:183} INFO - Processing /opt/airflow/dags/smart_city_traffic_batch_dag.py took 7.956 seconds
[2026-01-25T08:45:00.274+0000] {processor.py:161} INFO - Started process (PID=214) to work on /opt/airflow/dags/smart_city_traffic_batch_dag.py
[2026-01-25T08:45:00.312+0000] {processor.py:830} INFO - Processing file /opt/airflow/dags/smart_city_traffic_batch_dag.py for tasks to queue
[2026-01-25T08:45:00.460+0000] {logging_mixin.py:188} INFO - [2026-01-25T08:45:00.431+0000] {dagbag.py:545} INFO - Filling up the DagBag from /opt/airflow/dags/smart_city_traffic_batch_dag.py
[2026-01-25T08:45:08.157+0000] {processor.py:840} INFO - DAG(s) 'smart_city_traffic_batch_dag' retrieved from /opt/airflow/dags/smart_city_traffic_batch_dag.py
[2026-01-25T08:45:09.270+0000] {logging_mixin.py:188} INFO - [2026-01-25T08:45:09.265+0000] {dag.py:3089} INFO - Sync 1 DAGs
[2026-01-25T08:45:09.678+0000] {logging_mixin.py:188} INFO - [2026-01-25T08:45:09.677+0000] {dag.py:3947} INFO - Setting next_dagrun for smart_city_traffic_batch_dag to 2026-01-25 01:00:00+00:00, run_after=2026-01-26 01:00:00+00:00
[2026-01-25T08:45:15.059+0000] {processor.py:183} INFO - Processing /opt/airflow/dags/smart_city_traffic_batch_dag.py took 15.353 seconds
[2026-01-25T08:45:46.964+0000] {processor.py:161} INFO - Started process (PID=220) to work on /opt/airflow/dags/smart_city_traffic_batch_dag.py
[2026-01-25T08:45:47.008+0000] {processor.py:830} INFO - Processing file /opt/airflow/dags/smart_city_traffic_batch_dag.py for tasks to queue
[2026-01-25T08:45:47.132+0000] {logging_mixin.py:188} INFO - [2026-01-25T08:45:47.111+0000] {dagbag.py:545} INFO - Filling up the DagBag from /opt/airflow/dags/smart_city_traffic_batch_dag.py
[2026-01-25T08:45:54.046+0000] {processor.py:840} INFO - DAG(s) 'smart_city_traffic_batch_dag' retrieved from /opt/airflow/dags/smart_city_traffic_batch_dag.py
[2026-01-25T08:45:55.053+0000] {logging_mixin.py:188} INFO - [2026-01-25T08:45:55.051+0000] {dag.py:3089} INFO - Sync 1 DAGs
[2026-01-25T08:45:55.605+0000] {logging_mixin.py:188} INFO - [2026-01-25T08:45:55.603+0000] {dag.py:3947} INFO - Setting next_dagrun for smart_city_traffic_batch_dag to 2026-01-25 01:00:00+00:00, run_after=2026-01-26 01:00:00+00:00
[2026-01-25T08:45:55.953+0000] {processor.py:183} INFO - Processing /opt/airflow/dags/smart_city_traffic_batch_dag.py took 9.217 seconds
[2026-01-25T08:46:29.397+0000] {processor.py:161} INFO - Started process (PID=226) to work on /opt/airflow/dags/smart_city_traffic_batch_dag.py
[2026-01-25T08:46:29.429+0000] {processor.py:830} INFO - Processing file /opt/airflow/dags/smart_city_traffic_batch_dag.py for tasks to queue
[2026-01-25T08:46:29.549+0000] {logging_mixin.py:188} INFO - [2026-01-25T08:46:29.527+0000] {dagbag.py:545} INFO - Filling up the DagBag from /opt/airflow/dags/smart_city_traffic_batch_dag.py
[2026-01-25T08:46:37.834+0000] {processor.py:840} INFO - DAG(s) 'smart_city_traffic_batch_dag' retrieved from /opt/airflow/dags/smart_city_traffic_batch_dag.py
[2026-01-25T08:46:38.732+0000] {logging_mixin.py:188} INFO - [2026-01-25T08:46:38.731+0000] {dag.py:3089} INFO - Sync 1 DAGs
[2026-01-25T08:46:39.142+0000] {logging_mixin.py:188} INFO - [2026-01-25T08:46:39.141+0000] {dag.py:3947} INFO - Setting next_dagrun for smart_city_traffic_batch_dag to 2026-01-25 01:00:00+00:00, run_after=2026-01-26 01:00:00+00:00
[2026-01-25T08:46:39.323+0000] {processor.py:183} INFO - Processing /opt/airflow/dags/smart_city_traffic_batch_dag.py took 10.351 seconds
[2026-01-25T08:47:10.885+0000] {processor.py:161} INFO - Started process (PID=232) to work on /opt/airflow/dags/smart_city_traffic_batch_dag.py
[2026-01-25T08:47:10.907+0000] {processor.py:830} INFO - Processing file /opt/airflow/dags/smart_city_traffic_batch_dag.py for tasks to queue
[2026-01-25T08:47:11.048+0000] {logging_mixin.py:188} INFO - [2026-01-25T08:47:11.025+0000] {dagbag.py:545} INFO - Filling up the DagBag from /opt/airflow/dags/smart_city_traffic_batch_dag.py
[2026-01-25T08:47:16.480+0000] {processor.py:840} INFO - DAG(s) 'smart_city_traffic_batch_dag' retrieved from /opt/airflow/dags/smart_city_traffic_batch_dag.py
[2026-01-25T08:47:17.224+0000] {logging_mixin.py:188} INFO - [2026-01-25T08:47:17.223+0000] {dag.py:3089} INFO - Sync 1 DAGs
[2026-01-25T08:47:17.820+0000] {logging_mixin.py:188} INFO - [2026-01-25T08:47:17.818+0000] {dag.py:3947} INFO - Setting next_dagrun for smart_city_traffic_batch_dag to 2026-01-25 01:00:00+00:00, run_after=2026-01-26 01:00:00+00:00
[2026-01-25T08:47:18.057+0000] {processor.py:183} INFO - Processing /opt/airflow/dags/smart_city_traffic_batch_dag.py took 7.504 seconds
[2026-01-25T08:47:49.824+0000] {processor.py:161} INFO - Started process (PID=238) to work on /opt/airflow/dags/smart_city_traffic_batch_dag.py
[2026-01-25T08:47:49.851+0000] {processor.py:830} INFO - Processing file /opt/airflow/dags/smart_city_traffic_batch_dag.py for tasks to queue
[2026-01-25T08:47:49.924+0000] {logging_mixin.py:188} INFO - [2026-01-25T08:47:49.910+0000] {dagbag.py:545} INFO - Filling up the DagBag from /opt/airflow/dags/smart_city_traffic_batch_dag.py
[2026-01-25T08:47:54.073+0000] {processor.py:840} INFO - DAG(s) 'smart_city_traffic_batch_dag' retrieved from /opt/airflow/dags/smart_city_traffic_batch_dag.py
[2026-01-25T08:47:54.427+0000] {logging_mixin.py:188} INFO - [2026-01-25T08:47:54.425+0000] {dag.py:3089} INFO - Sync 1 DAGs
[2026-01-25T08:47:54.733+0000] {logging_mixin.py:188} INFO - [2026-01-25T08:47:54.731+0000] {dag.py:3947} INFO - Setting next_dagrun for smart_city_traffic_batch_dag to 2026-01-25 01:00:00+00:00, run_after=2026-01-26 01:00:00+00:00
[2026-01-25T08:48:01.480+0000] {processor.py:183} INFO - Processing /opt/airflow/dags/smart_city_traffic_batch_dag.py took 11.949 seconds
[2026-01-25T08:48:34.068+0000] {processor.py:161} INFO - Started process (PID=244) to work on /opt/airflow/dags/smart_city_traffic_batch_dag.py
[2026-01-25T08:48:34.087+0000] {processor.py:830} INFO - Processing file /opt/airflow/dags/smart_city_traffic_batch_dag.py for tasks to queue
[2026-01-25T08:48:34.177+0000] {logging_mixin.py:188} INFO - [2026-01-25T08:48:34.162+0000] {dagbag.py:545} INFO - Filling up the DagBag from /opt/airflow/dags/smart_city_traffic_batch_dag.py
[2026-01-25T08:48:41.313+0000] {processor.py:840} INFO - DAG(s) 'smart_city_traffic_batch_dag' retrieved from /opt/airflow/dags/smart_city_traffic_batch_dag.py
[2026-01-25T08:48:42.408+0000] {logging_mixin.py:188} INFO - [2026-01-25T08:48:42.405+0000] {dag.py:3089} INFO - Sync 1 DAGs
[2026-01-25T08:48:50.770+0000] {logging_mixin.py:188} INFO - [2026-01-25T08:48:50.766+0000] {dag.py:3947} INFO - Setting next_dagrun for smart_city_traffic_batch_dag to 2026-01-25 01:00:00+00:00, run_after=2026-01-26 01:00:00+00:00
[2026-01-25T08:48:50.894+0000] {processor.py:183} INFO - Processing /opt/airflow/dags/smart_city_traffic_batch_dag.py took 17.081 seconds
[2026-01-25T08:49:23.625+0000] {processor.py:161} INFO - Started process (PID=250) to work on /opt/airflow/dags/smart_city_traffic_batch_dag.py
[2026-01-25T08:49:23.657+0000] {processor.py:830} INFO - Processing file /opt/airflow/dags/smart_city_traffic_batch_dag.py for tasks to queue
[2026-01-25T08:49:23.764+0000] {logging_mixin.py:188} INFO - [2026-01-25T08:49:23.743+0000] {dagbag.py:545} INFO - Filling up the DagBag from /opt/airflow/dags/smart_city_traffic_batch_dag.py
[2026-01-25T08:49:29.767+0000] {processor.py:840} INFO - DAG(s) 'smart_city_traffic_batch_dag' retrieved from /opt/airflow/dags/smart_city_traffic_batch_dag.py
[2026-01-25T08:49:30.409+0000] {logging_mixin.py:188} INFO - [2026-01-25T08:49:30.407+0000] {dag.py:3089} INFO - Sync 1 DAGs
[2026-01-25T08:49:30.947+0000] {logging_mixin.py:188} INFO - [2026-01-25T08:49:30.945+0000] {dag.py:3947} INFO - Setting next_dagrun for smart_city_traffic_batch_dag to 2026-01-25 01:00:00+00:00, run_after=2026-01-26 01:00:00+00:00
[2026-01-25T08:49:31.109+0000] {processor.py:183} INFO - Processing /opt/airflow/dags/smart_city_traffic_batch_dag.py took 7.989 seconds
[2026-01-25T08:50:03.430+0000] {processor.py:161} INFO - Started process (PID=256) to work on /opt/airflow/dags/smart_city_traffic_batch_dag.py
[2026-01-25T08:50:03.451+0000] {processor.py:830} INFO - Processing file /opt/airflow/dags/smart_city_traffic_batch_dag.py for tasks to queue
[2026-01-25T08:50:03.572+0000] {logging_mixin.py:188} INFO - [2026-01-25T08:50:03.545+0000] {dagbag.py:545} INFO - Filling up the DagBag from /opt/airflow/dags/smart_city_traffic_batch_dag.py
[2026-01-25T08:50:09.550+0000] {processor.py:840} INFO - DAG(s) 'smart_city_traffic_batch_dag' retrieved from /opt/airflow/dags/smart_city_traffic_batch_dag.py
[2026-01-25T08:50:10.624+0000] {logging_mixin.py:188} INFO - [2026-01-25T08:50:10.623+0000] {dag.py:3089} INFO - Sync 1 DAGs
[2026-01-25T08:50:11.153+0000] {logging_mixin.py:188} INFO - [2026-01-25T08:50:11.151+0000] {dag.py:3947} INFO - Setting next_dagrun for smart_city_traffic_batch_dag to 2026-01-25 01:00:00+00:00, run_after=2026-01-26 01:00:00+00:00
[2026-01-25T08:50:11.392+0000] {processor.py:183} INFO - Processing /opt/airflow/dags/smart_city_traffic_batch_dag.py took 8.277 seconds
[2026-01-25T08:50:43.998+0000] {processor.py:161} INFO - Started process (PID=262) to work on /opt/airflow/dags/smart_city_traffic_batch_dag.py
[2026-01-25T08:50:44.026+0000] {processor.py:830} INFO - Processing file /opt/airflow/dags/smart_city_traffic_batch_dag.py for tasks to queue
[2026-01-25T08:50:44.217+0000] {logging_mixin.py:188} INFO - [2026-01-25T08:50:44.198+0000] {dagbag.py:545} INFO - Filling up the DagBag from /opt/airflow/dags/smart_city_traffic_batch_dag.py
[2026-01-25T08:50:52.340+0000] {processor.py:840} INFO - DAG(s) 'smart_city_traffic_batch_dag' retrieved from /opt/airflow/dags/smart_city_traffic_batch_dag.py
[2026-01-25T08:50:53.136+0000] {logging_mixin.py:188} INFO - [2026-01-25T08:50:53.136+0000] {dag.py:3089} INFO - Sync 1 DAGs
[2026-01-25T08:51:01.352+0000] {logging_mixin.py:188} INFO - [2026-01-25T08:51:01.352+0000] {dag.py:3947} INFO - Setting next_dagrun for smart_city_traffic_batch_dag to 2026-01-25 01:00:00+00:00, run_after=2026-01-26 01:00:00+00:00
[2026-01-25T08:51:01.482+0000] {processor.py:183} INFO - Processing /opt/airflow/dags/smart_city_traffic_batch_dag.py took 17.983 seconds
[2026-01-25T08:51:33.713+0000] {processor.py:161} INFO - Started process (PID=268) to work on /opt/airflow/dags/smart_city_traffic_batch_dag.py
[2026-01-25T08:51:33.726+0000] {processor.py:830} INFO - Processing file /opt/airflow/dags/smart_city_traffic_batch_dag.py for tasks to queue
[2026-01-25T08:51:33.880+0000] {logging_mixin.py:188} INFO - [2026-01-25T08:51:33.853+0000] {dagbag.py:545} INFO - Filling up the DagBag from /opt/airflow/dags/smart_city_traffic_batch_dag.py
[2026-01-25T08:51:41.131+0000] {processor.py:840} INFO - DAG(s) 'smart_city_traffic_batch_dag' retrieved from /opt/airflow/dags/smart_city_traffic_batch_dag.py
[2026-01-25T08:51:42.035+0000] {logging_mixin.py:188} INFO - [2026-01-25T08:51:42.034+0000] {dag.py:3089} INFO - Sync 1 DAGs
[2026-01-25T08:51:42.503+0000] {logging_mixin.py:188} INFO - [2026-01-25T08:51:42.502+0000] {dag.py:3947} INFO - Setting next_dagrun for smart_city_traffic_batch_dag to 2026-01-25 01:00:00+00:00, run_after=2026-01-26 01:00:00+00:00
[2026-01-25T08:51:42.892+0000] {processor.py:183} INFO - Processing /opt/airflow/dags/smart_city_traffic_batch_dag.py took 9.559 seconds
[2026-01-25T08:52:14.591+0000] {processor.py:161} INFO - Started process (PID=274) to work on /opt/airflow/dags/smart_city_traffic_batch_dag.py
[2026-01-25T08:52:14.619+0000] {processor.py:830} INFO - Processing file /opt/airflow/dags/smart_city_traffic_batch_dag.py for tasks to queue
[2026-01-25T08:52:14.706+0000] {logging_mixin.py:188} INFO - [2026-01-25T08:52:14.686+0000] {dagbag.py:545} INFO - Filling up the DagBag from /opt/airflow/dags/smart_city_traffic_batch_dag.py
[2026-01-25T08:52:19.225+0000] {processor.py:840} INFO - DAG(s) 'smart_city_traffic_batch_dag' retrieved from /opt/airflow/dags/smart_city_traffic_batch_dag.py
[2026-01-25T08:52:19.953+0000] {logging_mixin.py:188} INFO - [2026-01-25T08:52:19.951+0000] {dag.py:3089} INFO - Sync 1 DAGs
[2026-01-25T08:52:20.409+0000] {logging_mixin.py:188} INFO - [2026-01-25T08:52:20.408+0000] {dag.py:3947} INFO - Setting next_dagrun for smart_city_traffic_batch_dag to 2026-01-25 01:00:00+00:00, run_after=2026-01-26 01:00:00+00:00
[2026-01-25T08:52:20.615+0000] {processor.py:183} INFO - Processing /opt/airflow/dags/smart_city_traffic_batch_dag.py took 6.265 seconds
[2026-01-25T08:52:53.147+0000] {processor.py:161} INFO - Started process (PID=280) to work on /opt/airflow/dags/smart_city_traffic_batch_dag.py
[2026-01-25T08:52:53.205+0000] {processor.py:830} INFO - Processing file /opt/airflow/dags/smart_city_traffic_batch_dag.py for tasks to queue
[2026-01-25T08:52:53.322+0000] {logging_mixin.py:188} INFO - [2026-01-25T08:52:53.300+0000] {dagbag.py:545} INFO - Filling up the DagBag from /opt/airflow/dags/smart_city_traffic_batch_dag.py
[2026-01-25T08:52:59.650+0000] {processor.py:840} INFO - DAG(s) 'smart_city_traffic_batch_dag' retrieved from /opt/airflow/dags/smart_city_traffic_batch_dag.py
[2026-01-25T08:53:00.931+0000] {logging_mixin.py:188} INFO - [2026-01-25T08:53:00.930+0000] {dag.py:3089} INFO - Sync 1 DAGs
[2026-01-25T08:53:01.598+0000] {logging_mixin.py:188} INFO - [2026-01-25T08:53:01.597+0000] {dag.py:3947} INFO - Setting next_dagrun for smart_city_traffic_batch_dag to 2026-01-25 01:00:00+00:00, run_after=2026-01-26 01:00:00+00:00
[2026-01-25T08:53:09.753+0000] {processor.py:183} INFO - Processing /opt/airflow/dags/smart_city_traffic_batch_dag.py took 16.932 seconds
[2026-01-25T08:53:41.966+0000] {processor.py:161} INFO - Started process (PID=286) to work on /opt/airflow/dags/smart_city_traffic_batch_dag.py
[2026-01-25T08:53:42.014+0000] {processor.py:830} INFO - Processing file /opt/airflow/dags/smart_city_traffic_batch_dag.py for tasks to queue
[2026-01-25T08:53:42.161+0000] {logging_mixin.py:188} INFO - [2026-01-25T08:53:42.139+0000] {dagbag.py:545} INFO - Filling up the DagBag from /opt/airflow/dags/smart_city_traffic_batch_dag.py
[2026-01-25T08:53:49.419+0000] {processor.py:840} INFO - DAG(s) 'smart_city_traffic_batch_dag' retrieved from /opt/airflow/dags/smart_city_traffic_batch_dag.py
[2026-01-25T08:53:50.378+0000] {logging_mixin.py:188} INFO - [2026-01-25T08:53:50.377+0000] {dag.py:3089} INFO - Sync 1 DAGs
[2026-01-25T08:53:56.732+0000] {logging_mixin.py:188} INFO - [2026-01-25T08:53:56.731+0000] {dag.py:3947} INFO - Setting next_dagrun for smart_city_traffic_batch_dag to 2026-01-25 01:00:00+00:00, run_after=2026-01-26 01:00:00+00:00
[2026-01-25T08:53:56.818+0000] {processor.py:183} INFO - Processing /opt/airflow/dags/smart_city_traffic_batch_dag.py took 15.233 seconds
[2026-01-25T08:54:28.277+0000] {processor.py:161} INFO - Started process (PID=292) to work on /opt/airflow/dags/smart_city_traffic_batch_dag.py
[2026-01-25T08:54:28.292+0000] {processor.py:830} INFO - Processing file /opt/airflow/dags/smart_city_traffic_batch_dag.py for tasks to queue
[2026-01-25T08:54:28.375+0000] {logging_mixin.py:188} INFO - [2026-01-25T08:54:28.359+0000] {dagbag.py:545} INFO - Filling up the DagBag from /opt/airflow/dags/smart_city_traffic_batch_dag.py
[2026-01-25T08:54:34.335+0000] {processor.py:840} INFO - DAG(s) 'smart_city_traffic_batch_dag' retrieved from /opt/airflow/dags/smart_city_traffic_batch_dag.py
[2026-01-25T08:54:34.980+0000] {logging_mixin.py:188} INFO - [2026-01-25T08:54:34.978+0000] {dag.py:3089} INFO - Sync 1 DAGs
[2026-01-25T08:54:35.465+0000] {logging_mixin.py:188} INFO - [2026-01-25T08:54:35.464+0000] {dag.py:3947} INFO - Setting next_dagrun for smart_city_traffic_batch_dag to 2026-01-25 01:00:00+00:00, run_after=2026-01-26 01:00:00+00:00
[2026-01-25T08:54:35.687+0000] {processor.py:183} INFO - Processing /opt/airflow/dags/smart_city_traffic_batch_dag.py took 7.607 seconds
[2026-01-25T08:55:07.336+0000] {processor.py:161} INFO - Started process (PID=298) to work on /opt/airflow/dags/smart_city_traffic_batch_dag.py
[2026-01-25T08:55:07.359+0000] {processor.py:830} INFO - Processing file /opt/airflow/dags/smart_city_traffic_batch_dag.py for tasks to queue
[2026-01-25T08:55:07.605+0000] {logging_mixin.py:188} INFO - [2026-01-25T08:55:07.581+0000] {dagbag.py:545} INFO - Filling up the DagBag from /opt/airflow/dags/smart_city_traffic_batch_dag.py
[2026-01-25T08:55:13.642+0000] {processor.py:840} INFO - DAG(s) 'smart_city_traffic_batch_dag' retrieved from /opt/airflow/dags/smart_city_traffic_batch_dag.py
[2026-01-25T08:55:14.350+0000] {logging_mixin.py:188} INFO - [2026-01-25T08:55:14.348+0000] {dag.py:3089} INFO - Sync 1 DAGs
[2026-01-25T08:55:14.667+0000] {logging_mixin.py:188} INFO - [2026-01-25T08:55:14.666+0000] {dag.py:3947} INFO - Setting next_dagrun for smart_city_traffic_batch_dag to 2026-01-25 01:00:00+00:00, run_after=2026-01-26 01:00:00+00:00
[2026-01-25T08:55:14.859+0000] {processor.py:183} INFO - Processing /opt/airflow/dags/smart_city_traffic_batch_dag.py took 8.043 seconds
[2026-01-25T08:55:45.984+0000] {processor.py:161} INFO - Started process (PID=304) to work on /opt/airflow/dags/smart_city_traffic_batch_dag.py
[2026-01-25T08:55:46.002+0000] {processor.py:830} INFO - Processing file /opt/airflow/dags/smart_city_traffic_batch_dag.py for tasks to queue
[2026-01-25T08:55:46.078+0000] {logging_mixin.py:188} INFO - [2026-01-25T08:55:46.062+0000] {dagbag.py:545} INFO - Filling up the DagBag from /opt/airflow/dags/smart_city_traffic_batch_dag.py
[2026-01-25T08:55:53.794+0000] {processor.py:840} INFO - DAG(s) 'smart_city_traffic_batch_dag' retrieved from /opt/airflow/dags/smart_city_traffic_batch_dag.py
[2026-01-25T08:55:54.778+0000] {logging_mixin.py:188} INFO - [2026-01-25T08:55:54.766+0000] {dag.py:3089} INFO - Sync 1 DAGs
[2026-01-25T08:55:55.367+0000] {logging_mixin.py:188} INFO - [2026-01-25T08:55:55.365+0000] {dag.py:3947} INFO - Setting next_dagrun for smart_city_traffic_batch_dag to 2026-01-25 01:00:00+00:00, run_after=2026-01-26 01:00:00+00:00
[2026-01-25T08:56:07.574+0000] {processor.py:183} INFO - Processing /opt/airflow/dags/smart_city_traffic_batch_dag.py took 21.769 seconds
[2026-01-25T08:56:39.357+0000] {processor.py:161} INFO - Started process (PID=310) to work on /opt/airflow/dags/smart_city_traffic_batch_dag.py
[2026-01-25T08:56:39.381+0000] {processor.py:830} INFO - Processing file /opt/airflow/dags/smart_city_traffic_batch_dag.py for tasks to queue
[2026-01-25T08:56:39.511+0000] {logging_mixin.py:188} INFO - [2026-01-25T08:56:39.478+0000] {dagbag.py:545} INFO - Filling up the DagBag from /opt/airflow/dags/smart_city_traffic_batch_dag.py
[2026-01-25T08:56:45.979+0000] {processor.py:840} INFO - DAG(s) 'smart_city_traffic_batch_dag' retrieved from /opt/airflow/dags/smart_city_traffic_batch_dag.py
[2026-01-25T08:56:47.077+0000] {logging_mixin.py:188} INFO - [2026-01-25T08:56:47.067+0000] {dag.py:3089} INFO - Sync 1 DAGs
[2026-01-25T08:56:53.214+0000] {logging_mixin.py:188} INFO - [2026-01-25T08:56:53.213+0000] {dag.py:3947} INFO - Setting next_dagrun for smart_city_traffic_batch_dag to 2026-01-25 01:00:00+00:00, run_after=2026-01-26 01:00:00+00:00
[2026-01-25T08:56:53.322+0000] {processor.py:183} INFO - Processing /opt/airflow/dags/smart_city_traffic_batch_dag.py took 14.307 seconds
[2026-01-25T08:57:24.670+0000] {processor.py:161} INFO - Started process (PID=316) to work on /opt/airflow/dags/smart_city_traffic_batch_dag.py
[2026-01-25T08:57:24.696+0000] {processor.py:830} INFO - Processing file /opt/airflow/dags/smart_city_traffic_batch_dag.py for tasks to queue
[2026-01-25T08:57:24.780+0000] {logging_mixin.py:188} INFO - [2026-01-25T08:57:24.756+0000] {dagbag.py:545} INFO - Filling up the DagBag from /opt/airflow/dags/smart_city_traffic_batch_dag.py
[2026-01-25T08:57:30.336+0000] {processor.py:840} INFO - DAG(s) 'smart_city_traffic_batch_dag' retrieved from /opt/airflow/dags/smart_city_traffic_batch_dag.py
[2026-01-25T08:57:30.880+0000] {logging_mixin.py:188} INFO - [2026-01-25T08:57:30.878+0000] {dag.py:3089} INFO - Sync 1 DAGs
[2026-01-25T08:57:31.332+0000] {logging_mixin.py:188} INFO - [2026-01-25T08:57:31.331+0000] {dag.py:3947} INFO - Setting next_dagrun for smart_city_traffic_batch_dag to 2026-01-25 01:00:00+00:00, run_after=2026-01-26 01:00:00+00:00
[2026-01-25T08:57:31.489+0000] {processor.py:183} INFO - Processing /opt/airflow/dags/smart_city_traffic_batch_dag.py took 7.001 seconds
[2026-01-25T08:58:03.250+0000] {processor.py:161} INFO - Started process (PID=322) to work on /opt/airflow/dags/smart_city_traffic_batch_dag.py
[2026-01-25T08:58:03.270+0000] {processor.py:830} INFO - Processing file /opt/airflow/dags/smart_city_traffic_batch_dag.py for tasks to queue
[2026-01-25T08:58:03.379+0000] {logging_mixin.py:188} INFO - [2026-01-25T08:58:03.349+0000] {dagbag.py:545} INFO - Filling up the DagBag from /opt/airflow/dags/smart_city_traffic_batch_dag.py
[2026-01-25T08:58:10.716+0000] {processor.py:840} INFO - DAG(s) 'smart_city_traffic_batch_dag' retrieved from /opt/airflow/dags/smart_city_traffic_batch_dag.py
[2026-01-25T08:58:11.705+0000] {logging_mixin.py:188} INFO - [2026-01-25T08:58:11.704+0000] {dag.py:3089} INFO - Sync 1 DAGs
[2026-01-25T08:58:12.094+0000] {logging_mixin.py:188} INFO - [2026-01-25T08:58:12.093+0000] {dag.py:3947} INFO - Setting next_dagrun for smart_city_traffic_batch_dag to 2026-01-25 01:00:00+00:00, run_after=2026-01-26 01:00:00+00:00
[2026-01-25T08:58:17.495+0000] {processor.py:183} INFO - Processing /opt/airflow/dags/smart_city_traffic_batch_dag.py took 14.654 seconds
[2026-01-25T08:59:03.681+0000] {processor.py:161} INFO - Started process (PID=172) to work on /opt/airflow/dags/smart_city_traffic_batch_dag.py
[2026-01-25T08:59:03.690+0000] {processor.py:830} INFO - Processing file /opt/airflow/dags/smart_city_traffic_batch_dag.py for tasks to queue
[2026-01-25T08:59:03.698+0000] {logging_mixin.py:188} INFO - [2026-01-25T08:59:03.696+0000] {dagbag.py:545} INFO - Filling up the DagBag from /opt/airflow/dags/smart_city_traffic_batch_dag.py
[2026-01-25T08:59:06.087+0000] {processor.py:840} INFO - DAG(s) 'smart_city_traffic_batch_dag' retrieved from /opt/airflow/dags/smart_city_traffic_batch_dag.py
[2026-01-25T08:59:06.357+0000] {logging_mixin.py:188} INFO - [2026-01-25T08:59:06.356+0000] {dag.py:3089} INFO - Sync 1 DAGs
[2026-01-25T08:59:06.509+0000] {logging_mixin.py:188} INFO - [2026-01-25T08:59:06.509+0000] {dag.py:3947} INFO - Setting next_dagrun for smart_city_traffic_batch_dag to 2026-01-25 01:00:00+00:00, run_after=2026-01-26 01:00:00+00:00
[2026-01-25T08:59:06.612+0000] {processor.py:183} INFO - Processing /opt/airflow/dags/smart_city_traffic_batch_dag.py took 2.947 seconds
[2026-01-25T08:59:37.788+0000] {processor.py:161} INFO - Started process (PID=179) to work on /opt/airflow/dags/smart_city_traffic_batch_dag.py
[2026-01-25T08:59:37.812+0000] {processor.py:830} INFO - Processing file /opt/airflow/dags/smart_city_traffic_batch_dag.py for tasks to queue
[2026-01-25T08:59:37.926+0000] {logging_mixin.py:188} INFO - [2026-01-25T08:59:37.910+0000] {dagbag.py:545} INFO - Filling up the DagBag from /opt/airflow/dags/smart_city_traffic_batch_dag.py
[2026-01-25T08:59:41.907+0000] {processor.py:840} INFO - DAG(s) 'smart_city_traffic_batch_dag' retrieved from /opt/airflow/dags/smart_city_traffic_batch_dag.py
[2026-01-25T08:59:42.320+0000] {logging_mixin.py:188} INFO - [2026-01-25T08:59:42.318+0000] {dag.py:3089} INFO - Sync 1 DAGs
[2026-01-25T08:59:42.492+0000] {logging_mixin.py:188} INFO - [2026-01-25T08:59:42.491+0000] {dag.py:3947} INFO - Setting next_dagrun for smart_city_traffic_batch_dag to 2026-01-25 01:00:00+00:00, run_after=2026-01-26 01:00:00+00:00
[2026-01-25T08:59:42.584+0000] {processor.py:183} INFO - Processing /opt/airflow/dags/smart_city_traffic_batch_dag.py took 5.037 seconds
[2026-01-25T09:00:13.392+0000] {processor.py:161} INFO - Started process (PID=185) to work on /opt/airflow/dags/smart_city_traffic_batch_dag.py
[2026-01-25T09:00:13.412+0000] {processor.py:830} INFO - Processing file /opt/airflow/dags/smart_city_traffic_batch_dag.py for tasks to queue
[2026-01-25T09:00:13.473+0000] {logging_mixin.py:188} INFO - [2026-01-25T09:00:13.461+0000] {dagbag.py:545} INFO - Filling up the DagBag from /opt/airflow/dags/smart_city_traffic_batch_dag.py
[2026-01-25T09:00:17.958+0000] {processor.py:840} INFO - DAG(s) 'smart_city_traffic_batch_dag' retrieved from /opt/airflow/dags/smart_city_traffic_batch_dag.py
[2026-01-25T09:00:18.768+0000] {logging_mixin.py:188} INFO - [2026-01-25T09:00:18.767+0000] {dag.py:3089} INFO - Sync 1 DAGs
[2026-01-25T09:00:19.079+0000] {logging_mixin.py:188} INFO - [2026-01-25T09:00:19.078+0000] {dag.py:3947} INFO - Setting next_dagrun for smart_city_traffic_batch_dag to 2026-01-25 01:00:00+00:00, run_after=2026-01-26 01:00:00+00:00
[2026-01-25T09:00:19.213+0000] {processor.py:183} INFO - Processing /opt/airflow/dags/smart_city_traffic_batch_dag.py took 6.018 seconds
[2026-01-25T09:00:51.761+0000] {processor.py:161} INFO - Started process (PID=191) to work on /opt/airflow/dags/smart_city_traffic_batch_dag.py
[2026-01-25T09:00:51.807+0000] {processor.py:830} INFO - Processing file /opt/airflow/dags/smart_city_traffic_batch_dag.py for tasks to queue
[2026-01-25T09:00:51.919+0000] {logging_mixin.py:188} INFO - [2026-01-25T09:00:51.900+0000] {dagbag.py:545} INFO - Filling up the DagBag from /opt/airflow/dags/smart_city_traffic_batch_dag.py
[2026-01-25T09:01:01.273+0000] {processor.py:840} INFO - DAG(s) 'smart_city_traffic_batch_dag' retrieved from /opt/airflow/dags/smart_city_traffic_batch_dag.py
[2026-01-25T09:01:02.534+0000] {logging_mixin.py:188} INFO - [2026-01-25T09:01:02.525+0000] {dag.py:3089} INFO - Sync 1 DAGs
[2026-01-25T09:01:02.820+0000] {logging_mixin.py:188} INFO - [2026-01-25T09:01:02.819+0000] {dag.py:3947} INFO - Setting next_dagrun for smart_city_traffic_batch_dag to 2026-01-25 01:00:00+00:00, run_after=2026-01-26 01:00:00+00:00
[2026-01-25T09:01:08.539+0000] {processor.py:183} INFO - Processing /opt/airflow/dags/smart_city_traffic_batch_dag.py took 17.102 seconds
[2026-01-25T09:02:39.937+0000] {processor.py:161} INFO - Started process (PID=172) to work on /opt/airflow/dags/smart_city_traffic_batch_dag.py
[2026-01-25T09:02:39.959+0000] {processor.py:830} INFO - Processing file /opt/airflow/dags/smart_city_traffic_batch_dag.py for tasks to queue
[2026-01-25T09:02:40.043+0000] {logging_mixin.py:188} INFO - [2026-01-25T09:02:40.036+0000] {dagbag.py:545} INFO - Filling up the DagBag from /opt/airflow/dags/smart_city_traffic_batch_dag.py
[2026-01-25T09:02:51.258+0000] {processor.py:840} INFO - DAG(s) 'smart_city_traffic_batch_dag' retrieved from /opt/airflow/dags/smart_city_traffic_batch_dag.py
[2026-01-25T09:02:52.134+0000] {logging_mixin.py:188} INFO - [2026-01-25T09:02:52.126+0000] {dag.py:3089} INFO - Sync 1 DAGs
[2026-01-25T09:02:52.400+0000] {logging_mixin.py:188} INFO - [2026-01-25T09:02:52.399+0000] {dag.py:3947} INFO - Setting next_dagrun for smart_city_traffic_batch_dag to 2026-01-25 01:00:00+00:00, run_after=2026-01-26 01:00:00+00:00
[2026-01-25T09:02:52.478+0000] {processor.py:183} INFO - Processing /opt/airflow/dags/smart_city_traffic_batch_dag.py took 12.714 seconds
[2026-01-25T09:03:25.353+0000] {processor.py:161} INFO - Started process (PID=178) to work on /opt/airflow/dags/smart_city_traffic_batch_dag.py
[2026-01-25T09:03:25.376+0000] {processor.py:830} INFO - Processing file /opt/airflow/dags/smart_city_traffic_batch_dag.py for tasks to queue
[2026-01-25T09:03:25.500+0000] {logging_mixin.py:188} INFO - [2026-01-25T09:03:25.471+0000] {dagbag.py:545} INFO - Filling up the DagBag from /opt/airflow/dags/smart_city_traffic_batch_dag.py
[2026-01-25T09:03:30.138+0000] {processor.py:840} INFO - DAG(s) 'smart_city_traffic_batch_dag' retrieved from /opt/airflow/dags/smart_city_traffic_batch_dag.py
[2026-01-25T09:03:30.802+0000] {logging_mixin.py:188} INFO - [2026-01-25T09:03:30.801+0000] {dag.py:3089} INFO - Sync 1 DAGs
[2026-01-25T09:03:31.153+0000] {logging_mixin.py:188} INFO - [2026-01-25T09:03:31.152+0000] {dag.py:3947} INFO - Setting next_dagrun for smart_city_traffic_batch_dag to 2026-01-25 01:00:00+00:00, run_after=2026-01-26 01:00:00+00:00
[2026-01-25T09:03:31.313+0000] {processor.py:183} INFO - Processing /opt/airflow/dags/smart_city_traffic_batch_dag.py took 6.379 seconds
[2026-01-25T09:04:02.632+0000] {processor.py:161} INFO - Started process (PID=184) to work on /opt/airflow/dags/smart_city_traffic_batch_dag.py
[2026-01-25T09:04:02.643+0000] {processor.py:830} INFO - Processing file /opt/airflow/dags/smart_city_traffic_batch_dag.py for tasks to queue
[2026-01-25T09:04:02.653+0000] {logging_mixin.py:188} INFO - [2026-01-25T09:04:02.648+0000] {dagbag.py:545} INFO - Filling up the DagBag from /opt/airflow/dags/smart_city_traffic_batch_dag.py
[2026-01-25T09:04:05.411+0000] {processor.py:840} INFO - DAG(s) 'smart_city_traffic_batch_dag' retrieved from /opt/airflow/dags/smart_city_traffic_batch_dag.py
[2026-01-25T09:04:05.718+0000] {logging_mixin.py:188} INFO - [2026-01-25T09:04:05.718+0000] {dag.py:3089} INFO - Sync 1 DAGs
[2026-01-25T09:04:05.820+0000] {logging_mixin.py:188} INFO - [2026-01-25T09:04:05.820+0000] {dag.py:3947} INFO - Setting next_dagrun for smart_city_traffic_batch_dag to 2026-01-25 01:00:00+00:00, run_after=2026-01-26 01:00:00+00:00
[2026-01-25T09:04:05.884+0000] {processor.py:183} INFO - Processing /opt/airflow/dags/smart_city_traffic_batch_dag.py took 3.476 seconds
[2026-01-25T09:04:36.485+0000] {processor.py:161} INFO - Started process (PID=190) to work on /opt/airflow/dags/smart_city_traffic_batch_dag.py
[2026-01-25T09:04:36.502+0000] {processor.py:830} INFO - Processing file /opt/airflow/dags/smart_city_traffic_batch_dag.py for tasks to queue
[2026-01-25T09:04:36.538+0000] {logging_mixin.py:188} INFO - [2026-01-25T09:04:36.532+0000] {dagbag.py:545} INFO - Filling up the DagBag from /opt/airflow/dags/smart_city_traffic_batch_dag.py
[2026-01-25T09:04:38.809+0000] {processor.py:840} INFO - DAG(s) 'smart_city_traffic_batch_dag' retrieved from /opt/airflow/dags/smart_city_traffic_batch_dag.py
[2026-01-25T09:04:39.140+0000] {logging_mixin.py:188} INFO - [2026-01-25T09:04:39.140+0000] {dag.py:3089} INFO - Sync 1 DAGs
[2026-01-25T09:04:39.290+0000] {logging_mixin.py:188} INFO - [2026-01-25T09:04:39.290+0000] {dag.py:3947} INFO - Setting next_dagrun for smart_city_traffic_batch_dag to 2026-01-25 01:00:00+00:00, run_after=2026-01-26 01:00:00+00:00
[2026-01-25T09:04:39.362+0000] {processor.py:183} INFO - Processing /opt/airflow/dags/smart_city_traffic_batch_dag.py took 2.957 seconds
[2026-01-25T09:05:11.438+0000] {processor.py:161} INFO - Started process (PID=196) to work on /opt/airflow/dags/smart_city_traffic_batch_dag.py
[2026-01-25T09:05:11.484+0000] {processor.py:830} INFO - Processing file /opt/airflow/dags/smart_city_traffic_batch_dag.py for tasks to queue
[2026-01-25T09:05:11.563+0000] {logging_mixin.py:188} INFO - [2026-01-25T09:05:11.550+0000] {dagbag.py:545} INFO - Filling up the DagBag from /opt/airflow/dags/smart_city_traffic_batch_dag.py
[2026-01-25T09:05:15.670+0000] {processor.py:840} INFO - DAG(s) 'smart_city_traffic_batch_dag' retrieved from /opt/airflow/dags/smart_city_traffic_batch_dag.py
[2026-01-25T09:05:16.326+0000] {logging_mixin.py:188} INFO - [2026-01-25T09:05:16.325+0000] {dag.py:3089} INFO - Sync 1 DAGs
[2026-01-25T09:05:16.564+0000] {logging_mixin.py:188} INFO - [2026-01-25T09:05:16.563+0000] {dag.py:3947} INFO - Setting next_dagrun for smart_city_traffic_batch_dag to 2026-01-25 01:00:00+00:00, run_after=2026-01-26 01:00:00+00:00
[2026-01-25T09:05:16.695+0000] {processor.py:183} INFO - Processing /opt/airflow/dags/smart_city_traffic_batch_dag.py took 5.694 seconds
[2026-01-25T09:05:48.538+0000] {processor.py:161} INFO - Started process (PID=202) to work on /opt/airflow/dags/smart_city_traffic_batch_dag.py
[2026-01-25T09:05:48.546+0000] {processor.py:830} INFO - Processing file /opt/airflow/dags/smart_city_traffic_batch_dag.py for tasks to queue
[2026-01-25T09:05:48.610+0000] {logging_mixin.py:188} INFO - [2026-01-25T09:05:48.597+0000] {dagbag.py:545} INFO - Filling up the DagBag from /opt/airflow/dags/smart_city_traffic_batch_dag.py
[2026-01-25T09:05:53.091+0000] {processor.py:840} INFO - DAG(s) 'smart_city_traffic_batch_dag' retrieved from /opt/airflow/dags/smart_city_traffic_batch_dag.py
[2026-01-25T09:05:53.749+0000] {logging_mixin.py:188} INFO - [2026-01-25T09:05:53.748+0000] {dag.py:3089} INFO - Sync 1 DAGs
[2026-01-25T09:05:53.898+0000] {logging_mixin.py:188} INFO - [2026-01-25T09:05:53.897+0000] {dag.py:3947} INFO - Setting next_dagrun for smart_city_traffic_batch_dag to 2026-01-25 01:00:00+00:00, run_after=2026-01-26 01:00:00+00:00
[2026-01-25T09:05:56.397+0000] {processor.py:183} INFO - Processing /opt/airflow/dags/smart_city_traffic_batch_dag.py took 8.037 seconds
[2026-01-25T09:06:27.286+0000] {processor.py:161} INFO - Started process (PID=208) to work on /opt/airflow/dags/smart_city_traffic_batch_dag.py
[2026-01-25T09:06:27.310+0000] {processor.py:830} INFO - Processing file /opt/airflow/dags/smart_city_traffic_batch_dag.py for tasks to queue
[2026-01-25T09:06:27.352+0000] {logging_mixin.py:188} INFO - [2026-01-25T09:06:27.341+0000] {dagbag.py:545} INFO - Filling up the DagBag from /opt/airflow/dags/smart_city_traffic_batch_dag.py
[2026-01-25T09:06:30.106+0000] {processor.py:840} INFO - DAG(s) 'smart_city_traffic_batch_dag' retrieved from /opt/airflow/dags/smart_city_traffic_batch_dag.py
[2026-01-25T09:06:30.878+0000] {logging_mixin.py:188} INFO - [2026-01-25T09:06:30.876+0000] {dag.py:3089} INFO - Sync 1 DAGs
[2026-01-25T09:06:35.564+0000] {logging_mixin.py:188} INFO - [2026-01-25T09:06:35.563+0000] {dag.py:3947} INFO - Setting next_dagrun for smart_city_traffic_batch_dag to 2026-01-25 01:00:00+00:00, run_after=2026-01-26 01:00:00+00:00
[2026-01-25T09:06:35.654+0000] {processor.py:183} INFO - Processing /opt/airflow/dags/smart_city_traffic_batch_dag.py took 8.513 seconds
[2026-01-25T09:07:06.343+0000] {processor.py:161} INFO - Started process (PID=214) to work on /opt/airflow/dags/smart_city_traffic_batch_dag.py
[2026-01-25T09:07:06.364+0000] {processor.py:830} INFO - Processing file /opt/airflow/dags/smart_city_traffic_batch_dag.py for tasks to queue
[2026-01-25T09:07:06.393+0000] {logging_mixin.py:188} INFO - [2026-01-25T09:07:06.390+0000] {dagbag.py:545} INFO - Filling up the DagBag from /opt/airflow/dags/smart_city_traffic_batch_dag.py
[2026-01-25T09:07:09.113+0000] {processor.py:840} INFO - DAG(s) 'smart_city_traffic_batch_dag' retrieved from /opt/airflow/dags/smart_city_traffic_batch_dag.py
[2026-01-25T09:07:09.655+0000] {logging_mixin.py:188} INFO - [2026-01-25T09:07:09.653+0000] {dag.py:3089} INFO - Sync 1 DAGs
[2026-01-25T09:07:09.819+0000] {logging_mixin.py:188} INFO - [2026-01-25T09:07:09.819+0000] {dag.py:3947} INFO - Setting next_dagrun for smart_city_traffic_batch_dag to 2026-01-25 01:00:00+00:00, run_after=2026-01-26 01:00:00+00:00
[2026-01-25T09:07:09.887+0000] {processor.py:183} INFO - Processing /opt/airflow/dags/smart_city_traffic_batch_dag.py took 3.631 seconds
[2026-01-25T09:07:41.493+0000] {processor.py:161} INFO - Started process (PID=220) to work on /opt/airflow/dags/smart_city_traffic_batch_dag.py
[2026-01-25T09:07:41.514+0000] {processor.py:830} INFO - Processing file /opt/airflow/dags/smart_city_traffic_batch_dag.py for tasks to queue
[2026-01-25T09:07:41.611+0000] {logging_mixin.py:188} INFO - [2026-01-25T09:07:41.595+0000] {dagbag.py:545} INFO - Filling up the DagBag from /opt/airflow/dags/smart_city_traffic_batch_dag.py
[2026-01-25T09:07:47.434+0000] {processor.py:840} INFO - DAG(s) 'smart_city_traffic_batch_dag' retrieved from /opt/airflow/dags/smart_city_traffic_batch_dag.py
[2026-01-25T09:07:47.869+0000] {logging_mixin.py:188} INFO - [2026-01-25T09:07:47.868+0000] {dag.py:3089} INFO - Sync 1 DAGs
[2026-01-25T09:07:48.108+0000] {logging_mixin.py:188} INFO - [2026-01-25T09:07:48.106+0000] {dag.py:3947} INFO - Setting next_dagrun for smart_city_traffic_batch_dag to 2026-01-25 01:00:00+00:00, run_after=2026-01-26 01:00:00+00:00
[2026-01-25T09:07:48.228+0000] {processor.py:183} INFO - Processing /opt/airflow/dags/smart_city_traffic_batch_dag.py took 7.043 seconds
[2026-01-25T09:08:20.117+0000] {processor.py:161} INFO - Started process (PID=226) to work on /opt/airflow/dags/smart_city_traffic_batch_dag.py
[2026-01-25T09:08:20.141+0000] {processor.py:830} INFO - Processing file /opt/airflow/dags/smart_city_traffic_batch_dag.py for tasks to queue
[2026-01-25T09:08:20.231+0000] {logging_mixin.py:188} INFO - [2026-01-25T09:08:20.208+0000] {dagbag.py:545} INFO - Filling up the DagBag from /opt/airflow/dags/smart_city_traffic_batch_dag.py
[2026-01-25T09:08:27.135+0000] {processor.py:840} INFO - DAG(s) 'smart_city_traffic_batch_dag' retrieved from /opt/airflow/dags/smart_city_traffic_batch_dag.py
[2026-01-25T09:08:27.966+0000] {logging_mixin.py:188} INFO - [2026-01-25T09:08:27.964+0000] {dag.py:3089} INFO - Sync 1 DAGs
[2026-01-25T09:08:28.243+0000] {logging_mixin.py:188} INFO - [2026-01-25T09:08:28.242+0000] {dag.py:3947} INFO - Setting next_dagrun for smart_city_traffic_batch_dag to 2026-01-25 01:00:00+00:00, run_after=2026-01-26 01:00:00+00:00
[2026-01-25T09:08:32.827+0000] {processor.py:183} INFO - Processing /opt/airflow/dags/smart_city_traffic_batch_dag.py took 12.941 seconds
[2026-01-25T09:09:04.905+0000] {processor.py:161} INFO - Started process (PID=232) to work on /opt/airflow/dags/smart_city_traffic_batch_dag.py
[2026-01-25T09:09:04.930+0000] {processor.py:830} INFO - Processing file /opt/airflow/dags/smart_city_traffic_batch_dag.py for tasks to queue
[2026-01-25T09:09:04.993+0000] {logging_mixin.py:188} INFO - [2026-01-25T09:09:04.979+0000] {dagbag.py:545} INFO - Filling up the DagBag from /opt/airflow/dags/smart_city_traffic_batch_dag.py
[2026-01-25T09:09:07.958+0000] {processor.py:840} INFO - DAG(s) 'smart_city_traffic_batch_dag' retrieved from /opt/airflow/dags/smart_city_traffic_batch_dag.py
[2026-01-25T09:09:08.417+0000] {logging_mixin.py:188} INFO - [2026-01-25T09:09:08.415+0000] {dag.py:3089} INFO - Sync 1 DAGs
[2026-01-25T09:09:12.805+0000] {logging_mixin.py:188} INFO - [2026-01-25T09:09:12.805+0000] {dag.py:3947} INFO - Setting next_dagrun for smart_city_traffic_batch_dag to 2026-01-25 01:00:00+00:00, run_after=2026-01-26 01:00:00+00:00
[2026-01-25T09:09:12.866+0000] {processor.py:183} INFO - Processing /opt/airflow/dags/smart_city_traffic_batch_dag.py took 8.126 seconds
[2026-01-25T09:09:44.249+0000] {processor.py:161} INFO - Started process (PID=238) to work on /opt/airflow/dags/smart_city_traffic_batch_dag.py
[2026-01-25T09:09:44.268+0000] {processor.py:830} INFO - Processing file /opt/airflow/dags/smart_city_traffic_batch_dag.py for tasks to queue
[2026-01-25T09:09:44.313+0000] {logging_mixin.py:188} INFO - [2026-01-25T09:09:44.305+0000] {dagbag.py:545} INFO - Filling up the DagBag from /opt/airflow/dags/smart_city_traffic_batch_dag.py
[2026-01-25T09:09:48.520+0000] {processor.py:840} INFO - DAG(s) 'smart_city_traffic_batch_dag' retrieved from /opt/airflow/dags/smart_city_traffic_batch_dag.py
[2026-01-25T09:09:48.995+0000] {logging_mixin.py:188} INFO - [2026-01-25T09:09:48.994+0000] {dag.py:3089} INFO - Sync 1 DAGs
[2026-01-25T09:09:49.251+0000] {logging_mixin.py:188} INFO - [2026-01-25T09:09:49.249+0000] {dag.py:3947} INFO - Setting next_dagrun for smart_city_traffic_batch_dag to 2026-01-25 01:00:00+00:00, run_after=2026-01-26 01:00:00+00:00
[2026-01-25T09:09:49.350+0000] {processor.py:183} INFO - Processing /opt/airflow/dags/smart_city_traffic_batch_dag.py took 5.204 seconds
[2026-01-25T09:10:21.350+0000] {processor.py:161} INFO - Started process (PID=244) to work on /opt/airflow/dags/smart_city_traffic_batch_dag.py
[2026-01-25T09:10:21.366+0000] {processor.py:830} INFO - Processing file /opt/airflow/dags/smart_city_traffic_batch_dag.py for tasks to queue
[2026-01-25T09:10:21.438+0000] {logging_mixin.py:188} INFO - [2026-01-25T09:10:21.425+0000] {dagbag.py:545} INFO - Filling up the DagBag from /opt/airflow/dags/smart_city_traffic_batch_dag.py
[2026-01-25T09:10:26.599+0000] {processor.py:840} INFO - DAG(s) 'smart_city_traffic_batch_dag' retrieved from /opt/airflow/dags/smart_city_traffic_batch_dag.py
[2026-01-25T09:10:27.539+0000] {logging_mixin.py:188} INFO - [2026-01-25T09:10:27.538+0000] {dag.py:3089} INFO - Sync 1 DAGs
[2026-01-25T09:10:27.822+0000] {logging_mixin.py:188} INFO - [2026-01-25T09:10:27.821+0000] {dag.py:3947} INFO - Setting next_dagrun for smart_city_traffic_batch_dag to 2026-01-25 01:00:00+00:00, run_after=2026-01-26 01:00:00+00:00
[2026-01-25T09:10:27.958+0000] {processor.py:183} INFO - Processing /opt/airflow/dags/smart_city_traffic_batch_dag.py took 6.808 seconds
[2026-01-25T09:11:01.498+0000] {processor.py:161} INFO - Started process (PID=250) to work on /opt/airflow/dags/smart_city_traffic_batch_dag.py
[2026-01-25T09:11:01.523+0000] {processor.py:830} INFO - Processing file /opt/airflow/dags/smart_city_traffic_batch_dag.py for tasks to queue
[2026-01-25T09:11:01.682+0000] {logging_mixin.py:188} INFO - [2026-01-25T09:11:01.652+0000] {dagbag.py:545} INFO - Filling up the DagBag from /opt/airflow/dags/smart_city_traffic_batch_dag.py
[2026-01-25T09:12:53.632+0000] {processor.py:161} INFO - Started process (PID=172) to work on /opt/airflow/dags/smart_city_traffic_batch_dag.py
[2026-01-25T09:12:53.652+0000] {processor.py:830} INFO - Processing file /opt/airflow/dags/smart_city_traffic_batch_dag.py for tasks to queue
[2026-01-25T09:12:53.693+0000] {logging_mixin.py:188} INFO - [2026-01-25T09:12:53.684+0000] {dagbag.py:545} INFO - Filling up the DagBag from /opt/airflow/dags/smart_city_traffic_batch_dag.py
[2026-01-25T09:12:59.654+0000] {processor.py:840} INFO - DAG(s) 'smart_city_traffic_batch_dag' retrieved from /opt/airflow/dags/smart_city_traffic_batch_dag.py
[2026-01-25T09:13:00.123+0000] {logging_mixin.py:188} INFO - [2026-01-25T09:13:00.121+0000] {dag.py:3089} INFO - Sync 1 DAGs
[2026-01-25T09:13:00.414+0000] {logging_mixin.py:188} INFO - [2026-01-25T09:13:00.413+0000] {dag.py:3947} INFO - Setting next_dagrun for smart_city_traffic_batch_dag to 2026-01-25 01:00:00+00:00, run_after=2026-01-26 01:00:00+00:00
[2026-01-25T09:13:00.633+0000] {processor.py:183} INFO - Processing /opt/airflow/dags/smart_city_traffic_batch_dag.py took 7.184 seconds
[2026-01-25T09:13:32.539+0000] {processor.py:161} INFO - Started process (PID=178) to work on /opt/airflow/dags/smart_city_traffic_batch_dag.py
[2026-01-25T09:13:32.548+0000] {processor.py:830} INFO - Processing file /opt/airflow/dags/smart_city_traffic_batch_dag.py for tasks to queue
[2026-01-25T09:13:32.646+0000] {logging_mixin.py:188} INFO - [2026-01-25T09:13:32.627+0000] {dagbag.py:545} INFO - Filling up the DagBag from /opt/airflow/dags/smart_city_traffic_batch_dag.py
[2026-01-25T09:13:37.806+0000] {processor.py:840} INFO - DAG(s) 'smart_city_traffic_batch_dag' retrieved from /opt/airflow/dags/smart_city_traffic_batch_dag.py
[2026-01-25T09:13:38.872+0000] {logging_mixin.py:188} INFO - [2026-01-25T09:13:38.864+0000] {dag.py:3089} INFO - Sync 1 DAGs
[2026-01-25T09:13:39.153+0000] {logging_mixin.py:188} INFO - [2026-01-25T09:13:39.152+0000] {dag.py:3947} INFO - Setting next_dagrun for smart_city_traffic_batch_dag to 2026-01-25 01:00:00+00:00, run_after=2026-01-26 01:00:00+00:00
[2026-01-25T09:13:39.316+0000] {processor.py:183} INFO - Processing /opt/airflow/dags/smart_city_traffic_batch_dag.py took 6.977 seconds
[2026-01-25T09:14:10.529+0000] {processor.py:161} INFO - Started process (PID=184) to work on /opt/airflow/dags/smart_city_traffic_batch_dag.py
[2026-01-25T09:14:10.537+0000] {processor.py:830} INFO - Processing file /opt/airflow/dags/smart_city_traffic_batch_dag.py for tasks to queue
[2026-01-25T09:14:10.570+0000] {logging_mixin.py:188} INFO - [2026-01-25T09:14:10.559+0000] {dagbag.py:545} INFO - Filling up the DagBag from /opt/airflow/dags/smart_city_traffic_batch_dag.py
[2026-01-25T09:14:12.833+0000] {processor.py:840} INFO - DAG(s) 'smart_city_traffic_batch_dag' retrieved from /opt/airflow/dags/smart_city_traffic_batch_dag.py
[2026-01-25T09:14:12.991+0000] {logging_mixin.py:188} INFO - [2026-01-25T09:14:12.990+0000] {dag.py:3089} INFO - Sync 1 DAGs
[2026-01-25T09:14:13.088+0000] {logging_mixin.py:188} INFO - [2026-01-25T09:14:13.087+0000] {dag.py:3947} INFO - Setting next_dagrun for smart_city_traffic_batch_dag to 2026-01-25 01:00:00+00:00, run_after=2026-01-26 01:00:00+00:00
[2026-01-25T09:14:13.146+0000] {processor.py:183} INFO - Processing /opt/airflow/dags/smart_city_traffic_batch_dag.py took 2.709 seconds
[2026-01-25T09:14:45.342+0000] {processor.py:161} INFO - Started process (PID=190) to work on /opt/airflow/dags/smart_city_traffic_batch_dag.py
[2026-01-25T09:14:45.604+0000] {processor.py:830} INFO - Processing file /opt/airflow/dags/smart_city_traffic_batch_dag.py for tasks to queue
[2026-01-25T09:14:46.420+0000] {logging_mixin.py:188} INFO - [2026-01-25T09:14:46.361+0000] {dagbag.py:545} INFO - Filling up the DagBag from /opt/airflow/dags/smart_city_traffic_batch_dag.py
[2026-01-25T09:14:55.232+0000] {processor.py:840} INFO - DAG(s) 'smart_city_traffic_batch_dag' retrieved from /opt/airflow/dags/smart_city_traffic_batch_dag.py
[2026-01-25T09:14:55.721+0000] {logging_mixin.py:188} INFO - [2026-01-25T09:14:55.719+0000] {dag.py:3089} INFO - Sync 1 DAGs
[2026-01-25T09:14:55.980+0000] {logging_mixin.py:188} INFO - [2026-01-25T09:14:55.979+0000] {dag.py:3947} INFO - Setting next_dagrun for smart_city_traffic_batch_dag to 2026-01-25 01:00:00+00:00, run_after=2026-01-26 01:00:00+00:00
[2026-01-25T09:14:56.116+0000] {processor.py:183} INFO - Processing /opt/airflow/dags/smart_city_traffic_batch_dag.py took 11.176 seconds
[2026-01-25T09:15:27.244+0000] {processor.py:161} INFO - Started process (PID=198) to work on /opt/airflow/dags/smart_city_traffic_batch_dag.py
[2026-01-25T09:15:27.250+0000] {processor.py:830} INFO - Processing file /opt/airflow/dags/smart_city_traffic_batch_dag.py for tasks to queue
[2026-01-25T09:15:27.269+0000] {logging_mixin.py:188} INFO - [2026-01-25T09:15:27.267+0000] {dagbag.py:545} INFO - Filling up the DagBag from /opt/airflow/dags/smart_city_traffic_batch_dag.py
[2026-01-25T09:15:28.525+0000] {processor.py:840} INFO - DAG(s) 'smart_city_traffic_batch_dag' retrieved from /opt/airflow/dags/smart_city_traffic_batch_dag.py
[2026-01-25T09:15:28.844+0000] {logging_mixin.py:188} INFO - [2026-01-25T09:15:28.843+0000] {dag.py:3089} INFO - Sync 1 DAGs
[2026-01-25T09:15:28.978+0000] {logging_mixin.py:188} INFO - [2026-01-25T09:15:28.977+0000] {dag.py:3947} INFO - Setting next_dagrun for smart_city_traffic_batch_dag to 2026-01-25 01:00:00+00:00, run_after=2026-01-26 01:00:00+00:00
[2026-01-25T09:15:29.056+0000] {processor.py:183} INFO - Processing /opt/airflow/dags/smart_city_traffic_batch_dag.py took 1.869 seconds
[2026-01-25T09:16:01.870+0000] {processor.py:161} INFO - Started process (PID=208) to work on /opt/airflow/dags/smart_city_traffic_batch_dag.py
[2026-01-25T09:16:01.891+0000] {processor.py:830} INFO - Processing file /opt/airflow/dags/smart_city_traffic_batch_dag.py for tasks to queue
[2026-01-25T09:16:01.979+0000] {logging_mixin.py:188} INFO - [2026-01-25T09:16:01.964+0000] {dagbag.py:545} INFO - Filling up the DagBag from /opt/airflow/dags/smart_city_traffic_batch_dag.py
[2026-01-25T09:16:07.220+0000] {processor.py:840} INFO - DAG(s) 'smart_city_traffic_batch_dag' retrieved from /opt/airflow/dags/smart_city_traffic_batch_dag.py
[2026-01-25T09:16:07.739+0000] {logging_mixin.py:188} INFO - [2026-01-25T09:16:07.738+0000] {dag.py:3089} INFO - Sync 1 DAGs
[2026-01-25T09:16:07.988+0000] {logging_mixin.py:188} INFO - [2026-01-25T09:16:07.987+0000] {dag.py:3947} INFO - Setting next_dagrun for smart_city_traffic_batch_dag to 2026-01-25 01:00:00+00:00, run_after=2026-01-26 01:00:00+00:00
[2026-01-25T09:16:11.623+0000] {processor.py:183} INFO - Processing /opt/airflow/dags/smart_city_traffic_batch_dag.py took 10.009 seconds
[2026-01-25T09:16:43.908+0000] {processor.py:161} INFO - Started process (PID=214) to work on /opt/airflow/dags/smart_city_traffic_batch_dag.py
[2026-01-25T09:16:43.932+0000] {processor.py:830} INFO - Processing file /opt/airflow/dags/smart_city_traffic_batch_dag.py for tasks to queue
[2026-01-25T09:16:44.028+0000] {logging_mixin.py:188} INFO - [2026-01-25T09:16:44.009+0000] {dagbag.py:545} INFO - Filling up the DagBag from /opt/airflow/dags/smart_city_traffic_batch_dag.py
[2026-01-25T09:16:49.916+0000] {processor.py:840} INFO - DAG(s) 'smart_city_traffic_batch_dag' retrieved from /opt/airflow/dags/smart_city_traffic_batch_dag.py
[2026-01-25T09:16:50.503+0000] {logging_mixin.py:188} INFO - [2026-01-25T09:16:50.502+0000] {dag.py:3089} INFO - Sync 1 DAGs
[2026-01-25T09:16:52.940+0000] {logging_mixin.py:188} INFO - [2026-01-25T09:16:52.939+0000] {dag.py:3947} INFO - Setting next_dagrun for smart_city_traffic_batch_dag to 2026-01-25 01:00:00+00:00, run_after=2026-01-26 01:00:00+00:00
[2026-01-25T09:16:52.992+0000] {processor.py:183} INFO - Processing /opt/airflow/dags/smart_city_traffic_batch_dag.py took 9.337 seconds
[2026-01-25T09:17:24.091+0000] {processor.py:161} INFO - Started process (PID=220) to work on /opt/airflow/dags/smart_city_traffic_batch_dag.py
[2026-01-25T09:17:24.109+0000] {processor.py:830} INFO - Processing file /opt/airflow/dags/smart_city_traffic_batch_dag.py for tasks to queue
[2026-01-25T09:17:24.164+0000] {logging_mixin.py:188} INFO - [2026-01-25T09:17:24.154+0000] {dagbag.py:545} INFO - Filling up the DagBag from /opt/airflow/dags/smart_city_traffic_batch_dag.py
[2026-01-25T09:17:28.871+0000] {processor.py:840} INFO - DAG(s) 'smart_city_traffic_batch_dag' retrieved from /opt/airflow/dags/smart_city_traffic_batch_dag.py
[2026-01-25T09:17:29.577+0000] {logging_mixin.py:188} INFO - [2026-01-25T09:17:29.576+0000] {dag.py:3089} INFO - Sync 1 DAGs
[2026-01-25T09:17:29.718+0000] {logging_mixin.py:188} INFO - [2026-01-25T09:17:29.717+0000] {dag.py:3947} INFO - Setting next_dagrun for smart_city_traffic_batch_dag to 2026-01-25 01:00:00+00:00, run_after=2026-01-26 01:00:00+00:00
[2026-01-25T09:17:29.797+0000] {processor.py:183} INFO - Processing /opt/airflow/dags/smart_city_traffic_batch_dag.py took 5.908 seconds
[2026-01-25T09:18:01.403+0000] {processor.py:161} INFO - Started process (PID=226) to work on /opt/airflow/dags/smart_city_traffic_batch_dag.py
[2026-01-25T09:18:01.411+0000] {processor.py:830} INFO - Processing file /opt/airflow/dags/smart_city_traffic_batch_dag.py for tasks to queue
[2026-01-25T09:18:01.458+0000] {logging_mixin.py:188} INFO - [2026-01-25T09:18:01.447+0000] {dagbag.py:545} INFO - Filling up the DagBag from /opt/airflow/dags/smart_city_traffic_batch_dag.py
[2026-01-25T09:18:07.396+0000] {processor.py:840} INFO - DAG(s) 'smart_city_traffic_batch_dag' retrieved from /opt/airflow/dags/smart_city_traffic_batch_dag.py
[2026-01-25T09:18:07.812+0000] {logging_mixin.py:188} INFO - [2026-01-25T09:18:07.811+0000] {dag.py:3089} INFO - Sync 1 DAGs
[2026-01-25T09:18:08.048+0000] {logging_mixin.py:188} INFO - [2026-01-25T09:18:08.047+0000] {dag.py:3947} INFO - Setting next_dagrun for smart_city_traffic_batch_dag to 2026-01-25 01:00:00+00:00, run_after=2026-01-26 01:00:00+00:00
[2026-01-25T09:18:08.388+0000] {processor.py:183} INFO - Processing /opt/airflow/dags/smart_city_traffic_batch_dag.py took 7.160 seconds
[2026-01-25T09:18:40.046+0000] {processor.py:161} INFO - Started process (PID=232) to work on /opt/airflow/dags/smart_city_traffic_batch_dag.py
[2026-01-25T09:18:40.056+0000] {processor.py:830} INFO - Processing file /opt/airflow/dags/smart_city_traffic_batch_dag.py for tasks to queue
[2026-01-25T09:18:40.155+0000] {logging_mixin.py:188} INFO - [2026-01-25T09:18:40.140+0000] {dagbag.py:545} INFO - Filling up the DagBag from /opt/airflow/dags/smart_city_traffic_batch_dag.py
[2026-01-25T09:18:45.742+0000] {processor.py:840} INFO - DAG(s) 'smart_city_traffic_batch_dag' retrieved from /opt/airflow/dags/smart_city_traffic_batch_dag.py
[2026-01-25T09:18:46.093+0000] {logging_mixin.py:188} INFO - [2026-01-25T09:18:46.092+0000] {dag.py:3089} INFO - Sync 1 DAGs
[2026-01-25T09:18:46.234+0000] {logging_mixin.py:188} INFO - [2026-01-25T09:18:46.233+0000] {dag.py:3947} INFO - Setting next_dagrun for smart_city_traffic_batch_dag to 2026-01-25 01:00:00+00:00, run_after=2026-01-26 01:00:00+00:00
[2026-01-25T09:18:51.467+0000] {processor.py:183} INFO - Processing /opt/airflow/dags/smart_city_traffic_batch_dag.py took 11.618 seconds
[2026-01-25T09:19:23.601+0000] {processor.py:161} INFO - Started process (PID=238) to work on /opt/airflow/dags/smart_city_traffic_batch_dag.py
[2026-01-25T09:19:23.724+0000] {processor.py:830} INFO - Processing file /opt/airflow/dags/smart_city_traffic_batch_dag.py for tasks to queue
[2026-01-25T09:19:23.922+0000] {logging_mixin.py:188} INFO - [2026-01-25T09:19:23.893+0000] {dagbag.py:545} INFO - Filling up the DagBag from /opt/airflow/dags/smart_city_traffic_batch_dag.py
[2026-01-25T09:19:32.445+0000] {processor.py:840} INFO - DAG(s) 'smart_city_traffic_batch_dag' retrieved from /opt/airflow/dags/smart_city_traffic_batch_dag.py
[2026-01-25T09:19:33.327+0000] {logging_mixin.py:188} INFO - [2026-01-25T09:19:33.326+0000] {dag.py:3089} INFO - Sync 1 DAGs
[2026-01-25T09:19:40.439+0000] {logging_mixin.py:188} INFO - [2026-01-25T09:19:40.438+0000] {dag.py:3947} INFO - Setting next_dagrun for smart_city_traffic_batch_dag to 2026-01-25 01:00:00+00:00, run_after=2026-01-26 01:00:00+00:00
[2026-01-25T09:19:40.564+0000] {processor.py:183} INFO - Processing /opt/airflow/dags/smart_city_traffic_batch_dag.py took 17.354 seconds
[2026-01-25T09:20:11.827+0000] {processor.py:161} INFO - Started process (PID=244) to work on /opt/airflow/dags/smart_city_traffic_batch_dag.py
[2026-01-25T09:20:11.844+0000] {processor.py:830} INFO - Processing file /opt/airflow/dags/smart_city_traffic_batch_dag.py for tasks to queue
[2026-01-25T09:20:11.880+0000] {logging_mixin.py:188} INFO - [2026-01-25T09:20:11.872+0000] {dagbag.py:545} INFO - Filling up the DagBag from /opt/airflow/dags/smart_city_traffic_batch_dag.py
[2026-01-25T09:20:14.667+0000] {processor.py:840} INFO - DAG(s) 'smart_city_traffic_batch_dag' retrieved from /opt/airflow/dags/smart_city_traffic_batch_dag.py
[2026-01-25T09:20:14.986+0000] {logging_mixin.py:188} INFO - [2026-01-25T09:20:14.984+0000] {dag.py:3089} INFO - Sync 1 DAGs
[2026-01-25T09:20:15.106+0000] {logging_mixin.py:188} INFO - [2026-01-25T09:20:15.105+0000] {dag.py:3947} INFO - Setting next_dagrun for smart_city_traffic_batch_dag to 2026-01-25 01:00:00+00:00, run_after=2026-01-26 01:00:00+00:00
[2026-01-25T09:20:15.189+0000] {processor.py:183} INFO - Processing /opt/airflow/dags/smart_city_traffic_batch_dag.py took 3.526 seconds
[2026-01-25T09:20:46.431+0000] {processor.py:161} INFO - Started process (PID=253) to work on /opt/airflow/dags/smart_city_traffic_batch_dag.py
[2026-01-25T09:20:46.445+0000] {processor.py:830} INFO - Processing file /opt/airflow/dags/smart_city_traffic_batch_dag.py for tasks to queue
[2026-01-25T09:20:46.486+0000] {logging_mixin.py:188} INFO - [2026-01-25T09:20:46.482+0000] {dagbag.py:545} INFO - Filling up the DagBag from /opt/airflow/dags/smart_city_traffic_batch_dag.py
[2026-01-25T09:20:47.719+0000] {processor.py:840} INFO - DAG(s) 'smart_city_traffic_batch_dag' retrieved from /opt/airflow/dags/smart_city_traffic_batch_dag.py
[2026-01-25T09:20:47.967+0000] {logging_mixin.py:188} INFO - [2026-01-25T09:20:47.967+0000] {dag.py:3089} INFO - Sync 1 DAGs
[2026-01-25T09:20:48.097+0000] {logging_mixin.py:188} INFO - [2026-01-25T09:20:48.095+0000] {dag.py:3947} INFO - Setting next_dagrun for smart_city_traffic_batch_dag to 2026-01-25 01:00:00+00:00, run_after=2026-01-26 01:00:00+00:00
[2026-01-25T09:20:48.169+0000] {processor.py:183} INFO - Processing /opt/airflow/dags/smart_city_traffic_batch_dag.py took 1.847 seconds
[2026-01-25T09:21:19.751+0000] {processor.py:161} INFO - Started process (PID=259) to work on /opt/airflow/dags/smart_city_traffic_batch_dag.py
[2026-01-25T09:21:19.774+0000] {processor.py:830} INFO - Processing file /opt/airflow/dags/smart_city_traffic_batch_dag.py for tasks to queue
[2026-01-25T09:21:19.847+0000] {logging_mixin.py:188} INFO - [2026-01-25T09:21:19.829+0000] {dagbag.py:545} INFO - Filling up the DagBag from /opt/airflow/dags/smart_city_traffic_batch_dag.py
[2026-01-25T09:21:23.965+0000] {processor.py:840} INFO - DAG(s) 'smart_city_traffic_batch_dag' retrieved from /opt/airflow/dags/smart_city_traffic_batch_dag.py
[2026-01-25T09:21:24.356+0000] {logging_mixin.py:188} INFO - [2026-01-25T09:21:24.355+0000] {dag.py:3089} INFO - Sync 1 DAGs
[2026-01-25T09:21:24.540+0000] {logging_mixin.py:188} INFO - [2026-01-25T09:21:24.539+0000] {dag.py:3947} INFO - Setting next_dagrun for smart_city_traffic_batch_dag to 2026-01-25 01:00:00+00:00, run_after=2026-01-26 01:00:00+00:00
[2026-01-25T09:21:27.338+0000] {processor.py:183} INFO - Processing /opt/airflow/dags/smart_city_traffic_batch_dag.py took 7.794 seconds
[2026-01-25T09:21:59.139+0000] {processor.py:161} INFO - Started process (PID=265) to work on /opt/airflow/dags/smart_city_traffic_batch_dag.py
[2026-01-25T09:21:59.170+0000] {processor.py:830} INFO - Processing file /opt/airflow/dags/smart_city_traffic_batch_dag.py for tasks to queue
[2026-01-25T09:21:59.282+0000] {logging_mixin.py:188} INFO - [2026-01-25T09:21:59.267+0000] {dagbag.py:545} INFO - Filling up the DagBag from /opt/airflow/dags/smart_city_traffic_batch_dag.py
[2026-01-25T09:22:04.834+0000] {processor.py:840} INFO - DAG(s) 'smart_city_traffic_batch_dag' retrieved from /opt/airflow/dags/smart_city_traffic_batch_dag.py
[2026-01-25T09:22:05.378+0000] {logging_mixin.py:188} INFO - [2026-01-25T09:22:05.377+0000] {dag.py:3089} INFO - Sync 1 DAGs
[2026-01-25T09:22:11.550+0000] {logging_mixin.py:188} INFO - [2026-01-25T09:22:11.549+0000] {dag.py:3947} INFO - Setting next_dagrun for smart_city_traffic_batch_dag to 2026-01-25 01:00:00+00:00, run_after=2026-01-26 01:00:00+00:00
[2026-01-25T09:22:11.618+0000] {processor.py:183} INFO - Processing /opt/airflow/dags/smart_city_traffic_batch_dag.py took 12.698 seconds
[2026-01-25T09:22:43.997+0000] {processor.py:161} INFO - Started process (PID=271) to work on /opt/airflow/dags/smart_city_traffic_batch_dag.py
[2026-01-25T09:22:44.016+0000] {processor.py:830} INFO - Processing file /opt/airflow/dags/smart_city_traffic_batch_dag.py for tasks to queue
[2026-01-25T09:22:44.106+0000] {logging_mixin.py:188} INFO - [2026-01-25T09:22:44.090+0000] {dagbag.py:545} INFO - Filling up the DagBag from /opt/airflow/dags/smart_city_traffic_batch_dag.py
[2026-01-25T09:22:50.125+0000] {processor.py:840} INFO - DAG(s) 'smart_city_traffic_batch_dag' retrieved from /opt/airflow/dags/smart_city_traffic_batch_dag.py
[2026-01-25T09:22:50.639+0000] {logging_mixin.py:188} INFO - [2026-01-25T09:22:50.636+0000] {dag.py:3089} INFO - Sync 1 DAGs
[2026-01-25T09:22:50.843+0000] {logging_mixin.py:188} INFO - [2026-01-25T09:22:50.841+0000] {dag.py:3947} INFO - Setting next_dagrun for smart_city_traffic_batch_dag to 2026-01-25 01:00:00+00:00, run_after=2026-01-26 01:00:00+00:00
[2026-01-25T09:22:50.954+0000] {processor.py:183} INFO - Processing /opt/airflow/dags/smart_city_traffic_batch_dag.py took 7.231 seconds
[2026-01-25T09:23:24.011+0000] {processor.py:161} INFO - Started process (PID=277) to work on /opt/airflow/dags/smart_city_traffic_batch_dag.py
[2026-01-25T09:23:24.075+0000] {processor.py:830} INFO - Processing file /opt/airflow/dags/smart_city_traffic_batch_dag.py for tasks to queue
[2026-01-25T09:23:24.226+0000] {logging_mixin.py:188} INFO - [2026-01-25T09:23:24.197+0000] {dagbag.py:545} INFO - Filling up the DagBag from /opt/airflow/dags/smart_city_traffic_batch_dag.py
[2026-01-25T09:23:31.174+0000] {processor.py:840} INFO - DAG(s) 'smart_city_traffic_batch_dag' retrieved from /opt/airflow/dags/smart_city_traffic_batch_dag.py
[2026-01-25T09:23:32.292+0000] {logging_mixin.py:188} INFO - [2026-01-25T09:23:32.289+0000] {dag.py:3089} INFO - Sync 1 DAGs
[2026-01-25T09:23:32.582+0000] {logging_mixin.py:188} INFO - [2026-01-25T09:23:32.581+0000] {dag.py:3947} INFO - Setting next_dagrun for smart_city_traffic_batch_dag to 2026-01-25 01:00:00+00:00, run_after=2026-01-26 01:00:00+00:00
[2026-01-25T09:23:32.815+0000] {processor.py:183} INFO - Processing /opt/airflow/dags/smart_city_traffic_batch_dag.py took 9.210 seconds
[2026-01-25T09:24:05.874+0000] {processor.py:161} INFO - Started process (PID=283) to work on /opt/airflow/dags/smart_city_traffic_batch_dag.py
[2026-01-25T09:24:05.904+0000] {processor.py:830} INFO - Processing file /opt/airflow/dags/smart_city_traffic_batch_dag.py for tasks to queue
[2026-01-25T09:24:06.078+0000] {logging_mixin.py:188} INFO - [2026-01-25T09:24:06.041+0000] {dagbag.py:545} INFO - Filling up the DagBag from /opt/airflow/dags/smart_city_traffic_batch_dag.py
[2026-01-25T09:24:14.072+0000] {processor.py:840} INFO - DAG(s) 'smart_city_traffic_batch_dag' retrieved from /opt/airflow/dags/smart_city_traffic_batch_dag.py
[2026-01-25T09:24:14.953+0000] {logging_mixin.py:188} INFO - [2026-01-25T09:24:14.952+0000] {dag.py:3089} INFO - Sync 1 DAGs
[2026-01-25T09:24:15.167+0000] {logging_mixin.py:188} INFO - [2026-01-25T09:24:15.166+0000] {dag.py:3947} INFO - Setting next_dagrun for smart_city_traffic_batch_dag to 2026-01-25 01:00:00+00:00, run_after=2026-01-26 01:00:00+00:00
[2026-01-25T09:24:21.963+0000] {processor.py:183} INFO - Processing /opt/airflow/dags/smart_city_traffic_batch_dag.py took 16.524 seconds
[2026-01-25T09:24:55.986+0000] {processor.py:161} INFO - Started process (PID=289) to work on /opt/airflow/dags/smart_city_traffic_batch_dag.py
[2026-01-25T09:24:56.036+0000] {processor.py:830} INFO - Processing file /opt/airflow/dags/smart_city_traffic_batch_dag.py for tasks to queue
[2026-01-25T09:24:56.167+0000] {logging_mixin.py:188} INFO - [2026-01-25T09:24:56.148+0000] {dagbag.py:545} INFO - Filling up the DagBag from /opt/airflow/dags/smart_city_traffic_batch_dag.py
[2026-01-25T09:25:02.091+0000] {processor.py:840} INFO - DAG(s) 'smart_city_traffic_batch_dag' retrieved from /opt/airflow/dags/smart_city_traffic_batch_dag.py
[2026-01-25T09:25:02.785+0000] {logging_mixin.py:188} INFO - [2026-01-25T09:25:02.784+0000] {dag.py:3089} INFO - Sync 1 DAGs
[2026-01-25T09:25:07.398+0000] {logging_mixin.py:188} INFO - [2026-01-25T09:25:07.397+0000] {dag.py:3947} INFO - Setting next_dagrun for smart_city_traffic_batch_dag to 2026-01-25 01:00:00+00:00, run_after=2026-01-26 01:00:00+00:00
[2026-01-25T09:25:07.469+0000] {processor.py:183} INFO - Processing /opt/airflow/dags/smart_city_traffic_batch_dag.py took 12.022 seconds
[2026-01-25T09:25:38.650+0000] {processor.py:161} INFO - Started process (PID=295) to work on /opt/airflow/dags/smart_city_traffic_batch_dag.py
[2026-01-25T09:25:38.669+0000] {processor.py:830} INFO - Processing file /opt/airflow/dags/smart_city_traffic_batch_dag.py for tasks to queue
[2026-01-25T09:25:38.761+0000] {logging_mixin.py:188} INFO - [2026-01-25T09:25:38.746+0000] {dagbag.py:545} INFO - Filling up the DagBag from /opt/airflow/dags/smart_city_traffic_batch_dag.py
[2026-01-25T09:25:43.444+0000] {processor.py:840} INFO - DAG(s) 'smart_city_traffic_batch_dag' retrieved from /opt/airflow/dags/smart_city_traffic_batch_dag.py
[2026-01-25T09:25:43.913+0000] {logging_mixin.py:188} INFO - [2026-01-25T09:25:43.912+0000] {dag.py:3089} INFO - Sync 1 DAGs
[2026-01-25T09:25:44.076+0000] {logging_mixin.py:188} INFO - [2026-01-25T09:25:44.075+0000] {dag.py:3947} INFO - Setting next_dagrun for smart_city_traffic_batch_dag to 2026-01-25 01:00:00+00:00, run_after=2026-01-26 01:00:00+00:00
[2026-01-25T09:25:44.177+0000] {processor.py:183} INFO - Processing /opt/airflow/dags/smart_city_traffic_batch_dag.py took 5.763 seconds
[2026-01-25T09:26:16.212+0000] {processor.py:161} INFO - Started process (PID=301) to work on /opt/airflow/dags/smart_city_traffic_batch_dag.py
[2026-01-25T09:26:16.225+0000] {processor.py:830} INFO - Processing file /opt/airflow/dags/smart_city_traffic_batch_dag.py for tasks to queue
[2026-01-25T09:26:16.279+0000] {logging_mixin.py:188} INFO - [2026-01-25T09:26:16.270+0000] {dagbag.py:545} INFO - Filling up the DagBag from /opt/airflow/dags/smart_city_traffic_batch_dag.py
[2026-01-25T09:26:20.883+0000] {processor.py:840} INFO - DAG(s) 'smart_city_traffic_batch_dag' retrieved from /opt/airflow/dags/smart_city_traffic_batch_dag.py
[2026-01-25T09:26:21.551+0000] {logging_mixin.py:188} INFO - [2026-01-25T09:26:21.550+0000] {dag.py:3089} INFO - Sync 1 DAGs
[2026-01-25T09:26:21.787+0000] {logging_mixin.py:188} INFO - [2026-01-25T09:26:21.786+0000] {dag.py:3947} INFO - Setting next_dagrun for smart_city_traffic_batch_dag to 2026-01-25 01:00:00+00:00, run_after=2026-01-26 01:00:00+00:00
[2026-01-25T09:26:21.982+0000] {processor.py:183} INFO - Processing /opt/airflow/dags/smart_city_traffic_batch_dag.py took 5.914 seconds
[2026-01-25T09:26:54.119+0000] {processor.py:161} INFO - Started process (PID=307) to work on /opt/airflow/dags/smart_city_traffic_batch_dag.py
[2026-01-25T09:26:54.146+0000] {processor.py:830} INFO - Processing file /opt/airflow/dags/smart_city_traffic_batch_dag.py for tasks to queue
[2026-01-25T09:26:54.271+0000] {logging_mixin.py:188} INFO - [2026-01-25T09:26:54.244+0000] {dagbag.py:545} INFO - Filling up the DagBag from /opt/airflow/dags/smart_city_traffic_batch_dag.py
[2026-01-25T09:26:59.706+0000] {processor.py:840} INFO - DAG(s) 'smart_city_traffic_batch_dag' retrieved from /opt/airflow/dags/smart_city_traffic_batch_dag.py
[2026-01-25T09:27:00.090+0000] {logging_mixin.py:188} INFO - [2026-01-25T09:27:00.089+0000] {dag.py:3089} INFO - Sync 1 DAGs
[2026-01-25T09:27:05.662+0000] {logging_mixin.py:188} INFO - [2026-01-25T09:27:05.661+0000] {dag.py:3947} INFO - Setting next_dagrun for smart_city_traffic_batch_dag to 2026-01-25 01:00:00+00:00, run_after=2026-01-26 01:00:00+00:00
[2026-01-25T09:27:05.788+0000] {processor.py:183} INFO - Processing /opt/airflow/dags/smart_city_traffic_batch_dag.py took 12.070 seconds
[2026-01-25T09:27:38.473+0000] {processor.py:161} INFO - Started process (PID=313) to work on /opt/airflow/dags/smart_city_traffic_batch_dag.py
[2026-01-25T09:27:38.487+0000] {processor.py:830} INFO - Processing file /opt/airflow/dags/smart_city_traffic_batch_dag.py for tasks to queue
[2026-01-25T09:27:38.640+0000] {logging_mixin.py:188} INFO - [2026-01-25T09:27:38.611+0000] {dagbag.py:545} INFO - Filling up the DagBag from /opt/airflow/dags/smart_city_traffic_batch_dag.py
[2026-01-25T09:27:47.388+0000] {processor.py:840} INFO - DAG(s) 'smart_city_traffic_batch_dag' retrieved from /opt/airflow/dags/smart_city_traffic_batch_dag.py
[2026-01-25T09:27:48.863+0000] {logging_mixin.py:188} INFO - [2026-01-25T09:27:48.853+0000] {dag.py:3089} INFO - Sync 1 DAGs
[2026-01-25T09:27:54.688+0000] {logging_mixin.py:188} INFO - [2026-01-25T09:27:54.687+0000] {dag.py:3947} INFO - Setting next_dagrun for smart_city_traffic_batch_dag to 2026-01-25 01:00:00+00:00, run_after=2026-01-26 01:00:00+00:00
[2026-01-25T09:27:54.766+0000] {processor.py:183} INFO - Processing /opt/airflow/dags/smart_city_traffic_batch_dag.py took 16.742 seconds
[2026-01-25T09:28:26.897+0000] {processor.py:161} INFO - Started process (PID=319) to work on /opt/airflow/dags/smart_city_traffic_batch_dag.py
[2026-01-25T09:28:26.933+0000] {processor.py:830} INFO - Processing file /opt/airflow/dags/smart_city_traffic_batch_dag.py for tasks to queue
[2026-01-25T09:28:27.037+0000] {logging_mixin.py:188} INFO - [2026-01-25T09:28:27.019+0000] {dagbag.py:545} INFO - Filling up the DagBag from /opt/airflow/dags/smart_city_traffic_batch_dag.py
[2026-01-25T09:28:30.988+0000] {processor.py:840} INFO - DAG(s) 'smart_city_traffic_batch_dag' retrieved from /opt/airflow/dags/smart_city_traffic_batch_dag.py
[2026-01-25T09:28:31.500+0000] {logging_mixin.py:188} INFO - [2026-01-25T09:28:31.499+0000] {dag.py:3089} INFO - Sync 1 DAGs
[2026-01-25T09:28:31.739+0000] {logging_mixin.py:188} INFO - [2026-01-25T09:28:31.738+0000] {dag.py:3947} INFO - Setting next_dagrun for smart_city_traffic_batch_dag to 2026-01-25 01:00:00+00:00, run_after=2026-01-26 01:00:00+00:00
[2026-01-25T09:28:31.855+0000] {processor.py:183} INFO - Processing /opt/airflow/dags/smart_city_traffic_batch_dag.py took 5.170 seconds
[2026-01-25T09:29:03.182+0000] {processor.py:161} INFO - Started process (PID=325) to work on /opt/airflow/dags/smart_city_traffic_batch_dag.py
[2026-01-25T09:29:03.201+0000] {processor.py:830} INFO - Processing file /opt/airflow/dags/smart_city_traffic_batch_dag.py for tasks to queue
[2026-01-25T09:29:03.251+0000] {logging_mixin.py:188} INFO - [2026-01-25T09:29:03.241+0000] {dagbag.py:545} INFO - Filling up the DagBag from /opt/airflow/dags/smart_city_traffic_batch_dag.py
[2026-01-25T09:29:08.728+0000] {processor.py:840} INFO - DAG(s) 'smart_city_traffic_batch_dag' retrieved from /opt/airflow/dags/smart_city_traffic_batch_dag.py
[2026-01-25T09:29:09.497+0000] {logging_mixin.py:188} INFO - [2026-01-25T09:29:09.489+0000] {dag.py:3089} INFO - Sync 1 DAGs
[2026-01-25T09:29:09.851+0000] {logging_mixin.py:188} INFO - [2026-01-25T09:29:09.850+0000] {dag.py:3947} INFO - Setting next_dagrun for smart_city_traffic_batch_dag to 2026-01-25 01:00:00+00:00, run_after=2026-01-26 01:00:00+00:00
[2026-01-25T09:29:10.072+0000] {processor.py:183} INFO - Processing /opt/airflow/dags/smart_city_traffic_batch_dag.py took 7.027 seconds
[2026-01-25T09:29:42.268+0000] {processor.py:161} INFO - Started process (PID=331) to work on /opt/airflow/dags/smart_city_traffic_batch_dag.py
[2026-01-25T09:29:42.289+0000] {processor.py:830} INFO - Processing file /opt/airflow/dags/smart_city_traffic_batch_dag.py for tasks to queue
[2026-01-25T09:29:42.408+0000] {logging_mixin.py:188} INFO - [2026-01-25T09:29:42.380+0000] {dagbag.py:545} INFO - Filling up the DagBag from /opt/airflow/dags/smart_city_traffic_batch_dag.py
[2026-01-25T09:29:50.919+0000] {processor.py:840} INFO - DAG(s) 'smart_city_traffic_batch_dag' retrieved from /opt/airflow/dags/smart_city_traffic_batch_dag.py
[2026-01-25T09:29:51.781+0000] {logging_mixin.py:188} INFO - [2026-01-25T09:29:51.780+0000] {dag.py:3089} INFO - Sync 1 DAGs
[2026-01-25T09:29:59.471+0000] {logging_mixin.py:188} INFO - [2026-01-25T09:29:59.471+0000] {dag.py:3947} INFO - Setting next_dagrun for smart_city_traffic_batch_dag to 2026-01-25 01:00:00+00:00, run_after=2026-01-26 01:00:00+00:00
[2026-01-25T09:29:59.536+0000] {processor.py:183} INFO - Processing /opt/airflow/dags/smart_city_traffic_batch_dag.py took 17.615 seconds
[2026-01-25T09:30:31.444+0000] {processor.py:161} INFO - Started process (PID=337) to work on /opt/airflow/dags/smart_city_traffic_batch_dag.py
[2026-01-25T09:30:31.486+0000] {processor.py:830} INFO - Processing file /opt/airflow/dags/smart_city_traffic_batch_dag.py for tasks to queue
[2026-01-25T09:30:31.603+0000] {logging_mixin.py:188} INFO - [2026-01-25T09:30:31.581+0000] {dagbag.py:545} INFO - Filling up the DagBag from /opt/airflow/dags/smart_city_traffic_batch_dag.py
[2026-01-25T09:30:37.908+0000] {processor.py:840} INFO - DAG(s) 'smart_city_traffic_batch_dag' retrieved from /opt/airflow/dags/smart_city_traffic_batch_dag.py
[2026-01-25T09:30:43.986+0000] {logging_mixin.py:188} INFO - [2026-01-25T09:30:43.985+0000] {dag.py:3089} INFO - Sync 1 DAGs
[2026-01-25T09:30:44.096+0000] {logging_mixin.py:188} INFO - [2026-01-25T09:30:44.095+0000] {dag.py:3947} INFO - Setting next_dagrun for smart_city_traffic_batch_dag to 2026-01-25 01:00:00+00:00, run_after=2026-01-26 01:00:00+00:00
[2026-01-25T09:30:44.180+0000] {processor.py:183} INFO - Processing /opt/airflow/dags/smart_city_traffic_batch_dag.py took 13.046 seconds
[2026-01-25T09:31:14.981+0000] {processor.py:161} INFO - Started process (PID=343) to work on /opt/airflow/dags/smart_city_traffic_batch_dag.py
[2026-01-25T09:31:14.996+0000] {processor.py:830} INFO - Processing file /opt/airflow/dags/smart_city_traffic_batch_dag.py for tasks to queue
[2026-01-25T09:31:15.046+0000] {logging_mixin.py:188} INFO - [2026-01-25T09:31:15.036+0000] {dagbag.py:545} INFO - Filling up the DagBag from /opt/airflow/dags/smart_city_traffic_batch_dag.py
[2026-01-25T09:31:18.336+0000] {processor.py:840} INFO - DAG(s) 'smart_city_traffic_batch_dag' retrieved from /opt/airflow/dags/smart_city_traffic_batch_dag.py
[2026-01-25T09:31:18.867+0000] {logging_mixin.py:188} INFO - [2026-01-25T09:31:18.866+0000] {dag.py:3089} INFO - Sync 1 DAGs
[2026-01-25T09:31:19.128+0000] {logging_mixin.py:188} INFO - [2026-01-25T09:31:19.127+0000] {dag.py:3947} INFO - Setting next_dagrun for smart_city_traffic_batch_dag to 2026-01-25 01:00:00+00:00, run_after=2026-01-26 01:00:00+00:00
[2026-01-25T09:31:19.265+0000] {processor.py:183} INFO - Processing /opt/airflow/dags/smart_city_traffic_batch_dag.py took 4.435 seconds
[2026-01-25T09:31:50.592+0000] {processor.py:161} INFO - Started process (PID=349) to work on /opt/airflow/dags/smart_city_traffic_batch_dag.py
[2026-01-25T09:31:50.615+0000] {processor.py:830} INFO - Processing file /opt/airflow/dags/smart_city_traffic_batch_dag.py for tasks to queue
[2026-01-25T09:31:50.703+0000] {logging_mixin.py:188} INFO - [2026-01-25T09:31:50.692+0000] {dagbag.py:545} INFO - Filling up the DagBag from /opt/airflow/dags/smart_city_traffic_batch_dag.py
[2026-01-25T09:31:53.664+0000] {processor.py:840} INFO - DAG(s) 'smart_city_traffic_batch_dag' retrieved from /opt/airflow/dags/smart_city_traffic_batch_dag.py
[2026-01-25T09:31:53.855+0000] {logging_mixin.py:188} INFO - [2026-01-25T09:31:53.854+0000] {dag.py:3089} INFO - Sync 1 DAGs
[2026-01-25T09:31:53.968+0000] {logging_mixin.py:188} INFO - [2026-01-25T09:31:53.967+0000] {dag.py:3947} INFO - Setting next_dagrun for smart_city_traffic_batch_dag to 2026-01-25 01:00:00+00:00, run_after=2026-01-26 01:00:00+00:00
[2026-01-25T09:31:59.897+0000] {processor.py:183} INFO - Processing /opt/airflow/dags/smart_city_traffic_batch_dag.py took 9.551 seconds
[2026-01-25T09:32:32.310+0000] {processor.py:161} INFO - Started process (PID=355) to work on /opt/airflow/dags/smart_city_traffic_batch_dag.py
[2026-01-25T09:32:32.377+0000] {processor.py:830} INFO - Processing file /opt/airflow/dags/smart_city_traffic_batch_dag.py for tasks to queue
[2026-01-25T09:32:32.607+0000] {logging_mixin.py:188} INFO - [2026-01-25T09:32:32.549+0000] {dagbag.py:545} INFO - Filling up the DagBag from /opt/airflow/dags/smart_city_traffic_batch_dag.py
[2026-01-25T09:32:39.800+0000] {processor.py:840} INFO - DAG(s) 'smart_city_traffic_batch_dag' retrieved from /opt/airflow/dags/smart_city_traffic_batch_dag.py
[2026-01-25T09:32:41.089+0000] {logging_mixin.py:188} INFO - [2026-01-25T09:32:41.074+0000] {dag.py:3089} INFO - Sync 1 DAGs
[2026-01-25T09:32:47.350+0000] {logging_mixin.py:188} INFO - [2026-01-25T09:32:47.349+0000] {dag.py:3947} INFO - Setting next_dagrun for smart_city_traffic_batch_dag to 2026-01-25 01:00:00+00:00, run_after=2026-01-26 01:00:00+00:00
[2026-01-25T09:32:47.410+0000] {processor.py:183} INFO - Processing /opt/airflow/dags/smart_city_traffic_batch_dag.py took 15.616 seconds
[2026-01-25T09:33:19.929+0000] {processor.py:161} INFO - Started process (PID=361) to work on /opt/airflow/dags/smart_city_traffic_batch_dag.py
[2026-01-25T09:33:19.955+0000] {processor.py:830} INFO - Processing file /opt/airflow/dags/smart_city_traffic_batch_dag.py for tasks to queue
[2026-01-25T09:33:20.061+0000] {logging_mixin.py:188} INFO - [2026-01-25T09:33:20.043+0000] {dagbag.py:545} INFO - Filling up the DagBag from /opt/airflow/dags/smart_city_traffic_batch_dag.py
[2026-01-25T09:33:24.371+0000] {processor.py:840} INFO - DAG(s) 'smart_city_traffic_batch_dag' retrieved from /opt/airflow/dags/smart_city_traffic_batch_dag.py
[2026-01-25T09:33:24.819+0000] {logging_mixin.py:188} INFO - [2026-01-25T09:33:24.818+0000] {dag.py:3089} INFO - Sync 1 DAGs
[2026-01-25T09:33:24.989+0000] {logging_mixin.py:188} INFO - [2026-01-25T09:33:24.988+0000] {dag.py:3947} INFO - Setting next_dagrun for smart_city_traffic_batch_dag to 2026-01-25 01:00:00+00:00, run_after=2026-01-26 01:00:00+00:00
[2026-01-25T09:33:25.065+0000] {processor.py:183} INFO - Processing /opt/airflow/dags/smart_city_traffic_batch_dag.py took 5.383 seconds
[2026-01-25T09:33:58.145+0000] {processor.py:161} INFO - Started process (PID=367) to work on /opt/airflow/dags/smart_city_traffic_batch_dag.py
[2026-01-25T09:33:58.182+0000] {processor.py:830} INFO - Processing file /opt/airflow/dags/smart_city_traffic_batch_dag.py for tasks to queue
[2026-01-25T09:33:58.336+0000] {logging_mixin.py:188} INFO - [2026-01-25T09:33:58.308+0000] {dagbag.py:545} INFO - Filling up the DagBag from /opt/airflow/dags/smart_city_traffic_batch_dag.py
[2026-01-25T09:34:03.049+0000] {processor.py:840} INFO - DAG(s) 'smart_city_traffic_batch_dag' retrieved from /opt/airflow/dags/smart_city_traffic_batch_dag.py
[2026-01-25T09:34:03.646+0000] {logging_mixin.py:188} INFO - [2026-01-25T09:34:03.645+0000] {dag.py:3089} INFO - Sync 1 DAGs
[2026-01-25T09:34:04.017+0000] {logging_mixin.py:188} INFO - [2026-01-25T09:34:04.015+0000] {dag.py:3947} INFO - Setting next_dagrun for smart_city_traffic_batch_dag to 2026-01-25 01:00:00+00:00, run_after=2026-01-26 01:00:00+00:00
[2026-01-25T09:34:04.258+0000] {processor.py:183} INFO - Processing /opt/airflow/dags/smart_city_traffic_batch_dag.py took 6.548 seconds
[2026-01-25T09:34:36.665+0000] {processor.py:161} INFO - Started process (PID=373) to work on /opt/airflow/dags/smart_city_traffic_batch_dag.py
[2026-01-25T09:34:36.719+0000] {processor.py:830} INFO - Processing file /opt/airflow/dags/smart_city_traffic_batch_dag.py for tasks to queue
[2026-01-25T09:34:36.848+0000] {logging_mixin.py:188} INFO - [2026-01-25T09:34:36.830+0000] {dagbag.py:545} INFO - Filling up the DagBag from /opt/airflow/dags/smart_city_traffic_batch_dag.py
[2026-01-25T09:34:42.052+0000] {processor.py:840} INFO - DAG(s) 'smart_city_traffic_batch_dag' retrieved from /opt/airflow/dags/smart_city_traffic_batch_dag.py
[2026-01-25T09:34:42.521+0000] {logging_mixin.py:188} INFO - [2026-01-25T09:34:42.520+0000] {dag.py:3089} INFO - Sync 1 DAGs
[2026-01-25T09:34:42.658+0000] {logging_mixin.py:188} INFO - [2026-01-25T09:34:42.658+0000] {dag.py:3947} INFO - Setting next_dagrun for smart_city_traffic_batch_dag to 2026-01-25 01:00:00+00:00, run_after=2026-01-26 01:00:00+00:00
[2026-01-25T09:34:46.968+0000] {processor.py:183} INFO - Processing /opt/airflow/dags/smart_city_traffic_batch_dag.py took 10.636 seconds
[2026-01-25T09:35:20.341+0000] {processor.py:161} INFO - Started process (PID=379) to work on /opt/airflow/dags/smart_city_traffic_batch_dag.py
[2026-01-25T09:35:20.406+0000] {processor.py:830} INFO - Processing file /opt/airflow/dags/smart_city_traffic_batch_dag.py for tasks to queue
[2026-01-25T09:35:20.582+0000] {logging_mixin.py:188} INFO - [2026-01-25T09:35:20.551+0000] {dagbag.py:545} INFO - Filling up the DagBag from /opt/airflow/dags/smart_city_traffic_batch_dag.py
[2026-01-25T09:35:28.033+0000] {processor.py:840} INFO - DAG(s) 'smart_city_traffic_batch_dag' retrieved from /opt/airflow/dags/smart_city_traffic_batch_dag.py
[2026-01-25T09:35:28.936+0000] {logging_mixin.py:188} INFO - [2026-01-25T09:35:28.935+0000] {dag.py:3089} INFO - Sync 1 DAGs
[2026-01-25T09:35:33.911+0000] {logging_mixin.py:188} INFO - [2026-01-25T09:35:33.908+0000] {dag.py:3947} INFO - Setting next_dagrun for smart_city_traffic_batch_dag to 2026-01-25 01:00:00+00:00, run_after=2026-01-26 01:00:00+00:00
[2026-01-25T09:35:33.978+0000] {processor.py:183} INFO - Processing /opt/airflow/dags/smart_city_traffic_batch_dag.py took 14.091 seconds
[2026-01-25T09:36:05.204+0000] {processor.py:161} INFO - Started process (PID=385) to work on /opt/airflow/dags/smart_city_traffic_batch_dag.py
[2026-01-25T09:36:05.229+0000] {processor.py:830} INFO - Processing file /opt/airflow/dags/smart_city_traffic_batch_dag.py for tasks to queue
[2026-01-25T09:36:05.313+0000] {logging_mixin.py:188} INFO - [2026-01-25T09:36:05.297+0000] {dagbag.py:545} INFO - Filling up the DagBag from /opt/airflow/dags/smart_city_traffic_batch_dag.py
[2026-01-25T09:36:10.194+0000] {processor.py:840} INFO - DAG(s) 'smart_city_traffic_batch_dag' retrieved from /opt/airflow/dags/smart_city_traffic_batch_dag.py
[2026-01-25T09:36:14.051+0000] {logging_mixin.py:188} INFO - [2026-01-25T09:36:14.050+0000] {dag.py:3089} INFO - Sync 1 DAGs
[2026-01-25T09:36:14.125+0000] {logging_mixin.py:188} INFO - [2026-01-25T09:36:14.125+0000] {dag.py:3947} INFO - Setting next_dagrun for smart_city_traffic_batch_dag to 2026-01-25 01:00:00+00:00, run_after=2026-01-26 01:00:00+00:00
[2026-01-25T09:36:14.181+0000] {processor.py:183} INFO - Processing /opt/airflow/dags/smart_city_traffic_batch_dag.py took 9.166 seconds
[2026-01-25T09:36:45.389+0000] {processor.py:161} INFO - Started process (PID=391) to work on /opt/airflow/dags/smart_city_traffic_batch_dag.py
[2026-01-25T09:36:45.405+0000] {processor.py:830} INFO - Processing file /opt/airflow/dags/smart_city_traffic_batch_dag.py for tasks to queue
[2026-01-25T09:36:45.488+0000] {logging_mixin.py:188} INFO - [2026-01-25T09:36:45.471+0000] {dagbag.py:545} INFO - Filling up the DagBag from /opt/airflow/dags/smart_city_traffic_batch_dag.py
[2026-01-25T09:36:51.448+0000] {processor.py:840} INFO - DAG(s) 'smart_city_traffic_batch_dag' retrieved from /opt/airflow/dags/smart_city_traffic_batch_dag.py
[2026-01-25T09:36:51.904+0000] {logging_mixin.py:188} INFO - [2026-01-25T09:36:51.903+0000] {dag.py:3089} INFO - Sync 1 DAGs
[2026-01-25T09:36:52.223+0000] {logging_mixin.py:188} INFO - [2026-01-25T09:36:52.222+0000] {dag.py:3947} INFO - Setting next_dagrun for smart_city_traffic_batch_dag to 2026-01-25 01:00:00+00:00, run_after=2026-01-26 01:00:00+00:00
[2026-01-25T09:36:52.360+0000] {processor.py:183} INFO - Processing /opt/airflow/dags/smart_city_traffic_batch_dag.py took 7.195 seconds
[2026-01-25T09:37:23.943+0000] {processor.py:161} INFO - Started process (PID=397) to work on /opt/airflow/dags/smart_city_traffic_batch_dag.py
[2026-01-25T09:37:23.956+0000] {processor.py:830} INFO - Processing file /opt/airflow/dags/smart_city_traffic_batch_dag.py for tasks to queue
[2026-01-25T09:37:24.030+0000] {logging_mixin.py:188} INFO - [2026-01-25T09:37:24.015+0000] {dagbag.py:545} INFO - Filling up the DagBag from /opt/airflow/dags/smart_city_traffic_batch_dag.py
[2026-01-25T09:37:29.169+0000] {processor.py:840} INFO - DAG(s) 'smart_city_traffic_batch_dag' retrieved from /opt/airflow/dags/smart_city_traffic_batch_dag.py
[2026-01-25T09:37:29.758+0000] {logging_mixin.py:188} INFO - [2026-01-25T09:37:29.757+0000] {dag.py:3089} INFO - Sync 1 DAGs
[2026-01-25T09:37:34.299+0000] {logging_mixin.py:188} INFO - [2026-01-25T09:37:34.298+0000] {dag.py:3947} INFO - Setting next_dagrun for smart_city_traffic_batch_dag to 2026-01-25 01:00:00+00:00, run_after=2026-01-26 01:00:00+00:00
[2026-01-25T09:37:34.377+0000] {processor.py:183} INFO - Processing /opt/airflow/dags/smart_city_traffic_batch_dag.py took 10.618 seconds
[2026-01-25T09:38:07.927+0000] {processor.py:161} INFO - Started process (PID=403) to work on /opt/airflow/dags/smart_city_traffic_batch_dag.py
[2026-01-25T09:38:07.991+0000] {processor.py:830} INFO - Processing file /opt/airflow/dags/smart_city_traffic_batch_dag.py for tasks to queue
[2026-01-25T09:38:08.244+0000] {logging_mixin.py:188} INFO - [2026-01-25T09:38:08.215+0000] {dagbag.py:545} INFO - Filling up the DagBag from /opt/airflow/dags/smart_city_traffic_batch_dag.py
[2026-01-25T09:38:24.594+0000] {processor.py:840} INFO - DAG(s) 'smart_city_traffic_batch_dag' retrieved from /opt/airflow/dags/smart_city_traffic_batch_dag.py
[2026-01-25T09:38:25.972+0000] {logging_mixin.py:188} INFO - [2026-01-25T09:38:25.956+0000] {dag.py:3089} INFO - Sync 1 DAGs
[2026-01-25T09:38:35.922+0000] {logging_mixin.py:188} INFO - [2026-01-25T09:38:35.915+0000] {dag.py:3947} INFO - Setting next_dagrun for smart_city_traffic_batch_dag to 2026-01-25 01:00:00+00:00, run_after=2026-01-26 01:00:00+00:00
[2026-01-25T09:38:36.009+0000] {processor.py:183} INFO - Processing /opt/airflow/dags/smart_city_traffic_batch_dag.py took 28.972 seconds
[2026-01-25T09:39:08.161+0000] {processor.py:161} INFO - Started process (PID=409) to work on /opt/airflow/dags/smart_city_traffic_batch_dag.py
[2026-01-25T09:39:08.235+0000] {processor.py:830} INFO - Processing file /opt/airflow/dags/smart_city_traffic_batch_dag.py for tasks to queue
[2026-01-25T09:39:08.507+0000] {logging_mixin.py:188} INFO - [2026-01-25T09:39:08.457+0000] {dagbag.py:545} INFO - Filling up the DagBag from /opt/airflow/dags/smart_city_traffic_batch_dag.py
[2026-01-25T09:39:15.050+0000] {processor.py:840} INFO - DAG(s) 'smart_city_traffic_batch_dag' retrieved from /opt/airflow/dags/smart_city_traffic_batch_dag.py
[2026-01-25T09:39:15.915+0000] {logging_mixin.py:188} INFO - [2026-01-25T09:39:15.914+0000] {dag.py:3089} INFO - Sync 1 DAGs
[2026-01-25T09:39:16.226+0000] {logging_mixin.py:188} INFO - [2026-01-25T09:39:16.224+0000] {dag.py:3947} INFO - Setting next_dagrun for smart_city_traffic_batch_dag to 2026-01-25 01:00:00+00:00, run_after=2026-01-26 01:00:00+00:00
[2026-01-25T09:39:16.387+0000] {processor.py:183} INFO - Processing /opt/airflow/dags/smart_city_traffic_batch_dag.py took 8.893 seconds
[2026-01-25T09:39:47.706+0000] {processor.py:161} INFO - Started process (PID=415) to work on /opt/airflow/dags/smart_city_traffic_batch_dag.py
[2026-01-25T09:39:47.737+0000] {processor.py:830} INFO - Processing file /opt/airflow/dags/smart_city_traffic_batch_dag.py for tasks to queue
[2026-01-25T09:39:47.834+0000] {logging_mixin.py:188} INFO - [2026-01-25T09:39:47.815+0000] {dagbag.py:545} INFO - Filling up the DagBag from /opt/airflow/dags/smart_city_traffic_batch_dag.py
[2026-01-25T09:39:51.972+0000] {processor.py:840} INFO - DAG(s) 'smart_city_traffic_batch_dag' retrieved from /opt/airflow/dags/smart_city_traffic_batch_dag.py
[2026-01-25T09:39:52.361+0000] {logging_mixin.py:188} INFO - [2026-01-25T09:39:52.360+0000] {dag.py:3089} INFO - Sync 1 DAGs
[2026-01-25T09:39:52.638+0000] {logging_mixin.py:188} INFO - [2026-01-25T09:39:52.637+0000] {dag.py:3947} INFO - Setting next_dagrun for smart_city_traffic_batch_dag to 2026-01-25 01:00:00+00:00, run_after=2026-01-26 01:00:00+00:00
[2026-01-25T09:40:04.941+0000] {processor.py:183} INFO - Processing /opt/airflow/dags/smart_city_traffic_batch_dag.py took 17.499 seconds
[2026-01-25T09:40:36.879+0000] {processor.py:161} INFO - Started process (PID=421) to work on /opt/airflow/dags/smart_city_traffic_batch_dag.py
[2026-01-25T09:40:36.909+0000] {processor.py:830} INFO - Processing file /opt/airflow/dags/smart_city_traffic_batch_dag.py for tasks to queue
[2026-01-25T09:40:36.990+0000] {logging_mixin.py:188} INFO - [2026-01-25T09:40:36.972+0000] {dagbag.py:545} INFO - Filling up the DagBag from /opt/airflow/dags/smart_city_traffic_batch_dag.py
[2026-01-25T09:40:42.122+0000] {processor.py:840} INFO - DAG(s) 'smart_city_traffic_batch_dag' retrieved from /opt/airflow/dags/smart_city_traffic_batch_dag.py
[2026-01-25T09:40:42.727+0000] {logging_mixin.py:188} INFO - [2026-01-25T09:40:42.726+0000] {dag.py:3089} INFO - Sync 1 DAGs
[2026-01-25T09:40:46.514+0000] {logging_mixin.py:188} INFO - [2026-01-25T09:40:46.512+0000] {dag.py:3947} INFO - Setting next_dagrun for smart_city_traffic_batch_dag to 2026-01-25 01:00:00+00:00, run_after=2026-01-26 01:00:00+00:00
[2026-01-25T09:40:46.578+0000] {processor.py:183} INFO - Processing /opt/airflow/dags/smart_city_traffic_batch_dag.py took 9.907 seconds
[2026-01-25T09:41:18.945+0000] {processor.py:161} INFO - Started process (PID=427) to work on /opt/airflow/dags/smart_city_traffic_batch_dag.py
[2026-01-25T09:41:19.005+0000] {processor.py:830} INFO - Processing file /opt/airflow/dags/smart_city_traffic_batch_dag.py for tasks to queue
[2026-01-25T09:41:19.278+0000] {logging_mixin.py:188} INFO - [2026-01-25T09:41:19.169+0000] {dagbag.py:545} INFO - Filling up the DagBag from /opt/airflow/dags/smart_city_traffic_batch_dag.py
[2026-01-25T09:41:25.850+0000] {processor.py:840} INFO - DAG(s) 'smart_city_traffic_batch_dag' retrieved from /opt/airflow/dags/smart_city_traffic_batch_dag.py
[2026-01-25T09:41:30.817+0000] {logging_mixin.py:188} INFO - [2026-01-25T09:41:30.816+0000] {dag.py:3089} INFO - Sync 1 DAGs
[2026-01-25T09:41:30.902+0000] {logging_mixin.py:188} INFO - [2026-01-25T09:41:30.902+0000] {dag.py:3947} INFO - Setting next_dagrun for smart_city_traffic_batch_dag to 2026-01-25 01:00:00+00:00, run_after=2026-01-26 01:00:00+00:00
[2026-01-25T09:41:30.963+0000] {processor.py:183} INFO - Processing /opt/airflow/dags/smart_city_traffic_batch_dag.py took 12.646 seconds
[2026-01-25T09:42:02.548+0000] {processor.py:161} INFO - Started process (PID=433) to work on /opt/airflow/dags/smart_city_traffic_batch_dag.py
[2026-01-25T09:42:02.583+0000] {processor.py:830} INFO - Processing file /opt/airflow/dags/smart_city_traffic_batch_dag.py for tasks to queue
[2026-01-25T09:42:02.670+0000] {logging_mixin.py:188} INFO - [2026-01-25T09:42:02.654+0000] {dagbag.py:545} INFO - Filling up the DagBag from /opt/airflow/dags/smart_city_traffic_batch_dag.py
[2026-01-25T09:42:06.508+0000] {processor.py:840} INFO - DAG(s) 'smart_city_traffic_batch_dag' retrieved from /opt/airflow/dags/smart_city_traffic_batch_dag.py
[2026-01-25T09:42:07.052+0000] {logging_mixin.py:188} INFO - [2026-01-25T09:42:07.051+0000] {dag.py:3089} INFO - Sync 1 DAGs
[2026-01-25T09:42:07.291+0000] {logging_mixin.py:188} INFO - [2026-01-25T09:42:07.290+0000] {dag.py:3947} INFO - Setting next_dagrun for smart_city_traffic_batch_dag to 2026-01-25 01:00:00+00:00, run_after=2026-01-26 01:00:00+00:00
[2026-01-25T09:42:07.408+0000] {processor.py:183} INFO - Processing /opt/airflow/dags/smart_city_traffic_batch_dag.py took 5.099 seconds
[2026-01-25T09:42:38.663+0000] {processor.py:161} INFO - Started process (PID=439) to work on /opt/airflow/dags/smart_city_traffic_batch_dag.py
[2026-01-25T09:42:38.673+0000] {processor.py:830} INFO - Processing file /opt/airflow/dags/smart_city_traffic_batch_dag.py for tasks to queue
[2026-01-25T09:42:38.757+0000] {logging_mixin.py:188} INFO - [2026-01-25T09:42:38.735+0000] {dagbag.py:545} INFO - Filling up the DagBag from /opt/airflow/dags/smart_city_traffic_batch_dag.py
[2026-01-25T09:42:44.100+0000] {processor.py:840} INFO - DAG(s) 'smart_city_traffic_batch_dag' retrieved from /opt/airflow/dags/smart_city_traffic_batch_dag.py
[2026-01-25T09:42:44.736+0000] {logging_mixin.py:188} INFO - [2026-01-25T09:42:44.735+0000] {dag.py:3089} INFO - Sync 1 DAGs
[2026-01-25T09:42:44.983+0000] {logging_mixin.py:188} INFO - [2026-01-25T09:42:44.982+0000] {dag.py:3947} INFO - Setting next_dagrun for smart_city_traffic_batch_dag to 2026-01-25 01:00:00+00:00, run_after=2026-01-26 01:00:00+00:00
[2026-01-25T09:42:48.402+0000] {processor.py:183} INFO - Processing /opt/airflow/dags/smart_city_traffic_batch_dag.py took 9.942 seconds
[2026-01-25T09:43:21.091+0000] {processor.py:161} INFO - Started process (PID=445) to work on /opt/airflow/dags/smart_city_traffic_batch_dag.py
[2026-01-25T09:43:21.103+0000] {processor.py:830} INFO - Processing file /opt/airflow/dags/smart_city_traffic_batch_dag.py for tasks to queue
[2026-01-25T09:43:21.206+0000] {logging_mixin.py:188} INFO - [2026-01-25T09:43:21.188+0000] {dagbag.py:545} INFO - Filling up the DagBag from /opt/airflow/dags/smart_city_traffic_batch_dag.py
[2026-01-25T09:43:27.891+0000] {processor.py:840} INFO - DAG(s) 'smart_city_traffic_batch_dag' retrieved from /opt/airflow/dags/smart_city_traffic_batch_dag.py
[2026-01-25T09:43:28.735+0000] {logging_mixin.py:188} INFO - [2026-01-25T09:43:28.733+0000] {dag.py:3089} INFO - Sync 1 DAGs
[2026-01-25T09:43:32.920+0000] {logging_mixin.py:188} INFO - [2026-01-25T09:43:32.919+0000] {dag.py:3947} INFO - Setting next_dagrun for smart_city_traffic_batch_dag to 2026-01-25 01:00:00+00:00, run_after=2026-01-26 01:00:00+00:00
[2026-01-25T09:43:32.989+0000] {processor.py:183} INFO - Processing /opt/airflow/dags/smart_city_traffic_batch_dag.py took 12.140 seconds
[2026-01-25T09:44:04.850+0000] {processor.py:161} INFO - Started process (PID=451) to work on /opt/airflow/dags/smart_city_traffic_batch_dag.py
[2026-01-25T09:44:04.883+0000] {processor.py:830} INFO - Processing file /opt/airflow/dags/smart_city_traffic_batch_dag.py for tasks to queue
[2026-01-25T09:44:04.962+0000] {logging_mixin.py:188} INFO - [2026-01-25T09:44:04.944+0000] {dagbag.py:545} INFO - Filling up the DagBag from /opt/airflow/dags/smart_city_traffic_batch_dag.py
[2026-01-25T09:44:11.106+0000] {processor.py:840} INFO - DAG(s) 'smart_city_traffic_batch_dag' retrieved from /opt/airflow/dags/smart_city_traffic_batch_dag.py
[2026-01-25T09:44:15.687+0000] {logging_mixin.py:188} INFO - [2026-01-25T09:44:15.685+0000] {dag.py:3089} INFO - Sync 1 DAGs
[2026-01-25T09:44:15.787+0000] {logging_mixin.py:188} INFO - [2026-01-25T09:44:15.786+0000] {dag.py:3947} INFO - Setting next_dagrun for smart_city_traffic_batch_dag to 2026-01-25 01:00:00+00:00, run_after=2026-01-26 01:00:00+00:00
[2026-01-25T09:44:15.861+0000] {processor.py:183} INFO - Processing /opt/airflow/dags/smart_city_traffic_batch_dag.py took 11.304 seconds
[2026-01-25T09:44:49.653+0000] {processor.py:161} INFO - Started process (PID=457) to work on /opt/airflow/dags/smart_city_traffic_batch_dag.py
[2026-01-25T09:44:49.668+0000] {processor.py:830} INFO - Processing file /opt/airflow/dags/smart_city_traffic_batch_dag.py for tasks to queue
[2026-01-25T09:44:49.782+0000] {logging_mixin.py:188} INFO - [2026-01-25T09:44:49.763+0000] {dagbag.py:545} INFO - Filling up the DagBag from /opt/airflow/dags/smart_city_traffic_batch_dag.py
[2026-01-25T09:44:56.564+0000] {processor.py:840} INFO - DAG(s) 'smart_city_traffic_batch_dag' retrieved from /opt/airflow/dags/smart_city_traffic_batch_dag.py
[2026-01-25T09:44:57.150+0000] {logging_mixin.py:188} INFO - [2026-01-25T09:44:57.149+0000] {dag.py:3089} INFO - Sync 1 DAGs
[2026-01-25T09:44:57.416+0000] {logging_mixin.py:188} INFO - [2026-01-25T09:44:57.415+0000] {dag.py:3947} INFO - Setting next_dagrun for smart_city_traffic_batch_dag to 2026-01-25 01:00:00+00:00, run_after=2026-01-26 01:00:00+00:00
[2026-01-25T09:44:57.568+0000] {processor.py:183} INFO - Processing /opt/airflow/dags/smart_city_traffic_batch_dag.py took 8.208 seconds
[2026-01-25T09:45:29.115+0000] {processor.py:161} INFO - Started process (PID=463) to work on /opt/airflow/dags/smart_city_traffic_batch_dag.py
[2026-01-25T09:45:29.141+0000] {processor.py:830} INFO - Processing file /opt/airflow/dags/smart_city_traffic_batch_dag.py for tasks to queue
[2026-01-25T09:45:29.234+0000] {logging_mixin.py:188} INFO - [2026-01-25T09:45:29.218+0000] {dagbag.py:545} INFO - Filling up the DagBag from /opt/airflow/dags/smart_city_traffic_batch_dag.py
[2026-01-25T09:45:35.234+0000] {processor.py:840} INFO - DAG(s) 'smart_city_traffic_batch_dag' retrieved from /opt/airflow/dags/smart_city_traffic_batch_dag.py
[2026-01-25T09:45:36.351+0000] {logging_mixin.py:188} INFO - [2026-01-25T09:45:36.350+0000] {dag.py:3089} INFO - Sync 1 DAGs
[2026-01-25T09:45:36.709+0000] {logging_mixin.py:188} INFO - [2026-01-25T09:45:36.708+0000] {dag.py:3947} INFO - Setting next_dagrun for smart_city_traffic_batch_dag to 2026-01-25 01:00:00+00:00, run_after=2026-01-26 01:00:00+00:00
[2026-01-25T09:45:45.619+0000] {processor.py:183} INFO - Processing /opt/airflow/dags/smart_city_traffic_batch_dag.py took 16.736 seconds
[2026-01-25T09:46:17.443+0000] {processor.py:161} INFO - Started process (PID=469) to work on /opt/airflow/dags/smart_city_traffic_batch_dag.py
[2026-01-25T09:46:17.478+0000] {processor.py:830} INFO - Processing file /opt/airflow/dags/smart_city_traffic_batch_dag.py for tasks to queue
[2026-01-25T09:46:17.572+0000] {logging_mixin.py:188} INFO - [2026-01-25T09:46:17.555+0000] {dagbag.py:545} INFO - Filling up the DagBag from /opt/airflow/dags/smart_city_traffic_batch_dag.py
[2026-01-25T09:46:22.303+0000] {processor.py:840} INFO - DAG(s) 'smart_city_traffic_batch_dag' retrieved from /opt/airflow/dags/smart_city_traffic_batch_dag.py
[2026-01-25T09:46:22.943+0000] {logging_mixin.py:188} INFO - [2026-01-25T09:46:22.943+0000] {dag.py:3089} INFO - Sync 1 DAGs
[2026-01-25T09:46:28.516+0000] {logging_mixin.py:188} INFO - [2026-01-25T09:46:28.514+0000] {dag.py:3947} INFO - Setting next_dagrun for smart_city_traffic_batch_dag to 2026-01-25 01:00:00+00:00, run_after=2026-01-26 01:00:00+00:00
[2026-01-25T09:46:28.586+0000] {processor.py:183} INFO - Processing /opt/airflow/dags/smart_city_traffic_batch_dag.py took 11.408 seconds
[2026-01-25T09:47:03.050+0000] {processor.py:161} INFO - Started process (PID=475) to work on /opt/airflow/dags/smart_city_traffic_batch_dag.py
[2026-01-25T09:47:03.071+0000] {processor.py:830} INFO - Processing file /opt/airflow/dags/smart_city_traffic_batch_dag.py for tasks to queue
[2026-01-25T09:47:03.175+0000] {logging_mixin.py:188} INFO - [2026-01-25T09:47:03.152+0000] {dagbag.py:545} INFO - Filling up the DagBag from /opt/airflow/dags/smart_city_traffic_batch_dag.py
[2026-01-25T09:47:08.291+0000] {processor.py:840} INFO - DAG(s) 'smart_city_traffic_batch_dag' retrieved from /opt/airflow/dags/smart_city_traffic_batch_dag.py
[2026-01-25T09:47:15.675+0000] {logging_mixin.py:188} INFO - [2026-01-25T09:47:15.664+0000] {dag.py:3089} INFO - Sync 1 DAGs
[2026-01-25T09:47:15.779+0000] {logging_mixin.py:188} INFO - [2026-01-25T09:47:15.778+0000] {dag.py:3947} INFO - Setting next_dagrun for smart_city_traffic_batch_dag to 2026-01-25 01:00:00+00:00, run_after=2026-01-26 01:00:00+00:00
[2026-01-25T09:47:15.855+0000] {processor.py:183} INFO - Processing /opt/airflow/dags/smart_city_traffic_batch_dag.py took 13.114 seconds
[2026-01-25T09:47:47.926+0000] {processor.py:161} INFO - Started process (PID=481) to work on /opt/airflow/dags/smart_city_traffic_batch_dag.py
[2026-01-25T09:47:48.045+0000] {processor.py:830} INFO - Processing file /opt/airflow/dags/smart_city_traffic_batch_dag.py for tasks to queue
[2026-01-25T09:47:48.197+0000] {logging_mixin.py:188} INFO - [2026-01-25T09:47:48.177+0000] {dagbag.py:545} INFO - Filling up the DagBag from /opt/airflow/dags/smart_city_traffic_batch_dag.py
[2026-01-25T09:47:57.170+0000] {processor.py:840} INFO - DAG(s) 'smart_city_traffic_batch_dag' retrieved from /opt/airflow/dags/smart_city_traffic_batch_dag.py
[2026-01-25T09:47:57.443+0000] {logging_mixin.py:188} INFO - [2026-01-25T09:47:57.443+0000] {dag.py:3089} INFO - Sync 1 DAGs
[2026-01-25T09:47:57.518+0000] {logging_mixin.py:188} INFO - [2026-01-25T09:47:57.517+0000] {dag.py:3947} INFO - Setting next_dagrun for smart_city_traffic_batch_dag to 2026-01-25 01:00:00+00:00, run_after=2026-01-26 01:00:00+00:00
[2026-01-25T09:47:57.585+0000] {processor.py:183} INFO - Processing /opt/airflow/dags/smart_city_traffic_batch_dag.py took 9.968 seconds
[2026-01-25T09:48:29.143+0000] {processor.py:161} INFO - Started process (PID=487) to work on /opt/airflow/dags/smart_city_traffic_batch_dag.py
[2026-01-25T09:48:29.154+0000] {processor.py:830} INFO - Processing file /opt/airflow/dags/smart_city_traffic_batch_dag.py for tasks to queue
[2026-01-25T09:48:29.265+0000] {logging_mixin.py:188} INFO - [2026-01-25T09:48:29.245+0000] {dagbag.py:545} INFO - Filling up the DagBag from /opt/airflow/dags/smart_city_traffic_batch_dag.py
[2026-01-25T09:48:34.134+0000] {processor.py:840} INFO - DAG(s) 'smart_city_traffic_batch_dag' retrieved from /opt/airflow/dags/smart_city_traffic_batch_dag.py
[2026-01-25T09:48:34.861+0000] {logging_mixin.py:188} INFO - [2026-01-25T09:48:34.860+0000] {dag.py:3089} INFO - Sync 1 DAGs
[2026-01-25T09:48:39.543+0000] {logging_mixin.py:188} INFO - [2026-01-25T09:48:39.542+0000] {dag.py:3947} INFO - Setting next_dagrun for smart_city_traffic_batch_dag to 2026-01-25 01:00:00+00:00, run_after=2026-01-26 01:00:00+00:00
[2026-01-25T09:48:39.608+0000] {processor.py:183} INFO - Processing /opt/airflow/dags/smart_city_traffic_batch_dag.py took 10.749 seconds
[2026-01-25T09:49:12.502+0000] {processor.py:161} INFO - Started process (PID=493) to work on /opt/airflow/dags/smart_city_traffic_batch_dag.py
[2026-01-25T09:49:12.549+0000] {processor.py:830} INFO - Processing file /opt/airflow/dags/smart_city_traffic_batch_dag.py for tasks to queue
[2026-01-25T09:49:12.672+0000] {logging_mixin.py:188} INFO - [2026-01-25T09:49:12.651+0000] {dagbag.py:545} INFO - Filling up the DagBag from /opt/airflow/dags/smart_city_traffic_batch_dag.py
[2026-01-25T09:49:18.617+0000] {processor.py:840} INFO - DAG(s) 'smart_city_traffic_batch_dag' retrieved from /opt/airflow/dags/smart_city_traffic_batch_dag.py
[2026-01-25T09:49:19.665+0000] {logging_mixin.py:188} INFO - [2026-01-25T09:49:19.664+0000] {dag.py:3089} INFO - Sync 1 DAGs
[2026-01-25T09:49:24.692+0000] {logging_mixin.py:188} INFO - [2026-01-25T09:49:24.692+0000] {dag.py:3947} INFO - Setting next_dagrun for smart_city_traffic_batch_dag to 2026-01-25 01:00:00+00:00, run_after=2026-01-26 01:00:00+00:00
[2026-01-25T09:49:24.767+0000] {processor.py:183} INFO - Processing /opt/airflow/dags/smart_city_traffic_batch_dag.py took 12.641 seconds
[2026-01-25T09:49:56.671+0000] {processor.py:161} INFO - Started process (PID=499) to work on /opt/airflow/dags/smart_city_traffic_batch_dag.py
[2026-01-25T09:49:56.693+0000] {processor.py:830} INFO - Processing file /opt/airflow/dags/smart_city_traffic_batch_dag.py for tasks to queue
[2026-01-25T09:49:56.830+0000] {logging_mixin.py:188} INFO - [2026-01-25T09:49:56.808+0000] {dagbag.py:545} INFO - Filling up the DagBag from /opt/airflow/dags/smart_city_traffic_batch_dag.py
[2026-01-25T09:50:03.043+0000] {processor.py:840} INFO - DAG(s) 'smart_city_traffic_batch_dag' retrieved from /opt/airflow/dags/smart_city_traffic_batch_dag.py
[2026-01-25T09:50:12.003+0000] {logging_mixin.py:188} INFO - [2026-01-25T09:50:11.989+0000] {dag.py:3089} INFO - Sync 1 DAGs
[2026-01-25T09:50:12.106+0000] {logging_mixin.py:188} INFO - [2026-01-25T09:50:12.106+0000] {dag.py:3947} INFO - Setting next_dagrun for smart_city_traffic_batch_dag to 2026-01-25 01:00:00+00:00, run_after=2026-01-26 01:00:00+00:00
[2026-01-25T09:50:12.174+0000] {processor.py:183} INFO - Processing /opt/airflow/dags/smart_city_traffic_batch_dag.py took 15.780 seconds
[2026-01-25T09:50:43.805+0000] {processor.py:161} INFO - Started process (PID=505) to work on /opt/airflow/dags/smart_city_traffic_batch_dag.py
[2026-01-25T09:50:43.822+0000] {processor.py:830} INFO - Processing file /opt/airflow/dags/smart_city_traffic_batch_dag.py for tasks to queue
[2026-01-25T09:50:43.927+0000] {logging_mixin.py:188} INFO - [2026-01-25T09:50:43.908+0000] {dagbag.py:545} INFO - Filling up the DagBag from /opt/airflow/dags/smart_city_traffic_batch_dag.py
[2026-01-25T09:50:54.169+0000] {processor.py:840} INFO - DAG(s) 'smart_city_traffic_batch_dag' retrieved from /opt/airflow/dags/smart_city_traffic_batch_dag.py
[2026-01-25T09:50:54.406+0000] {logging_mixin.py:188} INFO - [2026-01-25T09:50:54.398+0000] {dag.py:3089} INFO - Sync 1 DAGs
[2026-01-25T09:50:54.475+0000] {logging_mixin.py:188} INFO - [2026-01-25T09:50:54.475+0000] {dag.py:3947} INFO - Setting next_dagrun for smart_city_traffic_batch_dag to 2026-01-25 01:00:00+00:00, run_after=2026-01-26 01:00:00+00:00
[2026-01-25T09:50:54.527+0000] {processor.py:183} INFO - Processing /opt/airflow/dags/smart_city_traffic_batch_dag.py took 10.998 seconds
[2026-01-25T09:51:26.135+0000] {processor.py:161} INFO - Started process (PID=511) to work on /opt/airflow/dags/smart_city_traffic_batch_dag.py
[2026-01-25T09:51:26.146+0000] {processor.py:830} INFO - Processing file /opt/airflow/dags/smart_city_traffic_batch_dag.py for tasks to queue
[2026-01-25T09:51:26.243+0000] {logging_mixin.py:188} INFO - [2026-01-25T09:51:26.225+0000] {dagbag.py:545} INFO - Filling up the DagBag from /opt/airflow/dags/smart_city_traffic_batch_dag.py
[2026-01-25T09:51:35.138+0000] {processor.py:840} INFO - DAG(s) 'smart_city_traffic_batch_dag' retrieved from /opt/airflow/dags/smart_city_traffic_batch_dag.py
[2026-01-25T09:51:35.598+0000] {logging_mixin.py:188} INFO - [2026-01-25T09:51:35.597+0000] {dag.py:3089} INFO - Sync 1 DAGs
[2026-01-25T09:51:35.746+0000] {logging_mixin.py:188} INFO - [2026-01-25T09:51:35.746+0000] {dag.py:3947} INFO - Setting next_dagrun for smart_city_traffic_batch_dag to 2026-01-25 01:00:00+00:00, run_after=2026-01-26 01:00:00+00:00
[2026-01-25T09:51:35.818+0000] {processor.py:183} INFO - Processing /opt/airflow/dags/smart_city_traffic_batch_dag.py took 9.922 seconds
[2026-01-25T09:52:08.706+0000] {processor.py:161} INFO - Started process (PID=517) to work on /opt/airflow/dags/smart_city_traffic_batch_dag.py
[2026-01-25T09:52:08.730+0000] {processor.py:830} INFO - Processing file /opt/airflow/dags/smart_city_traffic_batch_dag.py for tasks to queue
[2026-01-25T09:52:08.844+0000] {logging_mixin.py:188} INFO - [2026-01-25T09:52:08.825+0000] {dagbag.py:545} INFO - Filling up the DagBag from /opt/airflow/dags/smart_city_traffic_batch_dag.py
[2026-01-25T09:52:14.264+0000] {processor.py:840} INFO - DAG(s) 'smart_city_traffic_batch_dag' retrieved from /opt/airflow/dags/smart_city_traffic_batch_dag.py
[2026-01-25T09:52:19.205+0000] {logging_mixin.py:188} INFO - [2026-01-25T09:52:19.204+0000] {dag.py:3089} INFO - Sync 1 DAGs
[2026-01-25T09:52:19.287+0000] {logging_mixin.py:188} INFO - [2026-01-25T09:52:19.287+0000] {dag.py:3947} INFO - Setting next_dagrun for smart_city_traffic_batch_dag to 2026-01-25 01:00:00+00:00, run_after=2026-01-26 01:00:00+00:00
[2026-01-25T09:52:19.342+0000] {processor.py:183} INFO - Processing /opt/airflow/dags/smart_city_traffic_batch_dag.py took 11.570 seconds
[2026-01-25T09:52:51.487+0000] {processor.py:161} INFO - Started process (PID=523) to work on /opt/airflow/dags/smart_city_traffic_batch_dag.py
[2026-01-25T09:52:51.534+0000] {processor.py:830} INFO - Processing file /opt/airflow/dags/smart_city_traffic_batch_dag.py for tasks to queue
[2026-01-25T09:52:51.623+0000] {logging_mixin.py:188} INFO - [2026-01-25T09:52:51.607+0000] {dagbag.py:545} INFO - Filling up the DagBag from /opt/airflow/dags/smart_city_traffic_batch_dag.py
[2026-01-25T09:53:01.386+0000] {processor.py:840} INFO - DAG(s) 'smart_city_traffic_batch_dag' retrieved from /opt/airflow/dags/smart_city_traffic_batch_dag.py
[2026-01-25T09:53:01.647+0000] {logging_mixin.py:188} INFO - [2026-01-25T09:53:01.646+0000] {dag.py:3089} INFO - Sync 1 DAGs
[2026-01-25T09:53:01.717+0000] {logging_mixin.py:188} INFO - [2026-01-25T09:53:01.716+0000] {dag.py:3947} INFO - Setting next_dagrun for smart_city_traffic_batch_dag to 2026-01-25 01:00:00+00:00, run_after=2026-01-26 01:00:00+00:00
[2026-01-25T09:53:01.769+0000] {processor.py:183} INFO - Processing /opt/airflow/dags/smart_city_traffic_batch_dag.py took 10.538 seconds
[2026-01-25T09:53:34.250+0000] {processor.py:161} INFO - Started process (PID=529) to work on /opt/airflow/dags/smart_city_traffic_batch_dag.py
[2026-01-25T09:53:34.286+0000] {processor.py:830} INFO - Processing file /opt/airflow/dags/smart_city_traffic_batch_dag.py for tasks to queue
[2026-01-25T09:53:34.416+0000] {logging_mixin.py:188} INFO - [2026-01-25T09:53:34.393+0000] {dagbag.py:545} INFO - Filling up the DagBag from /opt/airflow/dags/smart_city_traffic_batch_dag.py
[2026-01-25T09:53:44.366+0000] {processor.py:840} INFO - DAG(s) 'smart_city_traffic_batch_dag' retrieved from /opt/airflow/dags/smart_city_traffic_batch_dag.py
[2026-01-25T09:53:45.030+0000] {logging_mixin.py:188} INFO - [2026-01-25T09:53:45.029+0000] {dag.py:3089} INFO - Sync 1 DAGs
[2026-01-25T09:53:45.124+0000] {logging_mixin.py:188} INFO - [2026-01-25T09:53:45.124+0000] {dag.py:3947} INFO - Setting next_dagrun for smart_city_traffic_batch_dag to 2026-01-25 01:00:00+00:00, run_after=2026-01-26 01:00:00+00:00
[2026-01-25T09:53:45.185+0000] {processor.py:183} INFO - Processing /opt/airflow/dags/smart_city_traffic_batch_dag.py took 11.316 seconds
[2026-01-25T09:54:17.568+0000] {processor.py:161} INFO - Started process (PID=535) to work on /opt/airflow/dags/smart_city_traffic_batch_dag.py
[2026-01-25T09:54:17.613+0000] {processor.py:830} INFO - Processing file /opt/airflow/dags/smart_city_traffic_batch_dag.py for tasks to queue
[2026-01-25T09:54:17.743+0000] {logging_mixin.py:188} INFO - [2026-01-25T09:54:17.719+0000] {dagbag.py:545} INFO - Filling up the DagBag from /opt/airflow/dags/smart_city_traffic_batch_dag.py
[2026-01-25T09:54:28.885+0000] {processor.py:840} INFO - DAG(s) 'smart_city_traffic_batch_dag' retrieved from /opt/airflow/dags/smart_city_traffic_batch_dag.py
[2026-01-25T09:54:29.440+0000] {logging_mixin.py:188} INFO - [2026-01-25T09:54:29.434+0000] {dag.py:3089} INFO - Sync 1 DAGs
[2026-01-25T09:54:29.536+0000] {logging_mixin.py:188} INFO - [2026-01-25T09:54:29.536+0000] {dag.py:3947} INFO - Setting next_dagrun for smart_city_traffic_batch_dag to 2026-01-25 01:00:00+00:00, run_after=2026-01-26 01:00:00+00:00
[2026-01-25T09:54:29.598+0000] {processor.py:183} INFO - Processing /opt/airflow/dags/smart_city_traffic_batch_dag.py took 12.312 seconds
[2026-01-25T09:55:01.373+0000] {processor.py:161} INFO - Started process (PID=541) to work on /opt/airflow/dags/smart_city_traffic_batch_dag.py
[2026-01-25T09:55:01.395+0000] {processor.py:830} INFO - Processing file /opt/airflow/dags/smart_city_traffic_batch_dag.py for tasks to queue
[2026-01-25T09:55:01.527+0000] {logging_mixin.py:188} INFO - [2026-01-25T09:55:01.501+0000] {dagbag.py:545} INFO - Filling up the DagBag from /opt/airflow/dags/smart_city_traffic_batch_dag.py
[2026-01-25T09:55:07.258+0000] {processor.py:840} INFO - DAG(s) 'smart_city_traffic_batch_dag' retrieved from /opt/airflow/dags/smart_city_traffic_batch_dag.py
[2026-01-25T09:55:15.918+0000] {logging_mixin.py:188} INFO - [2026-01-25T09:55:15.903+0000] {dag.py:3089} INFO - Sync 1 DAGs
[2026-01-25T09:55:16.181+0000] {logging_mixin.py:188} INFO - [2026-01-25T09:55:16.181+0000] {dag.py:3947} INFO - Setting next_dagrun for smart_city_traffic_batch_dag to 2026-01-25 01:00:00+00:00, run_after=2026-01-26 01:00:00+00:00
[2026-01-25T09:55:16.281+0000] {processor.py:183} INFO - Processing /opt/airflow/dags/smart_city_traffic_batch_dag.py took 15.290 seconds
[2026-01-25T09:55:54.219+0000] {processor.py:161} INFO - Started process (PID=547) to work on /opt/airflow/dags/smart_city_traffic_batch_dag.py
[2026-01-25T09:55:54.314+0000] {processor.py:830} INFO - Processing file /opt/airflow/dags/smart_city_traffic_batch_dag.py for tasks to queue
[2026-01-25T09:55:54.509+0000] {logging_mixin.py:188} INFO - [2026-01-25T09:55:54.477+0000] {dagbag.py:545} INFO - Filling up the DagBag from /opt/airflow/dags/smart_city_traffic_batch_dag.py
[2026-01-25T09:56:06.040+0000] {processor.py:840} INFO - DAG(s) 'smart_city_traffic_batch_dag' retrieved from /opt/airflow/dags/smart_city_traffic_batch_dag.py
[2026-01-25T09:56:06.355+0000] {logging_mixin.py:188} INFO - [2026-01-25T09:56:06.354+0000] {dag.py:3089} INFO - Sync 1 DAGs
[2026-01-25T09:56:06.433+0000] {logging_mixin.py:188} INFO - [2026-01-25T09:56:06.432+0000] {dag.py:3947} INFO - Setting next_dagrun for smart_city_traffic_batch_dag to 2026-01-25 01:00:00+00:00, run_after=2026-01-26 01:00:00+00:00
[2026-01-25T09:56:06.505+0000] {processor.py:183} INFO - Processing /opt/airflow/dags/smart_city_traffic_batch_dag.py took 12.914 seconds
[2026-01-25T09:56:38.730+0000] {processor.py:161} INFO - Started process (PID=553) to work on /opt/airflow/dags/smart_city_traffic_batch_dag.py
[2026-01-25T09:56:38.899+0000] {processor.py:830} INFO - Processing file /opt/airflow/dags/smart_city_traffic_batch_dag.py for tasks to queue
[2026-01-25T09:56:39.094+0000] {logging_mixin.py:188} INFO - [2026-01-25T09:56:39.073+0000] {dagbag.py:545} INFO - Filling up the DagBag from /opt/airflow/dags/smart_city_traffic_batch_dag.py
[2026-01-25T09:56:52.199+0000] {processor.py:840} INFO - DAG(s) 'smart_city_traffic_batch_dag' retrieved from /opt/airflow/dags/smart_city_traffic_batch_dag.py
[2026-01-25T09:56:52.598+0000] {logging_mixin.py:188} INFO - [2026-01-25T09:56:52.591+0000] {dag.py:3089} INFO - Sync 1 DAGs
[2026-01-25T09:56:52.697+0000] {logging_mixin.py:188} INFO - [2026-01-25T09:56:52.696+0000] {dag.py:3947} INFO - Setting next_dagrun for smart_city_traffic_batch_dag to 2026-01-25 01:00:00+00:00, run_after=2026-01-26 01:00:00+00:00
[2026-01-25T09:56:52.968+0000] {processor.py:183} INFO - Processing /opt/airflow/dags/smart_city_traffic_batch_dag.py took 14.664 seconds
[2026-01-25T09:59:06.512+0000] {processor.py:161} INFO - Started process (PID=172) to work on /opt/airflow/dags/smart_city_traffic_batch_dag.py
[2026-01-25T09:59:06.541+0000] {processor.py:830} INFO - Processing file /opt/airflow/dags/smart_city_traffic_batch_dag.py for tasks to queue
[2026-01-25T09:59:06.618+0000] {logging_mixin.py:188} INFO - [2026-01-25T09:59:06.602+0000] {dagbag.py:545} INFO - Filling up the DagBag from /opt/airflow/dags/smart_city_traffic_batch_dag.py
[2026-01-25T09:59:22.245+0000] {processor.py:840} INFO - DAG(s) 'smart_city_traffic_batch_dag' retrieved from /opt/airflow/dags/smart_city_traffic_batch_dag.py
[2026-01-25T09:59:28.340+0000] {logging_mixin.py:188} INFO - [2026-01-25T09:59:28.271+0000] {dag.py:3089} INFO - Sync 1 DAGs
[2026-01-25T09:59:37.702+0000] {logging_mixin.py:188} INFO - [2026-01-25T09:59:37.700+0000] {dag.py:3947} INFO - Setting next_dagrun for smart_city_traffic_batch_dag to 2026-01-25 01:00:00+00:00, run_after=2026-01-26 01:00:00+00:00
[2026-01-25T09:59:37.821+0000] {processor.py:183} INFO - Processing /opt/airflow/dags/smart_city_traffic_batch_dag.py took 31.549 seconds
[2026-01-25T10:00:09.547+0000] {processor.py:161} INFO - Started process (PID=178) to work on /opt/airflow/dags/smart_city_traffic_batch_dag.py
[2026-01-25T10:00:09.570+0000] {processor.py:830} INFO - Processing file /opt/airflow/dags/smart_city_traffic_batch_dag.py for tasks to queue
[2026-01-25T10:00:09.668+0000] {logging_mixin.py:188} INFO - [2026-01-25T10:00:09.649+0000] {dagbag.py:545} INFO - Filling up the DagBag from /opt/airflow/dags/smart_city_traffic_batch_dag.py
[2026-01-25T10:00:15.768+0000] {processor.py:840} INFO - DAG(s) 'smart_city_traffic_batch_dag' retrieved from /opt/airflow/dags/smart_city_traffic_batch_dag.py
[2026-01-25T10:00:16.424+0000] {logging_mixin.py:188} INFO - [2026-01-25T10:00:16.421+0000] {dag.py:3089} INFO - Sync 1 DAGs
[2026-01-25T10:00:16.797+0000] {logging_mixin.py:188} INFO - [2026-01-25T10:00:16.796+0000] {dag.py:3947} INFO - Setting next_dagrun for smart_city_traffic_batch_dag to 2026-01-25 01:00:00+00:00, run_after=2026-01-26 01:00:00+00:00
[2026-01-25T10:00:16.970+0000] {processor.py:183} INFO - Processing /opt/airflow/dags/smart_city_traffic_batch_dag.py took 7.696 seconds
[2026-01-25T10:00:48.291+0000] {processor.py:161} INFO - Started process (PID=184) to work on /opt/airflow/dags/smart_city_traffic_batch_dag.py
[2026-01-25T10:00:48.302+0000] {processor.py:830} INFO - Processing file /opt/airflow/dags/smart_city_traffic_batch_dag.py for tasks to queue
[2026-01-25T10:00:48.366+0000] {logging_mixin.py:188} INFO - [2026-01-25T10:00:48.355+0000] {dagbag.py:545} INFO - Filling up the DagBag from /opt/airflow/dags/smart_city_traffic_batch_dag.py
[2026-01-25T10:00:52.974+0000] {processor.py:840} INFO - DAG(s) 'smart_city_traffic_batch_dag' retrieved from /opt/airflow/dags/smart_city_traffic_batch_dag.py
[2026-01-25T10:00:53.505+0000] {logging_mixin.py:188} INFO - [2026-01-25T10:00:53.503+0000] {dag.py:3089} INFO - Sync 1 DAGs
[2026-01-25T10:00:53.721+0000] {logging_mixin.py:188} INFO - [2026-01-25T10:00:53.719+0000] {dag.py:3947} INFO - Setting next_dagrun for smart_city_traffic_batch_dag to 2026-01-25 01:00:00+00:00, run_after=2026-01-26 01:00:00+00:00
[2026-01-25T10:00:53.905+0000] {processor.py:183} INFO - Processing /opt/airflow/dags/smart_city_traffic_batch_dag.py took 5.526 seconds
[2026-01-25T10:01:27.420+0000] {processor.py:161} INFO - Started process (PID=190) to work on /opt/airflow/dags/smart_city_traffic_batch_dag.py
[2026-01-25T10:01:27.433+0000] {processor.py:830} INFO - Processing file /opt/airflow/dags/smart_city_traffic_batch_dag.py for tasks to queue
[2026-01-25T10:01:27.537+0000] {logging_mixin.py:188} INFO - [2026-01-25T10:01:27.521+0000] {dagbag.py:545} INFO - Filling up the DagBag from /opt/airflow/dags/smart_city_traffic_batch_dag.py
[2026-01-25T10:01:31.474+0000] {processor.py:840} INFO - DAG(s) 'smart_city_traffic_batch_dag' retrieved from /opt/airflow/dags/smart_city_traffic_batch_dag.py
[2026-01-25T10:01:32.112+0000] {logging_mixin.py:188} INFO - [2026-01-25T10:01:32.111+0000] {dag.py:3089} INFO - Sync 1 DAGs
[2026-01-25T10:01:32.333+0000] {logging_mixin.py:188} INFO - [2026-01-25T10:01:32.332+0000] {dag.py:3947} INFO - Setting next_dagrun for smart_city_traffic_batch_dag to 2026-01-25 01:00:00+00:00, run_after=2026-01-26 01:00:00+00:00
[2026-01-25T10:01:32.432+0000] {processor.py:183} INFO - Processing /opt/airflow/dags/smart_city_traffic_batch_dag.py took 5.227 seconds
[2026-01-25T10:02:04.549+0000] {processor.py:161} INFO - Started process (PID=196) to work on /opt/airflow/dags/smart_city_traffic_batch_dag.py
[2026-01-25T10:02:04.579+0000] {processor.py:830} INFO - Processing file /opt/airflow/dags/smart_city_traffic_batch_dag.py for tasks to queue
[2026-01-25T10:02:04.656+0000] {logging_mixin.py:188} INFO - [2026-01-25T10:02:04.644+0000] {dagbag.py:545} INFO - Filling up the DagBag from /opt/airflow/dags/smart_city_traffic_batch_dag.py
[2026-01-25T10:02:09.183+0000] {processor.py:840} INFO - DAG(s) 'smart_city_traffic_batch_dag' retrieved from /opt/airflow/dags/smart_city_traffic_batch_dag.py
[2026-01-25T10:02:10.312+0000] {logging_mixin.py:188} INFO - [2026-01-25T10:02:10.311+0000] {dag.py:3089} INFO - Sync 1 DAGs
[2026-01-25T10:02:10.601+0000] {logging_mixin.py:188} INFO - [2026-01-25T10:02:10.600+0000] {dag.py:3947} INFO - Setting next_dagrun for smart_city_traffic_batch_dag to 2026-01-25 01:00:00+00:00, run_after=2026-01-26 01:00:00+00:00
[2026-01-25T10:02:10.765+0000] {processor.py:183} INFO - Processing /opt/airflow/dags/smart_city_traffic_batch_dag.py took 6.403 seconds
[2026-01-25T10:02:42.582+0000] {processor.py:161} INFO - Started process (PID=203) to work on /opt/airflow/dags/smart_city_traffic_batch_dag.py
[2026-01-25T10:02:42.604+0000] {processor.py:830} INFO - Processing file /opt/airflow/dags/smart_city_traffic_batch_dag.py for tasks to queue
[2026-01-25T10:02:42.780+0000] {logging_mixin.py:188} INFO - [2026-01-25T10:02:42.768+0000] {dagbag.py:545} INFO - Filling up the DagBag from /opt/airflow/dags/smart_city_traffic_batch_dag.py
[2026-01-25T10:02:47.324+0000] {processor.py:840} INFO - DAG(s) 'smart_city_traffic_batch_dag' retrieved from /opt/airflow/dags/smart_city_traffic_batch_dag.py
[2026-01-25T10:02:47.936+0000] {logging_mixin.py:188} INFO - [2026-01-25T10:02:47.933+0000] {dag.py:3089} INFO - Sync 1 DAGs
[2026-01-25T10:02:48.158+0000] {logging_mixin.py:188} INFO - [2026-01-25T10:02:48.157+0000] {dag.py:3947} INFO - Setting next_dagrun for smart_city_traffic_batch_dag to 2026-01-25 01:00:00+00:00, run_after=2026-01-26 01:00:00+00:00
[2026-01-25T10:02:52.269+0000] {processor.py:183} INFO - Processing /opt/airflow/dags/smart_city_traffic_batch_dag.py took 10.141 seconds
[2026-01-25T10:03:23.831+0000] {processor.py:161} INFO - Started process (PID=214) to work on /opt/airflow/dags/smart_city_traffic_batch_dag.py
[2026-01-25T10:03:23.868+0000] {processor.py:830} INFO - Processing file /opt/airflow/dags/smart_city_traffic_batch_dag.py for tasks to queue
[2026-01-25T10:03:24.023+0000] {logging_mixin.py:188} INFO - [2026-01-25T10:03:24.012+0000] {dagbag.py:545} INFO - Filling up the DagBag from /opt/airflow/dags/smart_city_traffic_batch_dag.py
[2026-01-25T10:03:27.629+0000] {processor.py:840} INFO - DAG(s) 'smart_city_traffic_batch_dag' retrieved from /opt/airflow/dags/smart_city_traffic_batch_dag.py
[2026-01-25T10:03:28.154+0000] {logging_mixin.py:188} INFO - [2026-01-25T10:03:28.153+0000] {dag.py:3089} INFO - Sync 1 DAGs
[2026-01-25T10:03:28.390+0000] {logging_mixin.py:188} INFO - [2026-01-25T10:03:28.389+0000] {dag.py:3947} INFO - Setting next_dagrun for smart_city_traffic_batch_dag to 2026-01-25 01:00:00+00:00, run_after=2026-01-26 01:00:00+00:00
[2026-01-25T10:03:28.508+0000] {processor.py:183} INFO - Processing /opt/airflow/dags/smart_city_traffic_batch_dag.py took 4.866 seconds
[2026-01-25T10:04:00.529+0000] {processor.py:161} INFO - Started process (PID=220) to work on /opt/airflow/dags/smart_city_traffic_batch_dag.py
[2026-01-25T10:04:00.545+0000] {processor.py:830} INFO - Processing file /opt/airflow/dags/smart_city_traffic_batch_dag.py for tasks to queue
[2026-01-25T10:04:00.660+0000] {logging_mixin.py:188} INFO - [2026-01-25T10:04:00.640+0000] {dagbag.py:545} INFO - Filling up the DagBag from /opt/airflow/dags/smart_city_traffic_batch_dag.py
[2026-01-25T10:04:04.979+0000] {processor.py:840} INFO - DAG(s) 'smart_city_traffic_batch_dag' retrieved from /opt/airflow/dags/smart_city_traffic_batch_dag.py
[2026-01-25T10:04:05.500+0000] {logging_mixin.py:188} INFO - [2026-01-25T10:04:05.498+0000] {dag.py:3089} INFO - Sync 1 DAGs
[2026-01-25T10:04:05.881+0000] {logging_mixin.py:188} INFO - [2026-01-25T10:04:05.876+0000] {dag.py:3947} INFO - Setting next_dagrun for smart_city_traffic_batch_dag to 2026-01-25 01:00:00+00:00, run_after=2026-01-26 01:00:00+00:00
[2026-01-25T10:04:06.189+0000] {processor.py:183} INFO - Processing /opt/airflow/dags/smart_city_traffic_batch_dag.py took 5.864 seconds
[2026-01-25T10:04:38.702+0000] {processor.py:161} INFO - Started process (PID=226) to work on /opt/airflow/dags/smart_city_traffic_batch_dag.py
[2026-01-25T10:04:38.736+0000] {processor.py:830} INFO - Processing file /opt/airflow/dags/smart_city_traffic_batch_dag.py for tasks to queue
[2026-01-25T10:04:38.943+0000] {logging_mixin.py:188} INFO - [2026-01-25T10:04:38.839+0000] {dagbag.py:545} INFO - Filling up the DagBag from /opt/airflow/dags/smart_city_traffic_batch_dag.py
[2026-01-25T10:04:45.560+0000] {processor.py:840} INFO - DAG(s) 'smart_city_traffic_batch_dag' retrieved from /opt/airflow/dags/smart_city_traffic_batch_dag.py
[2026-01-25T10:04:46.201+0000] {logging_mixin.py:188} INFO - [2026-01-25T10:04:46.200+0000] {dag.py:3089} INFO - Sync 1 DAGs
[2026-01-25T10:04:46.418+0000] {logging_mixin.py:188} INFO - [2026-01-25T10:04:46.417+0000] {dag.py:3947} INFO - Setting next_dagrun for smart_city_traffic_batch_dag to 2026-01-25 01:00:00+00:00, run_after=2026-01-26 01:00:00+00:00
[2026-01-25T10:04:46.527+0000] {processor.py:183} INFO - Processing /opt/airflow/dags/smart_city_traffic_batch_dag.py took 8.112 seconds
[2026-01-25T10:05:18.244+0000] {processor.py:161} INFO - Started process (PID=232) to work on /opt/airflow/dags/smart_city_traffic_batch_dag.py
[2026-01-25T10:05:18.256+0000] {processor.py:830} INFO - Processing file /opt/airflow/dags/smart_city_traffic_batch_dag.py for tasks to queue
[2026-01-25T10:05:18.343+0000] {logging_mixin.py:188} INFO - [2026-01-25T10:05:18.330+0000] {dagbag.py:545} INFO - Filling up the DagBag from /opt/airflow/dags/smart_city_traffic_batch_dag.py
[2026-01-25T10:05:22.271+0000] {processor.py:840} INFO - DAG(s) 'smart_city_traffic_batch_dag' retrieved from /opt/airflow/dags/smart_city_traffic_batch_dag.py
[2026-01-25T10:05:23.025+0000] {logging_mixin.py:188} INFO - [2026-01-25T10:05:23.023+0000] {dag.py:3089} INFO - Sync 1 DAGs
[2026-01-25T10:05:23.259+0000] {logging_mixin.py:188} INFO - [2026-01-25T10:05:23.258+0000] {dag.py:3947} INFO - Setting next_dagrun for smart_city_traffic_batch_dag to 2026-01-25 01:00:00+00:00, run_after=2026-01-26 01:00:00+00:00
[2026-01-25T10:05:28.329+0000] {processor.py:183} INFO - Processing /opt/airflow/dags/smart_city_traffic_batch_dag.py took 10.298 seconds
[2026-01-25T10:06:01.188+0000] {processor.py:161} INFO - Started process (PID=238) to work on /opt/airflow/dags/smart_city_traffic_batch_dag.py
[2026-01-25T10:06:01.209+0000] {processor.py:830} INFO - Processing file /opt/airflow/dags/smart_city_traffic_batch_dag.py for tasks to queue
[2026-01-25T10:06:01.300+0000] {logging_mixin.py:188} INFO - [2026-01-25T10:06:01.282+0000] {dagbag.py:545} INFO - Filling up the DagBag from /opt/airflow/dags/smart_city_traffic_batch_dag.py
[2026-01-25T10:06:07.500+0000] {processor.py:840} INFO - DAG(s) 'smart_city_traffic_batch_dag' retrieved from /opt/airflow/dags/smart_city_traffic_batch_dag.py
[2026-01-25T10:06:09.513+0000] {logging_mixin.py:188} INFO - [2026-01-25T10:06:09.357+0000] {dag.py:3089} INFO - Sync 1 DAGs
[2026-01-25T10:06:09.988+0000] {logging_mixin.py:188} INFO - [2026-01-25T10:06:09.986+0000] {dag.py:3947} INFO - Setting next_dagrun for smart_city_traffic_batch_dag to 2026-01-25 01:00:00+00:00, run_after=2026-01-26 01:00:00+00:00
[2026-01-25T10:06:10.172+0000] {processor.py:183} INFO - Processing /opt/airflow/dags/smart_city_traffic_batch_dag.py took 9.299 seconds
[2026-01-25T10:06:43.310+0000] {processor.py:161} INFO - Started process (PID=244) to work on /opt/airflow/dags/smart_city_traffic_batch_dag.py
[2026-01-25T10:06:43.321+0000] {processor.py:830} INFO - Processing file /opt/airflow/dags/smart_city_traffic_batch_dag.py for tasks to queue
[2026-01-25T10:06:43.450+0000] {logging_mixin.py:188} INFO - [2026-01-25T10:06:43.435+0000] {dagbag.py:545} INFO - Filling up the DagBag from /opt/airflow/dags/smart_city_traffic_batch_dag.py
[2026-01-25T10:06:50.945+0000] {processor.py:840} INFO - DAG(s) 'smart_city_traffic_batch_dag' retrieved from /opt/airflow/dags/smart_city_traffic_batch_dag.py
[2026-01-25T10:06:51.647+0000] {logging_mixin.py:188} INFO - [2026-01-25T10:06:51.645+0000] {dag.py:3089} INFO - Sync 1 DAGs
[2026-01-25T10:06:52.121+0000] {logging_mixin.py:188} INFO - [2026-01-25T10:06:52.120+0000] {dag.py:3947} INFO - Setting next_dagrun for smart_city_traffic_batch_dag to 2026-01-25 01:00:00+00:00, run_after=2026-01-26 01:00:00+00:00
[2026-01-25T10:06:52.278+0000] {processor.py:183} INFO - Processing /opt/airflow/dags/smart_city_traffic_batch_dag.py took 9.188 seconds
[2026-01-25T10:07:24.315+0000] {processor.py:161} INFO - Started process (PID=250) to work on /opt/airflow/dags/smart_city_traffic_batch_dag.py
[2026-01-25T10:07:24.337+0000] {processor.py:830} INFO - Processing file /opt/airflow/dags/smart_city_traffic_batch_dag.py for tasks to queue
[2026-01-25T10:07:24.439+0000] {logging_mixin.py:188} INFO - [2026-01-25T10:07:24.420+0000] {dagbag.py:545} INFO - Filling up the DagBag from /opt/airflow/dags/smart_city_traffic_batch_dag.py
[2026-01-25T10:07:29.109+0000] {processor.py:840} INFO - DAG(s) 'smart_city_traffic_batch_dag' retrieved from /opt/airflow/dags/smart_city_traffic_batch_dag.py
[2026-01-25T10:07:29.880+0000] {logging_mixin.py:188} INFO - [2026-01-25T10:07:29.879+0000] {dag.py:3089} INFO - Sync 1 DAGs
[2026-01-25T10:07:30.108+0000] {logging_mixin.py:188} INFO - [2026-01-25T10:07:30.107+0000] {dag.py:3947} INFO - Setting next_dagrun for smart_city_traffic_batch_dag to 2026-01-25 01:00:00+00:00, run_after=2026-01-26 01:00:00+00:00
[2026-01-25T10:07:30.218+0000] {processor.py:183} INFO - Processing /opt/airflow/dags/smart_city_traffic_batch_dag.py took 6.137 seconds
[2026-01-25T10:08:01.836+0000] {processor.py:161} INFO - Started process (PID=258) to work on /opt/airflow/dags/smart_city_traffic_batch_dag.py
[2026-01-25T10:08:01.856+0000] {processor.py:830} INFO - Processing file /opt/airflow/dags/smart_city_traffic_batch_dag.py for tasks to queue
[2026-01-25T10:08:01.931+0000] {logging_mixin.py:188} INFO - [2026-01-25T10:08:01.922+0000] {dagbag.py:545} INFO - Filling up the DagBag from /opt/airflow/dags/smart_city_traffic_batch_dag.py
[2026-01-25T10:08:03.386+0000] {processor.py:840} INFO - DAG(s) 'smart_city_traffic_batch_dag' retrieved from /opt/airflow/dags/smart_city_traffic_batch_dag.py
[2026-01-25T10:08:03.715+0000] {logging_mixin.py:188} INFO - [2026-01-25T10:08:03.715+0000] {dag.py:3089} INFO - Sync 1 DAGs
[2026-01-25T10:08:03.895+0000] {logging_mixin.py:188} INFO - [2026-01-25T10:08:03.894+0000] {dag.py:3947} INFO - Setting next_dagrun for smart_city_traffic_batch_dag to 2026-01-25 01:00:00+00:00, run_after=2026-01-26 01:00:00+00:00
[2026-01-25T10:08:09.242+0000] {processor.py:183} INFO - Processing /opt/airflow/dags/smart_city_traffic_batch_dag.py took 7.780 seconds
[2026-01-25T10:08:42.076+0000] {processor.py:161} INFO - Started process (PID=265) to work on /opt/airflow/dags/smart_city_traffic_batch_dag.py
[2026-01-25T10:08:42.105+0000] {processor.py:830} INFO - Processing file /opt/airflow/dags/smart_city_traffic_batch_dag.py for tasks to queue
[2026-01-25T10:08:42.204+0000] {logging_mixin.py:188} INFO - [2026-01-25T10:08:42.188+0000] {dagbag.py:545} INFO - Filling up the DagBag from /opt/airflow/dags/smart_city_traffic_batch_dag.py
[2026-01-25T10:08:48.641+0000] {processor.py:840} INFO - DAG(s) 'smart_city_traffic_batch_dag' retrieved from /opt/airflow/dags/smart_city_traffic_batch_dag.py
[2026-01-25T10:08:49.475+0000] {logging_mixin.py:188} INFO - [2026-01-25T10:08:49.474+0000] {dag.py:3089} INFO - Sync 1 DAGs
[2026-01-25T10:08:50.182+0000] {logging_mixin.py:188} INFO - [2026-01-25T10:08:50.181+0000] {dag.py:3947} INFO - Setting next_dagrun for smart_city_traffic_batch_dag to 2026-01-25 01:00:00+00:00, run_after=2026-01-26 01:00:00+00:00
[2026-01-25T10:08:50.709+0000] {processor.py:183} INFO - Processing /opt/airflow/dags/smart_city_traffic_batch_dag.py took 8.908 seconds
[2026-01-25T10:09:22.177+0000] {processor.py:161} INFO - Started process (PID=271) to work on /opt/airflow/dags/smart_city_traffic_batch_dag.py
[2026-01-25T10:09:22.197+0000] {processor.py:830} INFO - Processing file /opt/airflow/dags/smart_city_traffic_batch_dag.py for tasks to queue
[2026-01-25T10:09:22.380+0000] {logging_mixin.py:188} INFO - [2026-01-25T10:09:22.355+0000] {dagbag.py:545} INFO - Filling up the DagBag from /opt/airflow/dags/smart_city_traffic_batch_dag.py
[2026-01-25T10:09:28.188+0000] {processor.py:840} INFO - DAG(s) 'smart_city_traffic_batch_dag' retrieved from /opt/airflow/dags/smart_city_traffic_batch_dag.py
[2026-01-25T10:09:28.654+0000] {logging_mixin.py:188} INFO - [2026-01-25T10:09:28.652+0000] {dag.py:3089} INFO - Sync 1 DAGs
[2026-01-25T10:09:28.854+0000] {logging_mixin.py:188} INFO - [2026-01-25T10:09:28.853+0000] {dag.py:3947} INFO - Setting next_dagrun for smart_city_traffic_batch_dag to 2026-01-25 01:00:00+00:00, run_after=2026-01-26 01:00:00+00:00
[2026-01-25T10:09:28.959+0000] {processor.py:183} INFO - Processing /opt/airflow/dags/smart_city_traffic_batch_dag.py took 7.166 seconds
[2026-01-25T10:10:00.822+0000] {processor.py:161} INFO - Started process (PID=277) to work on /opt/airflow/dags/smart_city_traffic_batch_dag.py
[2026-01-25T10:10:00.849+0000] {processor.py:830} INFO - Processing file /opt/airflow/dags/smart_city_traffic_batch_dag.py for tasks to queue
[2026-01-25T10:10:00.976+0000] {logging_mixin.py:188} INFO - [2026-01-25T10:10:00.955+0000] {dagbag.py:545} INFO - Filling up the DagBag from /opt/airflow/dags/smart_city_traffic_batch_dag.py
[2026-01-25T10:10:06.577+0000] {processor.py:840} INFO - DAG(s) 'smart_city_traffic_batch_dag' retrieved from /opt/airflow/dags/smart_city_traffic_batch_dag.py
[2026-01-25T10:10:07.321+0000] {logging_mixin.py:188} INFO - [2026-01-25T10:10:07.320+0000] {dag.py:3089} INFO - Sync 1 DAGs
[2026-01-25T10:10:07.581+0000] {logging_mixin.py:188} INFO - [2026-01-25T10:10:07.580+0000] {dag.py:3947} INFO - Setting next_dagrun for smart_city_traffic_batch_dag to 2026-01-25 01:00:00+00:00, run_after=2026-01-26 01:00:00+00:00
[2026-01-25T10:10:07.714+0000] {processor.py:183} INFO - Processing /opt/airflow/dags/smart_city_traffic_batch_dag.py took 7.212 seconds
[2026-01-25T10:10:39.802+0000] {processor.py:161} INFO - Started process (PID=283) to work on /opt/airflow/dags/smart_city_traffic_batch_dag.py
[2026-01-25T10:10:39.835+0000] {processor.py:830} INFO - Processing file /opt/airflow/dags/smart_city_traffic_batch_dag.py for tasks to queue
[2026-01-25T10:10:39.923+0000] {logging_mixin.py:188} INFO - [2026-01-25T10:10:39.905+0000] {dagbag.py:545} INFO - Filling up the DagBag from /opt/airflow/dags/smart_city_traffic_batch_dag.py
[2026-01-25T10:10:45.970+0000] {processor.py:840} INFO - DAG(s) 'smart_city_traffic_batch_dag' retrieved from /opt/airflow/dags/smart_city_traffic_batch_dag.py
[2026-01-25T10:10:46.729+0000] {logging_mixin.py:188} INFO - [2026-01-25T10:10:46.728+0000] {dag.py:3089} INFO - Sync 1 DAGs
[2026-01-25T10:10:46.955+0000] {logging_mixin.py:188} INFO - [2026-01-25T10:10:46.953+0000] {dag.py:3947} INFO - Setting next_dagrun for smart_city_traffic_batch_dag to 2026-01-25 01:00:00+00:00, run_after=2026-01-26 01:00:00+00:00
[2026-01-25T10:10:51.815+0000] {processor.py:183} INFO - Processing /opt/airflow/dags/smart_city_traffic_batch_dag.py took 12.229 seconds
[2026-01-25T10:11:23.878+0000] {processor.py:161} INFO - Started process (PID=289) to work on /opt/airflow/dags/smart_city_traffic_batch_dag.py
[2026-01-25T10:11:23.900+0000] {processor.py:830} INFO - Processing file /opt/airflow/dags/smart_city_traffic_batch_dag.py for tasks to queue
[2026-01-25T10:11:24.034+0000] {logging_mixin.py:188} INFO - [2026-01-25T10:11:24.016+0000] {dagbag.py:545} INFO - Filling up the DagBag from /opt/airflow/dags/smart_city_traffic_batch_dag.py
[2026-01-25T10:11:29.800+0000] {processor.py:840} INFO - DAG(s) 'smart_city_traffic_batch_dag' retrieved from /opt/airflow/dags/smart_city_traffic_batch_dag.py
[2026-01-25T10:11:30.946+0000] {logging_mixin.py:188} INFO - [2026-01-25T10:11:30.945+0000] {dag.py:3089} INFO - Sync 1 DAGs
[2026-01-25T10:11:31.349+0000] {logging_mixin.py:188} INFO - [2026-01-25T10:11:31.348+0000] {dag.py:3947} INFO - Setting next_dagrun for smart_city_traffic_batch_dag to 2026-01-25 01:00:00+00:00, run_after=2026-01-26 01:00:00+00:00
[2026-01-25T10:11:31.538+0000] {processor.py:183} INFO - Processing /opt/airflow/dags/smart_city_traffic_batch_dag.py took 8.000 seconds
[2026-01-25T10:12:07.574+0000] {processor.py:161} INFO - Started process (PID=295) to work on /opt/airflow/dags/smart_city_traffic_batch_dag.py
[2026-01-25T10:12:07.609+0000] {processor.py:830} INFO - Processing file /opt/airflow/dags/smart_city_traffic_batch_dag.py for tasks to queue
[2026-01-25T10:12:07.713+0000] {logging_mixin.py:188} INFO - [2026-01-25T10:12:07.696+0000] {dagbag.py:545} INFO - Filling up the DagBag from /opt/airflow/dags/smart_city_traffic_batch_dag.py
[2026-01-25T10:12:13.788+0000] {processor.py:840} INFO - DAG(s) 'smart_city_traffic_batch_dag' retrieved from /opt/airflow/dags/smart_city_traffic_batch_dag.py
[2026-01-25T10:12:14.791+0000] {logging_mixin.py:188} INFO - [2026-01-25T10:12:14.785+0000] {dag.py:3089} INFO - Sync 1 DAGs
[2026-01-25T10:12:15.150+0000] {logging_mixin.py:188} INFO - [2026-01-25T10:12:15.149+0000] {dag.py:3947} INFO - Setting next_dagrun for smart_city_traffic_batch_dag to 2026-01-25 01:00:00+00:00, run_after=2026-01-26 01:00:00+00:00
[2026-01-25T10:12:15.319+0000] {processor.py:183} INFO - Processing /opt/airflow/dags/smart_city_traffic_batch_dag.py took 8.043 seconds
[2026-01-25T10:12:47.297+0000] {processor.py:161} INFO - Started process (PID=301) to work on /opt/airflow/dags/smart_city_traffic_batch_dag.py
[2026-01-25T10:12:47.358+0000] {processor.py:830} INFO - Processing file /opt/airflow/dags/smart_city_traffic_batch_dag.py for tasks to queue
[2026-01-25T10:12:47.509+0000] {logging_mixin.py:188} INFO - [2026-01-25T10:12:47.480+0000] {dagbag.py:545} INFO - Filling up the DagBag from /opt/airflow/dags/smart_city_traffic_batch_dag.py
[2026-01-25T10:12:53.327+0000] {processor.py:840} INFO - DAG(s) 'smart_city_traffic_batch_dag' retrieved from /opt/airflow/dags/smart_city_traffic_batch_dag.py
[2026-01-25T10:12:53.879+0000] {logging_mixin.py:188} INFO - [2026-01-25T10:12:53.878+0000] {dag.py:3089} INFO - Sync 1 DAGs
[2026-01-25T10:12:54.088+0000] {logging_mixin.py:188} INFO - [2026-01-25T10:12:54.087+0000] {dag.py:3947} INFO - Setting next_dagrun for smart_city_traffic_batch_dag to 2026-01-25 01:00:00+00:00, run_after=2026-01-26 01:00:00+00:00
[2026-01-25T10:12:54.188+0000] {processor.py:183} INFO - Processing /opt/airflow/dags/smart_city_traffic_batch_dag.py took 7.192 seconds
[2026-01-25T10:13:25.921+0000] {processor.py:161} INFO - Started process (PID=307) to work on /opt/airflow/dags/smart_city_traffic_batch_dag.py
[2026-01-25T10:13:25.938+0000] {processor.py:830} INFO - Processing file /opt/airflow/dags/smart_city_traffic_batch_dag.py for tasks to queue
[2026-01-25T10:13:26.046+0000] {logging_mixin.py:188} INFO - [2026-01-25T10:13:26.028+0000] {dagbag.py:545} INFO - Filling up the DagBag from /opt/airflow/dags/smart_city_traffic_batch_dag.py
[2026-01-25T10:13:31.993+0000] {processor.py:840} INFO - DAG(s) 'smart_city_traffic_batch_dag' retrieved from /opt/airflow/dags/smart_city_traffic_batch_dag.py
[2026-01-25T10:13:33.403+0000] {logging_mixin.py:188} INFO - [2026-01-25T10:13:33.402+0000] {dag.py:3089} INFO - Sync 1 DAGs
[2026-01-25T10:13:33.674+0000] {logging_mixin.py:188} INFO - [2026-01-25T10:13:33.672+0000] {dag.py:3947} INFO - Setting next_dagrun for smart_city_traffic_batch_dag to 2026-01-25 01:00:00+00:00, run_after=2026-01-26 01:00:00+00:00
[2026-01-25T10:13:38.412+0000] {processor.py:183} INFO - Processing /opt/airflow/dags/smart_city_traffic_batch_dag.py took 12.755 seconds
[2026-01-25T10:14:10.036+0000] {processor.py:161} INFO - Started process (PID=313) to work on /opt/airflow/dags/smart_city_traffic_batch_dag.py
[2026-01-25T10:14:10.053+0000] {processor.py:830} INFO - Processing file /opt/airflow/dags/smart_city_traffic_batch_dag.py for tasks to queue
[2026-01-25T10:14:10.178+0000] {logging_mixin.py:188} INFO - [2026-01-25T10:14:10.162+0000] {dagbag.py:545} INFO - Filling up the DagBag from /opt/airflow/dags/smart_city_traffic_batch_dag.py
[2026-01-25T10:14:15.195+0000] {processor.py:840} INFO - DAG(s) 'smart_city_traffic_batch_dag' retrieved from /opt/airflow/dags/smart_city_traffic_batch_dag.py
[2026-01-25T10:14:16.261+0000] {logging_mixin.py:188} INFO - [2026-01-25T10:14:16.258+0000] {dag.py:3089} INFO - Sync 1 DAGs
[2026-01-25T10:14:16.513+0000] {logging_mixin.py:188} INFO - [2026-01-25T10:14:16.511+0000] {dag.py:3947} INFO - Setting next_dagrun for smart_city_traffic_batch_dag to 2026-01-25 01:00:00+00:00, run_after=2026-01-26 01:00:00+00:00
[2026-01-25T10:14:16.624+0000] {processor.py:183} INFO - Processing /opt/airflow/dags/smart_city_traffic_batch_dag.py took 6.846 seconds
[2026-01-25T10:14:52.005+0000] {processor.py:161} INFO - Started process (PID=319) to work on /opt/airflow/dags/smart_city_traffic_batch_dag.py
[2026-01-25T10:14:52.093+0000] {processor.py:830} INFO - Processing file /opt/airflow/dags/smart_city_traffic_batch_dag.py for tasks to queue
[2026-01-25T10:14:52.797+0000] {logging_mixin.py:188} INFO - [2026-01-25T10:14:52.681+0000] {dagbag.py:545} INFO - Filling up the DagBag from /opt/airflow/dags/smart_city_traffic_batch_dag.py
[2026-01-25T10:15:01.032+0000] {processor.py:840} INFO - DAG(s) 'smart_city_traffic_batch_dag' retrieved from /opt/airflow/dags/smart_city_traffic_batch_dag.py
[2026-01-25T10:15:01.549+0000] {logging_mixin.py:188} INFO - [2026-01-25T10:15:01.547+0000] {dag.py:3089} INFO - Sync 1 DAGs
[2026-01-25T10:15:01.814+0000] {logging_mixin.py:188} INFO - [2026-01-25T10:15:01.813+0000] {dag.py:3947} INFO - Setting next_dagrun for smart_city_traffic_batch_dag to 2026-01-25 01:00:00+00:00, run_after=2026-01-26 01:00:00+00:00
[2026-01-25T10:15:01.928+0000] {processor.py:183} INFO - Processing /opt/airflow/dags/smart_city_traffic_batch_dag.py took 12.375 seconds
[2026-01-25T10:15:33.745+0000] {processor.py:161} INFO - Started process (PID=325) to work on /opt/airflow/dags/smart_city_traffic_batch_dag.py
[2026-01-25T10:15:33.769+0000] {processor.py:830} INFO - Processing file /opt/airflow/dags/smart_city_traffic_batch_dag.py for tasks to queue
[2026-01-25T10:15:33.890+0000] {logging_mixin.py:188} INFO - [2026-01-25T10:15:33.872+0000] {dagbag.py:545} INFO - Filling up the DagBag from /opt/airflow/dags/smart_city_traffic_batch_dag.py
[2026-01-25T10:15:39.944+0000] {processor.py:840} INFO - DAG(s) 'smart_city_traffic_batch_dag' retrieved from /opt/airflow/dags/smart_city_traffic_batch_dag.py
[2026-01-25T10:15:40.840+0000] {logging_mixin.py:188} INFO - [2026-01-25T10:15:40.838+0000] {dag.py:3089} INFO - Sync 1 DAGs
[2026-01-25T10:15:41.144+0000] {logging_mixin.py:188} INFO - [2026-01-25T10:15:41.142+0000] {dag.py:3947} INFO - Setting next_dagrun for smart_city_traffic_batch_dag to 2026-01-25 01:00:00+00:00, run_after=2026-01-26 01:00:00+00:00
[2026-01-25T10:15:41.299+0000] {processor.py:183} INFO - Processing /opt/airflow/dags/smart_city_traffic_batch_dag.py took 7.823 seconds
[2026-01-25T10:16:14.976+0000] {processor.py:161} INFO - Started process (PID=331) to work on /opt/airflow/dags/smart_city_traffic_batch_dag.py
[2026-01-25T10:16:15.034+0000] {processor.py:830} INFO - Processing file /opt/airflow/dags/smart_city_traffic_batch_dag.py for tasks to queue
[2026-01-25T10:16:15.184+0000] {logging_mixin.py:188} INFO - [2026-01-25T10:16:15.165+0000] {dagbag.py:545} INFO - Filling up the DagBag from /opt/airflow/dags/smart_city_traffic_batch_dag.py
[2026-01-25T10:16:21.034+0000] {processor.py:840} INFO - DAG(s) 'smart_city_traffic_batch_dag' retrieved from /opt/airflow/dags/smart_city_traffic_batch_dag.py
[2026-01-25T10:16:22.219+0000] {logging_mixin.py:188} INFO - [2026-01-25T10:16:22.216+0000] {dag.py:3089} INFO - Sync 1 DAGs
[2026-01-25T10:16:22.528+0000] {logging_mixin.py:188} INFO - [2026-01-25T10:16:22.527+0000] {dag.py:3947} INFO - Setting next_dagrun for smart_city_traffic_batch_dag to 2026-01-25 01:00:00+00:00, run_after=2026-01-26 01:00:00+00:00
[2026-01-25T10:16:25.686+0000] {processor.py:183} INFO - Processing /opt/airflow/dags/smart_city_traffic_batch_dag.py took 11.154 seconds
[2026-01-25T10:16:58.943+0000] {processor.py:161} INFO - Started process (PID=337) to work on /opt/airflow/dags/smart_city_traffic_batch_dag.py
[2026-01-25T10:16:58.989+0000] {processor.py:830} INFO - Processing file /opt/airflow/dags/smart_city_traffic_batch_dag.py for tasks to queue
[2026-01-25T10:16:59.140+0000] {logging_mixin.py:188} INFO - [2026-01-25T10:16:59.119+0000] {dagbag.py:545} INFO - Filling up the DagBag from /opt/airflow/dags/smart_city_traffic_batch_dag.py
[2026-01-25T10:17:05.939+0000] {processor.py:840} INFO - DAG(s) 'smart_city_traffic_batch_dag' retrieved from /opt/airflow/dags/smart_city_traffic_batch_dag.py
[2026-01-25T10:17:06.992+0000] {logging_mixin.py:188} INFO - [2026-01-25T10:17:06.980+0000] {dag.py:3089} INFO - Sync 1 DAGs
[2026-01-25T10:17:07.367+0000] {logging_mixin.py:188} INFO - [2026-01-25T10:17:07.365+0000] {dag.py:3947} INFO - Setting next_dagrun for smart_city_traffic_batch_dag to 2026-01-25 01:00:00+00:00, run_after=2026-01-26 01:00:00+00:00
[2026-01-25T10:17:07.539+0000] {processor.py:183} INFO - Processing /opt/airflow/dags/smart_city_traffic_batch_dag.py took 8.999 seconds
[2026-01-25T10:17:40.268+0000] {processor.py:161} INFO - Started process (PID=343) to work on /opt/airflow/dags/smart_city_traffic_batch_dag.py
[2026-01-25T10:17:40.283+0000] {processor.py:830} INFO - Processing file /opt/airflow/dags/smart_city_traffic_batch_dag.py for tasks to queue
[2026-01-25T10:17:40.395+0000] {logging_mixin.py:188} INFO - [2026-01-25T10:17:40.375+0000] {dagbag.py:545} INFO - Filling up the DagBag from /opt/airflow/dags/smart_city_traffic_batch_dag.py
[2026-01-25T10:17:46.602+0000] {processor.py:840} INFO - DAG(s) 'smart_city_traffic_batch_dag' retrieved from /opt/airflow/dags/smart_city_traffic_batch_dag.py
[2026-01-25T10:17:47.700+0000] {logging_mixin.py:188} INFO - [2026-01-25T10:17:47.699+0000] {dag.py:3089} INFO - Sync 1 DAGs
[2026-01-25T10:17:48.601+0000] {logging_mixin.py:188} INFO - [2026-01-25T10:17:48.582+0000] {dag.py:3947} INFO - Setting next_dagrun for smart_city_traffic_batch_dag to 2026-01-25 01:00:00+00:00, run_after=2026-01-26 01:00:00+00:00
[2026-01-25T10:17:49.470+0000] {processor.py:183} INFO - Processing /opt/airflow/dags/smart_city_traffic_batch_dag.py took 9.476 seconds
[2026-01-25T10:18:22.157+0000] {processor.py:161} INFO - Started process (PID=349) to work on /opt/airflow/dags/smart_city_traffic_batch_dag.py
[2026-01-25T10:18:22.231+0000] {processor.py:830} INFO - Processing file /opt/airflow/dags/smart_city_traffic_batch_dag.py for tasks to queue
[2026-01-25T10:18:22.415+0000] {logging_mixin.py:188} INFO - [2026-01-25T10:18:22.392+0000] {dagbag.py:545} INFO - Filling up the DagBag from /opt/airflow/dags/smart_city_traffic_batch_dag.py
[2026-01-25T10:18:28.083+0000] {processor.py:840} INFO - DAG(s) 'smart_city_traffic_batch_dag' retrieved from /opt/airflow/dags/smart_city_traffic_batch_dag.py
[2026-01-25T10:18:28.945+0000] {logging_mixin.py:188} INFO - [2026-01-25T10:18:28.944+0000] {dag.py:3089} INFO - Sync 1 DAGs
[2026-01-25T10:18:29.250+0000] {logging_mixin.py:188} INFO - [2026-01-25T10:18:29.249+0000] {dag.py:3947} INFO - Setting next_dagrun for smart_city_traffic_batch_dag to 2026-01-25 01:00:00+00:00, run_after=2026-01-26 01:00:00+00:00
[2026-01-25T10:18:29.415+0000] {processor.py:183} INFO - Processing /opt/airflow/dags/smart_city_traffic_batch_dag.py took 7.777 seconds
[2026-01-25T10:19:01.514+0000] {processor.py:161} INFO - Started process (PID=355) to work on /opt/airflow/dags/smart_city_traffic_batch_dag.py
[2026-01-25T10:19:01.545+0000] {processor.py:830} INFO - Processing file /opt/airflow/dags/smart_city_traffic_batch_dag.py for tasks to queue
[2026-01-25T10:19:01.692+0000] {logging_mixin.py:188} INFO - [2026-01-25T10:19:01.670+0000] {dagbag.py:545} INFO - Filling up the DagBag from /opt/airflow/dags/smart_city_traffic_batch_dag.py
[2026-01-25T10:19:09.729+0000] {processor.py:840} INFO - DAG(s) 'smart_city_traffic_batch_dag' retrieved from /opt/airflow/dags/smart_city_traffic_batch_dag.py
[2026-01-25T10:19:11.194+0000] {logging_mixin.py:188} INFO - [2026-01-25T10:19:11.177+0000] {dag.py:3089} INFO - Sync 1 DAGs
[2026-01-25T10:19:11.532+0000] {logging_mixin.py:188} INFO - [2026-01-25T10:19:11.530+0000] {dag.py:3947} INFO - Setting next_dagrun for smart_city_traffic_batch_dag to 2026-01-25 01:00:00+00:00, run_after=2026-01-26 01:00:00+00:00
[2026-01-25T10:19:18.362+0000] {processor.py:183} INFO - Processing /opt/airflow/dags/smart_city_traffic_batch_dag.py took 17.175 seconds
[2026-01-25T10:19:53.913+0000] {processor.py:161} INFO - Started process (PID=361) to work on /opt/airflow/dags/smart_city_traffic_batch_dag.py
[2026-01-25T10:19:54.082+0000] {processor.py:830} INFO - Processing file /opt/airflow/dags/smart_city_traffic_batch_dag.py for tasks to queue
[2026-01-25T10:19:54.633+0000] {logging_mixin.py:188} INFO - [2026-01-25T10:19:54.610+0000] {dagbag.py:545} INFO - Filling up the DagBag from /opt/airflow/dags/smart_city_traffic_batch_dag.py
[2026-01-25T10:20:03.893+0000] {processor.py:840} INFO - DAG(s) 'smart_city_traffic_batch_dag' retrieved from /opt/airflow/dags/smart_city_traffic_batch_dag.py
[2026-01-25T10:20:04.847+0000] {logging_mixin.py:188} INFO - [2026-01-25T10:20:04.845+0000] {dag.py:3089} INFO - Sync 1 DAGs
[2026-01-25T10:20:05.163+0000] {logging_mixin.py:188} INFO - [2026-01-25T10:20:05.162+0000] {dag.py:3947} INFO - Setting next_dagrun for smart_city_traffic_batch_dag to 2026-01-25 01:00:00+00:00, run_after=2026-01-26 01:00:00+00:00
[2026-01-25T10:20:05.497+0000] {processor.py:183} INFO - Processing /opt/airflow/dags/smart_city_traffic_batch_dag.py took 13.082 seconds
[2026-01-25T10:20:38.098+0000] {processor.py:161} INFO - Started process (PID=367) to work on /opt/airflow/dags/smart_city_traffic_batch_dag.py
[2026-01-25T10:20:38.131+0000] {processor.py:830} INFO - Processing file /opt/airflow/dags/smart_city_traffic_batch_dag.py for tasks to queue
[2026-01-25T10:20:38.255+0000] {logging_mixin.py:188} INFO - [2026-01-25T10:20:38.235+0000] {dagbag.py:545} INFO - Filling up the DagBag from /opt/airflow/dags/smart_city_traffic_batch_dag.py
[2026-01-25T10:20:45.271+0000] {processor.py:840} INFO - DAG(s) 'smart_city_traffic_batch_dag' retrieved from /opt/airflow/dags/smart_city_traffic_batch_dag.py
[2026-01-25T10:20:46.216+0000] {logging_mixin.py:188} INFO - [2026-01-25T10:20:46.214+0000] {dag.py:3089} INFO - Sync 1 DAGs
[2026-01-25T10:20:46.520+0000] {logging_mixin.py:188} INFO - [2026-01-25T10:20:46.518+0000] {dag.py:3947} INFO - Setting next_dagrun for smart_city_traffic_batch_dag to 2026-01-25 01:00:00+00:00, run_after=2026-01-26 01:00:00+00:00
[2026-01-25T10:20:46.671+0000] {processor.py:183} INFO - Processing /opt/airflow/dags/smart_city_traffic_batch_dag.py took 8.875 seconds
[2026-01-25T10:21:19.372+0000] {processor.py:161} INFO - Started process (PID=373) to work on /opt/airflow/dags/smart_city_traffic_batch_dag.py
[2026-01-25T10:21:19.467+0000] {processor.py:830} INFO - Processing file /opt/airflow/dags/smart_city_traffic_batch_dag.py for tasks to queue
[2026-01-25T10:21:19.627+0000] {logging_mixin.py:188} INFO - [2026-01-25T10:21:19.610+0000] {dagbag.py:545} INFO - Filling up the DagBag from /opt/airflow/dags/smart_city_traffic_batch_dag.py
[2026-01-25T10:21:27.913+0000] {processor.py:840} INFO - DAG(s) 'smart_city_traffic_batch_dag' retrieved from /opt/airflow/dags/smart_city_traffic_batch_dag.py
[2026-01-25T10:21:28.969+0000] {logging_mixin.py:188} INFO - [2026-01-25T10:21:28.967+0000] {dag.py:3089} INFO - Sync 1 DAGs
[2026-01-25T10:21:29.358+0000] {logging_mixin.py:188} INFO - [2026-01-25T10:21:29.357+0000] {dag.py:3947} INFO - Setting next_dagrun for smart_city_traffic_batch_dag to 2026-01-25 01:00:00+00:00, run_after=2026-01-26 01:00:00+00:00
[2026-01-25T10:21:37.331+0000] {processor.py:183} INFO - Processing /opt/airflow/dags/smart_city_traffic_batch_dag.py took 18.418 seconds
[2026-01-25T10:22:10.220+0000] {processor.py:161} INFO - Started process (PID=379) to work on /opt/airflow/dags/smart_city_traffic_batch_dag.py
[2026-01-25T10:22:10.250+0000] {processor.py:830} INFO - Processing file /opt/airflow/dags/smart_city_traffic_batch_dag.py for tasks to queue
[2026-01-25T10:22:10.451+0000] {logging_mixin.py:188} INFO - [2026-01-25T10:22:10.417+0000] {dagbag.py:545} INFO - Filling up the DagBag from /opt/airflow/dags/smart_city_traffic_batch_dag.py
[2026-01-25T10:22:17.637+0000] {processor.py:840} INFO - DAG(s) 'smart_city_traffic_batch_dag' retrieved from /opt/airflow/dags/smart_city_traffic_batch_dag.py
[2026-01-25T10:22:18.547+0000] {logging_mixin.py:188} INFO - [2026-01-25T10:22:18.546+0000] {dag.py:3089} INFO - Sync 1 DAGs
[2026-01-25T10:22:18.913+0000] {logging_mixin.py:188} INFO - [2026-01-25T10:22:18.911+0000] {dag.py:3947} INFO - Setting next_dagrun for smart_city_traffic_batch_dag to 2026-01-25 01:00:00+00:00, run_after=2026-01-26 01:00:00+00:00
[2026-01-25T10:22:19.068+0000] {processor.py:183} INFO - Processing /opt/airflow/dags/smart_city_traffic_batch_dag.py took 9.192 seconds
[2026-01-25T10:22:51.673+0000] {processor.py:161} INFO - Started process (PID=385) to work on /opt/airflow/dags/smart_city_traffic_batch_dag.py
[2026-01-25T10:22:51.726+0000] {processor.py:830} INFO - Processing file /opt/airflow/dags/smart_city_traffic_batch_dag.py for tasks to queue
[2026-01-25T10:22:51.855+0000] {logging_mixin.py:188} INFO - [2026-01-25T10:22:51.835+0000] {dagbag.py:545} INFO - Filling up the DagBag from /opt/airflow/dags/smart_city_traffic_batch_dag.py
[2026-01-25T10:22:57.401+0000] {processor.py:840} INFO - DAG(s) 'smart_city_traffic_batch_dag' retrieved from /opt/airflow/dags/smart_city_traffic_batch_dag.py
[2026-01-25T10:22:58.032+0000] {logging_mixin.py:188} INFO - [2026-01-25T10:22:58.031+0000] {dag.py:3089} INFO - Sync 1 DAGs
[2026-01-25T10:22:58.560+0000] {logging_mixin.py:188} INFO - [2026-01-25T10:22:58.558+0000] {dag.py:3947} INFO - Setting next_dagrun for smart_city_traffic_batch_dag to 2026-01-25 01:00:00+00:00, run_after=2026-01-26 01:00:00+00:00
[2026-01-25T10:22:59.169+0000] {processor.py:183} INFO - Processing /opt/airflow/dags/smart_city_traffic_batch_dag.py took 7.852 seconds
[2026-01-25T10:23:31.939+0000] {processor.py:161} INFO - Started process (PID=391) to work on /opt/airflow/dags/smart_city_traffic_batch_dag.py
[2026-01-25T10:23:31.976+0000] {processor.py:830} INFO - Processing file /opt/airflow/dags/smart_city_traffic_batch_dag.py for tasks to queue
[2026-01-25T10:23:32.101+0000] {logging_mixin.py:188} INFO - [2026-01-25T10:23:32.083+0000] {dagbag.py:545} INFO - Filling up the DagBag from /opt/airflow/dags/smart_city_traffic_batch_dag.py
[2026-01-25T10:23:38.338+0000] {processor.py:840} INFO - DAG(s) 'smart_city_traffic_batch_dag' retrieved from /opt/airflow/dags/smart_city_traffic_batch_dag.py
[2026-01-25T10:23:39.103+0000] {logging_mixin.py:188} INFO - [2026-01-25T10:23:39.102+0000] {dag.py:3089} INFO - Sync 1 DAGs
[2026-01-25T10:23:39.360+0000] {logging_mixin.py:188} INFO - [2026-01-25T10:23:39.359+0000] {dag.py:3947} INFO - Setting next_dagrun for smart_city_traffic_batch_dag to 2026-01-25 01:00:00+00:00, run_after=2026-01-26 01:00:00+00:00
[2026-01-25T10:23:39.491+0000] {processor.py:183} INFO - Processing /opt/airflow/dags/smart_city_traffic_batch_dag.py took 7.842 seconds
[2026-01-25T10:24:12.707+0000] {processor.py:161} INFO - Started process (PID=397) to work on /opt/airflow/dags/smart_city_traffic_batch_dag.py
[2026-01-25T10:24:12.724+0000] {processor.py:830} INFO - Processing file /opt/airflow/dags/smart_city_traffic_batch_dag.py for tasks to queue
[2026-01-25T10:24:12.849+0000] {logging_mixin.py:188} INFO - [2026-01-25T10:24:12.830+0000] {dagbag.py:545} INFO - Filling up the DagBag from /opt/airflow/dags/smart_city_traffic_batch_dag.py
[2026-01-25T10:24:24.771+0000] {processor.py:840} INFO - DAG(s) 'smart_city_traffic_batch_dag' retrieved from /opt/airflow/dags/smart_city_traffic_batch_dag.py
[2026-01-25T10:24:26.004+0000] {logging_mixin.py:188} INFO - [2026-01-25T10:24:26.000+0000] {dag.py:3089} INFO - Sync 1 DAGs
[2026-01-25T10:24:26.328+0000] {logging_mixin.py:188} INFO - [2026-01-25T10:24:26.326+0000] {dag.py:3947} INFO - Setting next_dagrun for smart_city_traffic_batch_dag to 2026-01-25 01:00:00+00:00, run_after=2026-01-26 01:00:00+00:00
[2026-01-25T10:24:32.529+0000] {processor.py:183} INFO - Processing /opt/airflow/dags/smart_city_traffic_batch_dag.py took 20.420 seconds
[2026-01-25T10:25:13.106+0000] {processor.py:161} INFO - Started process (PID=403) to work on /opt/airflow/dags/smart_city_traffic_batch_dag.py
[2026-01-25T10:25:13.144+0000] {processor.py:830} INFO - Processing file /opt/airflow/dags/smart_city_traffic_batch_dag.py for tasks to queue
[2026-01-25T10:25:13.266+0000] {logging_mixin.py:188} INFO - [2026-01-25T10:25:13.250+0000] {dagbag.py:545} INFO - Filling up the DagBag from /opt/airflow/dags/smart_city_traffic_batch_dag.py
[2026-01-25T10:25:19.060+0000] {processor.py:840} INFO - DAG(s) 'smart_city_traffic_batch_dag' retrieved from /opt/airflow/dags/smart_city_traffic_batch_dag.py
[2026-01-25T10:25:19.536+0000] {logging_mixin.py:188} INFO - [2026-01-25T10:25:19.534+0000] {dag.py:3089} INFO - Sync 1 DAGs
[2026-01-25T10:25:19.827+0000] {logging_mixin.py:188} INFO - [2026-01-25T10:25:19.826+0000] {dag.py:3947} INFO - Setting next_dagrun for smart_city_traffic_batch_dag to 2026-01-25 01:00:00+00:00, run_after=2026-01-26 01:00:00+00:00
[2026-01-25T10:25:19.928+0000] {processor.py:183} INFO - Processing /opt/airflow/dags/smart_city_traffic_batch_dag.py took 7.709 seconds
[2026-01-25T10:25:52.478+0000] {processor.py:161} INFO - Started process (PID=409) to work on /opt/airflow/dags/smart_city_traffic_batch_dag.py
[2026-01-25T10:25:52.524+0000] {processor.py:830} INFO - Processing file /opt/airflow/dags/smart_city_traffic_batch_dag.py for tasks to queue
[2026-01-25T10:25:52.672+0000] {logging_mixin.py:188} INFO - [2026-01-25T10:25:52.654+0000] {dagbag.py:545} INFO - Filling up the DagBag from /opt/airflow/dags/smart_city_traffic_batch_dag.py
[2026-01-25T10:25:58.360+0000] {processor.py:840} INFO - DAG(s) 'smart_city_traffic_batch_dag' retrieved from /opt/airflow/dags/smart_city_traffic_batch_dag.py
[2026-01-25T10:25:58.900+0000] {logging_mixin.py:188} INFO - [2026-01-25T10:25:58.899+0000] {dag.py:3089} INFO - Sync 1 DAGs
[2026-01-25T10:25:59.159+0000] {logging_mixin.py:188} INFO - [2026-01-25T10:25:59.158+0000] {dag.py:3947} INFO - Setting next_dagrun for smart_city_traffic_batch_dag to 2026-01-25 01:00:00+00:00, run_after=2026-01-26 01:00:00+00:00
[2026-01-25T10:25:59.287+0000] {processor.py:183} INFO - Processing /opt/airflow/dags/smart_city_traffic_batch_dag.py took 7.388 seconds
[2026-01-25T10:26:32.193+0000] {processor.py:161} INFO - Started process (PID=415) to work on /opt/airflow/dags/smart_city_traffic_batch_dag.py
[2026-01-25T10:26:32.235+0000] {processor.py:830} INFO - Processing file /opt/airflow/dags/smart_city_traffic_batch_dag.py for tasks to queue
[2026-01-25T10:26:32.411+0000] {logging_mixin.py:188} INFO - [2026-01-25T10:26:32.382+0000] {dagbag.py:545} INFO - Filling up the DagBag from /opt/airflow/dags/smart_city_traffic_batch_dag.py
[2026-01-25T10:26:39.960+0000] {processor.py:840} INFO - DAG(s) 'smart_city_traffic_batch_dag' retrieved from /opt/airflow/dags/smart_city_traffic_batch_dag.py
[2026-01-25T10:26:41.045+0000] {logging_mixin.py:188} INFO - [2026-01-25T10:26:41.042+0000] {dag.py:3089} INFO - Sync 1 DAGs
[2026-01-25T10:26:41.454+0000] {logging_mixin.py:188} INFO - [2026-01-25T10:26:41.450+0000] {dag.py:3947} INFO - Setting next_dagrun for smart_city_traffic_batch_dag to 2026-01-25 01:00:00+00:00, run_after=2026-01-26 01:00:00+00:00
[2026-01-25T10:26:41.734+0000] {processor.py:183} INFO - Processing /opt/airflow/dags/smart_city_traffic_batch_dag.py took 10.186 seconds
[2026-01-25T10:27:13.731+0000] {processor.py:161} INFO - Started process (PID=421) to work on /opt/airflow/dags/smart_city_traffic_batch_dag.py
[2026-01-25T10:27:13.752+0000] {processor.py:830} INFO - Processing file /opt/airflow/dags/smart_city_traffic_batch_dag.py for tasks to queue
[2026-01-25T10:27:13.855+0000] {logging_mixin.py:188} INFO - [2026-01-25T10:27:13.841+0000] {dagbag.py:545} INFO - Filling up the DagBag from /opt/airflow/dags/smart_city_traffic_batch_dag.py
[2026-01-25T10:27:18.710+0000] {processor.py:840} INFO - DAG(s) 'smart_city_traffic_batch_dag' retrieved from /opt/airflow/dags/smart_city_traffic_batch_dag.py
[2026-01-25T10:27:19.458+0000] {logging_mixin.py:188} INFO - [2026-01-25T10:27:19.457+0000] {dag.py:3089} INFO - Sync 1 DAGs
[2026-01-25T10:27:25.794+0000] {logging_mixin.py:188} INFO - [2026-01-25T10:27:25.793+0000] {dag.py:3947} INFO - Setting next_dagrun for smart_city_traffic_batch_dag to 2026-01-25 01:00:00+00:00, run_after=2026-01-26 01:00:00+00:00
[2026-01-25T10:27:25.891+0000] {processor.py:183} INFO - Processing /opt/airflow/dags/smart_city_traffic_batch_dag.py took 12.421 seconds
[2026-01-25T10:27:57.392+0000] {processor.py:161} INFO - Started process (PID=427) to work on /opt/airflow/dags/smart_city_traffic_batch_dag.py
[2026-01-25T10:27:57.423+0000] {processor.py:830} INFO - Processing file /opt/airflow/dags/smart_city_traffic_batch_dag.py for tasks to queue
[2026-01-25T10:27:57.502+0000] {logging_mixin.py:188} INFO - [2026-01-25T10:27:57.490+0000] {dagbag.py:545} INFO - Filling up the DagBag from /opt/airflow/dags/smart_city_traffic_batch_dag.py
[2026-01-25T10:28:03.914+0000] {processor.py:840} INFO - DAG(s) 'smart_city_traffic_batch_dag' retrieved from /opt/airflow/dags/smart_city_traffic_batch_dag.py
[2026-01-25T10:28:04.667+0000] {logging_mixin.py:188} INFO - [2026-01-25T10:28:04.666+0000] {dag.py:3089} INFO - Sync 1 DAGs
[2026-01-25T10:28:10.078+0000] {logging_mixin.py:188} INFO - [2026-01-25T10:28:10.077+0000] {dag.py:3947} INFO - Setting next_dagrun for smart_city_traffic_batch_dag to 2026-01-25 01:00:00+00:00, run_after=2026-01-26 01:00:00+00:00
[2026-01-25T10:28:10.138+0000] {processor.py:183} INFO - Processing /opt/airflow/dags/smart_city_traffic_batch_dag.py took 13.001 seconds
[2026-01-25T10:28:40.757+0000] {processor.py:161} INFO - Started process (PID=433) to work on /opt/airflow/dags/smart_city_traffic_batch_dag.py
[2026-01-25T10:28:40.766+0000] {processor.py:830} INFO - Processing file /opt/airflow/dags/smart_city_traffic_batch_dag.py for tasks to queue
[2026-01-25T10:28:40.783+0000] {logging_mixin.py:188} INFO - [2026-01-25T10:28:40.781+0000] {dagbag.py:545} INFO - Filling up the DagBag from /opt/airflow/dags/smart_city_traffic_batch_dag.py
[2026-01-25T10:28:42.327+0000] {processor.py:840} INFO - DAG(s) 'smart_city_traffic_batch_dag' retrieved from /opt/airflow/dags/smart_city_traffic_batch_dag.py
[2026-01-25T10:28:42.483+0000] {logging_mixin.py:188} INFO - [2026-01-25T10:28:42.482+0000] {dag.py:3089} INFO - Sync 1 DAGs
[2026-01-25T10:28:42.600+0000] {logging_mixin.py:188} INFO - [2026-01-25T10:28:42.600+0000] {dag.py:3947} INFO - Setting next_dagrun for smart_city_traffic_batch_dag to 2026-01-25 01:00:00+00:00, run_after=2026-01-26 01:00:00+00:00
[2026-01-25T10:28:42.641+0000] {processor.py:183} INFO - Processing /opt/airflow/dags/smart_city_traffic_batch_dag.py took 1.949 seconds
[2026-01-25T10:29:15.006+0000] {processor.py:161} INFO - Started process (PID=439) to work on /opt/airflow/dags/smart_city_traffic_batch_dag.py
[2026-01-25T10:29:15.030+0000] {processor.py:830} INFO - Processing file /opt/airflow/dags/smart_city_traffic_batch_dag.py for tasks to queue
[2026-01-25T10:29:15.140+0000] {logging_mixin.py:188} INFO - [2026-01-25T10:29:15.125+0000] {dagbag.py:545} INFO - Filling up the DagBag from /opt/airflow/dags/smart_city_traffic_batch_dag.py
[2026-01-25T10:29:20.849+0000] {processor.py:840} INFO - DAG(s) 'smart_city_traffic_batch_dag' retrieved from /opt/airflow/dags/smart_city_traffic_batch_dag.py
[2026-01-25T10:29:22.018+0000] {logging_mixin.py:188} INFO - [2026-01-25T10:29:22.014+0000] {dag.py:3089} INFO - Sync 1 DAGs
[2026-01-25T10:29:22.400+0000] {logging_mixin.py:188} INFO - [2026-01-25T10:29:22.399+0000] {dag.py:3947} INFO - Setting next_dagrun for smart_city_traffic_batch_dag to 2026-01-25 01:00:00+00:00, run_after=2026-01-26 01:00:00+00:00
[2026-01-25T10:29:22.723+0000] {processor.py:183} INFO - Processing /opt/airflow/dags/smart_city_traffic_batch_dag.py took 7.995 seconds
[2026-01-25T10:29:55.495+0000] {processor.py:161} INFO - Started process (PID=445) to work on /opt/airflow/dags/smart_city_traffic_batch_dag.py
[2026-01-25T10:29:55.530+0000] {processor.py:830} INFO - Processing file /opt/airflow/dags/smart_city_traffic_batch_dag.py for tasks to queue
[2026-01-25T10:29:55.643+0000] {logging_mixin.py:188} INFO - [2026-01-25T10:29:55.626+0000] {dagbag.py:545} INFO - Filling up the DagBag from /opt/airflow/dags/smart_city_traffic_batch_dag.py
[2026-01-25T10:30:01.367+0000] {processor.py:840} INFO - DAG(s) 'smart_city_traffic_batch_dag' retrieved from /opt/airflow/dags/smart_city_traffic_batch_dag.py
[2026-01-25T10:30:02.111+0000] {logging_mixin.py:188} INFO - [2026-01-25T10:30:02.110+0000] {dag.py:3089} INFO - Sync 1 DAGs
[2026-01-25T10:30:07.412+0000] {logging_mixin.py:188} INFO - [2026-01-25T10:30:07.411+0000] {dag.py:3947} INFO - Setting next_dagrun for smart_city_traffic_batch_dag to 2026-01-25 01:00:00+00:00, run_after=2026-01-26 01:00:00+00:00
[2026-01-25T10:30:07.473+0000] {processor.py:183} INFO - Processing /opt/airflow/dags/smart_city_traffic_batch_dag.py took 12.285 seconds
[2026-01-25T10:30:39.430+0000] {processor.py:161} INFO - Started process (PID=451) to work on /opt/airflow/dags/smart_city_traffic_batch_dag.py
[2026-01-25T10:30:39.439+0000] {processor.py:830} INFO - Processing file /opt/airflow/dags/smart_city_traffic_batch_dag.py for tasks to queue
[2026-01-25T10:30:39.532+0000] {logging_mixin.py:188} INFO - [2026-01-25T10:30:39.519+0000] {dagbag.py:545} INFO - Filling up the DagBag from /opt/airflow/dags/smart_city_traffic_batch_dag.py
[2026-01-25T10:30:44.786+0000] {processor.py:840} INFO - DAG(s) 'smart_city_traffic_batch_dag' retrieved from /opt/airflow/dags/smart_city_traffic_batch_dag.py
[2026-01-25T10:30:45.523+0000] {logging_mixin.py:188} INFO - [2026-01-25T10:30:45.522+0000] {dag.py:3089} INFO - Sync 1 DAGs
[2026-01-25T10:30:49.393+0000] {logging_mixin.py:188} INFO - [2026-01-25T10:30:49.393+0000] {dag.py:3947} INFO - Setting next_dagrun for smart_city_traffic_batch_dag to 2026-01-25 01:00:00+00:00, run_after=2026-01-26 01:00:00+00:00
[2026-01-25T10:30:49.446+0000] {processor.py:183} INFO - Processing /opt/airflow/dags/smart_city_traffic_batch_dag.py took 10.232 seconds
[2026-01-25T10:31:21.217+0000] {processor.py:161} INFO - Started process (PID=457) to work on /opt/airflow/dags/smart_city_traffic_batch_dag.py
[2026-01-25T10:31:21.246+0000] {processor.py:830} INFO - Processing file /opt/airflow/dags/smart_city_traffic_batch_dag.py for tasks to queue
[2026-01-25T10:31:21.434+0000] {logging_mixin.py:188} INFO - [2026-01-25T10:31:21.401+0000] {dagbag.py:545} INFO - Filling up the DagBag from /opt/airflow/dags/smart_city_traffic_batch_dag.py
[2026-01-25T10:31:27.969+0000] {processor.py:840} INFO - DAG(s) 'smart_city_traffic_batch_dag' retrieved from /opt/airflow/dags/smart_city_traffic_batch_dag.py
[2026-01-25T10:31:28.973+0000] {logging_mixin.py:188} INFO - [2026-01-25T10:31:28.970+0000] {dag.py:3089} INFO - Sync 1 DAGs
[2026-01-25T10:31:29.307+0000] {logging_mixin.py:188} INFO - [2026-01-25T10:31:29.305+0000] {dag.py:3947} INFO - Setting next_dagrun for smart_city_traffic_batch_dag to 2026-01-25 01:00:00+00:00, run_after=2026-01-26 01:00:00+00:00
[2026-01-25T10:31:29.463+0000] {processor.py:183} INFO - Processing /opt/airflow/dags/smart_city_traffic_batch_dag.py took 8.557 seconds
[2026-01-25T10:32:02.159+0000] {processor.py:161} INFO - Started process (PID=463) to work on /opt/airflow/dags/smart_city_traffic_batch_dag.py
[2026-01-25T10:32:02.206+0000] {processor.py:830} INFO - Processing file /opt/airflow/dags/smart_city_traffic_batch_dag.py for tasks to queue
[2026-01-25T10:32:02.339+0000] {logging_mixin.py:188} INFO - [2026-01-25T10:32:02.317+0000] {dagbag.py:545} INFO - Filling up the DagBag from /opt/airflow/dags/smart_city_traffic_batch_dag.py
[2026-01-25T10:32:09.266+0000] {processor.py:840} INFO - DAG(s) 'smart_city_traffic_batch_dag' retrieved from /opt/airflow/dags/smart_city_traffic_batch_dag.py
[2026-01-25T10:32:10.040+0000] {logging_mixin.py:188} INFO - [2026-01-25T10:32:10.039+0000] {dag.py:3089} INFO - Sync 1 DAGs
[2026-01-25T10:32:10.329+0000] {logging_mixin.py:188} INFO - [2026-01-25T10:32:10.328+0000] {dag.py:3947} INFO - Setting next_dagrun for smart_city_traffic_batch_dag to 2026-01-25 01:00:00+00:00, run_after=2026-01-26 01:00:00+00:00
[2026-01-25T10:32:10.500+0000] {processor.py:183} INFO - Processing /opt/airflow/dags/smart_city_traffic_batch_dag.py took 8.720 seconds
[2026-01-25T10:32:42.995+0000] {processor.py:161} INFO - Started process (PID=469) to work on /opt/airflow/dags/smart_city_traffic_batch_dag.py
[2026-01-25T10:32:43.014+0000] {processor.py:830} INFO - Processing file /opt/airflow/dags/smart_city_traffic_batch_dag.py for tasks to queue
[2026-01-25T10:32:43.120+0000] {logging_mixin.py:188} INFO - [2026-01-25T10:32:43.103+0000] {dagbag.py:545} INFO - Filling up the DagBag from /opt/airflow/dags/smart_city_traffic_batch_dag.py
[2026-01-25T10:32:50.159+0000] {processor.py:840} INFO - DAG(s) 'smart_city_traffic_batch_dag' retrieved from /opt/airflow/dags/smart_city_traffic_batch_dag.py
[2026-01-25T10:32:50.943+0000] {logging_mixin.py:188} INFO - [2026-01-25T10:32:50.941+0000] {dag.py:3089} INFO - Sync 1 DAGs
[2026-01-25T10:32:55.659+0000] {logging_mixin.py:188} INFO - [2026-01-25T10:32:55.658+0000] {dag.py:3947} INFO - Setting next_dagrun for smart_city_traffic_batch_dag to 2026-01-25 01:00:00+00:00, run_after=2026-01-26 01:00:00+00:00
[2026-01-25T10:32:55.725+0000] {processor.py:183} INFO - Processing /opt/airflow/dags/smart_city_traffic_batch_dag.py took 13.023 seconds
[2026-01-25T10:33:29.089+0000] {processor.py:161} INFO - Started process (PID=475) to work on /opt/airflow/dags/smart_city_traffic_batch_dag.py
[2026-01-25T10:33:29.159+0000] {processor.py:830} INFO - Processing file /opt/airflow/dags/smart_city_traffic_batch_dag.py for tasks to queue
[2026-01-25T10:33:29.379+0000] {logging_mixin.py:188} INFO - [2026-01-25T10:33:29.353+0000] {dagbag.py:545} INFO - Filling up the DagBag from /opt/airflow/dags/smart_city_traffic_batch_dag.py
[2026-01-25T10:33:37.499+0000] {processor.py:840} INFO - DAG(s) 'smart_city_traffic_batch_dag' retrieved from /opt/airflow/dags/smart_city_traffic_batch_dag.py
[2026-01-25T10:33:39.533+0000] {logging_mixin.py:188} INFO - [2026-01-25T10:33:39.476+0000] {dag.py:3089} INFO - Sync 1 DAGs
[2026-01-25T10:33:44.792+0000] {logging_mixin.py:188} INFO - [2026-01-25T10:33:44.791+0000] {dag.py:3947} INFO - Setting next_dagrun for smart_city_traffic_batch_dag to 2026-01-25 01:00:00+00:00, run_after=2026-01-26 01:00:00+00:00
[2026-01-25T10:33:44.881+0000] {processor.py:183} INFO - Processing /opt/airflow/dags/smart_city_traffic_batch_dag.py took 16.379 seconds
[2026-01-25T10:34:16.969+0000] {processor.py:161} INFO - Started process (PID=481) to work on /opt/airflow/dags/smart_city_traffic_batch_dag.py
[2026-01-25T10:34:17.014+0000] {processor.py:830} INFO - Processing file /opt/airflow/dags/smart_city_traffic_batch_dag.py for tasks to queue
[2026-01-25T10:34:17.137+0000] {logging_mixin.py:188} INFO - [2026-01-25T10:34:17.122+0000] {dagbag.py:545} INFO - Filling up the DagBag from /opt/airflow/dags/smart_city_traffic_batch_dag.py
[2026-01-25T10:34:22.770+0000] {processor.py:840} INFO - DAG(s) 'smart_city_traffic_batch_dag' retrieved from /opt/airflow/dags/smart_city_traffic_batch_dag.py
[2026-01-25T10:34:24.246+0000] {logging_mixin.py:188} INFO - [2026-01-25T10:34:24.245+0000] {dag.py:3089} INFO - Sync 1 DAGs
[2026-01-25T10:34:24.561+0000] {logging_mixin.py:188} INFO - [2026-01-25T10:34:24.559+0000] {dag.py:3947} INFO - Setting next_dagrun for smart_city_traffic_batch_dag to 2026-01-25 01:00:00+00:00, run_after=2026-01-26 01:00:00+00:00
[2026-01-25T10:34:24.718+0000] {processor.py:183} INFO - Processing /opt/airflow/dags/smart_city_traffic_batch_dag.py took 8.107 seconds
[2026-01-25T10:34:58.254+0000] {processor.py:161} INFO - Started process (PID=487) to work on /opt/airflow/dags/smart_city_traffic_batch_dag.py
[2026-01-25T10:34:58.307+0000] {processor.py:830} INFO - Processing file /opt/airflow/dags/smart_city_traffic_batch_dag.py for tasks to queue
[2026-01-25T10:34:58.431+0000] {logging_mixin.py:188} INFO - [2026-01-25T10:34:58.415+0000] {dagbag.py:545} INFO - Filling up the DagBag from /opt/airflow/dags/smart_city_traffic_batch_dag.py
[2026-01-25T10:35:04.205+0000] {processor.py:840} INFO - DAG(s) 'smart_city_traffic_batch_dag' retrieved from /opt/airflow/dags/smart_city_traffic_batch_dag.py
[2026-01-25T10:35:04.970+0000] {logging_mixin.py:188} INFO - [2026-01-25T10:35:04.969+0000] {dag.py:3089} INFO - Sync 1 DAGs
[2026-01-25T10:35:05.269+0000] {logging_mixin.py:188} INFO - [2026-01-25T10:35:05.268+0000] {dag.py:3947} INFO - Setting next_dagrun for smart_city_traffic_batch_dag to 2026-01-25 01:00:00+00:00, run_after=2026-01-26 01:00:00+00:00
[2026-01-25T10:35:10.041+0000] {processor.py:183} INFO - Processing /opt/airflow/dags/smart_city_traffic_batch_dag.py took 12.239 seconds
[2026-01-25T10:35:41.370+0000] {processor.py:161} INFO - Started process (PID=493) to work on /opt/airflow/dags/smart_city_traffic_batch_dag.py
[2026-01-25T10:35:41.384+0000] {processor.py:830} INFO - Processing file /opt/airflow/dags/smart_city_traffic_batch_dag.py for tasks to queue
[2026-01-25T10:35:41.463+0000] {logging_mixin.py:188} INFO - [2026-01-25T10:35:41.455+0000] {dagbag.py:545} INFO - Filling up the DagBag from /opt/airflow/dags/smart_city_traffic_batch_dag.py
[2026-01-25T10:35:44.013+0000] {processor.py:840} INFO - DAG(s) 'smart_city_traffic_batch_dag' retrieved from /opt/airflow/dags/smart_city_traffic_batch_dag.py
[2026-01-25T10:35:44.192+0000] {logging_mixin.py:188} INFO - [2026-01-25T10:35:44.191+0000] {dag.py:3089} INFO - Sync 1 DAGs
[2026-01-25T10:35:44.679+0000] {logging_mixin.py:188} INFO - [2026-01-25T10:35:44.679+0000] {dag.py:3947} INFO - Setting next_dagrun for smart_city_traffic_batch_dag to 2026-01-25 01:00:00+00:00, run_after=2026-01-26 01:00:00+00:00
[2026-01-25T10:35:44.719+0000] {processor.py:183} INFO - Processing /opt/airflow/dags/smart_city_traffic_batch_dag.py took 3.580 seconds
[2026-01-25T10:36:19.457+0000] {processor.py:161} INFO - Started process (PID=499) to work on /opt/airflow/dags/smart_city_traffic_batch_dag.py
[2026-01-25T10:36:19.496+0000] {processor.py:830} INFO - Processing file /opt/airflow/dags/smart_city_traffic_batch_dag.py for tasks to queue
[2026-01-25T10:36:19.660+0000] {logging_mixin.py:188} INFO - [2026-01-25T10:36:19.635+0000] {dagbag.py:545} INFO - Filling up the DagBag from /opt/airflow/dags/smart_city_traffic_batch_dag.py
[2026-01-25T10:36:26.843+0000] {processor.py:840} INFO - DAG(s) 'smart_city_traffic_batch_dag' retrieved from /opt/airflow/dags/smart_city_traffic_batch_dag.py
[2026-01-25T10:36:31.859+0000] {logging_mixin.py:188} INFO - [2026-01-25T10:36:31.858+0000] {dag.py:3089} INFO - Sync 1 DAGs
[2026-01-25T10:36:31.952+0000] {logging_mixin.py:188} INFO - [2026-01-25T10:36:31.952+0000] {dag.py:3947} INFO - Setting next_dagrun for smart_city_traffic_batch_dag to 2026-01-25 01:00:00+00:00, run_after=2026-01-26 01:00:00+00:00
[2026-01-25T10:36:32.023+0000] {processor.py:183} INFO - Processing /opt/airflow/dags/smart_city_traffic_batch_dag.py took 13.072 seconds
[2026-01-25T10:37:04.811+0000] {processor.py:161} INFO - Started process (PID=505) to work on /opt/airflow/dags/smart_city_traffic_batch_dag.py
[2026-01-25T10:37:04.865+0000] {processor.py:830} INFO - Processing file /opt/airflow/dags/smart_city_traffic_batch_dag.py for tasks to queue
[2026-01-25T10:37:05.001+0000] {logging_mixin.py:188} INFO - [2026-01-25T10:37:04.975+0000] {dagbag.py:545} INFO - Filling up the DagBag from /opt/airflow/dags/smart_city_traffic_batch_dag.py
[2026-01-25T10:37:11.849+0000] {processor.py:840} INFO - DAG(s) 'smart_city_traffic_batch_dag' retrieved from /opt/airflow/dags/smart_city_traffic_batch_dag.py
[2026-01-25T10:37:12.894+0000] {logging_mixin.py:188} INFO - [2026-01-25T10:37:12.891+0000] {dag.py:3089} INFO - Sync 1 DAGs
[2026-01-25T10:37:13.372+0000] {logging_mixin.py:188} INFO - [2026-01-25T10:37:13.371+0000] {dag.py:3947} INFO - Setting next_dagrun for smart_city_traffic_batch_dag to 2026-01-25 01:00:00+00:00, run_after=2026-01-26 01:00:00+00:00
[2026-01-25T10:37:13.550+0000] {processor.py:183} INFO - Processing /opt/airflow/dags/smart_city_traffic_batch_dag.py took 9.137 seconds
[2026-01-25T10:37:46.228+0000] {processor.py:161} INFO - Started process (PID=511) to work on /opt/airflow/dags/smart_city_traffic_batch_dag.py
[2026-01-25T10:37:46.267+0000] {processor.py:830} INFO - Processing file /opt/airflow/dags/smart_city_traffic_batch_dag.py for tasks to queue
[2026-01-25T10:37:46.429+0000] {logging_mixin.py:188} INFO - [2026-01-25T10:37:46.401+0000] {dagbag.py:545} INFO - Filling up the DagBag from /opt/airflow/dags/smart_city_traffic_batch_dag.py
[2026-01-25T10:37:54.618+0000] {processor.py:840} INFO - DAG(s) 'smart_city_traffic_batch_dag' retrieved from /opt/airflow/dags/smart_city_traffic_batch_dag.py
[2026-01-25T10:37:56.093+0000] {logging_mixin.py:188} INFO - [2026-01-25T10:37:56.092+0000] {dag.py:3089} INFO - Sync 1 DAGs
[2026-01-25T10:37:56.530+0000] {logging_mixin.py:188} INFO - [2026-01-25T10:37:56.528+0000] {dag.py:3947} INFO - Setting next_dagrun for smart_city_traffic_batch_dag to 2026-01-25 01:00:00+00:00, run_after=2026-01-26 01:00:00+00:00
[2026-01-25T10:38:05.505+0000] {processor.py:183} INFO - Processing /opt/airflow/dags/smart_city_traffic_batch_dag.py took 19.633 seconds
